data;horario;n_da_ocorrencia;tipo_de_ocorrencia;km;trecho;sentido;tipo_de_acidente;automovel;bicicleta;caminhao;moto;onibus;outros;tracao_animal;transporte_de_cargas_especiais;trator_maquinas;utilitarios;ilesos;levemente_feridos;moderadamente_feridos;gravemente_feridos;mortos
19/11/2014;10:53:00;56;Acidente sem Vítima;535;BR-040/MG;Sul;Choque com objeto fixo;0;0;1;0;0;0;0;0;0;0;1;0;0;0;0
19/11/2014;16:50:00;111;Acidente com Vítima;536;BR-040/MG;Norte;Abalroamento - Longitudinal;1;0;0;1;0;0;0;0;0;0;1;1;0;0;0
19/11/2014;18:02:00;125;Acidente sem Vítima;537;BR-040/MG;Norte;Colisão traseira;1;0;1;0;0;0;0;0;0;0;2;0;0;0;0
19/11/2014;07:38:00;25;Acidente com Vítima;543,005;BR-040/MG;Norte;Colisão traseira;1;0;0;1;0;0;0;0;0;0;0;0;2;0;0
19/11/2014;18:37:00;135;Acidente com Vítima;570;BR-040/MG;Sul;Outros;0;0;0;1;0;0;0;0;0;0;0;0;2;0;0
19/11/2014;08:23:00;32;Acidente sem Vítima;660;BR-040/MG;Norte;Colisão traseira;0;0;2;0;0;0;0;0;0;0;4;0;0;0;0
19/11/2014;16:01:00;105;Acidente com Vítima;79;BR-040/GO;Sul;Colisão traseira;2;0;0;0;0;0;0;0;0;0;1;0;1;0;0
20/11/2014;17:36:00;147;Acidente sem Vítima;2;BR-040/GO;Sul;Colisão traseira;1;0;1;0;0;0;0;0;0;0;2;0;0;0;0
20/11/2014;11:48:00;86;Acidente sem Vítima;12;BR-040/MG;Sul;Abalroamento - Longitudinal;1;0;1;0;0;0;0;0;0;0;4;0;0;0;0
20/11/2014;09:05:00;50;Acidente com Vítima;23,8;BR-040/GO;Sul;Abalroamento - Longitudinal;0;0;1;1;0;0;0;0;0;0;2;1;0;0;0
20/11/2014;16:53:00;136;Acidente sem Vítima;299,8;BR-040/MG;Norte;Abalroamento - Longitudinal;2;0;0;0;0;0;0;0;1;0;4;1;0;0;0
20/11/2014;14:29:00;111;Acidente com Vítima;484;BR-040/MG;Norte;Colisão traseira;1;0;1;0;0;0;0;0;0;0;1;0;2;0;0
20/11/2014;06:23:00;24;Acidente com Vítima;508;BR-040/MG;Norte;Capotamento;2;0;0;0;0;0;0;0;0;0;1;0;1;0;0
20/11/2014;16:03:00;129;Acidente com Vítima;524;BR-040/MG;Sul;Outros;1;0;0;0;0;0;0;0;0;0;1;1;0;0;0
20/11/2014;06:36:00;25;Acidente com Vítima;524;BR-040/MG;Sul;Outros;0;0;0;1;0;0;0;0;0;0;0;2;0;0;0
20/11/2014;11:49:00;88;Acidente com Vítima;527,1;BR-040/MG;Norte;Outros;0;0;0;1;0;0;0;0;0;0;1;1;0;0;0
20/11/2014;22:39:00;197;Acidente com Vítima;549;BR-040/MG;Sul;Outros;0;0;0;1;0;0;0;0;0;0;0;1;0;0;0
20/11/2014;15:30:00;128;Acidente com Vítima;611;BR-040/MG;Norte;Colisão frontal;1;0;1;0;0;0;0;0;0;0;0;2;0;0;0
20/11/2014;08:44:00;47;Acidente com Vítima;649;BR-040/MG;Sul;Abalroamento - Longitudinal;1;0;0;1;0;0;0;0;0;0;1;1;0;0;0
20/11/2014;12:17:00;92;Acidente com Vítima;658;BR-040/MG;Norte;Colisão traseira;1;0;1;0;0;0;0;0;0;0;1;1;0;0;0
20/11/2014;07:56:00;38;Acidente com Vítima;7;BR-040/DF;Norte;Abalroamento - Longitudinal;1;0;0;1;0;0;0;0;0;0;2;0;0;0;0
21/11/2014;00:21:00;1;Atropelamento com Morte;281;BR-040/MG;Sul;Atropelamento - Pedestre atravessando;1;0;0;0;0;0;0;0;0;0;2;0;0;0;1
21/11/2014;23:45:00;151;Acidente com Vítima;511,005;BR-040/MG;Norte;Abalroamento - Longitudinal;2;0;0;1;0;0;0;0;0;0;2;0;1;0;0
21/11/2014;21:09:00;140;Acidente sem Vítima;511,005;BR-040/MG;Sul;Outros;1;0;0;0;0;0;0;0;0;0;1;0;0;0;0
21/11/2014;07:52:00;19;Acidente sem Vítima;514,1;BR-040/MG;Sul;Outros;0;0;0;1;0;0;0;0;0;0;1;0;0;0;0
21/11/2014;15:52:00;91;Acidente sem Vítima;517;BR-040/MG;Sul;Colisão traseira;1;0;1;0;0;0;0;0;0;0;2;0;0;0;0
21/11/2014;20:53:00;136;Acidente sem Vítima;562;BR-040/MG;Norte;Abalroamento - Longitudinal;2;0;0;0;0;0;0;0;0;0;2;0;0;0;0
21/11/2014;16:51:00;101;Acidente com Vítima;588;BR-040/MG;Sul;Queda de Carga;0;0;1;0;0;0;0;0;0;0;0;0;1;0;0
21/11/2014;09:12:00;32;Acidente sem Vítima;698;BR-040/MG;Sul;Abalroamento - Longitudinal;1;0;0;0;0;0;0;0;0;0;2;0;0;0;0
21/11/2014;21:10:00;141;Atropelamento sem Morte;720;BR-040/MG;Sul;Atropelamento - Pedestre caminhando;1;0;0;0;0;0;0;0;0;0;1;0;1;0;0
22/11/2014;12:07:00;71;Acidente sem Vítima;1;BR-040/GO;Sul;Colisão traseira;1;0;0;0;0;0;0;0;0;0;1;0;0;0;0
22/11/2014;11:47:00;67;Acidente com Vítima;1,5;BR-040/GO;Sul;Colisão traseira;2;0;0;0;0;0;0;0;0;0;3;0;0;0;0
22/11/2014;17:10:00;123;Acidente sem Vítima;6;BR-040/DF;Norte;Abalroamento - Longitudinal;2;0;0;0;0;0;0;0;0;0;5;0;0;0;0
22/11/2014;02:00:00;12;Acidente com Morte;16;BR-040/MG;Norte;Colisão traseira;1;0;1;0;0;0;0;0;0;0;1;0;0;1;1
22/11/2014;06:01:00;23;Acidente sem Vítima;18,1;BR-040/GO;Sul;Capotamento;1;0;0;0;0;0;0;0;0;0;1;0;0;0;0
22/11/2014;20:10:00;157;Acidente com Vítima;143;BR-040/MG;Sul;Colisão frontal;0;0;3;0;0;0;0;0;0;0;2;0;0;1;0
22/11/2014;03:30:00;21;Acidente sem Vítima;433;BR-040/MG;Sul;Capotamento;1;0;0;0;0;0;0;0;0;0;4;0;0;0;0
22/11/2014;19:12:00;143;Acidente sem Vítima;484;BR-040/MG;Norte;Capotamento;1;0;0;0;0;0;0;0;0;0;1;0;0;0;0
22/11/2014;14:34:00;96;Acidente com Vítima;497;BR-040/MG;Norte;Colisão traseira;0;0;0;2;0;0;0;0;0;0;1;0;3;0;0
22/11/2014;15:39:00;105;Acidente com Vítima;612;BR-040/MG;Norte;Outros;0;0;0;1;0;0;0;0;0;0;1;0;1;0;0
22/11/2014;10:32:00;52;Acidente sem Vítima;627,1;BR-040/MG;Sul;Colisão traseira;2;0;0;0;0;0;0;0;0;0;3;0;0;0;0
22/11/2014;12:01:00;70;Acidente com Vítima;631,005;BR-040/MG;Norte;Outros;1;0;0;0;0;0;0;0;0;0;1;0;1;0;0
22/11/2014;10:15:00;51;Acidente com Vítima;656;BR-040/MG;Norte;Abalroamento - Longitudinal;1;0;1;0;0;0;0;0;0;0;2;0;2;0;0
22/11/2014;13:44:00;91;Acidente sem Vítima;40;BR-040/GO;Norte;Outros;1;0;0;0;0;0;0;0;0;0;1;0;0;0;0
22/11/2014;14:53:00;100;Acidente sem Vítima;8;BR-040/DF;Norte;Colisão traseira;3;0;0;0;0;0;0;0;0;0;4;0;0;0;0
22/11/2014;18:02:00;129;Acidente com Vítima;91;BR-040/GO;Sul;Outros;1;0;0;0;0;0;0;0;0;0;0;2;0;0;0
22/11/2014;16:23:00;113;Acidente sem Vítima;670;BR-040/MG;Sul;Outros;1;0;0;0;0;0;0;0;0;0;1;0;0;0;0
22/11/2014;20:51:00;162;Acidente com Vítima;699;BR-040/MG;Norte;Queda de Carga;1;0;0;0;0;0;0;0;0;0;1;5;0;0;0
22/11/2014;15:04:00;102;Acidente com Vítima;699;BR-040/MG;Norte;Colisão traseira;0;0;1;0;0;0;0;0;0;0;1;1;0;0;0
22/11/2014;08:56:00;40;Acidente sem Vítima;749;BR-040/MG;Norte;Queda de Carga;0;0;1;0;0;0;0;0;0;0;1;0;0;0;0
22/11/2014;02:10:00;13;Acidente com Vítima;759;BR-040/MG;Sul;Capotamento;1;0;0;0;0;0;0;0;0;0;1;1;0;0;0
23/11/2014;16:37:00;115;Acidente sem Vítima;3;BR-040/GO;Norte;Colisão traseira;1;0;0;0;0;0;0;0;0;0;1;0;0;0;0
23/11/2014;04:48:00;19;Acidente sem Vítima;3;BR-040/GO;Norte;Capotamento;1;0;0;0;0;0;0;0;0;0;2;0;0;0;0
23/11/2014;02:47:00;12;Acidente sem Vítima;3;BR-040/GO;Norte;Capotamento;1;0;0;0;0;0;0;0;0;0;1;0;0;0;0
23/11/2014;21:07:00;170;Acidente com Vítima;8;BR-040/GO;Norte;Colisão traseira;2;0;0;0;0;0;0;0;0;0;2;1;0;0;0
23/11/2014;21:33:00;176;Acidente sem Vítima;9;BR-040/GO;Norte;Colisão traseira;2;0;0;0;0;0;0;0;0;0;4;0;0;0;0
23/11/2014;14:16:00;79;Acidente sem Vítima;49;BR-040/MG;Sul;Capotamento;1;0;0;0;0;0;0;0;0;0;2;0;0;0;0
23/11/2014;18:12:00;128;Acidente sem Vítima;16;BR-040/GO;Sul;Colisão traseira;1;0;0;0;0;0;0;0;0;0;1;0;0;0;0
23/11/2014;10:13:00;48;Acidente com Vítima;89;BR-040/MG;Sul;Outros;1;0;0;0;0;0;0;0;0;0;0;0;5;0;0
23/11/2014;18:00:00;124;Acidente com Vítima;224;BR-040/MG;Norte;Queda de Carga;0;0;1;0;0;0;0;0;0;0;0;1;0;0;0
23/11/2014;05:22:00;21;Acidente sem Vítima;437;BR-040/MG;Norte;Queda de Carga;0;0;1;0;0;0;0;0;0;0;2;0;0;0;0
23/11/2014;14:22:00;81;Acidente com Vítima;447;BR-040/MG;Sul;Colisão traseira;1;0;0;0;0;0;0;0;0;0;0;0;2;0;0
23/11/2014;06:56:00;29;Acidente com Vítima;449;BR-040/MG;Norte;Outros;0;0;1;0;0;0;0;0;0;0;0;0;1;0;0
23/11/2014;00:26:00;1;Acidente sem Vítima;451;BR-040/MG;Sul;Outros;0;0;1;0;0;0;0;0;0;0;2;0;0;0;0
23/11/2014;13:30:00;75;Acidente sem Vítima;491;BR-040/MG;Norte;Outros;1;0;0;0;0;0;0;0;0;0;2;0;0;0;0
23/11/2014;20:23:00;164;Acidente sem Vítima;506;BR-040/MG;Norte;Colisão traseira;1;0;0;0;1;0;0;0;0;0;2;0;0;0;0
23/11/2014;20:59:00;169;Acidente com Vítima;517,002;BR-040/MG;Norte;Colisão traseira;2;0;0;0;0;0;0;0;0;0;1;1;0;0;0
23/11/2014;06:28:00;25;Acidente sem Vítima;518,1;BR-040/MG;Norte;Outros;1;0;0;0;0;0;0;0;0;0;1;0;0;0;0
23/11/2014;01:44:00;9;Acidente com Vítima;519;BR-040/MG;Sul;Capotamento;1;0;0;0;0;0;0;0;0;0;0;0;0;1;0
23/11/2014;15:05:00;90;Acidente sem Vítima;522;BR-040/MG;Sul;Colisão traseira;4;0;0;0;0;0;0;0;0;0;4;0;0;0;0
23/11/2014;14:00:00;77;Acidente sem Vítima;524;BR-040/MG;Norte;Colisão traseira;2;0;0;0;0;0;0;0;0;0;2;0;0;0;0
23/11/2014;01:23:00;5;Acidente sem Vítima;534;BR-040/MG;Sul;Colisão traseira;1;0;0;1;0;0;0;0;0;0;8;0;0;0;0
23/11/2014;16:10:00;103;Acidente com Vítima;540;BR-040/MG;Norte;Colisão traseira;2;0;0;0;0;0;0;0;0;0;2;0;1;0;0
23/11/2014;01:42:00;8;Acidente com Vítima;545;BR-040/MG;Norte;Capotamento;2;0;0;0;0;0;0;0;0;0;1;0;2;0;0
23/11/2014;18:06:00;126;Acidente com Vítima;548;BR-040/MG;Sul;Outros;1;0;0;0;0;0;0;0;0;0;1;1;0;0;0
23/11/2014;23:30:00;195;Acidente sem Vítima;574,005;BR-040/MG;Norte;Atropelamento - Animal;1;0;0;0;0;0;0;0;0;0;1;0;0;0;0
23/11/2014;15:22:00;93;Acidente sem Vítima;581;BR-040/MG;Sul;Choque com objeto fixo;1;0;0;0;0;0;0;0;0;0;1;0;0;0;0
23/11/2014;12:12:00;66;Acidente sem Vítima;627;BR-040/MG;Norte;Choque com objeto fixo;0;0;1;0;0;0;0;0;0;0;1;0;0;0;0
23/11/2014;12:03:00;65;Acidente com Vítima;635;BR-040/MG;Sul;Colisão traseira;3;0;1;0;0;0;0;0;0;0;4;1;0;0;0
23/11/2014;13:20:00;73;Acidente com Vítima;50;BR-040/GO;Norte;Choque com objeto fixo;1;0;0;0;0;0;0;0;0;0;0;3;0;0;0
23/11/2014;19:13:00;159;Acidente sem Vítima;54;BR-040/GO;Norte;Queda de Carga;0;0;1;0;0;0;0;0;0;0;1;0;0;0;0
23/11/2014;19:07:00;146;Acidente sem Vítima;54;BR-040/GO;Norte;Outros;0;0;1;0;0;0;0;0;0;0;1;0;0;0;0
23/11/2014;20:36:00;165;Acidente com Vítima;664;BR-040/MG;Norte;Capotamento;1;0;0;0;0;0;0;0;0;0;2;0;0;0;0
23/11/2014;18:12:00;129;Acidente com Vítima;667;BR-040/MG;Norte;Outros;1;0;0;0;0;0;0;0;0;0;1;0;0;0;0
23/11/2014;16:14:00;104;Acidente sem Vítima;706;BR-040/MG;Norte;Choque com objeto fixo;1;0;0;0;0;0;0;0;0;0;1;0;0;0;0
23/11/2014;06:49:00;28;Acidente sem Vítima;720;BR-040/MG;Sul;Choque com objeto fixo;1;0;0;0;0;0;0;0;0;0;1;0;0;0;0
23/11/2014;16:33:00;110;Acidente com Vítima;731;BR-040/MG;Sul;Choque com objeto fixo;0;0;0;0;0;0;0;0;0;1;1;0;1;0;0
23/11/2014;02:02:00;10;Acidente sem Vítima;744;BR-040/MG;Sul;Outros;1;0;0;0;0;0;0;0;0;0;2;0;0;0;0
23/11/2014;07:02:00;30;Acidente com Vítima;749;BR-040/MG;Norte;Capotamento;1;0;0;0;0;0;0;0;0;0;0;0;1;0;0
23/11/2014;18:39:00;137;Acidente sem Vítima;750;BR-040/MG;Sul;Outros;1;0;0;0;0;0;0;0;0;0;1;0;0;0;0
23/11/2014;23:01:00;191;Acidente sem Vítima;751;BR-040/MG;Sul;Capotamento;1;0;0;0;0;0;0;0;0;0;6;0;0;0;0
23/11/2014;17:15:00;133;Acidente sem Vítima;770;BR-040/MG;Sul;Outros;1;0;0;0;0;0;0;0;0;0;1;0;0;0;0
23/11/2014;14:02:00;78;Acidente sem Vítima;771;BR-040/MG;Sul;Outros;1;0;0;0;0;0;0;0;0;0;1;0;0;0;0
24/11/2014;21:55:00;197;Acidente com Vítima;0;BR-040/DF;Norte;Choque em defensa;1;0;0;0;0;0;0;0;0;0;2;0;0;0;0
24/11/2014;08:56:00;63;Acidente sem Vítima;1;BR-040/GO;Norte;Colisão traseira;2;0;0;0;0;0;0;0;0;0;6;0;0;0;0
24/11/2014;05:25:00;23;Acidente sem Vítima;1;BR-040/GO;Norte;Colisão traseira;2;0;0;0;0;0;0;0;0;0;2;0;0;0;0
24/11/2014;14:37:00;125;Acidente sem Vítima;2;BR-040/GO;Norte;Colisão traseira;1;0;1;0;0;0;0;0;0;0;2;0;0;0;0
24/11/2014;10:46:00;90;Acidente sem Vítima;4;BR-040/DF;Sul;Queda de Carga;0;0;2;0;0;0;0;0;0;0;2;0;0;0;0
24/11/2014;17:17:00;152;Acidente com Vítima;7;BR-040/GO;Sul;Outros;0;0;0;1;0;0;0;0;0;0;0;1;0;0;0
24/11/2014;03:32:00;14;Acidente com Vítima;139;BR-040/MG;Sul;Capotamento;1;0;0;0;0;0;0;0;0;0;0;2;0;0;0
24/11/2014;11:24:00;97;Acidente com Vítima;349,9;BR-040/MG;Norte;Capotamento;1;0;0;0;0;0;0;0;0;0;0;0;1;0;0
24/11/2014;06:18:00;26;Acidente sem Vítima;491,1;BR-040/MG;Sul;Choque com objeto fixo;1;0;0;0;0;0;0;0;0;0;1;0;0;0;0
24/11/2014;06:27:00;29;Acidente sem Vítima;500;BR-040/MG;Sul;Outros;1;0;0;0;0;0;0;0;0;0;1;0;0;0;0
24/11/2014;09:37:00;73;Acidente sem Vítima;504;BR-040/MG;Norte;Colisão traseira;2;0;0;0;0;0;0;0;0;0;2;0;0;0;0
24/11/2014;06:13:00;25;Acidente com Vítima;511,5;BR-040/MG;Sul;Colisão traseira;1;0;0;0;0;0;0;0;0;0;0;0;0;1;0
24/11/2014;17:17:00;153;Acidente sem Vítima;512;BR-040/MG;Sul;Abalroamento - Longitudinal;1;0;0;1;0;0;0;0;0;0;2;0;0;0;0
24/11/2014;06:56:00;35;Acidente sem Vítima;524;BR-040/MG;Norte;Outros;0;0;0;1;0;0;0;0;0;0;2;0;0;0;0
24/11/2014;08:32:00;55;Acidente com Vítima;529;BR-040/MG;Norte;Queda de Carga;0;0;1;0;0;0;0;0;0;0;0;0;1;0;0
24/11/2014;03:22:00;13;Acidente sem Vítima;558;BR-040/MG;Sul;Queda de Carga;1;0;0;0;0;0;0;0;0;0;1;0;0;0;0
24/11/2014;07:17:00;39;Acidente sem Vítima;577,5;BR-040/MG;Norte;Colisão traseira;0;0;1;0;0;0;0;0;0;0;1;0;0;0;0
24/11/2014;11:04:00;94;Acidente sem Vítima;580;BR-040/MG;Norte;Choque com objeto fixo;1;0;0;0;0;0;0;0;0;0;3;0;0;0;0
24/11/2014;22:00:00;200;Acidente sem Vítima;603,5;BR-040/MG;Sul;Colisão traseira;2;0;0;0;0;0;0;0;0;0;5;0;0;0;0
24/11/2014;09:00:00;64;Acidente com Vítima;8,33;BR-040/DF;Norte;Abalroamento - Longitudinal;1;0;0;1;0;0;0;0;0;0;1;0;1;0;0
24/11/2014;09:37:00;71;Acidente sem Vítima;94,8;BR-040/GO;Sul;Colisão traseira;1;0;0;0;0;0;0;0;0;0;1;0;0;0;0
24/11/2014;08:34:00;56;Acidente sem Vítima;665;BR-040/MG;Norte;Choque com objeto fixo;1;0;0;0;0;0;0;0;0;0;2;0;0;0;0
24/11/2014;17:30:00;155;Acidente com Vítima;704;BR-040/MG;Sul;Outros;1;0;0;0;0;0;0;0;0;0;1;1;0;0;0
24/11/2014;09:21:00;70;Acidente sem Vítima;732;BR-040/MG;Sul;Outros;1;0;0;0;0;0;0;0;0;0;1;0;0;0;0
24/11/2014;07:48:00;46;Acidente sem Vítima;108,1;BR-040/GO;Sul;Abalroamento - Longitudinal;2;0;0;0;0;0;0;0;0;0;2;0;0;0;0
24/11/2014;12:57:00;113;Acidente sem Vítima;756;BR-040/MG;Sul;Choque com objeto fixo;1;0;0;0;0;0;0;0;0;0;1;0;0;0;0
24/11/2014;18:06:00;162;Acidente sem Vítima;768;BR-040/MG;Norte;Outros;2;0;0;0;0;0;0;0;0;0;2;0;0;0;0
24/11/2014;17:41:00;156;Acidente sem Vítima;768;BR-040/MG;Sul;Outros;1;0;0;0;0;0;0;0;0;0;1;0;0;0;0
25/11/2014;22:09:00;168;Acidente com Vítima;9;BR-040/GO;Norte;Colisão traseira;1;0;0;1;0;0;0;0;0;0;1;1;0;0;0
25/11/2014;16:36:00;104;Acidente com Vítima;10;BR-040/GO;Norte;Outros;0;0;0;1;0;0;0;0;0;0;0;1;0;0;0
25/11/2014;10:52:00;62;Acidente sem Vítima;244;BR-040/MG;Sul;Abalroamento - Longitudinal;1;0;0;0;0;0;0;0;0;0;1;0;0;0;0
25/11/2014;18:02:00;118;Acidente com Vítima;507,002;BR-040/MG;Sul;Colisão traseira;0;0;1;1;0;0;0;0;0;0;0;0;2;0;0
25/11/2014;20:54:00;155;Acidente sem Vítima;512;BR-040/MG;Norte;Abalroamento - Longitudinal;0;0;2;0;0;0;0;0;0;0;4;0;0;0;0
25/11/2014;08:51:00;38;Acidente sem Vítima;517,1;BR-040/MG;Norte;Abalroamento - Longitudinal;2;0;0;0;0;0;0;0;0;0;2;0;0;0;0
25/11/2014;09:15:00;44;Acidente sem Vítima;519;BR-040/MG;Sul;Colisão traseira;1;0;0;0;0;0;0;0;0;0;2;0;0;0;0
25/11/2014;07:41:00;25;Acidente sem Vítima;522;BR-040/MG;Sul;Colisão traseira;0;0;1;0;0;0;0;0;0;0;2;0;0;0;0
25/11/2014;06:08:00;18;Acidente com Vítima;525,4;BR-040/MG;Sul;Abalroamento - Longitudinal;0;0;0;1;0;0;0;0;0;0;1;1;0;0;0
25/11/2014;23:02:00;175;Acidente sem Vítima;536;BR-040/MG;Norte;Colisão traseira;2;0;0;0;0;0;0;0;0;0;4;0;0;0;0
25/11/2014;18:22:00;124;Acidente com Vítima;542;BR-040/MG;Norte;Outros;1;0;0;1;0;0;0;0;0;0;1;1;0;0;0
25/11/2014;17:36:00;114;Acidente com Vítima;696;BR-040/MG;Norte;Outros;0;0;0;1;0;0;0;0;0;0;0;1;1;0;0
25/11/2014;16:44:00;106;Acidente com Vítima;769;BR-040/MG;Norte;Outros;1;0;0;1;0;0;0;0;0;0;2;1;0;0;0
26/11/2014;20:15:00;180;Acidente sem Vítima;0;BR-040/DF;Norte;Colisão traseira;2;0;0;0;0;0;0;0;0;0;3;0;0;0;0
26/11/2014;14:18:00;104;Acidente sem Vítima;3;BR-040/DF;Norte;Colisão traseira;1;0;0;0;0;0;0;0;0;0;1;0;0;0;0
26/11/2014;15:00:00;112;Acidente sem Vítima;40;BR-040/MG;Norte;Colisão traseira;0;0;0;1;0;0;0;0;0;0;1;0;0;0;0
26/11/2014;23:45:00;210;Acidente sem Vítima;42;BR-040/MG;Sul;Abalroamento - Longitudinal;1;0;0;0;0;0;0;0;0;0;1;0;0;0;0
26/11/2014;19:29:00;159;Acidente com Vítima;414;BR-040/MG;Norte;Capotamento;2;0;0;0;0;0;0;0;0;0;1;2;0;0;0
26/11/2014;14:02:00;103;Acidente sem Vítima;443;BR-040/MG;Sul;Queda de Carga;0;0;1;0;0;0;0;0;0;0;2;0;0;0;0
26/11/2014;03:25:00;16;Acidente com Vítima;456;BR-040/MG;Norte;Queda de Carga;0;0;1;0;0;0;0;0;0;0;0;0;1;0;0
26/11/2014;17:40:00;136;Acidente sem Vítima;458;BR-040/MG;Norte;Capotamento;0;0;0;0;0;0;0;0;0;1;1;0;0;0;0
26/11/2014;07:49:00;36;Acidente sem Vítima;497;BR-040/MG;Norte;Colisão traseira;1;0;0;0;0;0;0;0;0;0;1;0;0;0;0
26/11/2014;13:41:00;99;Acidente com Vítima;498;BR-040/MG;Norte;Queda de Carga;1;0;0;0;0;0;0;0;0;0;0;0;1;0;0
26/11/2014;14:33:00;107;Acidente sem Vítima;501;BR-040/MG;Norte;Queda de Carga;1;0;0;0;0;0;0;0;0;0;2;0;0;0;0
26/11/2014;18:53:00;148;Acidente sem Vítima;510,001;BR-040/MG;Sul;Capotamento;0;0;1;0;0;0;0;0;0;0;1;0;0;0;0
26/11/2014;13:35:00;98;Acidente sem Vítima;542;BR-040/MG;Norte;Choque em defensa;1;0;0;0;0;0;0;0;0;0;1;0;0;0;0
26/11/2014;07:49:00;38;Acidente sem Vítima;568;BR-040/MG;Norte;Outros;0;0;1;0;0;0;0;0;0;0;1;0;0;0;0
26/11/2014;13:10:00;94;Acidente sem Vítima;588;BR-040/MG;Norte;Abalroamento - Longitudinal;1;0;1;0;0;0;0;0;0;0;2;0;0;0;0
26/11/2014;12:36:00;93;Acidente sem Vítima;590;BR-040/MG;Sul;Queda de Carga;0;0;1;0;0;0;0;0;0;0;1;0;0;0;0
26/11/2014;11:07:00;76;Acidente com Vítima;656;BR-040/MG;Norte;Choque com objeto fixo;1;0;0;0;0;0;0;0;0;0;0;0;1;0;0
26/11/2014;16:04:00;120;Acidente sem Vítima;728;BR-040/MG;Norte;Choque com objeto fixo;0;0;1;0;0;0;0;0;0;0;2;0;0;0;0
27/11/2014;19:54:00;189;Acidente sem Vítima;5;BR-040/GO;Sul;Colisão traseira;2;0;0;0;0;0;0;0;0;0;2;0;0;0;0
27/11/2014;14:53:00;118;Acidente com Vítima;5;BR-040/GO;Sul;Colisão traseira;2;0;0;0;0;0;0;0;0;0;2;0;1;0;0
27/11/2014;21:24:00;207;Acidente sem Vítima;430;BR-040/MG;Sul;Outros;1;0;0;0;0;0;0;0;0;0;1;0;0;0;0
27/11/2014;16:19:00;135;Acidente com Vítima;493;BR-040/MG;Sul;Colisão traseira;0;0;1;0;0;0;0;0;0;0;0;0;2;0;0
27/11/2014;19:26:00;181;Acidente com Vítima;520;BR-040/MG;Norte;Queda de Carga;0;0;0;0;1;0;0;0;0;0;0;2;0;0;0
27/11/2014;17:37:00;154;Acidente com Vítima;520;BR-040/MG;Norte;Abalroamento - Longitudinal;1;0;0;1;0;0;0;0;0;0;1;0;2;0;0
27/11/2014;20:46:00;198;Acidente com Vítima;525;BR-040/MG;Norte;Colisão traseira;2;0;0;0;0;0;0;0;0;0;1;2;0;0;0
27/11/2014;18:43:00;171;Acidente sem Vítima;525;BR-040/MG;Norte;Colisão traseira;2;0;0;0;0;0;0;0;0;0;2;0;0;0;0
27/11/2014;14:55:00;120;Acidente sem Vítima;538;BR-040/MG;Norte;Abalroamento - Longitudinal;2;0;0;0;0;0;0;0;0;0;2;0;0;0;0
27/11/2014;20:57:00;201;Acidente sem Vítima;539,005;BR-040/MG;Norte;Queda de Carga;0;0;1;0;0;0;0;0;0;0;2;0;0;0;0
27/11/2014;21:42:00;209;Acidente sem Vítima;542;BR-040/MG;Norte;Choque com objeto fixo;1;0;0;0;0;0;0;0;0;0;1;0;0;0;0
27/11/2014;21:11:00;205;Acidente sem Vítima;547;BR-040/MG;Sul;Outros;1;0;0;0;0;0;0;0;0;0;1;0;0;0;0
27/11/2014;04:29:00;28;Acidente sem Vítima;556;BR-040/MG;Sul;Outros;1;0;0;0;0;0;0;0;0;0;1;0;0;0;0
27/11/2014;03:18:00;22;Acidente sem Vítima;562,5;BR-040/MG;Sul;Outros;0;0;1;0;0;0;0;0;0;0;2;0;0;0;0
27/11/2014;15:28:00;127;Acidente sem Vítima;641;BR-040/MG;Norte;Outros;1;0;0;0;0;0;0;0;0;0;1;0;0;0;0
27/11/2014;12:56:00;98;Acidente sem Vítima;670;BR-040/MG;Sul;Outros;1;0;0;0;0;0;0;0;0;0;1;0;0;0;0
27/11/2014;06:23:00;34;Acidente sem Vítima;694;BR-040/MG;Sul;Capotamento;1;0;0;0;0;0;0;0;0;0;1;0;0;0;0
27/11/2014;02:17:00;15;Acidente sem Vítima;728;BR-040/MG;Norte;Choque com objeto fixo;1;0;0;0;0;0;0;0;0;0;2;0;0;0;0
27/11/2014;14:13:00;110;Acidente sem Vítima;743;BR-040/MG;Sul;Outros;0;0;1;0;0;0;0;0;0;0;1;0;0;0;0
27/11/2014;21:50:00;218;Acidente com Vítima;750;BR-040/MG;Norte;Outros;1;0;0;0;0;0;0;0;0;0;0;2;0;0;0
27/11/2014;15:45:00;131;Acidente sem Vítima;151;BR-040/GO;Norte;Queda de Carga;1;0;0;0;0;0;0;0;0;0;1;0;0;0;0
28/11/2014;03:52:00;15;Acidente sem Vítima;3;BR-040/GO;Norte;Outros;1;0;0;0;0;0;0;0;0;0;1;0;0;0;0
28/11/2014;12:35:00;84;Acidente sem Vítima;4;BR-040/GO;Norte;Colisão traseira;2;0;0;0;0;0;0;0;0;0;2;0;0;0;0
28/11/2014;20:48:00;175;Acidente sem Vítima;5;BR-040/GO;Sul;Colisão traseira;5;0;0;0;0;0;0;0;0;0;5;0;0;0;0
28/11/2014;15:35:00;115;Acidente com Vítima;7;BR-040/GO;Sul;Abalroamento - Longitudinal;1;0;0;0;0;0;0;0;0;0;1;0;0;1;0
28/11/2014;00:21:00;2;Acidente sem Vítima;20;BR-040/MG;Sul;Outros;1;0;0;0;0;0;0;0;0;0;1;0;0;0;0
28/11/2014;13:12:00;94;Acidente com Vítima;191;BR-040/MG;Norte;Capotamento;1;0;0;0;0;0;0;0;0;0;0;0;1;0;0