data;horario;n_da_ocorrencia;tipo_de_ocorrencia;km;trecho;sentido;tipo_de_acidente;automovel;bicicleta;caminhao;moto;onibus;outros;tracao_animal;transporte_de_cargas_especiais;trator_maquinas;utilitarios;ilesos;levemente_feridos;moderadamente_feridos;gravemente_feridos;mortos
28/11/2014;12:40:00;86;Acidente sem Vítima;281;BR-040/MG;Sul;Colisão traseira;1;0;0;0;0;0;0;0;0;0;2;0;0;0;0
28/11/2014;19:00:00;206;Acidente com Vítima;300;BR-040/MG;Norte;Capotamento;1;0;0;0;0;0;0;0;0;0;1;0;0;0;0
28/11/2014;07:31:00;36;Acidente com Vítima;308;BR-040/MG;Norte;Choque com objeto fixo;1;0;0;0;0;0;0;0;0;0;1;1;0;0;0
28/11/2014;13:49:00;100;Acidente com Vítima;446;BR-040/MG;Norte;Capotamento;1;0;0;0;0;0;0;0;0;0;0;1;1;0;0
28/11/2014;15:04:00;108;Acidente sem Vítima;460;BR-040/MG;Sul;Choque com objeto fixo;0;0;1;0;0;0;0;0;0;0;1;0;0;0;0
28/11/2014;07:00:00;28;Acidente sem Vítima;510,1;BR-040/MG;Norte;Colisão traseira;4;0;0;0;0;0;0;0;0;0;5;0;0;0;0
28/11/2014;06:35:00;25;Acidente com Vítima;511;BR-040/MG;Sul;Choque com objeto fixo;1;0;0;0;0;0;0;0;0;0;0;0;1;0;0
28/11/2014;06:12:00;23;Acidente sem Vítima;520;BR-040/MG;Norte;Outros;0;0;0;0;1;0;0;0;0;0;1;0;0;0;0
28/11/2014;15:30:00;111;Acidente sem Vítima;528;BR-040/MG;Sul;Choque com objeto fixo;2;0;0;0;0;0;0;0;0;0;4;0;0;0;0
28/11/2014;21:16:00;182;Acidente sem Vítima;536;BR-040/MG;Sul;Colisão traseira;2;0;0;0;0;0;0;0;0;0;2;0;0;0;0
28/11/2014;16:10:00;125;Acidente sem Vítima;543;BR-040/MG;Norte;Colisão traseira;1;0;1;0;0;0;0;0;0;0;3;0;0;0;0
28/11/2014;14:15:00;103;Acidente sem Vítima;543;BR-040/MG;Sul;Choque com objeto fixo;1;0;0;0;0;0;0;0;0;0;1;0;0;0;0
28/11/2014;18:26:00;157;Acidente sem Vítima;558;BR-040/MG;Norte;Choque com objeto fixo;0;0;1;0;0;0;0;0;0;0;3;0;0;0;0
28/11/2014;10:33:00;65;Acidente com Vítima;559,1;BR-040/MG;Sul;Abalroamento - Longitudinal;0;0;1;1;0;0;0;0;0;0;0;1;1;0;0
28/11/2014;00:16:00;1;Acidente com Vítima;568;BR-040/MG;Sul;Choque com objeto fixo;0;0;1;0;0;0;0;0;0;0;1;1;0;0;0
28/11/2014;18:22:00;156;Acidente fatal;640;BR-040/MG;Sul;Colisão traseira;1;0;0;0;1;0;0;0;0;0;0;1;0;0;1
28/11/2014;03:03:00;11;Acidente com Vítima;648;BR-040/MG;Norte;Capotamento;1;0;0;0;0;0;0;0;0;0;1;1;0;0;0
28/11/2014;20:11:00;171;Acidente sem Vítima;8;BR-040/DF;Sul;Colisão traseira;1;0;0;0;0;0;0;0;0;0;1;0;0;0;0
28/11/2014;13:35:00;97;Acidente com Vítima;664;BR-040/MG;Sul;Colisão traseira;3;0;0;0;0;0;0;0;0;0;2;1;0;0;0
28/11/2014;14:48:00;106;Acidente sem Vítima;678;BR-040/MG;Sul;Outros;0;0;0;0;0;0;0;0;0;1;3;0;0;0;0
28/11/2014;09:52:00;58;Acidente com Vítima;710;BR-040/MG;Norte;Choque em barreira New Jersey;1;0;0;0;0;0;0;0;0;0;0;2;1;0;0
28/11/2014;02:09:00;8;Acidente sem Vítima;744;BR-040/MG;Sul;Queda de Carga;0;0;1;0;0;0;0;0;0;0;1;0;0;0;0
28/11/2014;08:08:00;43;Acidente sem Vítima;750;BR-040/MG;Norte;Outros;1;0;1;0;0;0;0;0;0;0;2;0;0;0;0
28/11/2014;02:25:00;9;Acidente sem Vítima;750;BR-040/MG;Norte;Outros;0;0;1;0;0;0;0;0;0;0;1;0;0;0;0
29/11/2014;22:15:00;176;Acidente sem Vítima;8;BR-040/GO;Norte;Outros;1;0;0;0;0;0;0;0;0;0;1;0;0;0;0
29/11/2014;14:16:00;95;Acidente com Vítima;38;BR-040/MG;Sul;Capotamento;1;0;0;0;0;0;0;0;0;0;0;2;0;0;0
29/11/2014;15:26:00;105;Acidente com Vítima;115;BR-040/MG;Norte;Choque com objeto fixo;1;0;0;0;0;0;0;0;0;0;1;1;0;0;0
29/11/2014;02:00:00;19;Acidente sem Vítima;331;BR-040/MG;Norte;Outros;1;0;0;0;0;0;0;0;0;0;1;0;0;0;0
29/11/2014;15:52:00;112;Acidente com Vítima;431;BR-040/MG;Sul;Capotamento;1;0;0;0;0;0;0;0;0;0;0;4;1;0;0
29/11/2014;13:12:00;85;Acidente com Vítima;460;BR-040/MG;Sul;Queda de Carga;0;0;1;0;0;0;0;0;0;0;2;0;0;0;0
29/11/2014;15:48:00;110;Acidente sem Vítima;510;BR-040/MG;Norte;Outros;1;0;0;0;0;0;0;0;0;0;2;0;0;0;0
29/11/2014;13:55:00;92;Acidente sem Vítima;523;BR-040/MG;Sul;Queda de Carga;0;0;1;0;0;0;0;0;0;0;1;0;0;0;0
29/11/2014;19:55:00;161;Acidente com Morte;526;BR-040/MG;Sul;Colisão traseira;1;0;0;1;0;0;0;0;0;0;0;1;0;0;1
29/11/2014;09:53:00;53;Acidente sem Vítima;531,5;BR-040/MG;Norte;Abalroamento - Longitudinal;2;0;0;0;0;0;0;0;0;0;2;0;0;0;0
29/11/2014;17:49:00;142;Acidente com Vítima;533;BR-040/MG;Sul;Colisão traseira;1;0;0;1;1;0;0;0;0;0;2;0;1;0;0
29/11/2014;13:41:00;88;Acidente com Vítima;554;BR-040/MG;Sul;Choque com objeto fixo;1;0;0;0;0;0;0;0;0;0;0;0;1;0;0
29/11/2014;15:12:00;103;Acidente com Vítima;559;BR-040/MG;Sul;Capotamento;1;0;0;0;0;0;0;0;0;0;0;1;0;0;0
29/11/2014;13:45:00;89;Acidente com Vítima;560;BR-040/MG;Norte;Capotamento;2;0;0;1;0;0;0;0;0;0;2;2;0;0;0
29/11/2014;18:48:00;152;Acidente sem Vítima;657;BR-040/MG;Norte;Outros;1;0;0;0;0;0;0;0;0;0;0;1;0;0;0
29/11/2014;06:50:00;23;Acidente sem Vítima;728;BR-040/MG;Sul;Choque com objeto fixo;1;0;0;0;0;0;0;0;0;0;2;0;0;0;0
29/11/2014;22:33:00;179;Acidente com Vítima;730;BR-040/MG;Sul;Capotamento;2;0;0;0;0;0;0;0;0;0;2;1;0;0;0
29/11/2014;16:56:00;127;Acidente sem Vítima;737;BR-040/MG;Sul;Choque com objeto fixo;1;0;0;0;0;0;0;0;0;0;1;0;0;0;0
29/11/2014;07:50:00;30;Acidente com Vítima;106;BR-040/GO;Sul;Capotamento;1;0;0;0;0;0;0;0;0;0;0;3;0;0;0
30/11/2014;02:23:00;12;Acidente com Vítima;1,5;BR-040/GO;Sul;Abalroamento - Longitudinal;0;0;0;1;0;0;0;0;0;0;0;1;0;0;0
30/11/2014;03:26:00;16;Acidente sem Vítima;2,5;BR-040/GO;Norte;Outros;0;0;0;1;0;0;0;0;0;0;2;0;0;0;0
30/11/2014;08:49:00;42;Acidente sem Vítima;5,633;BR-040/DF;Sul;Abalroamento - Longitudinal;1;0;0;0;0;0;0;0;0;0;1;0;0;0;0
30/11/2014;13:39:00;78;Atropelamento sem Morte;9;BR-040/GO;Norte;Atropelamento - Pedestre atravessando;1;0;0;0;0;0;0;0;0;0;1;1;0;0;0
30/11/2014;17:04:00;120;Acidente com Vítima;175,3;BR-040/MG;Sul;Queda de Carga;0;0;0;0;1;0;0;0;0;0;1;0;1;0;0
30/11/2014;19:52:00;157;Acidente com Vítima;433;BR-040/MG;Norte;Outros;1;0;0;0;0;0;0;0;0;0;0;2;0;0;0
30/11/2014;13:24:00;76;Acidente com Vítima;438;BR-040/MG;Sul;Outros;1;0;0;0;0;0;0;0;0;0;0;0;1;0;0
30/11/2014;06:21:00;20;Acidente sem Vítima;509;BR-040/MG;Sul;Choque em defensa;1;0;0;0;0;0;0;0;0;0;1;0;0;0;0
30/11/2014;18:29:00;133;Acidente com Vítima;516;BR-040/MG;Norte;Abalroamento - Longitudinal;1;0;0;1;0;0;0;0;0;0;1;0;2;0;0
30/11/2014;16:38:00;115;Acidente sem Vítima;517;BR-040/MG;Norte;Outros;1;0;0;0;0;0;0;0;0;0;1;0;0;0;0
30/11/2014;17:24:00;124;Acidente com Vítima;526;BR-040/MG;Sul;Queda de Carga;1;0;0;0;0;0;0;0;0;0;1;0;1;0;0
30/11/2014;22:45:00;189;Acidente sem Vítima;530;BR-040/MG;Sul;Outros;1;0;0;0;0;0;0;0;0;0;1;0;0;0;0
30/11/2014;03:34:00;17;Acidente com Morte;558;BR-040/MG;Norte;Choque com objeto fixo;1;0;0;0;0;0;0;0;0;0;1;0;0;0;0
30/11/2014;12:09:00;65;Acidente sem Vítima;563;BR-040/MG;Norte;Capotamento;1;0;0;0;0;0;0;0;0;0;2;0;0;0;0
30/11/2014;13:50:00;81;Acidente sem Vítima;567;BR-040/MG;Sul;Outros;1;0;0;0;0;0;0;0;0;0;1;0;0;0;0
30/11/2014;13:43:00;79;Acidente sem Vítima;590;BR-040/MG;Norte;Outros;0;0;1;0;0;0;0;0;0;0;1;0;0;0;0
30/11/2014;17:09:00;121;Acidente sem Vítima;593;BR-040/MG;Norte;Colisão traseira;1;0;0;0;0;0;0;0;0;0;2;0;0;0;0
30/11/2014;09:37:00;48;Acidente sem Vítima;593;BR-040/MG;Norte;Choque em barreira New Jersey;1;0;1;0;0;0;0;0;0;0;4;0;0;0;0
30/11/2014;10:19:00;53;Acidente sem Vítima;628;BR-040/MG;Sul;Colisão traseira;2;0;0;0;0;0;0;0;0;0;2;0;0;0;0
30/11/2014;20:33:00;164;Acidente com Vítima;674;BR-040/MG;Sul;Capotamento;1;0;0;0;0;0;0;0;0;0;1;0;0;0;0
30/11/2014;16:13:00;108;Acidente com Vítima;678;BR-040/MG;Norte;Choque com objeto fixo;1;0;0;0;0;0;0;0;0;0;1;0;1;0;0
30/11/2014;08:13:00;38;Acidente sem Vítima;680;BR-040/MG;Norte;Outros;1;0;0;0;0;0;0;0;0;0;1;0;0;0;0
30/11/2014;09:05:00;46;Acidente com Morte;715;BR-040/MG;Norte;Outros;1;0;0;0;0;0;0;0;0;0;0;0;2;0;1
30/11/2014;10:16:00;52;Acidente sem Vítima;721;BR-040/MG;Norte;Colisão traseira;2;0;0;0;0;0;0;0;0;0;3;0;0;0;0
30/11/2014;12:59:00;73;Acidente com Morte;752;BR-040/MG;Sul;Colisão frontal;2;0;1;0;0;0;0;0;0;0;1;0;2;0;1
01/12/2014;21:00:00;167;Acidente sem Vítima;2;BR-040/MG;Sul;Colisão traseira;2;0;0;0;0;0;0;0;0;0;2;0;0;0;0
01/12/2014;13:55:00;89;Atropelamento sem Morte;7;BR-040/GO;Norte;Atropelamento - Pedestre caminhando;1;0;0;0;0;0;0;0;0;0;1;0;0;0;0
01/12/2014;13:50:00;88;Acidente sem Vítima;118;BR-040/MG;Norte;Outros;0;0;1;0;0;0;0;0;0;0;1;0;0;0;0
01/12/2014;05:55:00;19;Acidente sem Vítima;119;BR-040/MG;Norte;Outros;1;0;0;0;0;0;0;0;0;0;1;0;0;0;0
01/12/2014;16:51:00;115;Acidente com Vítima;179,9;BR-040/MG;Sul;Abalroamento - Longitudinal;2;0;0;0;0;0;0;0;0;0;2;0;1;0;0
01/12/2014;06:59:00;24;Acidente sem Vítima;434;BR-040/MG;Norte;Queda de Carga;0;0;1;0;0;0;0;0;0;0;1;0;0;0;0
01/12/2014;07:54:00;32;Acidente com Vítima;471;BR-040/MG;Norte;Outros;0;0;0;0;0;0;0;0;0;0;0;0;1;0;0
01/12/2014;00:59:00;4;Acidente com Vítima;480;BR-040/MG;Sul;Colisão traseira;1;0;2;0;0;0;0;0;0;0;2;4;0;0;0
01/12/2014;12:37:00;74;Acidente sem Vítima;493;BR-040/MG;Norte;Outros;1;0;0;0;0;0;0;0;0;0;1;0;0;0;0
01/12/2014;12:42:00;75;Acidente sem Vítima;494;BR-040/MG;Norte;Outros;0;0;0;0;0;0;0;0;0;0;0;0;0;0;0
01/12/2014;13:11:00;80;Acidente sem Vítima;500;BR-040/MG;Norte;Capotamento;1;0;0;0;0;0;0;0;0;0;1;0;0;0;0
01/12/2014;06:37:00;23;Acidente com Vítima;505;BR-040/MG;Sul;Colisão traseira;1;0;0;1;0;0;0;0;0;0;1;0;1;0;0
01/12/2014;07:05:00;25;Acidente com Vítima;513;BR-040/MG;Sul;Atropelamento - Animal;0;0;0;1;0;0;0;0;0;0;0;0;1;0;0
01/12/2014;13:40:00;84;Acidente sem Vítima;518;BR-040/MG;Norte;Abalroamento - Transversal;0;0;2;0;0;0;0;0;0;0;2;0;0;0;0
01/12/2014;08:52:00;43;Acidente com Vítima;528;BR-040/MG;Norte;Atropelamento - Animal;0;0;0;1;0;0;0;0;0;0;0;0;1;0;0
01/12/2014;09:02:00;45;Acidente sem Vítima;541;BR-040/MG;Sul;Colisão traseira;2;0;0;0;0;0;0;0;0;0;2;0;0;0;0
01/12/2014;13:21:00;81;Acidente com Vítima;589;BR-040/MG;Norte;Colisão traseira;2;0;0;0;0;0;0;0;0;0;2;0;2;0;0
01/12/2014;05:47:00;16;Acidente sem Vítima;699;BR-040/MG;Norte;Outros;1;0;0;0;0;0;0;0;0;0;2;2;0;0;0
01/12/2014;10:57:00;65;Acidente sem Vítima;751;BR-040/MG;Norte;Outros;0;0;1;0;0;0;0;0;0;0;1;0;0;0;0
01/12/2014;13:13:00;91;Acidente sem Vítima;753;BR-040/MG;Norte;Choque em barreira New Jersey;1;0;0;0;0;0;0;0;0;0;1;0;0;0;0
02/12/2014;16:03:00;122;Acidente sem Vítima;1;BR-040/GO;Sul;Outros;0;0;0;1;0;0;0;0;0;0;1;0;0;0;0
02/12/2014;05:15:00;22;Acidente sem Vítima;4;BR-040/GO;Norte;Colisão traseira;0;0;0;0;2;0;0;0;0;0;2;0;0;0;0
02/12/2014;13:24:00;94;Acidente com Vítima;19;BR-040/GO;Norte;Outros;0;0;0;1;0;0;0;0;0;0;1;0;0;0;0
02/12/2014;22:15:00;184;Acidente com Vítima;405;BR-040/MG;Norte;Outros;1;0;0;0;0;0;0;0;0;0;0;1;0;0;0
02/12/2014;04:04:00;18;Acidente sem Vítima;468;BR-040/MG;Norte;Outros;1;0;0;0;0;0;0;0;0;0;1;0;0;0;0
02/12/2014;00:08:00;2;Acidente sem Vítima;529;BR-040/MG;Norte;Queda de Carga;0;0;1;0;0;0;0;0;0;0;1;1;0;0;0
02/12/2014;14:47:00;108;Acidente sem Vítima;530;BR-040/MG;Sul;Colisão traseira;1;0;1;0;0;0;0;0;0;0;4;0;0;0;0
02/12/2014;09:53:00;60;Acidente com Vítima;534;BR-040/MG;Sul;Colisão traseira;0;0;1;0;1;0;0;0;0;0;1;1;0;0;0
02/12/2014;06:25:00;28;Acidente com Vítima;559;BR-040/MG;Sul;Capotamento;1;0;0;0;0;0;0;0;0;0;0;1;0;0;0
02/12/2014;14:24:00;102;Acidente com Vítima;622;BR-040/MG;Sul;Abalroamento - Longitudinal;2;0;0;0;0;0;0;0;0;0;2;3;1;0;0
02/12/2014;20:28:00;171;Acidente sem Vítima;649;BR-040/MG;Sul;Atropelamento - Animal;1;0;0;0;0;0;0;0;0;0;1;0;0;0;0
03/12/2014;05:58:00;17;Acidente com Vítima;2;BR-040/GO;Norte;Abalroamento - Longitudinal;1;0;0;1;0;0;0;0;0;0;1;1;0;0;0
03/12/2014;07:13:00;24;Acidente sem Vítima;4;BR-040/DF;Norte;Outros;0;0;0;1;0;0;0;0;0;0;1;0;0;0;0
03/12/2014;01:32:00;4;Atropelamento sem Morte;11;BR-040/GO;Sul;Atropelamento - Pedestre caminhando;0;0;0;0;0;0;0;0;0;0;1;0;0;0;0
03/12/2014;05:11:00;16;Acidente sem Vítima;321;BR-040/MG;Norte;Atropelamento - Animal;1;0;0;0;0;0;0;0;0;0;1;0;0;0;0
03/12/2014;23:52:00;185;Acidente com Vítima;499;BR-040/MG;Sul;Capotamento;0;0;0;0;0;0;0;0;0;1;1;2;0;0;0
03/12/2014;18:57:00;148;Acidente com Vítima;516;BR-040/MG;Norte;Outros;0;0;0;0;0;0;0;0;0;0;0;2;0;0;0
03/12/2014;19:11:00;151;Acidente com Vítima;529,001;BR-040/MG;Norte;Colisão frontal;2;0;0;0;0;0;0;0;0;0;1;2;0;0;0
03/12/2014;11:07:00;67;Acidente sem Vítima;570;BR-040/MG;Norte;Colisão traseira;2;0;0;0;0;0;0;0;0;0;4;0;0;0;0
03/12/2014;15:03:00;105;Acidente sem Vítima;600;BR-040/MG;Norte;Outros;0;0;1;0;0;0;0;0;0;0;1;0;0;0;0
03/12/2014;10:10:00;51;Acidente sem Vítima;627;BR-040/MG;Sul;Abalroamento - Longitudinal;2;0;0;0;0;0;0;0;0;0;2;0;0;0;0
03/12/2014;21:09:00;168;Acidente sem Vítima;630;BR-040/MG;Sul;Abalroamento - Longitudinal;2;0;0;0;0;0;0;0;0;0;2;0;0;0;0
03/12/2014;10:21:00;55;Acidente com Vítima;7,4;BR-040/DF;Norte;Outros;0;0;0;1;0;0;0;0;0;0;1;1;0;0;0
03/12/2014;22:31:00;175;Acidente com Vítima;8,388;BR-040/DF;Sul;Outros;0;0;0;1;0;0;0;0;0;0;0;1;0;0;0
03/12/2014;08:05:00;31;Acidente com Vítima;740;BR-040/MG;Sul;Colisão frontal;2;0;0;0;0;0;0;0;0;0;0;2;2;0;0
03/12/2014;09:21:00;44;Acidente sem Vítima;139;BR-040/GO;Sul;Abalroamento - Longitudinal;1;0;0;0;0;0;0;0;0;1;2;0;0;0;0
04/12/2014;07:11:00;31;Acidente sem Vítima;0,1;BR-040/GO;Norte;Colisão traseira;2;0;0;0;0;0;0;0;0;0;2;0;0;0;0
04/12/2014;20:38:00;175;Acidente sem Vítima;3;BR-040/GO;Sul;Colisão traseira;1;0;1;0;0;0;0;0;0;0;2;0;0;0;0
04/12/2014;12:39:00;85;Acidente com Vítima;8;BR-040/GO;Norte;Colisão traseira;2;0;0;0;0;0;0;0;0;0;2;0;2;0;0
04/12/2014;16:27:00;122;Acidente com Vítima;449;BR-040/MG;Sul;Colisão traseira;1;0;1;0;0;0;0;0;0;0;2;1;0;0;0
04/12/2014;19:04:00;150;Acidente com Vítima;511,001;BR-040/MG;Norte;Capotamento;1;0;0;0;0;0;0;0;0;0;0;0;0;1;0
04/12/2014;07:58:00;38;Acidente sem Vítima;532;BR-040/MG;Sul;Colisão traseira;2;0;0;0;0;0;0;0;0;0;2;0;0;0;0
04/12/2014;17:17:00;130;Acidente sem Vítima;535;BR-040/MG;Norte;Abalroamento - Longitudinal;2;0;0;0;0;0;0;0;0;0;2;0;0;0;0
04/12/2014;13:30:00;91;Acidente com Vítima;615;BR-040/MG;Sul;Abalroamento - Longitudinal;0;0;1;0;1;0;0;0;0;0;1;0;2;0;0
04/12/2014;19:59:00;164;Atropelamento sem Morte;690;BR-040/MG;Norte;Atropelamento - Pedestre caminhando;1;0;0;0;0;0;0;0;0;0;0;0;0;0;0
05/12/2014;16:29:00;146;Acidente com Vítima;1;BR-040/GO;Norte;Outros;0;0;0;1;0;0;0;0;0;0;0;1;0;0;0
05/12/2014;19:48:00;193;Acidente com Vítima;50;BR-040/MG;Sul;Capotamento;0;0;1;0;0;0;0;0;0;0;0;2;2;0;0
05/12/2014;01:43:00;11;Acidente sem Vítima;275,7;BR-040/MG;Sul;Capotamento;1;0;0;0;0;0;0;0;0;0;1;0;0;0;0
05/12/2014;15:20:00;130;Acidente sem Vítima;444;BR-040/MG;Sul;Choque em defensa;1;0;0;0;0;0;0;0;0;0;1;0;0;0;0
05/12/2014;02:19:00;14;Acidente com Vítima;460;BR-040/MG;Norte;Queda de Carga;0;0;1;0;0;0;0;0;0;0;0;1;0;0;0
05/12/2014;19:27:00;187;Acidente sem Vítima;463;BR-040/MG;Sul;Queda de Carga;0;0;1;0;0;0;0;0;0;0;1;0;0;0;0
05/12/2014;20:46:00;202;Acidente sem Vítima;481;BR-040/MG;Norte;Outros;1;0;0;0;0;0;0;0;0;0;1;0;0;0;0
05/12/2014;04:32:00;26;Acidente sem Vítima;505;BR-040/MG;Norte;Colisão frontal;2;0;0;0;0;0;0;0;0;0;2;1;0;0;0
05/12/2014;23:17:00;231;Acidente sem Vítima;508;BR-040/MG;Norte;Capotamento;1;0;0;0;1;0;0;0;0;0;2;0;0;0;0
05/12/2014;23:17:00;234;Acidente com Vítima;508;BR-040/MG;Sul;Capotamento;1;0;0;0;0;0;0;0;0;0;1;1;0;0;0
05/12/2014;16:24:00;143;Acidente com Vítima;519;BR-040/MG;Norte;Outros;0;0;0;1;0;0;0;0;0;0;0;0;1;0;0
05/12/2014;21:02:00;206;Acidente sem Vítima;529;BR-040/MG;Norte;Colisão traseira;1;0;1;0;0;0;0;0;0;0;2;0;0;0;0
05/12/2014;07:40:00;51;Acidente sem Vítima;529,5;BR-040/MG;Sul;Colisão traseira;1;0;1;0;0;0;0;0;0;0;2;0;0;0;0
05/12/2014;18:23:00;170;Acidente sem Vítima;538;BR-040/MG;Norte;Colisão traseira;2;0;0;0;0;0;0;0;0;0;2;0;0;0;0
05/12/2014;23:08:00;228;Acidente sem Vítima;541;BR-040/MG;Norte;Choque em defensa;1;0;0;0;0;0;0;0;0;0;1;0;0;0;0
05/12/2014;14:54:00;127;Acidente com Vítima;543;BR-040/MG;Norte;Outros;0;0;0;1;0;0;0;0;0;0;1;1;0;0;0
05/12/2014;00:11:00;1;Acidente sem Vítima;588;BR-040/MG;Sul;Capotamento;1;0;0;0;0;0;0;0;0;0;1;0;0;0;0
05/12/2014;17:19:00;156;Acidente sem Vítima;593;BR-040/MG;Norte;Outros;1;0;0;0;0;0;0;0;0;0;2;0;0;0;0
05/12/2014;16:37:00;150;Acidente sem Vítima;656;BR-040/MG;Norte;Outros;1;0;0;0;0;0;0;0;0;0;1;0;0;0;0
05/12/2014;16:27:00;145;Acidente sem Vítima;70;BR-040/GO;Norte;Queda de Carga;0;0;1;0;0;0;0;0;0;0;1;0;0;0;0
05/12/2014;11:57:00;98;Acidente sem Vítima;96;BR-040/GO;Norte;Colisão frontal;2;0;0;0;0;0;0;0;0;0;2;0;0;0;0
05/12/2014;15:15:00;129;Acidente com Vítima;692;BR-040/MG;Sul;Colisão traseira;2;0;0;0;0;0;0;0;0;0;2;1;0;0;0
05/12/2014;19:37:00;190;Acidente sem Vítima;702;BR-040/MG;Norte;Colisão traseira;2;0;0;0;0;0;0;0;0;0;2;0;0;0;0
05/12/2014;12:48:00;105;Acidente sem Vítima;727;BR-040/MG;Sul;Outros;2;0;0;0;0;0;0;0;0;0;2;0;0;0;0
05/12/2014;10:59:00;82;Acidente sem Vítima;727;BR-040/MG;Sul;Outros;1;0;0;0;0;0;0;0;0;0;1;0;0;0;0
05/12/2014;19:32:00;188;Acidente sem Vítima;728;BR-040/MG;Sul;Outros;1;0;0;0;0;0;0;0;0;0;1;0;0;0;0
05/12/2014;12:32:00;102;Acidente com Vítima;731;BR-040/MG;Norte;Colisão traseira;3;0;0;0;0;0;0;0;0;0;3;2;0;0;0
05/12/2014;06:48:00;43;Acidente sem Vítima;114;BR-040/GO;Sul;Outros;0;0;0;0;0;1;0;0;0;0;1;0;0;0;0
05/12/2014;13:45:00;115;Acidente sem Vítima;751;BR-040/MG;Sul;Outros;1;0;0;0;0;0;0;0;0;0;1;0;0;0;0
05/12/2014;16:39:00;151;Acidente sem Vítima;753;BR-040/MG;Norte;Outros;0;0;0;0;0;0;0;0;0;0;0;0;0;0;0
05/12/2014;19:07:00;182;Acidente com Vítima;754;BR-040/MG;Sul;Outros;1;0;0;0;0;0;0;0;0;0;1;0;1;0;0
05/12/2014;15:55:00;139;Acidente sem Vítima;765;BR-040/MG;Sul;Outros;1;0;0;0;0;0;0;0;0;0;1;0;0;0;0
06/12/2014;19:19:00;209;Acidente sem Vítima;0;BR-040/GO;Sul;Choque em defensa;1;0;0;0;0;0;0;0;0;0;1;0;0;0;0
06/12/2014;19:54:00;213;Acidente sem Vítima;1;BR-040/GO;Sul;Colisão traseira;4;0;0;0;0;0;0;0;0;0;4;0;0;0;0
06/12/2014;18:24:00;197;Acidente sem Vítima;3;BR-040/GO;Sul;Colisão traseira;2;0;0;0;0;0;0;0;0;0;2;0;0;0;0
06/12/2014;10:03:00;94;Acidente sem Vítima;4;BR-040/DF;Norte;Colisão traseira;2;0;0;0;0;0;0;0;0;0;2;0;0;0;0
06/12/2014;22:17:00;235;Acidente sem Vítima;8,5;BR-040/MG;Sul;Choque em defensa;1;0;0;0;0;0;0;0;0;0;1;0;0;0;0
06/12/2014;17:28:00;185;Acidente com Vítima;7;BR-040/GO;Norte;Colisão traseira;2;0;0;0;0;0;0;0;0;0;1;3;0;0;0
06/12/2014;02:40:00;28;Acidente com Vítima;18;BR-040/MG;Sul;Colisão traseira;2;0;0;0;0;0;0;0;0;0;1;3;0;0;0
06/12/2014;06:34:00;57;Acidente sem Vítima;25;BR-040/GO;Sul;Colisão traseira;2;0;0;0;0;0;0;0;0;0;2;0;0;0;0
06/12/2014;18:47:00;202;Acidente sem Vítima;144;BR-040/MG;Norte;Abalroamento - Transversal;2;0;0;0;0;0;0;0;0;0;2;0;0;0;0
06/12/2014;10:31:00;100;Acidente sem Vítima;422;BR-040/MG;Sul;Queda de Carga;1;0;0;0;0;0;0;0;0;0;1;0;0;0;0
06/12/2014;00:09:00;2;Acidente sem Vítima;422;BR-040/MG;Sul;Outros;1;0;0;0;0;0;0;0;0;0;1;0;0;0;0
06/12/2014;15:36:00;163;Acidente com Vítima;457;BR-040/MG;Norte;Outros;1;0;0;0;0;0;0;0;0;0;0;0;0;1;0
06/12/2014;10:24:00;99;Acidente com Vítima;460;BR-040/MG;Norte;Queda de Carga;0;0;1;0;0;0;0;0;0;0;1;1;0;0;0
06/12/2014;15:27:00;159;Acidente sem Vítima;495;BR-040/MG;Sul;Capotamento;1;0;0;0;0;0;0;0;0;0;1;0;0;0;0
06/12/2014;07:52:00;75;Acidente com Vítima;513;BR-040/MG;Sul;Choque com objeto fixo;0;0;0;1;0;0;0;0;0;0;0;0;1;0;0
06/12/2014;12:28:00;127;Acidente sem Vítima;545;BR-040/MG;Sul;Capotamento;1;0;0;0;0;0;0;0;0;0;1;0;0;0;0
06/12/2014;20:47:00;223;Acidente sem Vítima;8;BR-040/DF;Sul;Colisão traseira;2;0;0;0;0;0;0;0;0;0;2;0;0;0;0
06/12/2014;18:56:00;204;Acidente sem Vítima;70;BR-040/GO;Norte;Outros;0;0;1;0;0;0;0;0;0;0;1;0;0;0;0
06/12/2014;10:50:00;106;Acidente com Vítima;686;BR-040/MG;Norte;Abalroamento - Longitudinal;2;0;0;0;0;0;0;0;0;0;2;1;0;0;0
06/12/2014;17:46:00;188;Acidente sem Vítima;708;BR-040/MG;Norte;Outros;1;0;0;0;0;0;0;0;0;0;1;0;0;0;0
06/12/2014;03:51:00;36;Acidente sem Vítima;729;BR-040/MG;Sul;Capotamento;0;0;0;1;0;0;0;0;0;0;1;0;0;0;0
06/12/2014;06:24:00;55;Acidente com Vítima;753;BR-040/MG;Sul;Capotamento;1;0;0;0;0;0;0;0;0;0;0;3;1;1;0
06/12/2014;05:23:00;47;Acidente com Vítima;765;BR-040/MG;Sul;Capotamento;0;0;1;0;0;0;0;0;0;0;0;1;0;0;0
07/12/2014;08:53:00;53;Acidente sem Vítima;1,3;BR-040/GO;Sul;Colisão traseira;2;0;0;0;0;0;0;0;0;0;2;0;0;0;0
07/12/2014;23:16:00;230;Acidente com Vítima;14,006;BR-040/GO;Sul;Colisão traseira;2;0;0;0;0;0;0;0;0;0;3;0;0;0;0