data;horario;n_da_ocorrencia;tipo_de_ocorrencia;km;trecho;sentido;tipo_de_acidente;automovel;bicicleta;caminhao;moto;onibus;outros;tracao_animal;transporte_de_cargas_especiais;trator_maquinas;utilitarios;ilesos;levemente_feridos;moderadamente_feridos;gravemente_feridos;mortos
07/12/2014;12:52:00;105;Acidente com Vítima;416;BR-040/MG;Norte;Abalroamento - Longitudinal;1;0;0;1;0;0;0;0;0;0;1;0;1;0;0
07/12/2014;18:47:00;182;Acidente sem Vítima;450;BR-040/MG;Norte;Choque em defensa;1;0;0;0;0;0;0;0;0;0;1;1;0;0;0
07/12/2014;13:16:00;111;Acidente sem Vítima;454;BR-040/MG;Norte;Choque com objeto fixo;1;0;0;0;0;0;0;0;0;0;2;0;0;0;0
07/12/2014;16:25:00;149;Acidente com Vítima;468;BR-040/MG;Sul;Capotamento;1;0;0;0;0;0;0;0;0;0;0;3;1;0;0
07/12/2014;18:40:00;179;Acidente sem Vítima;510;BR-040/MG;Sul;Colisão traseira;2;0;0;0;0;0;0;0;0;0;2;0;0;0;0
07/12/2014;10:38:00;72;Acidente sem Vítima;512;BR-040/MG;Norte;Abalroamento - Longitudinal;1;0;0;1;0;0;0;0;0;0;2;0;0;0;0
07/12/2014;05:25:00;35;Acidente com Vítima;524;BR-040/MG;Norte;Abalroamento - Longitudinal;1;0;0;1;0;0;0;0;0;0;1;2;0;0;0
07/12/2014;14:30:00;123;Acidente com Vítima;530,005;BR-040/MG;Norte;Outros;0;0;0;1;0;0;0;0;0;0;0;1;0;0;0
07/12/2014;17:57:00;168;Acidente com Vítima;536,005;BR-040/MG;Sul;Choque em barreira New Jersey;1;0;0;0;0;0;0;0;0;0;1;1;1;0;0
07/12/2014;06:36:00;37;Acidente com Vítima;555,1;BR-040/MG;Sul;Outros;1;0;0;0;0;0;0;0;0;0;0;1;1;0;0
07/12/2014;01:42:00;9;Acidente sem Vítima;571,5;BR-040/MG;Sul;Colisão traseira;2;0;0;0;0;0;0;0;0;0;2;0;0;0;0
07/12/2014;21:02:00;210;Acidente com Vítima;598;BR-040/MG;Sul;Outros;0;0;0;1;0;0;0;0;0;0;1;1;1;0;0
07/12/2014;03:13:00;20;Acidente sem Vítima;622;BR-040/MG;Sul;Colisão traseira;2;0;0;0;0;0;0;0;0;0;5;0;0;0;0
07/12/2014;05:21:00;32;Acidente com Vítima;644;BR-040/MG;Norte;Outros;1;0;0;0;0;0;0;0;0;0;0;1;0;0;0
07/12/2014;05:27:00;34;Acidente com Vítima;650;BR-040/MG;Norte;Outros;1;0;0;0;0;0;0;0;0;0;1;1;0;0;0
07/12/2014;12:20:00;98;Acidente sem Vítima;99;BR-040/GO;Sul;Capotamento;1;0;0;0;0;0;0;0;0;0;1;0;0;0;0
07/12/2014;04:46:00;29;Acidente com Vítima;698;BR-040/MG;Sul;Colisão traseira;2;0;0;0;0;0;0;0;0;0;1;1;0;0;0
08/12/2014;06:51:00;21;Acidente sem Vítima;0,4;BR-040/DF;Norte;Outros;0;0;0;0;0;0;0;0;0;0;0;0;0;0;0
08/12/2014;07:05:00;25;Acidente sem Vítima;3;BR-040/DF;Norte;Colisão traseira;2;0;0;0;0;0;0;0;0;0;2;0;0;0;0
08/12/2014;08:06:00;35;Acidente sem Vítima;3,5;BR-040/DF;Norte;Outros;0;0;0;1;0;0;0;0;0;0;1;0;0;0;0
08/12/2014;00:32:00;4;Acidente sem Vítima;6;BR-040/GO;Norte;Choque em defensa;1;0;0;0;0;0;0;0;0;0;1;0;0;0;0
08/12/2014;11:23:00;66;Acidente com Vítima;224;BR-040/MG;Norte;Capotamento;1;0;0;0;0;0;0;0;0;0;0;1;0;0;0
08/12/2014;16:58:00;115;Acidente sem Vítima;247;BR-040/MG;Sul;Outros;0;0;1;0;0;0;0;0;0;0;1;0;0;0;0
08/12/2014;19:59:00;142;Acidente com Vítima;310;BR-040/MG;Sul;Outros;1;0;0;0;0;0;0;0;0;0;0;2;0;0;0
08/12/2014;05:26:00;18;Acidente sem Vítima;500;BR-040/MG;Sul;Outros;1;0;0;0;0;0;0;0;0;0;1;0;0;0;0
08/12/2014;07:52:00;32;Acidente com Vítima;511;BR-040/MG;Norte;Colisão traseira;1;0;0;1;0;0;0;0;0;0;0;0;2;0;0
08/12/2014;13:28:00;83;Acidente com Vítima;518;BR-040/MG;Sul;Abalroamento - Transversal;1;0;0;1;0;0;0;0;0;0;1;0;1;0;0
08/12/2014;17:16:00;119;Acidente sem Vítima;609;BR-040/MG;Sul;Outros;1;0;0;0;0;0;0;0;0;0;1;0;0;0;0
08/12/2014;08:22:00;37;Acidente com Morte;648,5;BR-040/MG;Sul;Capotamento;1;0;0;0;0;0;0;0;0;0;0;0;0;0;1
08/12/2014;03:56:00;15;Acidente sem Vítima;652;BR-040/MG;Norte;Capotamento;1;0;0;0;0;0;0;0;0;0;1;0;0;0;0
08/12/2014;09:46:00;52;Acidente com Vítima;8,388;BR-040/DF;Norte;Colisão traseira;1;0;0;1;0;0;0;0;0;0;2;0;1;0;0
08/12/2014;06:59:00;23;Acidente sem Vítima;91;BR-040/GO;Norte;Outros;0;0;0;1;0;0;0;0;0;0;1;0;0;0;0
08/12/2014;07:27:00;28;Acidente com Morte;137;BR-040/GO;Norte;Capotamento;1;0;0;0;0;0;0;0;0;0;0;0;0;0;1
09/12/2014;01:40:00;6;Acidente com Vítima;1;BR-040/GO;Norte;Capotamento;1;0;0;0;0;0;0;0;0;0;0;0;0;1;0
09/12/2014;17:48:00;119;Acidente com Vítima;2;BR-040/DF;Sul;Outros;0;0;0;0;0;0;0;0;0;0;0;0;1;0;0
09/12/2014;08:45:00;33;Acidente sem Vítima;2,1;BR-040/GO;Norte;Outros;1;0;0;0;0;0;0;0;0;0;1;0;0;0;0
09/12/2014;18:35:00;128;Acidente sem Vítima;6;BR-040/DF;Sul;Abalroamento - Longitudinal;1;0;0;1;0;0;0;0;0;0;2;1;0;0;0
09/12/2014;03:17:00;12;Acidente sem Vítima;11;BR-040/GO;Sul;Outros;1;0;0;0;0;0;0;0;0;0;1;0;0;0;0
09/12/2014;20:30:00;148;Acidente sem Vítima;64;BR-040/MG;Norte;Outros;1;0;0;0;0;0;0;0;0;0;2;1;0;0;0
09/12/2014;08:24:00;30;Acidente com Vítima;133;BR-040/MG;Sul;Abalroamento - Longitudinal;2;0;0;0;0;0;0;0;0;0;1;0;1;0;0
09/12/2014;15:02:00;98;Acidente com Vítima;373,9;BR-040/MG;Sul;Colisão traseira;1;0;1;0;0;0;0;0;0;0;2;2;0;0;0
09/12/2014;21:03:00;154;Acidente com Vítima;506;BR-040/MG;Sul;Colisão traseira;2;0;0;0;0;0;0;0;0;0;2;0;1;0;0
09/12/2014;13:30:00;88;Acidente sem Vítima;524;BR-040/MG;Sul;Outros;1;0;0;0;0;0;0;0;0;0;1;0;0;0;0
09/12/2014;08:31:00;32;Acidente sem Vítima;533;BR-040/MG;Norte;Abalroamento - Longitudinal;1;0;1;0;0;0;0;0;0;0;2;0;0;0;0
09/12/2014;21:29:00;160;Acidente sem Vítima;632;BR-040/MG;Sul;Outros;1;0;0;0;0;0;0;0;0;0;1;0;0;0;0
09/12/2014;15:22:00;101;Acidente sem Vítima;58;BR-040/GO;Sul;Outros;1;0;0;0;0;0;0;0;0;0;1;0;0;0;0
09/12/2014;13:39:00;82;Acidente sem Vítima;712;BR-040/MG;Norte;Queda de Carga;0;0;1;0;0;0;0;0;0;0;1;0;0;0;0
10/12/2014;18:26:00;163;Acidente sem Vítima;0;BR-040/GO;Sul;Colisão traseira;2;0;0;0;0;0;0;0;0;0;2;0;0;0;0
10/12/2014;14:52:00;115;Acidente sem Vítima;4,5;BR-040/MG;Sul;Colisão traseira;1;0;0;1;0;0;0;0;0;0;2;0;0;0;0
10/12/2014;17:22:00;146;Acidente com Vítima;5;BR-040/DF;Sul;Outros;0;0;0;1;0;0;0;0;0;0;1;1;0;0;0
10/12/2014;15:21:00;117;Acidente com Vítima;6;BR-040/MG;Norte;Capotamento;1;0;0;0;0;0;0;0;0;0;0;0;1;0;0
10/12/2014;21:42:00;204;Atropelamento sem Morte;9;BR-040/GO;Sul;Atropelamento - Ciclista;1;0;0;0;0;0;0;0;0;0;0;1;0;0;0
10/12/2014;21:31:00;201;Acidente sem Vítima;414;BR-040/MG;Sul;Outros;1;0;0;0;0;0;0;0;0;0;1;0;0;0;0
10/12/2014;18:02:00;157;Acidente sem Vítima;510;BR-040/MG;Sul;Colisão traseira;2;0;1;0;0;0;0;0;0;0;10;0;0;0;0
10/12/2014;19:51:00;184;Acidente com Vítima;516;BR-040/MG;Norte;Outros;0;0;0;1;0;0;0;0;0;0;0;2;0;0;0
10/12/2014;06:44:00;24;Acidente sem Vítima;517,1;BR-040/MG;Sul;Colisão traseira;1;0;0;1;0;0;0;0;0;0;2;0;0;0;0
10/12/2014;18:48:00;166;Acidente sem Vítima;528;BR-040/MG;Norte;Colisão traseira;1;0;1;0;0;0;0;0;0;0;2;0;0;0;0
10/12/2014;16:25:00;135;Acidente sem Vítima;528;BR-040/MG;Sul;Abalroamento - Longitudinal;2;0;0;0;0;0;0;0;0;0;2;0;0;0;0
10/12/2014;17:28:00;148;Acidente sem Vítima;730;BR-040/MG;Sul;Abalroamento - Longitudinal;0;0;2;0;0;0;0;0;0;0;2;0;0;0;0
10/12/2014;16:24:00;132;Acidente sem Vítima;730;BR-040/MG;Sul;Outros;0;0;2;0;1;0;0;0;0;0;3;0;0;0;0
11/12/2014;21:25:00;231;Acidente com Vítima;0;BR-040/GO;Sul;Outros;0;0;0;1;0;0;0;0;0;0;0;1;0;0;0
11/12/2014;22:43:00;239;Acidente com Vítima;4;BR-040/GO;Norte;Capotamento;1;0;0;0;0;0;0;0;0;0;0;2;0;0;0
11/12/2014;22:12:00;237;Acidente com Vítima;4;BR-040/GO;Norte;Colisão frontal;2;0;0;0;0;0;0;0;0;0;2;1;0;0;0
11/12/2014;07:27:00;44;Acidente com Vítima;5,4;BR-040/DF;Norte;Abalroamento - Longitudinal;2;0;0;0;0;0;0;0;0;0;3;0;0;0;0
11/12/2014;15:51:00;151;Acidente com Vítima;6;BR-040/DF;Sul;Outros;0;0;0;1;0;0;0;0;0;0;1;1;0;0;0
11/12/2014;06:43:00;36;Acidente com Vítima;7;BR-040/MG;Sul;Abalroamento - Longitudinal;2;0;0;0;0;0;0;0;0;0;3;0;0;0;0
11/12/2014;13:42:00;123;Atropelamento sem Morte;41,008;BR-040/MG;Norte;Atropelamento - Ciclista;1;0;0;0;0;0;0;0;0;0;0;0;1;0;0
11/12/2014;05:50:00;30;Acidente com Vítima;27;BR-040/GO;Norte;Abalroamento - Longitudinal;0;0;2;0;0;0;0;0;0;0;3;0;0;0;0
11/12/2014;16:51:00;165;Acidente sem Vítima;154;BR-040/MG;Sul;Colisão traseira;2;0;0;0;0;0;0;0;0;0;2;0;0;0;0
11/12/2014;23:15:00;246;Acidente com Vítima;156;BR-040/MG;Norte;Colisão traseira;0;0;2;0;0;0;0;0;0;0;2;1;0;0;0
11/12/2014;04:00:00;23;Acidente sem Vítima;251;BR-040/MG;Norte;Atropelamento - Animal;0;0;1;0;0;0;0;0;0;0;1;0;0;0;0
11/12/2014;06:57:00;39;Acidente com Vítima;523;BR-040/MG;Sul;Colisão traseira;1;0;0;1;0;0;0;0;0;0;1;1;0;0;0
11/12/2014;14:21:00;135;Acidente sem Vítima;531;BR-040/MG;Sul;Abalroamento - Longitudinal;2;0;0;0;0;0;0;0;0;0;2;0;0;0;0
11/12/2014;21:19:00;229;Acidente com Vítima;539;BR-040/MG;Norte;Colisão traseira;1;0;2;0;0;0;0;0;0;0;3;3;0;0;0
11/12/2014;21:14:00;227;Acidente sem Vítima;544;BR-040/MG;Sul;Choque em barreira New Jersey;1;0;0;0;0;0;0;0;0;0;1;0;0;0;0
11/12/2014;08:00:00;53;Acidente com Vítima;548;BR-040/MG;Norte;Abalroamento - Longitudinal;2;0;0;0;0;0;0;0;0;0;1;1;0;0;0
11/12/2014;04:12:00;24;Acidente com Vítima;592;BR-040/MG;Norte;Outros;1;0;0;0;0;0;0;0;0;0;0;1;0;0;0
11/12/2014;11:11:00;100;Acidente sem Vítima;670;BR-040/MG;Sul;Abalroamento - Longitudinal;0;0;1;0;1;0;0;0;0;0;4;0;0;0;0
11/12/2014;01:35:00;14;Acidente sem Vítima;718;BR-040/MG;Norte;Atropelamento - Animal;1;0;0;0;0;0;0;0;0;0;1;0;0;0;0
11/12/2014;14:48:00;142;Acidente com Morte;740;BR-040/MG;Norte;Outros;0;0;1;0;0;0;0;0;0;0;1;0;0;0;1
12/12/2014;15:56:00;132;Acidente sem Vítima;1,8;BR-040/GO;Norte;Colisão traseira;2;0;0;0;0;0;0;0;0;0;2;0;0;0;0
12/12/2014;13:53:00;106;Acidente sem Vítima;2;BR-040/MG;Norte;Colisão traseira;2;0;0;0;0;0;0;0;0;0;2;0;0;0;0
12/12/2014;19:39:00;172;Acidente com Vítima;5;BR-040/GO;Sul;Abalroamento - Longitudinal;1;0;0;1;0;0;0;0;0;0;1;1;0;0;0
12/12/2014;17:51:00;152;Acidente com Vítima;6;BR-040/GO;Sul;Abalroamento - Longitudinal;1;0;0;1;0;0;0;0;0;0;1;0;1;0;0
12/12/2014;20:37:00;179;Atropelamento com Morte;8,4;BR-040/GO;Sul;Atropelamento - Pedestre atravessando;1;0;0;0;0;0;0;0;0;0;1;0;0;0;1
12/12/2014;09:27:00;55;Acidente sem Vítima;82;BR-040/MG;Norte;Capotamento;1;0;0;0;0;0;0;0;0;0;3;0;0;0;0
12/12/2014;01:35:00;8;Acidente sem Vítima;147;BR-040/MG;Sul;Choque com objeto fixo;1;0;0;0;0;0;0;0;0;0;1;0;0;0;0
12/12/2014;16:57:00;143;Acidente sem Vítima;505;BR-040/MG;Norte;Outros;1;0;0;0;0;0;0;0;0;0;1;0;0;0;0
12/12/2014;23:28:00;201;Acidente sem Vítima;512;BR-040/MG;Norte;Colisão traseira;2;0;0;0;0;0;0;0;0;0;2;0;0;0;0
12/12/2014;22:55:00;194;Acidente com Vítima;526;BR-040/MG;Norte;Queda de Carga;0;0;0;1;0;0;0;0;0;0;0;1;0;0;0
12/12/2014;03:52:00;18;Acidente sem Vítima;534;BR-040/MG;Sul;Capotamento;0;0;0;0;0;0;0;0;0;0;0;0;0;0;0
12/12/2014;17:50:00;151;Acidente com Vítima;538;BR-040/MG;Norte;Abalroamento - Longitudinal;1;0;0;1;0;0;0;0;0;0;1;0;1;0;0
12/12/2014;18:20:00;156;Acidente sem Vítima;545;BR-040/MG;Norte;Colisão traseira;3;0;0;0;0;0;0;0;0;0;3;0;0;0;0
12/12/2014;06:50:00;29;Acidente com Vítima;545;BR-040/MG;Sul;Outros;2;0;0;1;0;0;0;0;0;0;2;0;2;0;0
12/12/2014;17:06:00;145;Acidente sem Vítima;577;BR-040/MG;Norte;Colisão traseira;2;0;0;0;0;0;0;0;0;0;2;0;0;0;0
12/12/2014;17:02:00;144;Acidente com Vítima;615;BR-040/MG;Sul;Colisão traseira;4;0;1;0;0;0;0;0;0;0;10;0;0;0;0
12/12/2014;05:11:00;21;Acidente sem Vítima;620;BR-040/MG;Sul;Capotamento;1;0;0;0;0;0;0;0;0;0;2;0;0;0;0
12/12/2014;16:07:00;134;Acidente sem Vítima;8,4;BR-040/DF;Norte;Abalroamento - Longitudinal;3;0;0;0;0;0;0;0;0;0;3;0;0;0;0
12/12/2014;08:11:00;41;Acidente sem Vítima;747;BR-040/MG;Norte;Choque com objeto fixo;1;0;0;0;0;0;0;0;0;0;1;0;0;0;0
12/12/2014;14:56:00;121;Acidente com Vítima;766;BR-040/MG;Sul;Capotamento;1;0;0;0;0;0;0;0;0;0;0;0;2;0;0
12/12/2014;14:07:00;109;Acidente sem Vítima;769;BR-040/MG;Norte;Choque com objeto fixo;1;0;0;0;0;0;0;0;0;0;1;0;0;0;0
13/12/2014;16:43:00;109;Acidente sem Vítima;2;BR-040/GO;Sul;Colisão traseira;2;0;0;0;0;0;0;0;0;0;2;0;0;0;0
13/12/2014;11:45:00;60;Acidente sem Vítima;44,7;BR-040/MG;Sul;Abalroamento - Longitudinal;2;0;0;0;0;0;0;0;0;0;2;0;0;0;0
13/12/2014;12:02:00;66;Acidente sem Vítima;67;BR-040/MG;Sul;Queda de Carga;0;0;1;0;0;0;0;0;0;0;1;0;0;0;0
13/12/2014;17:19:00;118;Acidente com Vítima;75;BR-040/MG;Norte;Capotamento;1;0;0;0;0;0;0;0;0;0;0;0;3;0;0
13/12/2014;00:47:00;7;Acidente sem Vítima;247;BR-040/MG;Sul;Queda de Carga;0;0;1;0;0;0;0;0;0;0;1;0;0;0;0
13/12/2014;19:05:00;137;Acidente sem Vítima;460;BR-040/MG;Sul;Choque em barreira New Jersey;1;0;0;0;0;0;0;0;0;0;1;0;0;0;0
13/12/2014;18:42:00;130;Acidente com Vítima;460;BR-040/MG;Sul;Capotamento;1;0;0;0;0;0;0;0;0;0;0;2;0;0;0
13/12/2014;20:13:00;145;Acidente sem Vítima;461;BR-040/MG;Sul;Choque em barreira New Jersey;0;0;1;0;0;0;0;0;0;0;1;0;0;0;0
13/12/2014;23:25:00;175;Acidente sem Vítima;465;BR-040/MG;Norte;Queda de Carga;0;0;1;0;0;0;0;0;0;0;1;0;0;0;0
13/12/2014;13:23:00;74;Acidente com Vítima;506;BR-040/MG;Sul;Capotamento;1;0;0;0;0;0;0;0;0;0;0;4;0;0;0
13/12/2014;23:47:00;178;Acidente sem Vítima;521;BR-040/MG;Norte;Outros;0;0;1;0;0;0;0;0;0;0;1;0;0;0;0
13/12/2014;21:13:00;153;Acidente sem Vítima;521;BR-040/MG;Norte;Outros;1;0;0;0;0;0;0;0;0;0;1;0;0;0;0
13/12/2014;23:15:00;174;Acidente sem Vítima;523;BR-040/MG;Sul;Outros;1;0;0;0;0;0;0;0;0;0;1;0;0;0;0
13/12/2014;18:26:00;127;Acidente sem Vítima;525;BR-040/MG;Norte;Outros;0;0;0;0;0;0;0;0;0;0;0;0;0;0;0
13/12/2014;15:12:00;94;Acidente sem Vítima;526;BR-040/MG;Norte;Capotamento;1;0;0;0;0;0;0;0;0;0;1;0;0;0;0
13/12/2014;20:23:00;146;Acidente sem Vítima;527;BR-040/MG;Norte;Outros;0;0;0;1;0;0;0;0;0;0;1;0;0;0;0
13/12/2014;17:48:00;121;Acidente sem Vítima;532;BR-040/MG;Sul;Colisão traseira;2;0;0;0;0;0;0;0;0;0;2;0;0;0;0
13/12/2014;14:24:00;83;Acidente sem Vítima;533;BR-040/MG;Norte;Colisão traseira;2;0;0;0;0;0;0;0;0;0;2;0;0;0;0
13/12/2014;21:17:00;155;Acidente sem Vítima;546;BR-040/MG;Sul;Choque em barreira New Jersey;1;0;0;0;0;0;0;0;0;0;1;0;0;0;0
13/12/2014;20:06:00;143;Acidente sem Vítima;554;BR-040/MG;Sul;Outros;0;0;0;0;0;0;0;0;0;0;0;0;0;0;0
13/12/2014;18:09:00;125;Acidente com Morte;557;BR-040/MG;Sul;Choque com objeto fixo;1;0;0;0;0;0;0;0;0;0;0;0;0;1;3
13/12/2014;07:01:00;24;Acidente sem Vítima;558;BR-040/MG;Norte;Queda de Carga;0;0;1;0;0;0;0;0;0;0;1;0;0;0;0
13/12/2014;23:59:00;180;Acidente sem Vítima;561;BR-040/MG;Sul;Outros;0;0;0;0;0;0;0;0;0;1;1;0;0;0;0
13/12/2014;18:50:00;136;Acidente sem Vítima;610;BR-040/MG;Sul;Abalroamento - Longitudinal;2;0;0;0;0;0;0;0;0;0;2;1;0;0;0
13/12/2014;12:53:00;70;Acidente com Vítima;705;BR-040/MG;Sul;Outros;0;0;0;1;0;0;0;0;0;0;0;0;1;0;0
13/12/2014;17:17:00;117;Acidente sem Vítima;728;BR-040/MG;Sul;Choque com objeto fixo;1;0;0;0;0;0;0;0;0;0;2;0;0;0;0
13/12/2014;23:42:00;176;Acidente sem Vítima;750;BR-040/MG;Sul;Choque com objeto fixo;1;0;0;0;0;0;0;0;0;0;6;6;0;0;0
13/12/2014;16:00:00;101;Acidente com Vítima;751;BR-040/MG;Norte;Capotamento;1;0;0;0;0;0;0;0;0;0;1;0;2;0;0
13/12/2014;16:18:00;104;Acidente sem Vítima;771;BR-040/MG;Norte;Outros;1;0;0;0;0;0;0;0;0;0;1;0;0;0;0
14/12/2014;19:20:00;187;Acidente sem Vítima;0;BR-040/GO;Norte;Colisão traseira;2;0;0;0;0;0;0;0;0;0;2;0;0;0;0
14/12/2014;04:44:00;28;Acidente sem Vítima;3;BR-040/DF;Sul;Capotamento;1;0;0;0;0;0;0;0;0;0;1;1;0;0;0
14/12/2014;16:03:00;137;Acidente com Vítima;4;BR-040/MG;Sul;Capotamento;1;0;0;0;0;0;0;0;0;0;0;2;0;0;0
14/12/2014;17:17:00;161;Acidente sem Vítima;4;BR-040/GO;Norte;Colisão traseira;3;0;0;0;0;0;0;0;0;0;3;0;0;0;0
14/12/2014;20:12:00;196;Acidente com Vítima;5;BR-040/GO;Sul;Capotamento;1;0;0;0;0;0;0;0;0;0;2;0;0;0;0
14/12/2014;01:27:00;8;Acidente sem Vítima;6;BR-040/GO;Sul;Colisão traseira;2;0;0;0;0;0;0;0;0;0;2;0;0;0;0
14/12/2014;07:58:00;49;Acidente sem Vítima;144;BR-040/MG;Sul;Colisão traseira;1;0;1;0;0;0;0;0;0;0;2;0;0;0;0
14/12/2014;09:47:00;67;Acidente com Vítima;438,1;BR-040/MG;Norte;Abalroamento - Longitudinal;1;0;0;0;1;0;0;0;0;0;2;1;1;0;0
14/12/2014;16:40:00;150;Acidente com Vítima;441;BR-040/MG;Norte;Colisão traseira;2;0;0;0;0;0;0;0;0;0;0;0;6;0;0
14/12/2014;16:00:00;142;Acidente sem Vítima;455;BR-040/MG;Norte;Outros;0;0;1;0;0;0;0;0;0;0;1;0;0;0;0
14/12/2014;16:13:00;138;Acidente com Vítima;466;BR-040/MG;Sul;Capotamento;1;0;0;0;0;0;0;0;0;0;0;2;0;0;0
14/12/2014;15:33:00;129;Acidente sem Vítima;491;BR-040/MG;Norte;Choque com objeto fixo;1;0;0;0;0;0;0;0;0;0;1;0;0;0;0
14/12/2014;14:36:00;119;Acidente sem Vítima;504;BR-040/MG;Norte;Choque com objeto fixo;1;0;0;0;0;0;0;0;0;0;3;0;0;0;0
14/12/2014;18:03:00;174;Acidente com Vítima;513;BR-040/MG;Sul;Abalroamento - Longitudinal;2;0;0;1;0;0;0;0;0;0;2;0;1;0;0
14/12/2014;04:30:00;27;Acidente sem Vítima;514;BR-040/MG;Sul;Colisão traseira;2;0;0;0;0;0;0;0;0;0;4;3;0;0;0
14/12/2014;07:18:00;43;Acidente sem Vítima;523,1;BR-040/MG;Norte;Choque com objeto fixo;0;0;1;0;0;0;0;0;0;0;1;0;0;0;0
14/12/2014;22:33:00;213;Acidente sem Vítima;527;BR-040/MG;Sul;Choque com objeto fixo;1;0;0;0;0;0;0;0;0;0;1;0;0;0;0
14/12/2014;12:00:00;92;Acidente com Vítima;527;BR-040/MG;Sul;Colisão frontal;3;0;0;0;0;0;0;0;0;0;2;1;1;0;0
14/12/2014;12:38:00;104;Acidente sem Vítima;529;BR-040/MG;Sul;Outros;1;0;0;0;0;0;0;0;0;0;1;0;0;0;0
14/12/2014;03:22:00;23;Acidente sem Vítima;532;BR-040/MG;Norte;Outros;1;0;0;0;0;0;0;0;0;0;1;0;0;0;0
14/12/2014;06:05:00;32;Acidente sem Vítima;535;BR-040/MG;Sul;Choque com objeto fixo;1;0;0;0;0;0;0;0;0;0;1;0;0;0;0
14/12/2014;07:49:00;46;Acidente sem Vítima;539,1;BR-040/MG;Norte;Choque com objeto fixo;1;0;0;0;0;0;0;0;0;0;1;0;0;0;0
14/12/2014;19:49:00;192;Acidente com Vítima;543;BR-040/MG;Sul;Colisão traseira;2;0;1;0;0;0;0;0;0;0;2;2;0;0;0
14/12/2014;13:19:00;107;Acidente sem Vítima;545;BR-040/MG;Sul;Capotamento;1;0;0;0;0;0;0;0;0;0;3;0;0;0;0
14/12/2014;06:23:00;35;Acidente sem Vítima;547;BR-040/MG;Sul;Outros;1;0;0;0;0;0;0;0;0;0;1;0;0;0;0
14/12/2014;23:12:00;215;Acidente sem Vítima;557;BR-040/MG;Norte;Choque com objeto fixo;1;0;0;0;0;0;0;0;0;0;1;0;0;0;0
14/12/2014;10:44:00;82;Acidente com Vítima;557;BR-040/MG;Norte;Colisão frontal;2;0;0;0;0;0;0;0;0;0;1;1;1;1;0
14/12/2014;02:22:00;17;Acidente sem Vítima;570;BR-040/MG;Norte;Choque com objeto fixo;0;0;0;1;0;0;0;0;0;0;1;0;0;0;0
14/12/2014;23:58:00;220;Acidente sem Vítima;587;BR-040/MG;Sul;Choque em defensa;0;0;1;0;0;0;0;0;0;0;2;0;0;0;0
14/12/2014;11:38:00;89;Acidente com Morte;590;BR-040/MG;Sul;Choque com objeto fixo;1;0;0;0;0;0;0;0;0;0;0;0;2;1;1
14/12/2014;02:17:00;15;Acidente sem Vítima;600;BR-040/MG;Norte;Outros;1;0;0;0;0;0;0;0;0;0;1;1;0;0;0
14/12/2014;16:46:00;152;Acidente sem Vítima;628;BR-040/MG;Norte;Colisão traseira;2;0;0;0;0;0;0;0;0;0;2;0;0;0;0
14/12/2014;16:59:00;158;Acidente sem Vítima;633;BR-040/MG;Sul;Outros;1;0;0;0;0;0;0;0;0;0;1;0;0;0;0
14/12/2014;06:44:00;38;Acidente sem Vítima;635;BR-040/MG;Norte;Capotamento;1;0;0;0;0;0;0;0;0;0;2;0;0;0;0
14/12/2014;11:16:00;86;Acidente sem Vítima;675;BR-040/MG;Sul;Outros;1;0;0;0;0;0;0;0;0;0;1;0;0;0;0
14/12/2014;02:17:00;16;Acidente sem Vítima;681;BR-040/MG;Sul;Colisão traseira;2;0;0;0;0;0;0;0;0;0;2;0;0;0;0
14/12/2014;13:06:00;106;Acidente sem Vítima;707;BR-040/MG;Sul;Outros;1;0;0;0;0;0;0;0;0;0;2;0;0;0;0
14/12/2014;12:22:00;98;Acidente sem Vítima;709;BR-040/MG;Sul;Outros;1;0;0;0;0;0;0;0;0;0;1;0;0;0;0
14/12/2014;19:46:00;191;Acidente com Morte;719,7;BR-040/MG;Sul;Capotamento;1;0;0;0;0;0;0;0;0;0;0;0;0;0;1
14/12/2014;11:03:00;84;Acidente sem Vítima;750;BR-040/MG;Norte;Outros;1;0;0;0;0;0;0;0;0;0;1;0;0;0;0
14/12/2014;15:37:00;130;Acidente sem Vítima;764;BR-040/MG;Sul;Outros;1;0;0;0;0;0;0;0;0;0;1;0;0;0;0
14/12/2014;18:19:00;178;Acidente com Vítima;771;BR-040/MG;Sul;Colisão frontal;1;0;1;0;0;0;0;0;0;0;1;1;0;0;0
15/12/2014;18:40:00;203;Atropelamento sem Morte;1;BR-040/GO;Sul;Atropelamento - Pedestre caminhando;0;0;0;1;0;0;0;0;0;0;0;1;0;0;0
15/12/2014;12:18:00;106;Acidente sem Vítima;5;BR-040/DF;Norte;Colisão traseira;2;0;0;0;0;0;0;0;0;0;2;0;0;0;0
15/12/2014;07:22:00;40;Acidente sem Vítima;13;BR-040/GO;Norte;Colisão traseira;1;0;1;0;2;0;0;0;0;0;4;0;0;0;0
15/12/2014;23:05:00;244;Acidente sem Vítima;22;BR-040/GO;Sul;Colisão traseira;1;0;0;1;0;0;0;0;0;0;2;0;0;0;0
15/12/2014;15:14:00;148;Acidente com Vítima;281;BR-040/MG;Norte;Queda de Carga;0;0;1;1;0;0;0;0;0;0;1;0;2;0;0
15/12/2014;06:33:00;30;Acidente sem Vítima;509;BR-040/MG;Sul;Choque com objeto fixo;1;0;0;0;0;0;0;0;0;0;2;0;0;0;0
15/12/2014;21:14:00;230;Acidente sem Vítima;510;BR-040/MG;Sul;Choque com objeto fixo;2;0;0;0;0;0;0;0;0;0;8;0;0;0;0
15/12/2014;13:41:00;125;Acidente sem Vítima;548;BR-040/MG;Norte;Abalroamento - Longitudinal;1;0;1;0;0;0;0;0;0;0;2;0;0;0;0