data;horario;n_da_ocorrencia;tipo_de_ocorrencia;km;trecho;sentido;tipo_de_acidente;automovel;bicicleta;caminhao;moto;onibus;outros;tracao_animal;transporte_de_cargas_especiais;trator_maquinas;utilitarios;ilesos;levemente_feridos;moderadamente_feridos;gravemente_feridos;mortos
15/12/2014;05:06:00;24;Acidente com Vítima;586;BR-040/MG;Norte;Queda de Carga;0;0;1;0;0;0;0;0;0;0;1;0;1;0;0
15/12/2014;23:42:00;247;Acidente com Vítima;93;BR-040/GO;Norte;Colisão traseira;0;0;1;1;0;0;0;0;0;0;1;1;0;0;0
15/12/2014;13:53:00;128;Acidente sem Vítima;93;BR-040/GO;Norte;Capotamento;1;0;0;0;0;0;0;0;0;0;4;0;0;0;0
15/12/2014;05:37:00;27;Acidente com Vítima;712;BR-040/MG;Norte;Abalroamento - Longitudinal;2;0;0;0;0;0;0;0;0;0;3;0;0;0;0
16/12/2014;08:37:00;34;Acidente com Vítima;13;BR-040/GO;Norte;Colisão traseira;1;0;0;1;0;0;0;0;0;0;1;0;2;0;0
16/12/2014;14:02:00;90;Acidente com Vítima;64,1;BR-040/MG;Norte;Capotamento;1;0;0;0;0;0;0;0;0;0;0;0;2;0;0
16/12/2014;13:53:00;88;Acidente sem Vítima;93;BR-040/MG;Sul;Outros;1;0;0;0;0;0;0;0;0;0;1;0;0;0;0
16/12/2014;08:47:00;36;Acidente sem Vítima;440;BR-040/MG;Sul;Queda de Carga;0;0;1;0;0;0;0;0;0;0;1;0;0;0;0
16/12/2014;15:30:00;108;Acidente com Vítima;526;BR-040/MG;Norte;Queda de Carga;0;0;0;1;0;0;0;0;0;0;0;1;0;0;0
16/12/2014;08:00:00;27;Acidente com Vítima;538;BR-040/MG;Sul;Colisão traseira;1;0;0;1;0;0;0;0;0;0;2;1;0;0;0
16/12/2014;15:21:00;106;Acidente com Vítima;562;BR-040/MG;Norte;Colisão traseira;2;0;0;0;0;0;0;0;0;0;1;0;1;0;0
16/12/2014;12:27:00;73;Acidente com Vítima;617;BR-040/MG;Sul;Abalroamento - Longitudinal;2;0;0;0;0;0;0;0;0;0;0;0;1;0;0
16/12/2014;09:50:00;48;Acidente sem Vítima;685;BR-040/MG;Sul;Outros;1;0;0;0;0;0;0;0;0;0;1;0;0;0;0
17/12/2014;11:29:00;77;Acidente sem Vítima;3,2;BR-040/GO;Norte;Colisão traseira;2;0;0;0;0;0;0;0;0;0;2;0;0;0;0
17/12/2014;06:47:00;25;Acidente sem Vítima;4;BR-040/GO;Norte;Colisão traseira;2;0;0;0;0;0;0;0;0;0;2;0;0;0;0
17/12/2014;18:21:00;154;Acidente com Vítima;5;BR-040/GO;Sul;Colisão frontal;1;0;0;1;0;0;0;0;0;0;1;1;0;0;0
17/12/2014;23:53:00;198;Acidente sem Vítima;8;BR-040/GO;Sul;Abalroamento - Longitudinal;2;0;0;0;0;0;0;0;0;0;3;0;0;0;0
17/12/2014;13:12:00;91;Acidente com Vítima;30;BR-040/GO;Norte;Abalroamento - Longitudinal;1;0;1;0;0;0;0;0;0;0;1;0;2;0;0
17/12/2014;16:40:00;134;Acidente com Vítima;149,7;BR-040/MG;Norte;Abalroamento - Transversal;2;0;0;0;0;0;0;0;0;0;0;2;0;0;0
17/12/2014;16:15:00;130;Acidente sem Vítima;235;BR-040/MG;Norte;Outros;0;0;0;1;0;0;0;0;0;0;1;0;0;0;0
17/12/2014;09:34:00;59;Acidente sem Vítima;244;BR-040/MG;Norte;Capotamento;1;0;0;0;0;0;0;0;0;0;1;0;0;0;0
17/12/2014;07:35:00;35;Acidente com Vítima;484;BR-040/MG;Sul;Capotamento;2;0;0;0;0;0;0;0;0;0;0;2;2;0;0
17/12/2014;09:41:00;62;Acidente com Vítima;529;BR-040/MG;Sul;Outros;0;0;0;1;0;0;0;0;0;0;1;0;1;0;0
17/12/2014;06:35:00;22;Acidente com Vítima;535,005;BR-040/MG;Norte;Abalroamento - Longitudinal;1;0;0;1;0;0;0;0;0;0;1;1;0;0;0
17/12/2014;07:01:00;29;Acidente com Vítima;537;BR-040/MG;Norte;Outros;0;0;0;1;0;0;0;0;0;0;1;1;0;0;0
17/12/2014;12:33:00;89;Acidente com Vítima;573;BR-040/MG;Norte;Capotamento;1;0;0;0;0;0;0;0;0;0;0;1;0;0;0
17/12/2014;10:05:00;67;Acidente com Vítima;676;BR-040/MG;Norte;Outros;1;0;0;0;0;0;0;0;0;0;2;1;0;0;0
18/12/2014;14:53:00;106;Acidente com Vítima;1;BR-040/DF;Sul;Outros;0;0;0;1;0;0;0;0;0;0;0;0;1;0;0
18/12/2014;00:51:00;4;Acidente com Vítima;11;BR-040/GO;Sul;Choque com objeto fixo;1;0;0;0;0;0;0;0;0;0;1;1;0;0;0
18/12/2014;15:25:00;111;Acidente sem Vítima;20;BR-040/GO;Sul;Outros;1;0;0;0;0;0;0;0;0;0;1;1;0;0;0
18/12/2014;21:26:00;161;Acidente com Vítima;95,5;BR-040/MG;Norte;Atropelamento - Animal;0;0;0;1;0;0;0;0;0;0;0;2;0;0;0
18/12/2014;06:34:00;21;Acidente sem Vítima;26,2;BR-040/GO;Norte;Colisão traseira;1;0;0;0;0;0;0;0;0;1;2;1;0;0;0
18/12/2014;05:40:00;15;Acidente sem Vítima;369;BR-040/MG;Sul;Colisão traseira;2;0;1;0;0;0;0;0;0;0;3;2;0;0;0
18/12/2014;08:43:00;43;Acidente com Vítima;417;BR-040/MG;Sul;Colisão traseira;1;0;2;0;0;0;0;0;0;0;4;0;0;0;0
18/12/2014;07:01:00;26;Acidente sem Vítima;440;BR-040/MG;Norte;Queda de Carga;0;0;0;0;1;0;0;0;0;0;1;0;0;0;0
18/12/2014;15:26:00;112;Acidente sem Vítima;489;BR-040/MG;Norte;Abalroamento - Transversal;2;0;0;0;0;0;0;0;0;0;3;0;0;0;0
18/12/2014;06:05:00;17;Acidente com Vítima;530;BR-040/MG;Sul;Capotamento;1;0;0;0;0;0;0;0;0;0;0;1;0;0;0
18/12/2014;11:45:00;76;Acidente com Morte;620;BR-040/MG;Sul;Queda de Carga;1;0;1;0;0;0;0;0;0;0;1;0;0;1;1
18/12/2014;18:38:00;139;Acidente sem Vítima;641,3;BR-040/MG;Sul;Colisão traseira;0;0;2;0;0;0;0;0;0;0;2;0;0;0;0
19/12/2014;15:29:00;137;Acidente sem Vítima;2;BR-040/GO;Sul;Colisão traseira;1;0;1;0;0;0;0;0;0;0;2;0;0;0;0
19/12/2014;06:13:00;28;Acidente com Vítima;2,6;BR-040/GO;Norte;Colisão traseira;2;0;0;0;1;0;0;0;0;0;2;1;0;0;0
19/12/2014;09:59:00;72;Acidente sem Vítima;3;BR-040/GO;Norte;Colisão traseira;2;0;0;0;0;0;0;0;0;0;2;0;0;0;0
19/12/2014;15:21:00;131;Acidente sem Vítima;4;BR-040/MG;Sul;Colisão traseira;2;0;0;0;0;0;0;0;0;0;2;0;0;0;0
19/12/2014;13:24:00;108;Acidente sem Vítima;4;BR-040/GO;Sul;Colisão traseira;2;0;0;0;0;0;0;0;0;0;3;0;0;0;0
19/12/2014;15:28:00;134;Acidente sem Vítima;5;BR-040/GO;Sul;Colisão traseira;2;0;0;0;0;0;0;0;0;0;2;0;0;0;0
19/12/2014;18:55:00;187;Acidente sem Vítima;6,8;BR-040/GO;Sul;Colisão traseira;2;0;0;0;0;0;0;0;0;0;4;0;0;0;0
19/12/2014;12:39:00;102;Acidente sem Vítima;7;BR-040/GO;Sul;Colisão traseira;1;0;1;0;0;0;0;0;0;0;4;0;0;0;0
19/12/2014;18:48:00;185;Acidente sem Vítima;144;BR-040/MG;Sul;Colisão traseira;2;0;0;0;0;0;0;0;0;0;4;0;0;0;0
19/12/2014;08:20:00;53;Acidente sem Vítima;189;BR-040/MG;Norte;Abalroamento - Longitudinal;1;0;1;0;0;0;0;0;0;0;4;0;0;0;0
19/12/2014;11:59:00;98;Acidente com Vítima;309;BR-040/MG;Sul;Outros;1;0;0;0;0;0;0;0;0;0;1;1;1;0;0
19/12/2014;05:10:00;23;Acidente sem Vítima;465,005;BR-040/MG;Norte;Outros;1;0;0;0;0;0;0;0;0;0;2;0;0;0;0
19/12/2014;17:16:00;164;Atropelamento sem Morte;505,5;BR-040/MG;Sul;Atropelamento - Pedestre atravessando;0;0;0;1;0;0;0;0;0;0;0;1;1;0;0
19/12/2014;14:20:00;119;Acidente sem Vítima;508;BR-040/MG;Norte;Colisão traseira;2;0;0;0;0;0;0;0;0;0;2;0;0;0;0
19/12/2014;15:45:00;141;Acidente sem Vítima;509;BR-040/MG;Sul;Colisão traseira;1;0;1;0;0;0;0;0;0;0;2;0;0;0;0
19/12/2014;15:29:00;136;Acidente sem Vítima;509,5;BR-040/MG;Norte;Colisão traseira;2;0;1;0;0;0;0;0;0;0;3;0;0;0;0
19/12/2014;21:36:00;209;Acidente com Vítima;523,5;BR-040/MG;Norte;Colisão traseira;1;0;0;1;0;0;0;0;0;0;1;0;1;0;0
19/12/2014;08:16:00;50;Acidente sem Vítima;533,8;BR-040/MG;Sul;Abalroamento - Longitudinal;0;0;0;1;1;0;0;0;0;0;2;0;0;0;0
19/12/2014;09:26:00;66;Acidente com Vítima;538;BR-040/MG;Sul;Colisão traseira;0;0;0;2;0;0;0;0;0;0;2;1;0;0;0
19/12/2014;21:50:00;213;Acidente com Vítima;587,5;BR-040/MG;Norte;Capotamento;1;0;0;0;0;0;0;0;0;0;0;2;0;0;0
19/12/2014;07:57:00;45;Acidente sem Vítima;620;BR-040/MG;Sul;Colisão traseira;2;0;0;0;0;0;0;0;0;0;2;0;0;0;0
19/12/2014;15:56:00;144;Acidente sem Vítima;631;BR-040/MG;Sul;Abalroamento - Longitudinal;1;0;0;1;0;0;0;0;0;0;6;0;0;0;0
19/12/2014;17:27:00;170;Acidente sem Vítima;51,5;BR-040/GO;Norte;Capotamento;1;0;0;0;0;0;0;0;0;0;6;0;0;0;0
19/12/2014;16:22:00;152;Acidente com Vítima;8;BR-040/DF;Norte;Colisão traseira;2;0;0;0;0;0;0;0;0;0;4;0;0;0;0
19/12/2014;17:27:00;169;Acidente sem Vítima;691;BR-040/MG;Sul;Capotamento;1;0;0;0;0;0;0;0;0;0;1;0;0;0;0
19/12/2014;12:40:00;103;Acidente com Vítima;751;BR-040/MG;Sul;Queda de Carga;1;0;0;0;0;0;0;0;0;0;0;1;0;0;0
19/12/2014;02:22:00;17;Acidente sem Vítima;131;BR-040/GO;Norte;Outros;1;0;0;0;0;0;0;0;0;0;4;0;0;0;0
20/12/2014;14:47:00;130;Acidente com Vítima;2;BR-040/GO;Norte;Abalroamento - Longitudinal;1;0;0;1;0;0;0;0;0;0;1;0;1;0;0
20/12/2014;22:13:00;208;Acidente sem Vítima;37;BR-040/MG;Norte;Outros;0;0;1;0;0;0;0;0;0;0;1;0;0;0;0
20/12/2014;17:06:00;154;Acidente com Vítima;222;BR-040/MG;Norte;Colisão frontal;1;0;1;0;0;0;0;0;0;0;0;0;1;1;0
20/12/2014;15:26:00;135;Acidente com Vítima;442;BR-040/MG;Norte;Capotamento;1;0;0;0;0;0;0;0;0;0;0;0;1;0;0
20/12/2014;12:18:00;102;Acidente sem Vítima;472;BR-040/MG;Norte;Abalroamento - Longitudinal;2;0;0;0;0;0;0;0;0;0;2;0;0;0;0
20/12/2014;20:27:00;193;Acidente sem Vítima;485;BR-040/MG;Norte;Atropelamento - Animal;1;0;0;0;0;0;0;0;0;0;1;0;0;0;0
20/12/2014;05:22:00;23;Acidente com Vítima;496,1;BR-040/MG;Sul;Choque em barreira New Jersey;0;0;0;0;1;0;0;0;0;0;0;0;1;0;0
20/12/2014;16:57:00;152;Acidente sem Vítima;510;BR-040/MG;Norte;Colisão traseira;3;0;0;0;0;0;0;0;0;0;4;0;0;0;0
20/12/2014;03:48:00;18;Acidente com Vítima;515;BR-040/MG;Norte;Capotamento;2;0;0;0;0;0;0;0;0;0;0;0;2;0;0
20/12/2014;10:49:00;84;Acidente sem Vítima;524,5;BR-040/MG;Sul;Capotamento;1;0;0;0;0;0;0;0;0;0;2;0;0;0;0
20/12/2014;06:33:00;34;Acidente sem Vítima;526;BR-040/MG;Norte;Abalroamento - Longitudinal;1;0;1;0;0;0;0;0;0;0;2;0;0;0;0
20/12/2014;06:59:00;41;Acidente com Vítima;545;BR-040/MG;Sul;Capotamento;1;0;0;0;0;0;0;0;0;0;2;0;0;0;0
20/12/2014;06:59:00;39;Acidente sem Vítima;601;BR-040/MG;Norte;Colisão traseira;1;0;1;0;0;0;0;0;0;0;2;0;0;0;0
20/12/2014;17:12:00;156;Acidente com Vítima;618;BR-040/MG;Sul;Queda de Carga;0;0;0;1;0;0;0;0;0;0;0;0;1;0;0
20/12/2014;14:45:00;129;Acidente sem Vítima;644;BR-040/MG;Norte;Colisão traseira;3;0;0;0;0;0;0;0;0;0;3;0;0;0;0
20/12/2014;12:56:00;111;Acidente com Vítima;68;BR-040/GO;Norte;Choque com objeto fixo;0;0;1;1;0;0;0;0;0;0;0;1;1;0;0
20/12/2014;07:33:00;46;Acidente com Vítima;93;BR-040/GO;Norte;Choque com objeto fixo;0;0;1;0;0;0;0;0;0;0;0;0;1;0;0
20/12/2014;13:46:00;119;Acidente sem Vítima;681;BR-040/MG;Norte;Queda de Carga;1;0;0;0;0;0;0;0;0;0;1;0;0;0;0
20/12/2014;22:12:00;207;Acidente com Vítima;693;BR-040/MG;Sul;Outros;1;0;0;0;0;0;0;0;0;0;0;3;0;0;0
20/12/2014;16:37:00;150;Acidente com Vítima;729;BR-040/MG;Sul;Capotamento;1;0;0;0;0;0;0;0;0;0;1;1;0;0;0
20/12/2014;18:37:00;170;Acidente sem Vítima;735;BR-040/MG;Sul;Choque com objeto fixo;1;0;0;0;0;0;0;0;0;0;1;0;0;0;0
20/12/2014;00:55:00;3;Acidente com Vítima;120;BR-040/GO;Sul;Colisão traseira;2;0;1;0;0;0;0;0;0;0;11;0;0;0;0
20/12/2014;08:07:00;52;Acidente sem Vítima;767;BR-040/MG;Norte;Colisão traseira;2;0;0;0;0;0;0;0;0;0;2;0;0;0;0
21/12/2014;00:48:00;5;Acidente com Vítima;1;BR-040/GO;Sul;Atropelamento - Animal;0;0;0;1;0;0;0;0;0;0;0;1;0;0;0
21/12/2014;16:50:00;121;Acidente com Vítima;8;BR-040/GO;Norte;Colisão traseira;2;0;0;0;0;0;0;0;0;0;0;2;0;0;0
21/12/2014;21:18:00;155;Acidente sem Vítima;15;BR-040/GO;Sul;Outros;1;0;0;0;0;0;0;0;0;0;1;0;0;0;0
21/12/2014;23:50:00;165;Acidente com Vítima;49;BR-040/MG;Norte;Queda de Carga;0;0;0;0;1;0;0;0;0;0;0;2;0;0;0
21/12/2014;21:03:00;153;Acidente sem Vítima;138;BR-040/MG;Norte;Queda de Carga;0;0;1;0;0;0;0;0;0;0;1;0;0;0;0
21/12/2014;20:21:00;151;Acidente sem Vítima;202;BR-040/MG;Sul;Choque com objeto fixo;1;0;0;0;0;0;0;0;0;0;2;0;0;0;0
21/12/2014;18:03:00;129;Acidente sem Vítima;346;BR-040/MG;Norte;Queda de Carga;0;0;1;0;0;0;0;0;0;0;2;0;0;0;0
21/12/2014;19:50:00;147;Acidente com Vítima;493;BR-040/MG;Norte;Choque com objeto fixo;1;0;0;0;0;0;0;0;0;0;0;0;1;0;0
21/12/2014;00:59:00;7;Acidente sem Vítima;497;BR-040/MG;Sul;Abalroamento - Longitudinal;2;0;0;0;0;0;0;0;0;0;2;0;0;0;0
21/12/2014;19:02:00;138;Acidente sem Vítima;501;BR-040/MG;Norte;Outros;0;0;1;0;0;0;0;0;0;0;1;0;0;0;0
21/12/2014;16:36:00;117;Acidente sem Vítima;502;BR-040/MG;Norte;Outros;1;0;0;0;0;0;0;0;0;0;1;0;0;0;0
21/12/2014;17:09:00;123;Acidente com Vítima;511;BR-040/MG;Sul;Outros;0;0;0;1;0;0;0;0;0;0;0;1;0;0;0
21/12/2014;14:11:00;94;Acidente sem Vítima;515;BR-040/MG;Norte;Outros;1;0;0;0;0;0;0;0;0;0;1;0;0;0;0
21/12/2014;10:08:00;60;Acidente sem Vítima;517;BR-040/MG;Sul;Outros;1;0;0;0;0;0;0;0;0;0;1;0;0;0;0
21/12/2014;13:51:00;91;Acidente sem Vítima;519;BR-040/MG;Sul;Outros;0;0;1;0;0;0;0;0;0;0;1;0;0;0;0
21/12/2014;14:15:00;95;Acidente sem Vítima;525;BR-040/MG;Norte;Outros;1;0;0;0;0;0;0;0;0;0;1;0;0;0;0
21/12/2014;04:19:00;26;Acidente sem Vítima;525;BR-040/MG;Norte;Colisão traseira;2;0;0;0;0;0;0;0;0;0;6;0;0;0;0
21/12/2014;16:27:00;115;Acidente sem Vítima;539;BR-040/MG;Sul;Colisão traseira;2;0;0;0;0;0;0;0;0;0;2;0;0;0;0
21/12/2014;19:31:00;145;Acidente sem Vítima;548;BR-040/MG;Sul;Choque com objeto fixo;1;0;0;0;0;0;0;0;0;0;2;0;0;0;0
21/12/2014;16:08:00;111;Acidente com Vítima;582;BR-040/MG;Sul;Choque com objeto fixo;1;0;0;0;0;0;0;0;0;0;0;1;1;0;0
21/12/2014;15:56:00;110;Acidente com Vítima;636;BR-040/MG;Sul;Colisão traseira;3;0;1;0;0;0;0;0;0;0;2;2;0;0;0
21/12/2014;16:51:00;122;Acidente com Vítima;656;BR-040/MG;Norte;Capotamento;1;0;0;0;0;0;0;0;0;0;3;1;0;0;0
21/12/2014;18:48:00;134;Acidente com Vítima;42;BR-040/GO;Norte;Queda de Carga;0;0;1;0;0;0;0;0;0;0;1;1;0;0;0
21/12/2014;13:45:00;90;Acidente com Vítima;705;BR-040/MG;Norte;Capotamento;1;0;0;0;0;0;0;0;0;0;2;0;1;0;0
21/12/2014;15:33:00;107;Acidente sem Vítima;716;BR-040/MG;Sul;Capotamento;3;0;0;0;0;0;0;0;0;0;3;0;0;0;0
21/12/2014;03:20:00;20;Acidente sem Vítima;735;BR-040/MG;Norte;Colisão traseira;1;0;0;0;1;0;0;0;0;0;4;0;0;0;0
21/12/2014;13:59:00;93;Acidente com Vítima;738;BR-040/MG;Sul;Colisão frontal;2;0;0;0;0;0;0;0;0;0;1;1;0;0;0
21/12/2014;04:50:00;30;Acidente sem Vítima;752;BR-040/MG;Norte;Outros;1;0;0;0;0;0;0;0;0;0;1;0;0;0;0
21/12/2014;05:53:00;33;Acidente com Vítima;758;BR-040/MG;Sul;Outros;1;0;0;0;0;0;0;0;0;0;0;2;0;0;0
21/12/2014;22:05:00;159;Acidente com Vítima;759;BR-040/MG;Sul;Colisão traseira;2;0;0;0;0;0;0;0;0;0;1;2;0;0;0
21/12/2014;19:22:00;142;Acidente com Vítima;142;BR-040/GO;Sul;Outros;0;0;0;1;1;0;0;0;0;0;2;1;0;0;0
21/12/2014;19:26:00;143;Acidente sem Vítima;771;BR-040/MG;Norte;Outros;1;0;0;0;0;0;0;0;0;0;1;1;0;0;0
22/12/2014;20:49:00;186;Atropelamento sem Morte;1;BR-040/GO;Sul;Atropelamento - Pedestre atravessando;0;0;0;1;0;0;0;0;0;0;0;1;0;0;0
22/12/2014;09:17:00;55;Acidente com Vítima;4,6;BR-040/GO;Norte;Abalroamento - Longitudinal;1;0;0;1;0;0;0;0;0;0;1;0;0;1;0
22/12/2014;18:10:00;154;Acidente sem Vítima;6;BR-040/DF;Norte;Outros;0;0;0;1;0;0;0;0;0;0;1;0;0;0;0
22/12/2014;01:42:00;9;Acidente sem Vítima;6;BR-040/GO;Sul;Outros;1;0;0;0;0;0;0;0;0;0;1;0;0;0;0
22/12/2014;07:22:00;32;Acidente sem Vítima;43;BR-040/MG;Sul;Choque com objeto fixo;0;0;0;0;1;0;0;0;0;0;1;0;0;0;0
22/12/2014;07:57:00;39;Acidente sem Vítima;138;BR-040/MG;Norte;Queda de Carga;0;0;1;0;0;0;0;0;0;0;1;0;0;0;0
22/12/2014;07:01:00;28;Acidente sem Vítima;349,8;BR-040/MG;Norte;Queda de Carga;0;0;1;0;0;0;0;0;0;0;1;0;0;0;0
22/12/2014;05:15:00;20;Acidente com Vítima;447;BR-040/MG;Norte;Capotamento;2;0;0;0;0;0;0;0;0;0;1;2;0;0;0
22/12/2014;18:48:00;163;Atropelamento sem Morte;492;BR-040/MG;Sul;Atropelamento - Pedestre caminhando;0;0;0;0;0;0;0;0;0;0;0;1;0;0;0
22/12/2014;08:18:00;43;Acidente sem Vítima;504,5;BR-040/MG;Norte;Outros;1;0;0;0;0;0;0;0;0;0;1;0;0;0;0
22/12/2014;14:43:00;113;Acidente com Vítima;519;BR-040/MG;Norte;Outros;0;0;0;1;0;0;0;0;0;0;0;0;2;0;0
22/12/2014;09:32:00;60;Acidente sem Vítima;523;BR-040/MG;Sul;Colisão traseira;0;0;2;0;0;0;0;0;0;0;2;0;0;0;0
22/12/2014;00:11:00;7;Acidente com Vítima;527;BR-040/MG;Sul;Outros;1;0;0;0;0;0;0;0;0;0;0;2;0;0;0
22/12/2014;06:48:00;25;Acidente com Vítima;580;BR-040/MG;Sul;Abalroamento - Longitudinal;1;0;0;1;0;0;0;0;0;0;1;0;1;0;0
22/12/2014;23:29:00;204;Acidente sem Vítima;615;BR-040/MG;Sul;Outros;1;0;0;0;0;0;0;0;0;0;2;0;0;0;0
22/12/2014;01:18:00;6;Acidente sem Vítima;7;BR-040/DF;Sul;Atropelamento - Animal;0;0;1;0;0;0;0;0;0;0;1;0;0;0;0
22/12/2014;19:08:00;171;Acidente com Vítima;7,5;BR-040/DF;Sul;Outros;0;0;0;1;0;0;0;0;0;0;0;2;0;0;0
22/12/2014;05:18:00;21;Acidente sem Vítima;732;BR-040/MG;Norte;Outros;1;0;0;0;0;0;0;0;0;0;5;5;0;0;0
22/12/2014;12:37:00;95;Acidente sem Vítima;745;BR-040/MG;Sul;Queda de Carga;1;0;0;0;0;0;0;0;0;0;2;0;0;0;0
22/12/2014;05:47:00;23;Acidente sem Vítima;772;BR-040/MG;Sul;Atropelamento - Animal;1;0;0;0;0;0;0;0;0;0;1;0;0;0;0
23/12/2014;13:18:00;118;Acidente sem Vítima;1;BR-040/GO;Sul;Abalroamento - Longitudinal;2;0;0;0;0;0;0;0;0;0;2;0;0;0;0
23/12/2014;21:14:00;240;Acidente sem Vítima;5;BR-040/DF;Sul;Colisão traseira;2;0;0;0;0;0;0;0;0;0;2;0;0;0;0
23/12/2014;23:11:00;264;Acidente sem Vítima;8,8;BR-040/MG;Sul;Colisão traseira;2;0;0;0;0;0;0;0;0;0;2;0;0;0;0
23/12/2014;06:29:00;33;Acidente sem Vítima;220;BR-040/MG;Sul;Outros;1;0;0;0;0;0;0;0;0;0;1;0;0;0;0
23/12/2014;15:11:00;150;Acidente sem Vítima;307,5;BR-040/MG;Sul;Capotamento;1;0;0;0;0;0;0;0;0;0;1;0;0;0;0
23/12/2014;10:33:00;82;Acidente sem Vítima;417;BR-040/MG;Sul;Colisão traseira;1;0;1;0;0;0;0;0;0;0;6;0;0;0;0
23/12/2014;01:37:00;10;Acidente sem Vítima;454;BR-040/MG;Sul;Outros;0;0;1;0;0;0;0;0;0;0;2;0;0;0;0
23/12/2014;15:52:00;162;Acidente sem Vítima;545;BR-040/MG;Norte;Colisão traseira;2;0;0;0;0;0;0;0;0;0;2;0;0;0;0
23/12/2014;16:05:00;168;Acidente sem Vítima;552;BR-040/MG;Norte;Colisão traseira;1;0;1;0;0;0;0;0;0;0;3;0;0;0;0
23/12/2014;23:37:00;267;Acidente sem Vítima;634;BR-040/MG;Norte;Outros;1;0;0;0;0;0;0;0;0;0;1;0;0;0;0
23/12/2014;21:40:00;246;Acidente sem Vítima;8;BR-040/DF;Sul;Abalroamento - Longitudinal;2;0;0;0;0;0;0;0;0;0;2;0;0;0;0
23/12/2014;08:03:00;54;Acidente sem Vítima;684;BR-040/MG;Norte;Abalroamento - Longitudinal;0;0;2;0;0;0;0;0;0;0;4;0;0;0;0
23/12/2014;18:37:00;199;Acidente sem Vítima;688,008;BR-040/MG;Norte;Outros;0;0;0;0;0;0;0;0;0;0;0;0;0;0;0
23/12/2014;01:19:00;7;Acidente sem Vítima;737;BR-040/MG;Norte;Outros;1;0;0;0;0;0;0;0;0;0;1;0;0;0;0
23/12/2014;17:18:00;183;Acidente sem Vítima;752;BR-040/MG;Norte;Capotamento;1;0;0;0;0;0;0;0;0;0;2;0;0;0;0
23/12/2014;16:48:00;176;Acidente com Vítima;128;BR-040/GO;Sul;Outros;1;0;0;0;0;0;0;0;0;0;0;1;0;0;0
23/12/2014;04:01:00;19;Acidente sem Vítima;765;BR-040/MG;Sul;Outros;0;0;0;0;0;0;0;0;0;0;0;0;0;0;0
23/12/2014;18:04:00;192;Acidente sem Vítima;767;BR-040/MG;Sul;Outros;1;0;0;0;0;0;0;0;0;0;1;0;0;0;0
24/12/2014;13:21:00;111;Acidente sem Vítima;0;BR-040/GO;Sul;Abalroamento - Longitudinal;2;0;0;0;0;0;0;0;0;0;2;0;0;0;0
24/12/2014;10:41:00;83;Acidente sem Vítima;0;BR-040/GO;Sul;Outros;0;0;0;1;0;0;0;0;0;0;1;0;0;0;0
24/12/2014;13:48:00;115;Acidente sem Vítima;1;BR-040/GO;Sul;Colisão traseira;1;0;0;1;0;0;0;0;0;0;2;0;0;0;0
24/12/2014;00:23:00;4;Acidente sem Vítima;2;BR-040/GO;Norte;Colisão traseira;1;0;0;1;0;0;0;0;0;0;2;0;0;0;0
24/12/2014;18:28:00;179;Acidente com Vítima;5;BR-040/GO;Sul;Outros;0;0;0;1;0;0;0;0;0;0;0;1;0;0;0
24/12/2014;19:42:00;189;Acidente sem Vítima;7,005;BR-040/GO;Norte;Outros;1;0;0;0;0;0;0;0;0;0;1;0;0;0;0
24/12/2014;15:37:00;135;Acidente sem Vítima;8;BR-040/GO;Norte;Abalroamento - Longitudinal;1;0;0;1;0;0;0;0;0;0;2;0;0;0;0
24/12/2014;12:28:00;100;Acidente com Vítima;24;BR-040/GO;Norte;Colisão traseira;2;0;0;0;0;0;0;0;0;0;4;0;0;0;0
24/12/2014;18:06:00;170;Acidente com Vítima;103;BR-040/MG;Sul;Capotamento;1;0;0;0;0;0;0;0;0;0;0;2;0;0;0
24/12/2014;09:37:00;64;Acidente sem Vítima;274;BR-040/MG;Norte;Colisão traseira;2;0;0;0;0;0;0;0;0;0;2;0;0;0;0
24/12/2014;08:06:00;47;Acidente com Morte;313;BR-040/MG;Norte;Capotamento;1;0;0;0;0;0;0;0;0;0;0;0;0;0;1
24/12/2014;04:45:00;23;Acidente com Vítima;467;BR-040/MG;Sul;Capotamento;2;0;0;0;0;0;0;0;0;0;10;0;0;0;0
24/12/2014;10:53:00;84;Acidente com Vítima;507;BR-040/MG;Sul;Colisão traseira;1;0;0;1;0;0;0;0;0;0;2;0;1;0;0
24/12/2014;10:12:00;73;Acidente sem Vítima;510;BR-040/MG;Norte;Abalroamento - Longitudinal;2;0;0;0;0;0;0;0;0;0;2;0;0;0;0
24/12/2014;16:11:00;147;Acidente sem Vítima;535;BR-040/MG;Norte;Outros;1;0;0;0;0;0;0;0;0;0;1;0;0;0;0
24/12/2014;18:00:00;167;Acidente sem Vítima;566,005;BR-040/MG;Norte;Abalroamento - Longitudinal;2;0;0;0;0;0;0;0;0;0;4;0;0;0;0
24/12/2014;01:45:00;14;Acidente sem Vítima;617;BR-040/MG;Sul;Outros;0;0;0;1;0;0;0;0;0;0;1;0;1;0;0
24/12/2014;14:18:00;124;Acidente sem Vítima;656;BR-040/MG;Norte;Colisão traseira;2;0;0;0;0;0;0;0;0;0;2;0;0;0;0
24/12/2014;10:39:00;82;Acidente sem Vítima;656,5;BR-040/MG;Norte;Queda de Carga;0;0;1;0;0;0;0;0;0;0;1;0;0;0;0
24/12/2014;08:32:00;52;Acidente com Vítima;740;BR-040/MG;Sul;Queda de Carga;0;0;1;0;0;0;0;0;0;0;0;0;1;0;0