data;horario;n_da_ocorrencia;tipo_de_ocorrencia;km;trecho;sentido;tipo_de_acidente;automovel;bicicleta;caminhao;moto;onibus;outros;tracao_animal;transporte_de_cargas_especiais;trator_maquinas;utilitarios;ilesos;levemente_feridos;moderadamente_feridos;gravemente_feridos;mortos
04/01/2015;18:09:00;174;Acidente sem Vítima;752;BR-040/MG;Sul;Capotamento;1;0;0;0;0;0;0;0;0;0;1;0;0;0;0
04/01/2015;10:47:00;62;Acidente sem Vítima;149;BR-040/GO;Sul;Outros;0;0;1;0;0;0;0;0;0;0;2;0;0;0;0
05/01/2015;16:30:00;125;Acidente com Vítima;98;BR-040/MG;Norte;Choque com objeto fixo;1;0;0;0;0;0;0;0;0;0;1;3;0;0;0
05/01/2015;10:07:00;69;Acidente com Morte;226;BR-040/MG;Sul;Choque com objeto fixo;1;0;0;0;0;0;0;0;0;0;0;0;1;2;1
05/01/2015;08:42:00;52;Acidente sem Vítima;510,1;BR-040/MG;Sul;Colisão traseira;2;0;0;0;0;0;0;0;0;0;2;0;0;0;0
05/01/2015;06:13:00;23;Acidente com Vítima;514;BR-040/MG;Sul;Outros;0;0;0;1;0;0;0;0;0;0;1;0;0;0;0
05/01/2015;13:00:00;96;Acidente sem Vítima;535;BR-040/MG;Sul;Colisão traseira;1;0;1;0;0;0;0;0;0;0;6;0;0;0;0
05/01/2015;09:06:00;57;Acidente sem Vítima;541,2;BR-040/MG;Sul;Abalroamento - Longitudinal;2;0;0;0;1;0;0;0;0;0;3;0;0;0;0
05/01/2015;12:20:00;87;Acidente com Vítima;668;BR-040/MG;Sul;Queda de Carga;1;0;0;0;0;0;0;0;0;0;0;0;1;0;0
05/01/2015;07:39:00;32;Acidente sem Vítima;676;BR-040/MG;Sul;Colisão traseira;2;0;0;0;0;0;0;0;0;0;2;0;0;0;0
05/01/2015;11:47:00;84;Acidente sem Vítima;749;BR-040/MG;Sul;Choque com objeto fixo;0;0;0;0;0;0;0;0;0;1;2;0;0;0;0
05/01/2015;21:00:00;182;Acidente sem Vítima;762;BR-040/MG;Norte;Colisão traseira;1;0;0;0;1;0;0;0;0;0;43;0;0;0;0
06/01/2015;22:43:00;173;Acidente com Vítima;6;BR-040/GO;Norte;Colisão traseira;1;0;0;1;0;0;0;0;0;0;3;0;0;0;0
06/01/2015;09:07:00;40;Acidente com Vítima;11;BR-040/GO;Sul;Colisão traseira;1;0;0;1;0;0;0;0;0;0;0;0;2;0;0
06/01/2015;11:31:00;65;Atropelamento sem Morte;42;BR-040/MG;Norte;Atropelamento - Pedestre atravessando;0;0;0;1;0;0;0;0;0;0;1;0;1;0;0
06/01/2015;06:54:00;21;Acidente com Morte;91,9;BR-040/MG;Norte;Colisão frontal;2;0;0;0;0;0;0;0;0;0;0;0;1;5;4
06/01/2015;12:08:00;74;Acidente com Vítima;346;BR-040/MG;Sul;Capotamento;1;0;0;0;0;0;0;0;0;0;0;0;2;0;0
06/01/2015;01:43:00;9;Acidente sem Vítima;481;BR-040/MG;Sul;Outros;0;0;0;1;0;0;0;0;0;0;1;0;0;0;0
06/01/2015;15:01:00;96;Acidente sem Vítima;520;BR-040/MG;Norte;Colisão traseira;1;0;0;1;0;0;0;0;0;0;2;0;0;0;0
06/01/2015;06:53:00;20;Acidente sem Vítima;535,5;BR-040/MG;Norte;Colisão traseira;1;0;1;0;0;0;0;0;0;0;2;0;0;0;0
06/01/2015;17:28:00;136;Acidente com Vítima;623;BR-040/MG;Sul;Queda de Carga;0;0;1;0;0;0;0;0;0;0;0;0;1;0;0
06/01/2015;04:56:00;13;Acidente sem Vítima;721;BR-040/MG;Norte;Colisão traseira;0;0;1;0;1;0;0;0;0;0;3;2;0;0;0
07/01/2015;13:09:00;125;Acidente sem Vítima;0,009;BR-040/GO;Norte;Colisão traseira;2;0;0;0;0;0;0;0;0;0;2;0;0;0;0
07/01/2015;11:42:00;103;Acidente com Vítima;1;BR-040/GO;Norte;Colisão traseira;2;0;1;0;0;0;0;0;0;0;5;1;0;0;0
07/01/2015;13:09:00;124;Acidente sem Vítima;508;BR-040/MG;Sul;Colisão traseira;2;0;1;0;0;0;0;0;0;0;3;0;0;0;0
07/01/2015;07:08:00;24;Acidente com Vítima;559;BR-040/MG;Norte;Outros;0;0;0;0;0;0;0;0;0;0;0;1;0;0;0
08/01/2015;21:17:00;264;Acidente com Vítima;0;BR-040/DF;Norte;Choque com objeto fixo;1;0;0;0;0;0;0;0;0;0;0;3;1;0;0
08/01/2015;07:56:00;80;Acidente sem Vítima;0,9;BR-040/DF;Norte;Abalroamento - Longitudinal;1;0;0;1;0;0;0;0;0;0;2;0;0;0;0
08/01/2015;07:02:00;70;Acidente sem Vítima;2;BR-040/DF;Norte;Colisão traseira;2;0;0;0;1;0;0;0;0;0;3;0;0;0;0
08/01/2015;06:21:00;66;Acidente com Vítima;2,8;BR-040/DF;Norte;Abalroamento - Longitudinal;1;0;0;1;0;0;0;0;0;0;1;1;0;0;0
08/01/2015;04:11:00;57;Acidente com Vítima;3;BR-040/GO;Sul;Abalroamento - Longitudinal;1;0;0;1;0;0;0;0;0;0;2;1;1;0;0
08/01/2015;19:09:00;233;Acidente sem Vítima;4;BR-040/DF;Sul;Colisão traseira;1;0;0;1;0;0;0;0;0;0;2;1;0;0;0
08/01/2015;20:13:00;250;Acidente sem Vítima;5,005;BR-040/GO;Sul;Colisão traseira;2;0;0;0;0;0;0;0;0;0;2;0;0;0;0
08/01/2015;10:12:00;119;Acidente sem Vítima;10,5;BR-040/GO;Norte;Outros;1;0;0;0;0;0;0;0;0;0;1;0;0;0;0
08/01/2015;20:10:00;251;Acidente sem Vítima;15;BR-040/GO;Sul;Choque em veículo parado na pista;1;0;1;0;0;0;0;0;0;0;2;0;0;0;0
08/01/2015;14:40:00;164;Acidente com Vítima;50,005;BR-040/MG;Norte;Abalroamento - Transversal;2;0;0;0;0;0;0;0;0;0;2;1;0;0;0
08/01/2015;17:58:00;211;Acidente com Vítima;452;BR-040/MG;Sul;Colisão traseira;2;0;0;0;0;0;0;0;0;0;4;0;2;0;0
08/01/2015;13:33:00;150;Acidente com Vítima;456,5;BR-040/MG;Norte;Colisão traseira;1;0;0;1;0;0;0;0;0;0;1;1;1;0;0
08/01/2015;17:43:00;207;Acidente com Vítima;475;BR-040/MG;Norte;Outros;1;0;0;0;0;0;0;0;0;0;0;1;0;0;0
08/01/2015;21:17:00;265;Acidente com Vítima;476;BR-040/MG;Sul;Outros;0;0;1;0;0;0;0;0;0;0;0;1;0;0;0
08/01/2015;14:50:00;168;Acidente com Vítima;484;BR-040/MG;Norte;Capotamento;1;0;0;0;0;0;0;0;0;0;0;1;0;0;0
08/01/2015;07:01:00;69;Acidente com Vítima;518;BR-040/MG;Sul;Outros;0;0;0;1;0;0;0;0;0;0;0;1;0;0;0
08/01/2015;05:32:00;62;Acidente sem Vítima;521,001;BR-040/MG;Sul;Abalroamento - Longitudinal;2;0;0;0;0;0;0;0;0;0;2;0;0;0;0
08/01/2015;17:07:00;197;Acidente com Vítima;535;BR-040/MG;Sul;Colisão traseira;1;0;0;1;0;0;0;0;0;0;1;1;0;0;0
08/01/2015;15:02:00;169;Acidente com Vítima;614;BR-040/MG;Sul;Outros;2;0;0;0;0;0;0;0;0;0;5;0;0;1;0
09/01/2015;22:33:00;330;Acidente sem Vítima;4;BR-040/DF;Sul;Colisão traseira;2;0;0;0;0;0;0;0;0;0;5;0;0;0;0
09/01/2015;17:46:00;260;Acidente sem Vítima;5;BR-040/GO;Sul;Abalroamento - Longitudinal;2;0;0;0;0;0;0;0;0;0;4;0;0;0;0
09/01/2015;09:29:00;141;Acidente com Vítima;6;BR-040/GO;Sul;Colisão traseira;0;0;0;1;1;0;0;0;0;0;3;0;0;0;0
09/01/2015;19:28:00;292;Acidente sem Vítima;95;BR-040/MG;Sul;Colisão traseira;2;0;0;0;0;0;0;0;0;0;2;0;0;0;0
09/01/2015;10:25:00;155;Acidente sem Vítima;345;BR-040/MG;Sul;Colisão traseira;2;0;0;0;0;0;0;0;0;0;3;0;0;0;0
09/01/2015;10:30:00;156;Acidente com Vítima;429;BR-040/MG;Sul;Capotamento;1;0;0;0;0;0;0;0;0;0;2;0;1;0;0
09/01/2015;17:02:00;250;Acidente com Vítima;466;BR-040/MG;Norte;Colisão traseira;1;0;1;0;0;0;0;0;0;0;4;0;1;0;0
09/01/2015;18:47:00;281;Acidente sem Vítima;467;BR-040/MG;Norte;Colisão traseira;2;0;0;0;0;0;0;0;0;0;5;0;0;0;0
09/01/2015;20:01:00;301;Acidente com Vítima;492;BR-040/MG;Sul;Outros;0;0;0;1;0;0;0;0;0;0;0;2;0;0;0
09/01/2015;07:49:00;108;Acidente sem Vítima;510,5;BR-040/MG;Sul;Colisão traseira;2;0;0;0;0;0;0;0;0;0;2;0;0;0;0
09/01/2015;09:57:00;146;Acidente sem Vítima;520;BR-040/MG;Sul;Colisão traseira;2;0;0;0;0;0;0;0;0;0;2;0;0;0;0
09/01/2015;19:39:00;293;Acidente sem Vítima;525;BR-040/MG;Sul;Abalroamento - Longitudinal;1;0;1;0;0;0;0;0;0;0;2;0;0;0;0
09/01/2015;18:22:00;273;Acidente sem Vítima;525;BR-040/MG;Norte;Colisão traseira;3;0;0;0;0;0;0;0;0;0;3;0;0;0;0
09/01/2015;08:08:00;114;Acidente com Vítima;525;BR-040/MG;Sul;Colisão traseira;0;0;0;1;1;0;0;0;0;0;0;2;0;0;0
09/01/2015;11:58:00;176;Acidente sem Vítima;526;BR-040/MG;Sul;Capotamento;0;0;0;0;0;0;0;0;0;1;1;0;0;0;0
09/01/2015;09:31:00;142;Acidente sem Vítima;532;BR-040/MG;Sul;Colisão traseira;2;0;0;0;0;0;0;0;0;0;2;0;0;0;0
09/01/2015;18:07:00;266;Acidente sem Vítima;538,005;BR-040/MG;Norte;Colisão traseira;1;0;1;0;0;0;0;0;0;0;2;0;0;0;0
09/01/2015;14:20:00;215;Acidente sem Vítima;632;BR-040/MG;Sul;Abalroamento - Transversal;2;0;0;0;0;0;0;0;0;0;2;0;0;0;0
09/01/2015;19:42:00;296;Acidente sem Vítima;656;BR-040/MG;Norte;Atropelamento - Animal;1;0;0;0;0;0;0;0;0;0;1;0;0;0;0
09/01/2015;19:56:00;299;Acidente sem Vítima;95;BR-040/GO;Norte;Abalroamento - Longitudinal;2;0;0;0;0;0;0;0;0;0;2;0;0;0;0
09/01/2015;14:50:00;222;Acidente sem Vítima;735;BR-040/MG;Sul;Capotamento;1;0;0;0;0;0;0;0;0;0;1;0;0;0;0
10/01/2015;18:52:00;162;Acidente sem Vítima;2;BR-040/GO;Norte;Queda de Carga;0;0;0;0;0;0;0;0;0;0;0;1;0;0;0
10/01/2015;13:42:00;108;Acidente sem Vítima;4;BR-040/DF;Norte;Abalroamento - Transversal;2;0;0;0;0;0;0;0;0;0;2;0;0;0;0
10/01/2015;19:50:00;180;Acidente sem Vítima;7;BR-040/GO;Sul;Abalroamento - Longitudinal;2;0;0;0;0;0;0;0;0;0;2;0;0;0;0
10/01/2015;07:35:00;43;Acidente sem Vítima;275;BR-040/MG;Sul;Colisão traseira;2;0;0;0;0;0;0;0;0;0;6;0;0;0;0
10/01/2015;21:51:00;208;Acidente sem Vítima;315;BR-040/MG;Norte;Atropelamento - Animal;1;0;0;0;0;0;0;0;0;0;1;0;0;0;0
10/01/2015;17:38:00;139;Acidente sem Vítima;360;BR-040/MG;Norte;Outros;1;0;0;0;0;0;0;0;0;0;3;0;0;0;0
10/01/2015;08:29:00;51;Acidente sem Vítima;440;BR-040/MG;Norte;Outros;1;0;0;0;0;0;0;0;0;0;1;0;0;0;0
10/01/2015;00:37:00;3;Acidente sem Vítima;475,005;BR-040/MG;Norte;Outros;1;0;0;0;0;0;0;0;0;0;1;0;0;0;0
10/01/2015;15:53:00;120;Acidente sem Vítima;483;BR-040/MG;Norte;Abalroamento - Longitudinal;1;0;0;1;0;0;0;0;0;0;3;0;0;0;0
10/01/2015;22:25:00;214;Acidente com Vítima;496;BR-040/MG;Norte;Capotamento;1;0;0;0;0;0;0;0;0;0;0;1;0;0;0
10/01/2015;20:26:00;191;Acidente sem Vítima;503,002;BR-040/MG;Sul;Outros;1;0;0;0;0;0;0;0;0;0;1;0;0;0;0
10/01/2015;12:32:00;98;Atropelamento sem Morte;508;BR-040/MG;Norte;Atropelamento - Pedestre atravessando;1;0;0;0;0;0;0;0;0;0;0;0;1;0;0
10/01/2015;21:55:00;210;Acidente sem Vítima;520;BR-040/MG;Sul;Abalroamento - Longitudinal;2;0;0;0;0;0;0;0;0;0;3;0;0;0;0
10/01/2015;19:44:00;175;Acidente com Vítima;525,5;BR-040/MG;Norte;Choque em defensa;0;0;0;1;0;0;0;0;0;0;0;2;0;0;0
10/01/2015;22:16:00;213;Acidente sem Vítima;530,001;BR-040/MG;Norte;Capotamento;1;0;0;0;0;0;0;0;0;0;1;0;0;0;0
10/01/2015;06:29:00;32;Acidente com Vítima;536,7;BR-040/MG;Norte;Capotamento;1;0;0;0;0;0;0;0;0;0;0;2;0;0;0
10/01/2015;19:58:00;183;Acidente sem Vítima;575;BR-040/MG;Sul;Capotamento;1;0;0;0;0;0;0;0;0;0;1;0;0;0;0
10/01/2015;12:49:00;101;Acidente sem Vítima;640;BR-040/MG;Norte;Outros;1;0;0;0;0;0;0;0;0;0;3;0;0;0;0
10/01/2015;19:35:00;170;Acidente sem Vítima;649,001;BR-040/MG;Norte;Outros;1;0;0;0;0;0;0;0;0;0;1;0;0;0;0
10/01/2015;11:18:00;79;Atropelamento sem Morte;90;BR-040/GO;Norte;Atropelamento - Pedestre caminhando;1;0;0;0;0;0;0;0;0;0;0;0;1;1;0
10/01/2015;10:12:00;68;Acidente com Vítima;702;BR-040/MG;Sul;Abalroamento - Longitudinal;2;0;0;0;0;0;0;0;0;0;3;0;1;0;0
10/01/2015;18:44:00;157;Acidente com Vítima;747;BR-040/MG;Sul;Choque com objeto fixo;1;0;0;0;0;0;0;0;0;0;1;1;0;0;0
10/01/2015;15:20:00;116;Acidente sem Vítima;748;BR-040/MG;Norte;Abalroamento - Longitudinal;2;0;0;0;0;0;0;0;0;0;3;0;0;0;0
11/01/2015;00:04:00;2;Acidente sem Vítima;4;BR-040/GO;Sul;Abalroamento - Transversal;0;0;0;1;0;1;0;0;0;0;2;0;0;0;0
11/01/2015;20:57:00;248;Acidente sem Vítima;7;BR-040/GO;Norte;Colisão traseira;3;0;0;0;0;0;0;0;0;0;3;0;0;0;0
11/01/2015;07:39:00;41;Acidente sem Vítima;16;BR-040/GO;Norte;Colisão traseira;2;0;0;0;0;0;0;0;0;0;2;0;0;0;0
11/01/2015;22:50:00;266;Acidente com Vítima;50;BR-040/MG;Norte;Colisão traseira;0;0;2;0;0;0;0;0;0;0;0;2;1;0;0
11/01/2015;20:11:00;237;Acidente com Vítima;17;BR-040/GO;Sul;Colisão traseira;1;0;0;1;0;0;0;0;0;0;2;1;0;0;0
11/01/2015;11:47:00;91;Acidente com Vítima;314;BR-040/MG;Norte;Outros;0;0;0;1;0;0;0;0;0;0;0;1;0;0;0
11/01/2015;14:41:00;124;Acidente com Morte;371;BR-040/MG;Sul;Capotamento;1;0;0;0;0;0;0;0;0;0;0;0;0;0;2
11/01/2015;18:42:00;209;Acidente sem Vítima;447;BR-040/MG;Norte;Queda de Carga;0;0;1;0;0;0;0;0;0;0;1;0;0;0;0
11/01/2015;17:14:00;181;Acidente com Vítima;447;BR-040/MG;Norte;Queda de Carga;1;0;0;0;0;0;0;0;0;0;2;0;0;0;0
11/01/2015;21:30:00;257;Atropelamento sem Morte;450;BR-040/MG;Sul;Atropelamento - Pedestre caminhando;1;0;0;0;0;0;0;0;0;0;1;0;0;0;0
11/01/2015;20:39:00;244;Atropelamento sem Morte;483;BR-040/MG;Sul;Atropelamento - Pedestre atravessando;1;0;0;0;0;0;0;0;0;0;1;0;0;0;0
11/01/2015;19:17:00;221;Acidente sem Vítima;486;BR-040/MG;Norte;Capotamento;0;0;0;0;0;0;0;0;0;0;0;0;0;0;0
11/01/2015;09:19:00;62;Acidente com Vítima;491;BR-040/MG;Sul;Abalroamento - Longitudinal;1;0;0;1;0;0;0;0;0;0;3;0;0;0;0
11/01/2015;18:46:00;211;Acidente com Vítima;507,001;BR-040/MG;Sul;Colisão traseira;3;0;0;0;0;0;0;0;0;0;4;0;2;0;0
11/01/2015;19:03:00;218;Acidente com Vítima;510;BR-040/MG;Sul;Abalroamento - Transversal;3;0;0;0;0;0;0;0;0;0;3;1;0;0;0
11/01/2015;15:56:00;154;Acidente com Vítima;612;BR-040/MG;Sul;Outros;0;0;0;1;0;0;0;0;0;0;1;1;0;0;0
11/01/2015;04:44:00;28;Acidente sem Vítima;668;BR-040/MG;Norte;Capotamento;1;0;0;0;0;0;0;0;0;0;1;0;0;0;0
11/01/2015;02:50:00;22;Acidente sem Vítima;671;BR-040/MG;Sul;Capotamento;1;0;0;0;0;0;0;0;0;0;1;0;0;0;0
11/01/2015;20:17:00;239;Acidente com Vítima;681;BR-040/MG;Norte;Colisão frontal;2;0;0;0;0;0;0;0;0;0;3;0;1;0;0
11/01/2015;06:54:00;35;Acidente sem Vítima;687;BR-040/MG;Norte;Outros;1;0;0;0;0;0;0;0;0;0;4;0;0;0;0
11/01/2015;11:04:00;83;Acidente com Vítima;696;BR-040/MG;Sul;Capotamento;1;0;0;0;0;0;0;0;0;0;2;0;0;0;0
11/01/2015;02:04:00;19;Acidente sem Vítima;700;BR-040/MG;Norte;Outros;0;0;0;1;0;0;0;0;0;0;1;0;0;0;0
11/01/2015;05:40:00;31;Acidente sem Vítima;701;BR-040/MG;Norte;Choque com objeto fixo;1;0;0;0;0;0;0;0;0;0;2;0;0;0;0
11/01/2015;15:28:00;143;Acidente com Vítima;735;BR-040/MG;Norte;Outros;2;0;0;0;0;0;0;0;0;0;0;2;0;0;0
11/01/2015;10:32:00;76;Acidente com Morte;137;BR-040/GO;Norte;Abalroamento - Longitudinal;2;0;1;0;0;0;0;0;0;0;2;0;0;0;1
12/01/2015;01:32:00;7;Acidente sem Vítima;4,005;BR-040/GO;Sul;Choque com objeto fixo;1;0;0;0;0;0;0;0;0;0;2;0;0;0;0
12/01/2015;21:21:00;217;Acidente com Vítima;107,5;BR-040/MG;Norte;Abalroamento - Longitudinal;1;0;1;0;0;0;0;0;0;0;0;1;1;0;0
12/01/2015;15:33:00;151;Acidente sem Vítima;520;BR-040/MG;Sul;Colisão traseira;2;0;0;0;0;0;0;0;0;0;2;0;0;0;0
12/01/2015;00:35:00;4;Acidente sem Vítima;538;BR-040/MG;Norte;Atropelamento - Animal;1;0;0;0;0;0;0;0;0;0;1;0;0;0;0
12/01/2015;08:22:00;35;Acidente com Vítima;544;BR-040/MG;Norte;Abalroamento - Longitudinal;1;0;0;1;0;0;0;0;0;0;0;2;0;0;0
12/01/2015;11:48:00;106;Acidente com Vítima;563;BR-040/MG;Sul;Capotamento;1;0;0;0;0;0;0;0;0;0;4;0;0;0;0
12/01/2015;19:57:00;207;Acidente com Vítima;564;BR-040/MG;Sul;Capotamento;0;0;1;0;0;0;0;0;0;0;1;0;0;0;0
12/01/2015;12:10:00;112;Acidente sem Vítima;570;BR-040/MG;Norte;Colisão traseira;2;0;0;0;0;0;0;0;0;0;6;0;0;0;0
12/01/2015;10:52:00;85;Acidente com Vítima;46;BR-040/GO;Sul;Colisão traseira;3;0;0;0;0;0;0;0;0;0;5;0;1;0;0
12/01/2015;20:18:00;211;Acidente sem Vítima;708;BR-040/MG;Sul;Capotamento;2;0;0;0;0;0;0;0;0;0;4;0;0;0;0
12/01/2015;12:28:00;115;Acidente com Vítima;733;BR-040/MG;Sul;Queda de Carga;0;0;1;0;0;0;0;0;0;0;0;1;0;0;0
12/01/2015;16:22:00;161;Acidente com Vítima;763;BR-040/MG;Sul;Colisão frontal;2;0;0;0;0;0;0;0;0;0;1;0;1;0;0
13/01/2015;12:21:00;115;Atropelamento sem Morte;1;BR-040/GO;Sul;Atropelamento - Pedestre caminhando;1;0;0;0;0;0;0;0;0;0;0;0;0;0;0
13/01/2015;11:21:00;100;Atropelamento sem Morte;1;BR-040/GO;Sul;Atropelamento - Pedestre caminhando;1;0;0;0;0;0;0;0;0;0;0;1;1;0;0
13/01/2015;18:10:00;191;Atropelamento sem Morte;5;BR-040/DF;Sul;Atropelamento - Pedestre atravessando;0;0;0;0;0;0;0;0;0;0;0;0;0;0;0
13/01/2015;17:43:00;183;Acidente sem Vítima;17;BR-040/GO;Norte;Capotamento;1;0;0;0;0;0;0;0;0;0;2;0;0;0;0
13/01/2015;08:37:00;63;Acidente com Vítima;529;BR-040/MG;Sul;Outros;0;0;0;1;0;0;0;0;0;0;0;1;0;0;0
13/01/2015;08:50:00;65;Acidente sem Vítima;532;BR-040/MG;Sul;Colisão traseira;0;0;1;0;0;1;0;0;0;0;2;0;0;0;0
13/01/2015;08:07:00;53;Acidente com Vítima;532,2;BR-040/MG;Sul;Outros;0;0;0;1;0;0;0;0;0;0;0;1;0;0;0
13/01/2015;17:33:00;181;Acidente sem Vítima;538;BR-040/MG;Norte;Outros;1;0;0;0;0;0;0;0;0;0;4;0;0;0;0
13/01/2015;14:56:00;150;Acidente com Vítima;544;BR-040/MG;Sul;Colisão traseira;2;0;0;0;0;0;0;0;0;0;1;1;0;0;0
13/01/2015;01:54:00;10;Acidente sem Vítima;584;BR-040/MG;Sul;Outros;0;0;1;0;0;0;0;0;0;0;1;0;0;0;0
13/01/2015;17:02:00;175;Acidente sem Vítima;591;BR-040/MG;Norte;Abalroamento - Longitudinal;2;0;0;0;0;0;0;0;0;0;2;0;0;0;0
13/01/2015;03:30:00;12;Acidente sem Vítima;593,5;BR-040/MG;Sul;Colisão frontal;2;0;0;0;0;0;0;0;0;0;6;0;0;0;0
13/01/2015;23:50:00;255;Acidente sem Vítima;636;BR-040/MG;Sul;Atropelamento - Animal;1;0;0;0;0;0;0;0;0;0;1;0;0;0;0
13/01/2015;19:39:00;217;Acidente sem Vítima;133;BR-040/GO;Norte;Colisão traseira;2;0;0;0;0;0;0;0;0;0;4;0;0;0;0
14/01/2015;15:19:00;126;Acidente sem Vítima;6;BR-040/GO;Norte;Colisão traseira;2;0;0;0;0;1;0;0;0;0;3;0;0;0;0
14/01/2015;21:12:00;206;Acidente sem Vítima;87;BR-040/MG;Norte;Outros;0;0;1;0;0;0;0;0;0;0;1;0;0;0;0
14/01/2015;19:25:00;187;Acidente sem Vítima;286;BR-040/MG;Norte;Outros;1;0;0;0;0;0;0;0;0;0;4;0;0;0;0
14/01/2015;10:14:00;66;Acidente sem Vítima;288;BR-040/MG;Norte;Abalroamento - Longitudinal;1;0;1;0;0;0;0;0;0;0;2;0;0;0;0
14/01/2015;13:04:00;99;Acidente com Vítima;413,005;BR-040/MG;Norte;Abalroamento - Transversal;2;0;0;0;0;0;0;0;0;0;0;2;0;0;0
14/01/2015;19:01:00;183;Acidente com Vítima;524;BR-040/MG;Norte;Abalroamento - Longitudinal;1;0;0;1;0;0;0;0;0;0;3;1;0;0;0
14/01/2015;18:13:00;174;Acidente com Vítima;526;BR-040/MG;Sul;Capotamento;1;0;0;0;0;0;0;0;0;0;0;1;0;0;0
14/01/2015;13:26:00;101;Acidente sem Vítima;532;BR-040/MG;Norte;Outros;1;0;1;0;0;0;0;0;0;0;2;0;0;0;0
14/01/2015;21:11:00;205;Acidente sem Vítima;544;BR-040/MG;Sul;Abalroamento - Longitudinal;1;0;0;1;0;0;0;0;0;0;2;2;0;0;0
14/01/2015;00:02:00;2;Acidente sem Vítima;579;BR-040/MG;Sul;Abalroamento - Longitudinal;1;0;0;0;0;1;0;0;0;0;2;0;0;0;0
14/01/2015;07:05:00;22;Acidente com Vítima;649,3;BR-040/MG;Sul;Choque com objeto fixo;0;0;0;1;0;0;0;0;0;0;0;0;1;0;0
14/01/2015;17:58:00;170;Acidente sem Vítima;744;BR-040/MG;Norte;Colisão traseira;1;0;1;0;0;0;0;0;0;0;3;0;0;0;0
15/01/2015;04:46:00;22;Acidente sem Vítima;1;BR-040/DF;Sul;Choque com objeto fixo;1;0;0;0;0;0;0;0;0;0;1;0;0;0;0
15/01/2015;17:39:00;206;Acidente sem Vítima;3,2;BR-040/GO;Sul;Colisão traseira;2;0;0;0;0;0;0;0;0;0;2;0;0;0;0
15/01/2015;15:37:00;179;Acidente sem Vítima;4;BR-040/DF;Sul;Abalroamento - Transversal;1;0;1;0;0;0;0;0;0;0;2;0;0;0;0
15/01/2015;13:34:00;144;Acidente com Vítima;4;BR-040/GO;Norte;Colisão traseira;2;0;2;0;0;0;0;0;0;0;4;0;0;0;0
15/01/2015;17:27:00;200;Acidente sem Vítima;5;BR-040/DF;Norte;Outros;1;0;1;0;0;0;0;0;0;0;2;0;0;0;0
15/01/2015;14:11:00;154;Acidente sem Vítima;5,9;BR-040/MG;Sul;Colisão frontal;1;0;1;0;0;0;0;0;0;0;2;0;0;0;0
15/01/2015;14:09:00;152;Atropelamento sem Morte;12;BR-040/GO;Norte;Atropelamento - Ciclista;1;1;0;0;0;0;0;0;0;0;1;1;0;0;0
15/01/2015;09:23:00;78;Acidente sem Vítima;475,5;BR-040/MG;Norte;Outros;0;0;1;0;0;0;0;0;0;0;1;0;0;0;0
15/01/2015;06:31:00;26;Acidente com Vítima;511;BR-040/MG;Sul;Abalroamento - Longitudinal;1;0;0;1;0;0;0;0;0;0;1;1;0;0;0
15/01/2015;21:19:00;251;Atropelamento sem Morte;539;BR-040/MG;Sul;Atropelamento - Pedestre atravessando;1;0;0;0;0;0;0;0;0;0;1;0;0;0;0
15/01/2015;14:44:00;164;Acidente sem Vítima;567;BR-040/MG;Norte;Colisão traseira;2;0;0;0;0;0;0;0;0;0;2;0;0;0;0
15/01/2015;10:50:00;108;Acidente com Vítima;64;BR-040/GO;Norte;Capotamento;1;0;1;0;0;0;0;0;0;0;3;0;0;0;0
15/01/2015;08:40:00;64;Acidente sem Vítima;665;BR-040/MG;Sul;Colisão traseira;0;0;2;0;0;0;0;0;0;0;2;0;0;0;0
15/01/2015;14:05:00;150;Acidente com Vítima;686;BR-040/MG;Norte;Outros;1;0;0;0;0;0;0;0;0;0;0;1;0;0;0
15/01/2015;13:17:00;139;Acidente com Vítima;762;BR-040/MG;Sul;Capotamento;1;0;0;0;0;0;0;0;0;0;1;0;0;0;0
16/01/2015;18:27:00;218;Acidente sem Vítima;1,001;BR-040/GO;Sul;Abalroamento - Longitudinal;1;0;1;0;0;0;0;0;0;0;2;0;0;0;0
16/01/2015;11:37:00;116;Acidente sem Vítima;2;BR-040/GO;Norte;Colisão traseira;1;0;1;1;0;0;0;0;0;0;4;0;0;0;0
16/01/2015;06:01:00;39;Atropelamento sem Morte;6,8;BR-040/DF;Norte;Atropelamento - Pedestre caminhando;1;0;0;0;0;0;0;0;0;0;1;0;1;0;0
16/01/2015;07:44:00;51;Acidente com Morte;70;BR-040/MG;Sul;Colisão frontal;1;0;1;0;0;0;0;0;0;0;2;0;1;0;2
16/01/2015;09:40:00;102;Acidente sem Vítima;90;BR-040/MG;Sul;Colisão traseira;2;0;0;0;0;0;0;0;0;1;6;0;0;0;0
16/01/2015;05:51:00;38;Acidente sem Vítima;36;BR-040/GO;Sul;Abalroamento - Transversal;2;0;0;0;0;0;0;0;0;0;4;1;0;0;0
16/01/2015;18:57:00;227;Acidente com Vítima;510;BR-040/MG;Norte;Colisão traseira;1;0;0;1;0;0;0;0;0;0;1;1;0;0;0
16/01/2015;20:55:00;254;Acidente com Vítima;530;BR-040/MG;Norte;Colisão traseira;2;0;0;0;0;0;0;0;0;0;1;1;0;0;0
16/01/2015;22:45:00;274;Acidente sem Vítima;534;BR-040/MG;Sul;Capotamento;1;0;0;0;0;0;0;0;0;0;1;0;0;0;0