data;horario;n_da_ocorrencia;tipo_de_ocorrencia;km;trecho;sentido;tipo_de_acidente;automovel;bicicleta;caminhao;moto;onibus;outros;tracao_animal;transporte_de_cargas_especiais;trator_maquinas;utilitarios;ilesos;levemente_feridos;moderadamente_feridos;gravemente_feridos;mortos
25/02/2015;07:49:00;39;Acidente com Vítima;600;BR-040/MG;Sul;Choque com objeto fixo;0;0;1;0;0;0;0;0;0;0;1;2;0;0;0
26/02/2015;13:57:00;112;Acidente sem Vítima;2;BR-040/GO;Sul;Colisão traseira;2;0;0;0;0;0;0;0;0;1;3;0;0;0;0
26/02/2015;20:04:00;189;Acidente sem Vítima;2,5;BR-040/GO;Norte;Outros;1;0;0;0;0;0;0;0;0;0;1;0;0;0;0
26/02/2015;06:52:00;14;Acidente sem Vítima;4,5;BR-040/GO;Norte;Outros;1;0;0;0;0;0;0;0;0;0;2;0;0;0;0
26/02/2015;17:31:00;154;Acidente com Vítima;472,5;BR-040/MG;Norte;Queda de Carga;0;0;1;0;0;0;0;0;0;0;0;1;0;0;0
26/02/2015;08:15:00;29;Acidente sem Vítima;523,5;BR-040/MG;Sul;Outros;0;0;0;1;0;0;0;0;0;0;2;0;0;0;0
26/02/2015;21:58:00;204;Acidente sem Vítima;553,5;BR-040/MG;Sul;Colisão traseira;1;0;0;0;1;0;0;0;0;0;2;0;0;0;0
26/02/2015;12:07:00;92;Acidente sem Vítima;591;BR-040/MG;Sul;Abalroamento - Longitudinal;1;0;0;0;0;1;0;0;0;0;2;0;0;0;0
26/02/2015;16:29:00;145;Acidente com Vítima;47;BR-040/GO;Norte;Capotamento;1;0;0;0;0;0;0;0;0;0;1;1;0;0;0
26/02/2015;14:39:00;125;Acidente sem Vítima;759;BR-040/MG;Norte;Colisão traseira;2;0;0;0;0;0;0;0;0;0;2;0;0;0;0
27/02/2015;19:23:00;186;Acidente sem Vítima;1;BR-040/GO;Sul;Abalroamento - Longitudinal;0;0;0;1;0;1;0;0;0;0;3;0;0;0;0
27/02/2015;13:39:00;101;Atropelamento sem Morte;3;BR-040/GO;Sul;Atropelamento - Ciclista;1;0;0;0;0;0;0;0;0;0;1;0;1;0;0
27/02/2015;13:29:00;99;Acidente com Vítima;280;BR-040/MG;Norte;Colisão traseira;1;0;0;1;0;0;0;0;0;0;1;0;1;0;0
27/02/2015;17:58:00;161;Acidente sem Vítima;446;BR-040/MG;Sul;Choque com objeto fixo;1;0;0;0;0;0;0;0;0;0;1;0;0;0;0
27/02/2015;19:20:00;218;Acidente sem Vítima;525;BR-040/MG;Sul;Outros;1;0;0;0;0;0;0;0;0;0;1;0;0;0;0
27/02/2015;15:46:00;126;Acidente sem Vítima;534;BR-040/MG;Norte;Colisão traseira;0;0;0;2;0;0;0;0;0;0;2;0;0;0;0
27/02/2015;17:33:00;151;Acidente sem Vítima;604;BR-040/MG;Norte;Abalroamento - Longitudinal;1;0;0;0;0;1;0;0;0;0;3;0;0;0;0
27/02/2015;15:06:00;115;Acidente com Vítima;607;BR-040/MG;Norte;Abalroamento - Longitudinal;2;0;0;0;0;0;0;0;0;0;1;2;0;0;0
27/02/2015;18:30:00;171;Acidente sem Vítima;632;BR-040/MG;Sul;Colisão traseira;1;0;0;0;0;1;0;0;0;0;5;0;0;0;0
27/02/2015;18:02:00;163;Acidente com Vítima;647;BR-040/MG;Norte;Colisão frontal;1;0;2;0;0;0;0;0;0;0;2;0;0;0;0
27/02/2015;21:49:00;208;Acidente sem Vítima;658;BR-040/MG;Norte;Choque com objeto fixo;1;0;0;0;0;0;0;0;0;0;1;0;0;0;0
27/02/2015;03:40:00;11;Acidente sem Vítima;47;BR-040/GO;Norte;Outros;0;0;0;1;0;0;0;0;0;0;1;0;0;0;0
27/02/2015;17:37:00;169;Acidente com Vítima;710,95;BR-040/MG;Norte;Colisão traseira;1;0;1;0;0;0;0;0;0;0;2;3;0;0;0
27/02/2015;13:12:00;96;Acidente sem Vítima;750;BR-040/MG;Sul;Choque com objeto fixo;0;0;1;0;0;0;0;0;0;0;1;0;0;0;0
27/02/2015;13:27:00;98;Acidente com Vítima;756;BR-040/MG;Sul;Outros;1;0;0;1;0;0;0;0;0;0;1;0;1;0;0
27/02/2015;23:02:00;222;Acidente com Vítima;758;BR-040/MG;Sul;Colisão traseira;1;0;0;0;0;1;0;0;0;0;2;2;0;0;0
28/02/2015;05:38:00;22;Acidente sem Vítima;5;BR-040/GO;Norte;Outros;1;0;0;0;0;0;0;0;0;0;1;0;0;0;0
28/02/2015;14:23:00;170;Acidente sem Vítima;462;BR-040/MG;Sul;Colisão traseira;3;0;1;0;0;0;0;0;0;0;7;0;0;0;0
28/02/2015;15:25:00;189;Acidente sem Vítima;506;BR-040/MG;Norte;Colisão traseira;2;0;0;0;0;0;0;0;0;0;2;1;0;0;0
28/02/2015;09:26:00;93;Acidente com Vítima;508;BR-040/MG;Norte;Outros;1;0;0;0;0;0;0;0;0;0;0;0;2;0;0
28/02/2015;00:12:00;2;Acidente com Vítima;514;BR-040/MG;Norte;Capotamento;1;0;0;0;0;0;0;0;0;0;1;1;0;0;0
28/02/2015;14:05:00;165;Acidente sem Vítima;526;BR-040/MG;Norte;Outros;0;0;1;0;0;0;0;0;0;0;1;0;0;0;0
28/02/2015;09:44:00;96;Acidente com Morte;527;BR-040/MG;Norte;Choque com objeto fixo;1;0;1;0;0;0;0;0;0;0;1;0;0;0;1
28/02/2015;12:35:00;146;Acidente sem Vítima;539;BR-040/MG;Sul;Colisão traseira;1;0;1;0;0;0;0;0;0;0;3;0;0;0;0
28/02/2015;13:10:00;154;Acidente sem Vítima;543;BR-040/MG;Sul;Colisão traseira;1;0;0;1;0;0;0;0;0;0;2;0;0;0;0
28/02/2015;17:56:00;222;Acidente com Vítima;569,9;BR-040/MG;Sul;Abalroamento - Longitudinal;2;0;0;0;0;0;0;0;0;0;2;1;0;0;0
28/02/2015;21:30:00;257;Acidente com Vítima;570,2;BR-040/MG;Sul;Colisão traseira;2;0;0;0;0;0;0;0;0;0;5;0;1;0;0
28/02/2015;14:34:00;174;Acidente sem Vítima;600;BR-040/MG;Norte;Abalroamento - Longitudinal;0;0;3;0;0;0;0;0;0;0;3;0;0;0;0
28/02/2015;06:01:00;24;Acidente sem Vítima;623;BR-040/MG;Norte;Capotamento;1;0;0;0;0;0;0;0;0;0;1;0;0;0;0
01/03/2015;14:24:00;126;Acidente sem Vítima;7;BR-040/GO;Sul;Colisão traseira;2;0;0;0;1;0;0;0;0;0;7;0;0;0;0
01/03/2015;11:19:00;85;Acidente sem Vítima;9;BR-040/GO;Norte;Colisão traseira;1;0;0;1;0;0;0;0;0;0;4;0;0;0;0
01/03/2015;06:43:00;30;Acidente sem Vítima;11;BR-040/GO;Sul;Abalroamento - Longitudinal;2;0;0;0;0;0;0;0;0;0;2;0;0;0;0
01/03/2015;15:34:00;140;Acidente sem Vítima;37;BR-040/MG;Norte;Colisão traseira;2;0;0;0;0;0;0;0;0;0;2;0;0;0;0
01/03/2015;05:11:00;24;Acidente sem Vítima;519;BR-040/MG;Norte;Capotamento;1;0;0;0;0;0;0;0;0;0;1;0;0;0;0
01/03/2015;17:06:00;164;Acidente sem Vítima;595;BR-040/MG;Sul;Colisão frontal;2;0;0;0;0;0;0;0;0;0;2;0;0;0;0
01/03/2015;10:44:00;78;Acidente sem Vítima;601;BR-040/MG;Norte;Abalroamento - Longitudinal;1;0;1;0;0;0;0;0;0;0;2;0;0;0;0
01/03/2015;16:45:00;160;Acidente com Vítima;666;BR-040/MG;Sul;Abalroamento - Longitudinal;1;0;0;1;0;0;0;0;0;0;1;0;0;1;0
01/03/2015;08:54:00;55;Acidente sem Vítima;666;BR-040/MG;Sul;Outros;1;0;0;0;0;0;0;0;0;0;1;0;0;0;0
01/03/2015;01:10:00;7;Acidente com Vítima;699;BR-040/MG;Norte;Atropelamento - Animal;0;0;0;1;0;0;0;0;0;0;0;0;0;1;0
01/03/2015;04:07:00;20;Acidente sem Vítima;700;BR-040/MG;Sul;Capotamento;1;0;0;0;0;0;0;0;0;0;3;0;0;0;0
01/03/2015;14:01:00;122;Acidente com Vítima;108;BR-040/GO;Sul;Abalroamento - Longitudinal;1;0;1;0;0;0;0;0;0;0;2;2;0;0;0
02/03/2015;16:12:00;154;Acidente com Vítima;0;BR-040/DF;Norte;Capotamento;1;0;0;0;1;0;0;0;0;0;1;1;0;0;0
02/03/2015;12:27:00;117;Acidente com Vítima;2;BR-040/DF;Norte;Choque com objeto fixo;1;0;0;0;0;0;0;0;0;0;0;0;0;0;0
02/03/2015;17:35:00;171;Acidente sem Vítima;13;BR-040/MG;Norte;Outros;1;0;0;0;0;0;0;0;0;0;2;0;0;0;0
02/03/2015;07:29:00;42;Acidente com Morte;45;BR-040/MG;Norte;Abalroamento - Longitudinal;2;0;1;0;0;0;0;0;0;0;1;0;1;0;1
02/03/2015;08:46:00;58;Acidente sem Vítima;461,5;BR-040/MG;Sul;Choque com objeto fixo;1;0;0;0;0;0;0;0;0;0;1;0;0;0;0
02/03/2015;08:35:00;54;Acidente sem Vítima;461,5;BR-040/MG;Sul;Colisão traseira;2;0;0;0;0;0;0;0;0;0;2;0;0;0;0
02/03/2015;06:35:00;34;Acidente com Vítima;461,5;BR-040/MG;Sul;Capotamento;1;0;0;0;0;0;0;0;0;0;4;0;0;0;0
02/03/2015;04:06:00;21;Acidente sem Vítima;512;BR-040/MG;Norte;Outros;1;0;0;0;0;0;0;0;0;0;1;0;0;0;0
02/03/2015;17:19:00;166;Acidente sem Vítima;543;BR-040/MG;Sul;Colisão traseira;1;0;1;0;0;0;0;0;0;0;2;0;0;0;0
02/03/2015;08:57:00;62;Acidente sem Vítima;544;BR-040/MG;Norte;Colisão traseira;3;0;0;0;0;0;0;0;0;0;3;0;0;0;0
02/03/2015;19:47:00;199;Acidente com Vítima;569;BR-040/MG;Sul;Colisão traseira;2;0;0;0;0;0;0;0;0;0;1;1;0;0;0
02/03/2015;19:01:00;188;Acidente sem Vítima;653;BR-040/MG;Sul;Outros;1;0;0;0;0;0;0;0;0;0;1;0;0;0;0
02/03/2015;19:15:00;194;Acidente sem Vítima;660;BR-040/MG;Sul;Outros;1;0;0;0;0;0;0;0;0;0;2;0;0;0;0
02/03/2015;12:16:00;112;Acidente sem Vítima;704;BR-040/MG;Norte;Capotamento;1;0;0;0;0;0;0;0;0;0;2;0;0;0;0
02/03/2015;17:32:00;170;Atropelamento sem Morte;747,8;BR-040/MG;Sul;Atropelamento - Pedestre atravessando;1;0;0;0;0;0;0;0;0;0;1;1;0;0;0
03/03/2015;21:31:00;246;Acidente sem Vítima;2;BR-040/DF;Norte;Abalroamento - Longitudinal;2;0;0;0;0;0;0;0;0;0;3;0;0;0;0
03/03/2015;21:25:00;242;Acidente sem Vítima;14;BR-040/MG;Norte;Outros;1;0;0;0;0;0;0;0;0;0;2;0;0;0;0
03/03/2015;21:58:00;250;Acidente sem Vítima;15;BR-040/GO;Norte;Abalroamento - Longitudinal;2;0;0;0;0;0;0;0;0;0;6;0;0;0;0
03/03/2015;18:26:00;202;Acidente com Vítima;517,001;BR-040/MG;Norte;Outros;0;0;0;1;0;0;0;0;0;0;0;1;0;0;0
03/03/2015;15:34:00;166;Acidente com Vítima;525;BR-040/MG;Sul;Outros;0;0;0;1;0;0;0;0;0;0;0;1;0;0;0
03/03/2015;04:22:00;14;Acidente sem Vítima;530;BR-040/MG;Sul;Choque com objeto fixo;1;0;0;0;0;0;0;0;0;0;1;0;0;0;0
03/03/2015;22:27:00;256;Acidente com Vítima;539;BR-040/MG;Norte;Outros;0;0;2;0;0;0;0;0;0;0;2;1;0;0;0
03/03/2015;17:55:00;193;Acidente com Vítima;552;BR-040/MG;Norte;Abalroamento - Longitudinal;1;0;0;0;1;0;0;0;0;0;50;1;0;0;0
03/03/2015;14:59:00;160;Acidente sem Vítima;556;BR-040/MG;Sul;Choque com objeto fixo;1;0;0;0;0;0;0;0;0;0;2;0;0;0;0
03/03/2015;06:49:00;25;Acidente com Vítima;575;BR-040/MG;Sul;Abalroamento - Longitudinal;2;0;0;0;0;0;0;0;0;0;0;2;1;1;0
03/03/2015;13:47:00;141;Acidente sem Vítima;576;BR-040/MG;Sul;Colisão traseira;2;0;0;0;0;0;0;0;0;0;3;0;0;0;0
03/03/2015;06:55:00;26;Acidente com Vítima;683,1;BR-040/MG;Sul;Colisão frontal;1;0;1;0;0;0;0;0;0;0;2;1;0;0;0
04/03/2015;18:01:00;227;Atropelamento sem Morte;1;BR-040/GO;Sul;Atropelamento - Pedestre atravessando;1;0;0;1;0;0;0;0;0;0;2;1;0;0;0
04/03/2015;17:47:00;223;Acidente sem Vítima;3;BR-040/GO;Sul;Colisão traseira;2;0;0;0;0;0;0;0;0;0;2;0;0;0;0
04/03/2015;12:43:00;139;Acidente com Vítima;5;BR-040/GO;Sul;Abalroamento - Longitudinal;2;0;0;0;0;0;0;0;0;0;1;0;1;0;0
04/03/2015;19:00:00;236;Atropelamento sem Morte;12,9;BR-040/GO;Norte;Atropelamento - Pedestre atravessando;0;0;0;1;0;0;0;0;0;0;1;0;0;1;0
04/03/2015;17:24:00;215;Acidente com Vítima;85;BR-040/MG;Sul;Capotamento;1;0;0;0;0;0;0;0;0;0;0;3;0;0;0
04/03/2015;13:13:00;145;Acidente com Vítima;457;BR-040/MG;Norte;Capotamento;1;0;0;0;0;0;0;0;0;0;0;1;0;0;0
04/03/2015;22:10:00;287;Acidente sem Vítima;496;BR-040/MG;Norte;Colisão traseira;0;0;1;0;0;1;0;0;0;0;2;0;0;0;0
04/03/2015;21:30:00;275;Acidente sem Vítima;499;BR-040/MG;Norte;Outros;0;0;1;0;0;0;0;0;0;0;1;0;0;0;0
04/03/2015;19:34:00;246;Acidente sem Vítima;535;BR-040/MG;Sul;Colisão traseira;2;0;0;0;0;0;0;0;0;0;2;0;0;0;0
04/03/2015;17:42:00;221;Acidente com Vítima;603,5;BR-040/MG;Norte;Abalroamento - Longitudinal;1;0;0;0;0;1;0;0;0;0;1;1;0;0;0
04/03/2015;18:24:00;232;Atropelamento sem Morte;612;BR-040/MG;Norte;Atropelamento - Pedestre atravessando;0;0;0;1;0;0;0;0;0;0;0;1;1;0;0
04/03/2015;14:48:00;165;Acidente sem Vítima;63;BR-040/GO;Sul;Colisão traseira;2;0;0;0;0;0;0;0;0;0;2;0;0;0;0
04/03/2015;12:03:00;131;Atropelamento sem Morte;95;BR-040/GO;Sul;Atropelamento - Ciclista;1;0;0;0;0;0;0;0;0;0;1;1;0;0;0
04/03/2015;16:18:00;191;Acidente sem Vítima;683;BR-040/MG;Norte;Outros;0;0;2;0;0;0;0;0;0;0;3;0;0;0;0
04/03/2015;19:30:00;245;Acidente com Morte;743,9;BR-040/MG;Norte;Choque com objeto fixo;0;0;1;0;0;0;0;0;0;0;0;0;0;0;1
04/03/2015;19:23:00;243;Acidente com Vítima;757;BR-040/MG;Norte;Abalroamento - Longitudinal;0;0;2;0;0;0;0;0;0;0;2;0;1;0;0
05/03/2015;06:18:00;22;Acidente com Vítima;0,1;BR-040/DF;Norte;Outros;1;0;0;0;0;0;0;0;0;0;0;0;2;0;0
05/03/2015;04:03:00;16;Acidente com Vítima;52,1;BR-040/MG;Sul;Capotamento;0;0;1;0;0;0;0;0;0;0;2;1;0;0;0
05/03/2015;02:52:00;14;Acidente com Morte;138;BR-040/MG;Norte;Capotamento;0;0;1;0;0;0;0;0;0;0;0;0;0;0;1
05/03/2015;22:56:00;297;Acidente sem Vítima;330;BR-040/MG;Sul;Atropelamento - Animal;0;0;1;0;0;0;0;0;0;0;2;0;0;0;0
05/03/2015;16:07:00;202;Acidente sem Vítima;460;BR-040/MG;Sul;Abalroamento - Longitudinal;2;0;0;0;0;0;0;0;0;0;2;0;0;0;0
05/03/2015;16:22:00;206;Acidente sem Vítima;461;BR-040/MG;Norte;Outros;0;0;1;0;0;0;0;0;0;0;1;0;0;0;0
05/03/2015;07:11:00;28;Acidente sem Vítima;518;BR-040/MG;Sul;Abalroamento - Longitudinal;1;0;0;1;0;0;0;0;0;0;2;0;0;0;0
05/03/2015;08:55:00;64;Acidente sem Vítima;525;BR-040/MG;Sul;Colisão traseira;0;0;4;0;0;0;0;0;0;0;4;0;0;0;0
05/03/2015;19:53:00;256;Atropelamento sem Morte;538,002;BR-040/MG;Norte;Atropelamento - Pedestre atravessando;0;0;0;1;0;0;0;0;0;0;1;1;0;0;0
05/03/2015;14:55:00;183;Acidente sem Vítima;559;BR-040/MG;Sul;Colisão traseira;0;0;2;0;0;0;0;0;0;0;2;0;0;0;0
05/03/2015;13:38:00;164;Acidente sem Vítima;566;BR-040/MG;Sul;Choque com objeto fixo;0;0;1;0;0;0;0;0;0;0;1;0;0;0;0
05/03/2015;01:06:00;4;Acidente com Morte;569;BR-040/MG;Norte;Choque com objeto fixo;1;0;0;0;0;0;0;0;0;0;0;0;0;0;1
05/03/2015;13:19:00;159;Acidente sem Vítima;585;BR-040/MG;Norte;Capotamento;1;0;0;0;0;0;0;0;0;0;1;0;0;0;0
05/03/2015;14:54:00;182;Acidente sem Vítima;618;BR-040/MG;Sul;Colisão traseira;2;0;0;0;0;0;0;0;0;0;2;0;0;0;0
05/03/2015;12:06:00;134;Acidente sem Vítima;670;BR-040/MG;Sul;Outros;0;0;1;0;0;0;0;0;0;0;1;0;0;0;0
05/03/2015;00:57:00;3;Acidente sem Vítima;732,5;BR-040/MG;Norte;Outros;0;0;1;0;0;0;0;0;0;0;2;0;0;0;0
05/03/2015;21:42:00;279;Acidente com Vítima;761;BR-040/MG;Sul;Choque com objeto fixo;0;0;1;0;0;0;0;0;0;0;1;1;0;0;0
06/03/2015;16:06:00;189;Atropelamento sem Morte;0;BR-040/GO;Norte;Atropelamento - Pedestre caminhando;1;0;0;0;0;0;0;0;0;0;1;1;0;0;0
06/03/2015;08:18:00;58;Acidente sem Vítima;1,6;BR-040/GO;Norte;Abalroamento - Longitudinal;1;0;0;1;0;0;0;0;0;0;2;0;0;0;0
06/03/2015;13:52:00;162;Acidente sem Vítima;29;BR-040/GO;Norte;Abalroamento - Longitudinal;2;0;0;0;0;0;0;0;0;0;2;0;0;0;0
06/03/2015;01:30:00;10;Acidente com Vítima;36,008;BR-040/GO;Norte;Capotamento;1;0;0;0;0;0;0;0;0;0;0;0;1;0;0
06/03/2015;20:34:00;263;Acidente com Vítima;463;BR-040/MG;Sul;Colisão traseira;1;0;0;0;1;1;0;0;0;0;33;0;3;0;0
06/03/2015;15:01:00;179;Acidente com Vítima;522;BR-040/MG;Norte;Outros;0;0;0;1;0;0;0;0;0;0;0;1;0;0;0
06/03/2015;19:37:00;250;Acidente sem Vítima;523;BR-040/MG;Norte;Colisão traseira;1;0;0;1;0;0;0;0;0;0;5;0;0;0;0
06/03/2015;17:26:00;212;Acidente com Vítima;525;BR-040/MG;Sul;Colisão traseira;2;0;0;0;0;0;0;0;0;0;2;0;1;0;0
06/03/2015;21:34:00;272;Acidente com Vítima;529;BR-040/MG;Sul;Capotamento;1;0;0;0;0;0;0;0;0;0;0;0;3;0;0
06/03/2015;17:37:00;215;Acidente sem Vítima;535;BR-040/MG;Norte;Abalroamento - Longitudinal;1;0;1;0;0;0;0;0;0;0;2;0;0;0;0
06/03/2015;19:03:00;237;Acidente sem Vítima;537,5;BR-040/MG;Norte;Abalroamento - Longitudinal;1;0;1;0;0;0;0;0;0;0;3;0;0;0;0
06/03/2015;03:19:00;15;Acidente com Vítima;612;BR-040/MG;Sul;Choque em barreira New Jersey;0;0;1;0;0;0;0;0;0;0;0;1;0;0;0
06/03/2015;00:42:00;2;Acidente com Morte;615,5;BR-040/MG;Norte;Colisão traseira;0;0;1;1;0;0;0;0;0;0;1;0;0;0;1
06/03/2015;15:15:00;182;Acidente sem Vítima;649,5;BR-040/MG;Sul;Colisão traseira;1;0;1;0;0;0;0;0;0;0;6;0;0;0;0
06/03/2015;19:53:00;254;Acidente com Vítima;37;BR-040/GO;Norte;Outros;0;0;0;1;0;0;0;0;0;0;0;1;0;0;0
06/03/2015;16:58:00;203;Atropelamento sem Morte;55;BR-040/GO;Sul;Atropelamento - Pedestre atravessando;1;0;0;0;0;0;0;0;0;0;1;0;0;0;0
06/03/2015;18:37:00;231;Acidente sem Vítima;711;BR-040/MG;Sul;Colisão traseira;2;0;0;0;0;0;0;0;0;0;2;0;0;0;0
06/03/2015;17:32:00;213;Acidente sem Vítima;732;BR-040/MG;Sul;Capotamento;1;0;0;0;0;0;0;0;0;0;1;0;0;0;0
06/03/2015;18:08:00;223;Acidente com Vítima;740;BR-040/MG;Norte;Outros;0;0;0;1;0;0;0;0;0;0;0;1;0;0;0
06/03/2015;12:45:00;145;Acidente sem Vítima;748;BR-040/MG;Sul;Choque com objeto fixo;1;0;0;0;0;0;0;0;0;0;2;0;0;0;0
06/03/2015;09:22:00;82;Acidente com Vítima;772,4;BR-040/MG;Sul;Colisão traseira;1;0;1;0;0;0;0;0;0;0;2;0;1;0;0
07/03/2015;07:34:00;61;Acidente sem Vítima;2,4;BR-040/GO;Sul;Colisão traseira;4;0;0;0;0;0;0;0;0;0;4;0;0;0;0
07/03/2015;02:35:00;34;Acidente com Vítima;136,3;BR-040/MG;Sul;Capotamento;1;0;0;0;0;0;0;0;0;0;0;0;1;1;0
07/03/2015;23:47:00;322;Acidente com Vítima;349;BR-040/MG;Norte;Capotamento;1;0;0;0;0;0;0;0;0;0;0;3;1;1;0
07/03/2015;11:06:00;116;Acidente sem Vítima;371;BR-040/MG;Sul;Abalroamento - Longitudinal;2;0;0;0;0;0;0;0;0;0;2;0;0;0;0
07/03/2015;17:26:00;245;Acidente sem Vítima;447;BR-040/MG;Sul;Outros;0;0;2;0;0;0;0;0;0;0;2;0;0;0;0
07/03/2015;19:15:00;264;Acidente sem Vítima;496;BR-040/MG;Norte;Outros;1;0;0;0;0;0;0;0;0;0;3;0;0;0;0
07/03/2015;19:22:00;269;Acidente sem Vítima;511;BR-040/MG;Norte;Queda de Carga;0;0;0;0;1;0;0;0;0;0;28;0;0;0;0
07/03/2015;19:19:00;268;Acidente com Vítima;524;BR-040/MG;Sul;Outros;0;0;0;1;0;0;0;0;0;0;0;2;0;0;0
07/03/2015;06:10:00;45;Acidente sem Vítima;526,005;BR-040/MG;Sul;Outros;0;0;0;1;0;0;0;0;0;0;4;0;0;0;0
07/03/2015;16:26:00;222;Acidente sem Vítima;533;BR-040/MG;Norte;Outros;0;0;0;1;0;0;0;0;0;0;2;0;0;0;0
07/03/2015;20:12:00;284;Acidente sem Vítima;553;BR-040/MG;Sul;Outros;1;0;0;0;0;0;0;0;0;0;1;0;0;0;0
07/03/2015;16:57:00;238;Acidente com Vítima;563;BR-040/MG;Sul;Outros;0;0;0;1;0;0;0;0;0;0;1;2;0;0;0
07/03/2015;08:48:00;82;Acidente sem Vítima;566;BR-040/MG;Sul;Capotamento;1;0;0;0;0;0;0;0;0;0;2;0;0;0;0
07/03/2015;10:01:00;97;Acidente sem Vítima;626;BR-040/MG;Sul;Colisão traseira;1;0;1;0;0;0;0;0;0;0;3;0;0;0;0
07/03/2015;14:01:00;165;Acidente com Vítima;647;BR-040/MG;Sul;Capotamento;1;0;0;0;0;0;0;0;0;0;0;2;1;0;0
07/03/2015;17:29:00;246;Acidente sem Vítima;682;BR-040/MG;Norte;Colisão traseira;2;0;0;0;0;0;0;0;0;0;3;0;0;0;0
07/03/2015;23:15:00;316;Acidente sem Vítima;691;BR-040/MG;Norte;Colisão traseira;1;0;1;0;0;0;0;0;0;0;2;0;0;0;0
07/03/2015;15:12:00;186;Acidente sem Vítima;710;BR-040/MG;Sul;Capotamento;1;0;0;0;0;0;0;0;0;0;1;0;0;0;0
07/03/2015;10:19:00;103;Acidente sem Vítima;713,004;BR-040/MG;Sul;Colisão traseira;3;0;0;0;0;0;0;0;0;0;3;0;0;0;0
07/03/2015;19:54:00;280;Acidente sem Vítima;728;BR-040/MG;Sul;Outros;1;0;0;0;0;0;0;0;0;0;2;0;0;0;0
07/03/2015;17:57:00;249;Acidente com Vítima;728;BR-040/MG;Sul;Capotamento;1;0;0;0;0;0;0;0;0;0;2;0;1;0;0
07/03/2015;15:09:00;183;Acidente sem Vítima;729;BR-040/MG;Sul;Choque com objeto fixo;1;0;0;0;0;0;0;0;0;0;1;0;0;0;0
07/03/2015;15:21:00;189;Acidente sem Vítima;768;BR-040/MG;Norte;Choque com objeto fixo;1;0;0;0;0;0;0;0;0;0;1;0;0;0;0
08/03/2015;11:44:00;121;Acidente sem Vítima;16,7;BR-040/GO;Norte;Outros;1;0;0;0;0;0;0;0;0;0;2;0;0;0;0
08/03/2015;20:43:00;258;Acidente com Vítima;19;BR-040/GO;Sul;Colisão traseira;2;0;0;0;0;0;0;0;0;0;1;1;0;0;0
08/03/2015;19:42:00;237;Acidente sem Vítima;24;BR-040/GO;Norte;Abalroamento - Longitudinal;2;0;0;0;0;0;0;0;0;0;2;0;0;0;0
08/03/2015;17:19:00;202;Acidente sem Vítima;448;BR-040/MG;Norte;Capotamento;1;0;0;0;0;0;0;0;0;0;1;0;0;0;0
08/03/2015;19:10:00;230;Acidente com Vítima;503;BR-040/MG;Sul;Outros;1;0;0;1;0;0;0;0;0;0;1;2;0;0;0
08/03/2015;20:26:00;252;Acidente sem Vítima;527;BR-040/MG;Sul;Capotamento;1;0;0;0;0;0;0;0;0;0;1;0;0;0;0
08/03/2015;16:41:00;191;Acidente sem Vítima;527;BR-040/MG;Norte;Outros;1;0;0;0;0;0;0;0;0;0;4;0;0;0;0
08/03/2015;21:18:00;267;Acidente sem Vítima;530;BR-040/MG;Sul;Colisão traseira;2;0;0;0;0;0;0;0;0;0;2;0;0;0;0
08/03/2015;06:45:00;7;Acidente sem Vítima;560;BR-040/MG;Sul;Capotamento;1;0;0;0;0;0;0;0;0;0;8;0;0;0;0
08/03/2015;19:43:00;238;Acidente com Vítima;570;BR-040/MG;Norte;Abalroamento - Transversal;1;0;0;1;0;0;0;0;0;0;0;2;2;0;0
08/03/2015;18:46:00;221;Acidente sem Vítima;580;BR-040/MG;Norte;Colisão traseira;1;0;1;0;0;0;0;0;0;0;2;0;0;0;0
08/03/2015;07:01:00;12;Acidente sem Vítima;586;BR-040/MG;Sul;Capotamento;1;0;0;0;0;0;0;0;0;0;1;0;0;0;0
08/03/2015;07:53:00;26;Acidente sem Vítima;695;BR-040/MG;Sul;Outros;1;0;0;0;0;0;0;0;0;0;1;0;0;0;0
08/03/2015;03:05:00;44;Acidente sem Vítima;729;BR-040/MG;Sul;Outros;1;0;0;0;0;0;0;0;0;0;1;0;0;0;0
09/03/2015;07:21:00;34;Acidente sem Vítima;1;BR-040/GO;Norte;Colisão traseira;2;0;0;0;0;0;0;0;0;0;2;0;0;0;0
09/03/2015;16:36:00;233;Acidente com Vítima;3;BR-040/GO;Norte;Outros;0;0;0;2;0;0;0;0;0;0;2;1;0;0;0
09/03/2015;23:19:00;310;Acidente sem Vítima;7,001;BR-040/GO;Norte;Colisão traseira;2;0;0;0;0;0;0;0;0;0;2;0;0;0;0
09/03/2015;17:25:00;246;Acidente sem Vítima;127;BR-040/MG;Sul;Abalroamento - Longitudinal;0;0;2;0;0;0;0;0;0;0;2;0;0;0;0
09/03/2015;22:49:00;307;Acidente sem Vítima;34;BR-040/GO;Sul;Outros;1;0;0;0;0;0;0;0;0;0;2;0;0;0;0
09/03/2015;17:48:00;249;Acidente sem Vítima;165;BR-040/MG;Sul;Choque com objeto fixo;0;0;1;0;0;0;0;0;0;0;1;0;0;0;0
09/03/2015;15:42:00;216;Acidente sem Vítima;521;BR-040/MG;Norte;Queda de Carga;1;0;0;0;0;0;0;0;0;0;1;0;0;0;0
09/03/2015;11:33:00;135;Acidente sem Vítima;529;BR-040/MG;Sul;Colisão traseira;3;0;0;0;0;0;0;0;0;0;3;0;0;0;0