data;horario;n_da_ocorrencia;tipo_de_ocorrencia;km;trecho;sentido;tipo_de_acidente;automovel;bicicleta;caminhao;moto;onibus;outros;tracao_animal;transporte_de_cargas_especiais;trator_maquinas;utilitarios;ilesos;levemente_feridos;moderadamente_feridos;gravemente_feridos;mortos
09/03/2015;08:36:00;58;Acidente com Vítima;533;BR-040/MG;Sul;Abalroamento - Longitudinal;1;0;0;1;0;0;0;0;0;0;1;1;0;0;0
09/03/2015;19:14:00;270;Acidente sem Vítima;534;BR-040/MG;Sul;Outros;1;0;0;1;0;0;0;0;0;0;2;0;0;0;0
09/03/2015;00:52:00;5;Acidente com Vítima;624,005;BR-040/MG;Norte;Outros;1;0;0;0;0;0;0;0;0;0;0;1;0;0;0
09/03/2015;15:35:00;215;Acidente sem Vítima;62;BR-040/GO;Sul;Outros;0;0;1;0;0;0;0;0;0;0;2;0;0;0;0
09/03/2015;11:34:00;137;Acidente sem Vítima;691,005;BR-040/MG;Norte;Capotamento;1;0;0;0;0;0;0;0;0;0;1;0;0;0;0
09/03/2015;10:15:00;100;Acidente sem Vítima;719;BR-040/MG;Norte;Choque em defensa;1;0;0;0;0;0;0;0;0;0;1;0;0;0;0
10/03/2015;17:38:00;215;Acidente com Vítima;2;BR-040/DF;Sul;Outros;0;0;0;1;0;0;0;0;0;0;0;0;0;0;0
10/03/2015;06:13:00;35;Acidente com Vítima;3;BR-040/GO;Norte;Colisão traseira;1;0;0;1;0;0;0;0;0;0;1;2;0;0;0
10/03/2015;12:33:00;145;Acidente sem Vítima;5;BR-040/GO;Sul;Abalroamento - Longitudinal;1;0;1;0;0;0;0;0;0;0;2;0;0;0;0
10/03/2015;09:21:00;87;Acidente com Vítima;129;BR-040/MG;Norte;Outros;1;0;0;0;0;0;0;0;0;0;0;2;0;0;0
10/03/2015;20:23:00;256;Acidente com Vítima;130;BR-040/MG;Norte;Colisão traseira;0;0;1;1;0;0;0;0;0;0;1;0;1;0;0
10/03/2015;01:32:00;11;Acidente com Vítima;463;BR-040/MG;Sul;Capotamento;1;0;0;0;0;0;0;0;0;0;0;0;1;0;0
10/03/2015;10:33:00;105;Acidente sem Vítima;467;BR-040/MG;Sul;Capotamento;0;0;0;0;0;0;0;0;0;1;2;0;0;0;0
10/03/2015;23:42:00;295;Acidente sem Vítima;470;BR-040/MG;Norte;Outros;1;0;0;0;0;0;0;0;0;0;1;0;0;0;0
10/03/2015;14:23:00;168;Acidente sem Vítima;499;BR-040/MG;Sul;Outros;1;0;0;0;0;0;0;0;0;0;2;0;0;0;0
10/03/2015;21:25:00;281;Acidente com Vítima;513,5;BR-040/MG;Sul;Outros;1;0;0;0;0;0;0;0;0;0;1;1;0;0;0
10/03/2015;02:50:00;21;Acidente com Vítima;514;BR-040/MG;Norte;Capotamento;1;0;0;0;0;0;0;0;0;0;0;0;1;0;0
10/03/2015;09:20:00;84;Acidente com Vítima;516;BR-040/MG;Norte;Choque com objeto fixo;0;0;1;0;0;0;0;0;0;0;1;0;0;0;0
10/03/2015;21:17:00;277;Acidente sem Vítima;524;BR-040/MG;Norte;Outros;1;0;0;0;0;0;0;0;0;0;1;0;0;0;0
10/03/2015;18:37:00;225;Acidente sem Vítima;534;BR-040/MG;Sul;Colisão traseira;1;0;1;0;0;0;0;0;0;0;2;0;0;0;0
10/03/2015;14:30:00;170;Acidente com Vítima;541;BR-040/MG;Sul;Outros;0;0;0;1;0;0;0;0;0;0;0;1;0;0;0
10/03/2015;03:53:00;24;Acidente sem Vítima;541,3;BR-040/MG;Norte;Choque com objeto fixo;0;0;1;0;0;0;0;0;0;0;1;0;0;0;0
10/03/2015;04:25:00;25;Acidente sem Vítima;565;BR-040/MG;Norte;Colisão traseira;0;0;1;0;0;1;0;0;0;0;2;0;0;0;0
10/03/2015;11:41:00;127;Acidente sem Vítima;571;BR-040/MG;Norte;Abalroamento - Longitudinal;0;0;3;0;0;0;0;0;0;0;3;0;0;0;0
10/03/2015;13:08:00;153;Acidente sem Vítima;656;BR-040/MG;Norte;Outros;1;0;0;0;0;0;0;0;0;0;1;0;0;0;0
10/03/2015;12:12:00;139;Acidente sem Vítima;660;BR-040/MG;Norte;Colisão traseira;3;0;0;0;0;0;0;0;0;0;5;0;0;0;0
10/03/2015;20:58:00;273;Atropelamento com Morte;667;BR-040/MG;Norte;Atropelamento - Pedestre atravessando;1;0;0;0;0;0;0;0;0;0;2;0;0;0;1
11/03/2015;10:38:00;111;Acidente sem Vítima;0;BR-040/DF;Norte;Outros;0;0;0;1;0;0;0;0;0;0;1;0;0;0;0
11/03/2015;15:59:00;189;Acidente sem Vítima;1,8;BR-040/GO;Norte;Abalroamento - Longitudinal;1;0;0;1;0;0;0;0;0;0;2;0;0;0;0
11/03/2015;17:45:00;215;Acidente sem Vítima;2;BR-040/GO;Sul;Colisão traseira;2;0;0;0;0;0;0;0;0;0;2;0;0;0;0
11/03/2015;17:06:00;211;Acidente com Vítima;51;BR-040/MG;Sul;Abalroamento - Longitudinal;1;0;0;0;0;1;0;0;0;0;4;2;0;0;0
11/03/2015;11:34:00;129;Acidente sem Vítima;289;BR-040/MG;Norte;Queda de Carga;0;0;1;0;0;0;0;0;0;0;1;0;0;0;0
11/03/2015;13:12:00;159;Acidente com Vítima;460;BR-040/MG;Sul;Outros;0;0;0;1;0;0;0;0;0;0;0;1;0;0;0
11/03/2015;19:18:00;217;Acidente sem Vítima;506;BR-040/MG;Sul;Colisão traseira;1;0;0;1;0;0;0;0;0;0;2;0;0;0;0
11/03/2015;13:04:00;157;Acidente sem Vítima;513;BR-040/MG;Sul;Capotamento;2;0;0;0;0;0;0;0;0;0;2;0;0;0;0
11/03/2015;06:34:00;37;Acidente sem Vítima;519;BR-040/MG;Norte;Outros;0;0;0;1;0;0;0;0;0;0;1;0;0;0;0
11/03/2015;07:07:00;44;Acidente com Vítima;524,5;BR-040/MG;Sul;Colisão traseira;1;0;0;1;0;0;0;0;0;0;1;1;0;0;0
11/03/2015;06:31:00;36;Acidente sem Vítima;525,1;BR-040/MG;Sul;Abalroamento - Longitudinal;1;0;2;0;0;0;0;0;0;0;3;0;0;0;0
11/03/2015;14:09:00;168;Acidente sem Vítima;532;BR-040/MG;Sul;Abalroamento - Transversal;1;0;1;0;0;0;0;0;0;0;2;0;0;0;0
11/03/2015;18:30:00;221;Acidente sem Vítima;538;BR-040/MG;Norte;Colisão traseira;0;0;1;1;0;0;0;0;0;1;5;0;0;0;0
11/03/2015;01:22:00;7;Acidente sem Vítima;540;BR-040/MG;Norte;Outros;0;0;1;0;0;0;0;0;0;0;2;0;0;0;0
11/03/2015;07:44:00;57;Acidente com Vítima;560;BR-040/MG;Norte;Outros;0;0;0;1;0;0;0;0;0;0;0;1;0;0;0
11/03/2015;21:02:00;250;Acidente sem Vítima;568;BR-040/MG;Sul;Outros;1;0;0;0;0;0;0;0;0;0;1;0;0;0;0
11/03/2015;16:27:00;196;Acidente com Vítima;568;BR-040/MG;Norte;Abalroamento - Longitudinal;2;0;0;0;0;0;0;0;0;0;1;2;0;0;0
11/03/2015;01:01:00;6;Acidente sem Vítima;620;BR-040/MG;Sul;Capotamento;1;0;0;0;0;0;0;0;0;0;4;0;0;0;0
11/03/2015;22:43:00;265;Acidente sem Vítima;622;BR-040/MG;Norte;Colisão traseira;2;0;0;0;0;0;0;0;0;0;2;0;0;0;0
11/03/2015;08:08:00;65;Acidente sem Vítima;633;BR-040/MG;Sul;Abalroamento - Transversal;1;0;0;0;1;0;0;0;0;0;1;0;0;0;0
11/03/2015;21:51:00;260;Acidente sem Vítima;660;BR-040/MG;Norte;Outros;0;0;1;0;0;0;0;0;0;0;1;0;0;0;0
11/03/2015;18:25:00;219;Acidente sem Vítima;82,5;BR-040/GO;Norte;Outros;1;0;1;0;0;0;0;0;0;0;4;0;0;0;0
11/03/2015;11:52:00;136;Acidente sem Vítima;90,1;BR-040/GO;Sul;Queda de Carga;0;0;2;0;0;0;0;0;0;0;4;0;0;0;0
11/03/2015;01:30:00;8;Acidente com Vítima;93;BR-040/GO;Sul;Outros;0;0;0;1;0;0;0;0;0;0;0;0;1;0;0
11/03/2015;11:06:00;122;Acidente sem Vítima;676;BR-040/MG;Sul;Capotamento;0;0;1;0;0;0;0;0;0;0;1;0;0;0;0
11/03/2015;16:47:00;204;Acidente com Vítima;695;BR-040/MG;Sul;Capotamento;1;0;0;0;0;0;0;0;0;0;1;0;0;0;0
12/03/2015;21:18:00;325;Atropelamento sem Morte;2;BR-040/GO;Sul;Atropelamento - Pedestre atravessando;1;0;0;0;0;0;0;0;0;0;0;0;1;0;0
12/03/2015;20:02:00;311;Acidente com Vítima;4;BR-040/GO;Sul;Abalroamento - Longitudinal;1;0;0;1;0;0;0;0;0;0;1;0;1;0;0
12/03/2015;06:40:00;48;Acidente sem Vítima;6;BR-040/DF;Norte;Abalroamento - Longitudinal;2;0;0;0;0;0;0;0;0;0;2;0;0;0;0
12/03/2015;11:58:00;178;Acidente sem Vítima;130;BR-040/MG;Norte;Abalroamento - Longitudinal;2;0;0;0;0;0;0;0;0;0;2;0;0;0;0
12/03/2015;14:37:00;220;Acidente sem Vítima;222;BR-040/MG;Norte;Abalroamento - Longitudinal;2;0;0;0;0;0;0;0;0;0;2;0;0;0;0
12/03/2015;19:47:00;306;Acidente sem Vítima;496;BR-040/MG;Norte;Outros;0;0;0;0;1;0;0;0;0;0;20;0;0;0;0
12/03/2015;03:29:00;32;Acidente sem Vítima;505;BR-040/MG;Norte;Outros;0;0;1;0;0;0;0;0;0;0;1;0;0;0;0
12/03/2015;00:13:00;4;Acidente sem Vítima;509;BR-040/MG;Norte;Outros;0;0;0;0;0;0;0;0;0;1;2;0;0;0;0
12/03/2015;05:59:00;41;Acidente sem Vítima;516;BR-040/MG;Sul;Abalroamento - Longitudinal;1;0;0;0;1;0;0;0;0;0;2;0;0;0;0
12/03/2015;08:28:00;84;Acidente sem Vítima;521,005;BR-040/MG;Norte;Colisão traseira;1;0;1;0;0;0;0;0;0;0;2;0;0;0;0
12/03/2015;13:05:00;201;Acidente sem Vítima;530;BR-040/MG;Norte;Outros;1;0;0;0;0;0;0;0;0;0;1;0;0;0;0
12/03/2015;19:17:00;296;Acidente sem Vítima;532;BR-040/MG;Sul;Colisão traseira;2;0;0;0;0;0;0;0;0;0;2;0;0;0;0
12/03/2015;00:00:00;1;Acidente sem Vítima;566;BR-040/MG;Sul;Colisão traseira;2;0;0;0;0;0;0;0;0;0;2;0;0;0;0
12/03/2015;12:30:00;188;Acidente sem Vítima;571;BR-040/MG;Norte;Colisão traseira;1;0;1;0;0;0;0;0;0;0;3;0;0;0;0
12/03/2015;22:03:00;335;Acidente sem Vítima;660;BR-040/MG;Sul;Colisão traseira;2;0;0;0;0;0;0;0;0;0;2;0;0;0;0
12/03/2015;14:54:00;227;Acidente sem Vítima;693;BR-040/MG;Sul;Colisão traseira;1;0;0;1;0;0;0;0;0;0;2;0;0;0;0
12/03/2015;02:32:00;24;Acidente sem Vítima;732,2;BR-040/MG;Norte;Outros;1;0;0;0;0;0;0;0;0;0;1;0;0;0;0
12/03/2015;09:01:00;94;Acidente sem Vítima;735,005;BR-040/MG;Norte;Outros;1;0;0;0;0;0;0;0;0;0;1;0;0;0;0
12/03/2015;15:52:00;239;Acidente sem Vítima;751,8;BR-040/MG;Norte;Queda de Carga;1;0;0;0;0;0;0;0;0;0;4;0;0;0;0
12/03/2015;17:43:00;274;Acidente sem Vítima;765;BR-040/MG;Norte;Colisão traseira;2;0;0;0;0;0;0;0;0;0;2;0;0;0;0
13/03/2015;21:20:00;296;Acidente sem Vítima;4;BR-040/DF;Sul;Colisão traseira;1;0;1;0;0;0;0;0;0;0;2;0;0;0;0
13/03/2015;17:15:00;229;Acidente sem Vítima;5;BR-040/GO;Sul;Colisão traseira;1;0;0;1;0;0;0;0;0;0;3;0;0;0;0
13/03/2015;07:54:00;50;Acidente com Vítima;6;BR-040/DF;Norte;Abalroamento - Longitudinal;1;0;0;1;0;0;0;0;0;0;2;0;1;0;0
13/03/2015;06:05:00;18;Acidente sem Vítima;6;BR-040/GO;Norte;Choque com objeto fixo;0;0;1;0;0;0;0;0;0;0;1;0;0;0;0
13/03/2015;16:10:00;208;Acidente com Vítima;8;BR-040/GO;Norte;Abalroamento - Longitudinal;0;0;0;2;0;0;0;0;0;0;0;2;0;0;0
13/03/2015;08:43:00;67;Acidente com Vítima;237;BR-040/MG;Sul;Abalroamento - Longitudinal;1;0;0;0;1;0;0;0;0;0;2;0;1;0;0
13/03/2015;06:29:00;27;Acidente com Vítima;253;BR-040/MG;Norte;Choque em defensa;1;0;0;0;0;0;0;0;0;0;0;0;0;0;0
13/03/2015;06:47:00;32;Acidente com Vítima;511;BR-040/MG;Sul;Outros;0;0;0;1;0;1;0;0;0;0;0;2;0;0;0
13/03/2015;11:04:00;117;Acidente sem Vítima;513;BR-040/MG;Norte;Abalroamento - Longitudinal;2;0;0;0;0;0;0;0;0;0;2;0;0;0;0
13/03/2015;16:34:00;221;Acidente sem Vítima;518;BR-040/MG;Norte;Outros;0;0;0;1;0;0;0;0;0;0;2;0;0;0;0
13/03/2015;11:24:00;129;Acidente com Vítima;567;BR-040/MG;Sul;Colisão frontal;1;0;0;1;0;0;0;0;0;0;0;5;0;0;0
13/03/2015;02:02:00;10;Acidente sem Vítima;620;BR-040/MG;Sul;Atropelamento - Animal;1;0;0;0;0;0;0;0;0;0;5;0;0;0;0
13/03/2015;01:26:00;8;Acidente com Vítima;80,7;BR-040/GO;Norte;Abalroamento - Longitudinal;1;0;0;1;0;0;0;0;0;0;2;1;0;0;0
13/03/2015;14:47:00;183;Acidente com Vítima;685;BR-040/MG;Norte;Colisão traseira;1;0;1;0;0;0;0;0;0;0;1;1;0;0;0
13/03/2015;14:21:00;175;Acidente sem Vítima;716;BR-040/MG;Norte;Outros;1;0;0;0;0;0;0;0;0;0;4;0;0;0;0
13/03/2015;15:12:00;189;Acidente sem Vítima;717;BR-040/MG;Sul;Capotamento;0;0;0;0;0;0;0;0;0;1;1;0;0;0;0
13/03/2015;17:19:00;230;Acidente sem Vítima;719;BR-040/MG;Sul;Outros;1;0;0;0;0;0;0;0;0;0;1;0;0;0;0
13/03/2015;16:12:00;209;Acidente sem Vítima;728;BR-040/MG;Norte;Outros;1;0;0;0;0;0;0;0;0;0;1;0;0;0;0
13/03/2015;15:04:00;187;Acidente sem Vítima;735;BR-040/MG;Norte;Capotamento;1;0;0;0;0;0;0;0;0;0;1;0;0;0;0
13/03/2015;13:21:00;161;Acidente sem Vítima;740;BR-040/MG;Sul;Abalroamento - Longitudinal;0;0;2;0;0;0;0;0;0;0;2;0;0;0;0
14/03/2015;19:01:00;215;Acidente sem Vítima;0;BR-040/GO;Sul;Colisão traseira;3;0;0;0;0;0;0;0;0;1;12;0;0;0;0
14/03/2015;01:52:00;11;Acidente sem Vítima;2;BR-040/GO;Sul;Colisão traseira;1;0;0;1;0;0;0;0;0;0;3;0;0;0;0
14/03/2015;21:05:00;242;Acidente com Vítima;2,5;BR-040/GO;Sul;Abalroamento - Transversal;0;0;1;1;0;0;0;0;0;0;3;1;0;0;0
14/03/2015;00:47:00;4;Acidente com Vítima;3;BR-040/GO;Sul;Abalroamento - Longitudinal;1;0;0;1;0;0;0;0;0;0;1;2;0;0;0
14/03/2015;19:33:00;216;Acidente sem Vítima;7;BR-040/GO;Sul;Outros;1;0;0;0;0;0;0;0;0;0;1;0;0;0;0
14/03/2015;19:17:00;223;Acidente sem Vítima;7,3;BR-040/GO;Sul;Colisão traseira;1;0;0;1;0;0;0;0;0;0;3;0;0;0;0
14/03/2015;20:44:00;235;Atropelamento sem Morte;7,5;BR-040/GO;Norte;Atropelamento - Pedestre atravessando;1;0;0;0;0;0;0;0;0;0;0;1;0;0;0
14/03/2015;18:35:00;203;Acidente sem Vítima;7,5;BR-040/GO;Norte;Abalroamento - Longitudinal;1;0;1;0;0;0;0;0;0;0;4;0;0;0;0
14/03/2015;00:22:00;3;Acidente sem Vítima;11;BR-040/GO;Sul;Colisão traseira;0;0;0;1;0;0;0;0;0;1;2;0;0;0;0
14/03/2015;08:06:00;47;Acidente com Vítima;15,8;BR-040/GO;Sul;Colisão traseira;0;0;1;0;0;0;0;0;0;1;0;4;0;0;0
14/03/2015;08:41:00;58;Acidente sem Vítima;364;BR-040/MG;Norte;Capotamento;1;0;0;0;0;0;0;0;0;0;1;0;0;0;0
14/03/2015;20:43:00;228;Acidente sem Vítima;510,7;BR-040/MG;Norte;Outros;1;0;0;0;0;0;0;0;0;0;3;0;0;0;0
14/03/2015;04:03:00;18;Atropelamento sem Morte;514;BR-040/MG;Sul;Atropelamento - Pedestre caminhando;1;0;0;0;0;0;0;0;0;0;1;0;0;0;0
14/03/2015;01:00:00;5;Acidente com Vítima;569;BR-040/MG;Sul;Choque com objeto fixo;1;0;0;0;0;0;0;0;0;0;1;0;0;0;0
14/03/2015;19:06:00;211;Acidente sem Vítima;569,9;BR-040/MG;Sul;Colisão traseira;2;0;0;0;0;0;0;0;0;0;2;0;0;0;0
14/03/2015;19:34:00;217;Acidente sem Vítima;659,9;BR-040/MG;Sul;Outros;0;0;0;1;0;0;0;0;0;0;2;0;0;0;0
14/03/2015;11:11:00;105;Atropelamento sem Morte;97;BR-040/GO;Sul;Atropelamento - Pedestre atravessando;1;0;0;0;0;0;0;0;0;0;1;0;0;0;0
14/03/2015;12:31:00;125;Acidente com Vítima;668;BR-040/MG;Norte;Abalroamento - Transversal;1;0;2;0;0;0;0;0;0;0;2;1;0;0;0
14/03/2015;09:13:00;75;Acidente com Vítima;700;BR-040/MG;Norte;Outros;0;0;0;1;0;0;0;0;0;0;0;0;1;0;0
14/03/2015;11:25:00;111;Acidente com Vítima;702;BR-040/MG;Norte;Outros;0;0;0;1;0;0;0;0;0;0;0;0;2;0;0
15/03/2015;22:19:00;234;Acidente sem Vítima;0,002;BR-040/MG;Norte;Outros;0;0;1;0;0;0;0;0;0;0;1;0;0;0;0
15/03/2015;18:19:00;175;Acidente com Vítima;5,5;BR-040/GO;Norte;Abalroamento - Longitudinal;1;0;0;1;0;0;0;0;0;0;1;1;0;0;0
15/03/2015;20:12:00;209;Acidente sem Vítima;497,8;BR-040/MG;Sul;Colisão traseira;2;0;0;0;0;0;0;0;0;0;6;0;0;0;0
15/03/2015;01:02:00;9;Acidente sem Vítima;500;BR-040/MG;Sul;Outros;1;0;0;0;0;0;0;0;0;0;1;0;0;0;0
15/03/2015;16:57:00;159;Acidente sem Vítima;500,6;BR-040/MG;Sul;Outros;1;0;0;0;0;0;0;0;0;0;1;0;0;0;0
15/03/2015;06:40:00;24;Acidente com Vítima;654;BR-040/MG;Sul;Outros;0;0;0;1;0;0;0;0;0;0;0;1;0;0;0
15/03/2015;04:03:00;12;Acidente sem Vítima;79;BR-040/GO;Norte;Outros;1;0;0;0;0;0;0;0;0;0;2;0;0;0;0
15/03/2015;06:43:00;25;Acidente sem Vítima;763;BR-040/MG;Sul;Choque com objeto fixo;1;0;0;0;0;0;0;0;0;0;1;0;0;0;0
16/03/2015;14:09:00;190;Acidente sem Vítima;2,7;BR-040/GO;Sul;Colisão traseira;1;0;0;1;0;0;0;0;0;0;2;0;0;0;0
16/03/2015;13:13:00;174;Acidente sem Vítima;5;BR-040/GO;Norte;Outros;1;0;0;0;0;0;0;0;0;0;1;0;0;0;0
16/03/2015;19:56:00;288;Acidente sem Vítima;7;BR-040/GO;Sul;Colisão traseira;2;0;0;0;0;0;0;0;0;0;4;0;0;0;0
16/03/2015;10:43:00;130;Acidente sem Vítima;404,5;BR-040/MG;Norte;Abalroamento - Longitudinal;1;0;2;0;0;0;0;0;0;0;3;0;0;0;0
16/03/2015;01:20:00;9;Acidente com Vítima;494,1;BR-040/MG;Norte;Atropelamento - Animal;1;0;0;0;0;0;0;0;0;0;0;0;1;0;0
16/03/2015;06:45:00;30;Acidente sem Vítima;510;BR-040/MG;Sul;Outros;1;0;0;0;0;0;0;0;0;0;1;0;0;0;0
16/03/2015;06:32:00;27;Acidente sem Vítima;510;BR-040/MG;Sul;Colisão traseira;2;0;0;0;0;0;0;0;0;0;3;0;0;0;0
16/03/2015;13:41:00;186;Acidente com Vítima;517;BR-040/MG;Norte;Colisão traseira;2;0;0;0;0;0;0;0;0;0;1;1;0;0;0
16/03/2015;18:17:00;261;Acidente sem Vítima;533,001;BR-040/MG;Norte;Colisão traseira;2;0;0;0;0;0;0;0;0;0;2;0;0;0;0
16/03/2015;08:43:00;81;Acidente com Vítima;534;BR-040/MG;Sul;Choque com objeto fixo;1;0;0;0;0;0;0;0;0;0;0;1;0;0;0
16/03/2015;17:37:00;246;Acidente com Vítima;614;BR-040/MG;Norte;Abalroamento - Transversal;0;0;1;1;0;0;0;0;0;0;1;1;0;1;0
16/03/2015;14:27:00;195;Acidente com Vítima;90;BR-040/GO;Norte;Outros;0;0;1;0;0;0;0;0;0;0;0;1;0;0;0
16/03/2015;06:10:00;22;Acidente com Vítima;702;BR-040/MG;Sul;Colisão frontal;1;0;0;2;0;0;0;0;0;0;1;1;0;0;0
16/03/2015;11:05:00;136;Acidente sem Vítima;752;BR-040/MG;Sul;Queda de Carga;0;0;1;0;0;0;0;0;0;0;2;0;0;0;0
17/03/2015;06:25:00;69;Acidente sem Vítima;24;BR-040/GO;Sul;Abalroamento - Longitudinal;0;0;1;0;1;0;0;0;0;0;2;0;0;0;0
17/03/2015;11:29:00;177;Acidente sem Vítima;89;BR-040/MG;Sul;Atropelamento - Animal;0;0;2;0;0;1;0;0;0;0;3;0;0;0;0
17/03/2015;19:39:00;308;Acidente sem Vítima;145;BR-040/MG;Norte;Outros;1;0;0;0;0;0;0;0;0;0;2;0;0;0;0
17/03/2015;23:14:00;350;Acidente sem Vítima;145,5;BR-040/MG;Sul;Capotamento;1;0;0;0;0;0;0;0;0;0;1;0;0;0;0
17/03/2015;10:01:00;145;Acidente sem Vítima;453;BR-040/MG;Sul;Choque com objeto fixo;0;0;0;1;0;0;0;0;0;0;1;0;0;0;0
17/03/2015;09:35:00;137;Acidente com Vítima;511;BR-040/MG;Norte;Colisão traseira;0;0;0;1;0;1;0;0;0;0;1;1;0;0;0
17/03/2015;19:15:00;297;Atropelamento sem Morte;523;BR-040/MG;Norte;Atropelamento - Pedestre atravessando;1;0;0;0;0;0;0;0;0;0;1;0;0;0;0
17/03/2015;09:25:00;132;Acidente com Vítima;539;BR-040/MG;Sul;Colisão traseira;1;0;0;1;0;0;0;0;0;1;2;1;0;0;0
17/03/2015;13:17:00;214;Acidente sem Vítima;543,5;BR-040/MG;Sul;Outros;0;0;1;0;0;0;0;0;0;0;1;0;0;0;0
17/03/2015;12:51:00;198;Acidente sem Vítima;546,4;BR-040/MG;Norte;Colisão traseira;2;0;0;0;0;0;0;0;0;0;2;0;0;0;0
17/03/2015;14:27:00;223;Acidente sem Vítima;752;BR-040/MG;Sul;Queda de Carga;1;0;0;0;0;0;0;0;0;0;1;0;0;0;0
18/03/2015;06:03:00;40;Acidente sem Vítima;3;BR-040/GO;Norte;Abalroamento - Longitudinal;1;0;0;0;1;0;0;0;0;0;2;0;0;0;0
18/03/2015;20:29:00;270;Acidente com Vítima;10,003;BR-040/GO;Sul;Outros;0;0;0;1;0;0;0;0;0;0;0;1;0;0;0
18/03/2015;19:55:00;255;Acidente sem Vítima;14,005;BR-040/GO;Norte;Outros;1;0;0;0;0;0;0;0;0;0;1;0;0;0;0
18/03/2015;07:55:00;73;Acidente com Vítima;142,6;BR-040/MG;Norte;Abalroamento - Longitudinal;1;0;0;1;0;0;0;0;0;0;2;0;0;0;0
18/03/2015;17:42:00;213;Acidente sem Vítima;520;BR-040/MG;Norte;Colisão traseira;2;0;0;0;0;0;0;0;0;0;2;0;0;0;0
18/03/2015;11:07:00;129;Acidente com Vítima;521;BR-040/MG;Norte;Outros;0;0;0;1;0;0;0;0;0;0;1;1;0;0;0
18/03/2015;18:38:00;226;Acidente sem Vítima;521,9;BR-040/MG;Norte;Colisão traseira;2;0;0;0;0;0;0;0;0;0;2;0;0;0;0
18/03/2015;18:15:00;219;Acidente com Vítima;524;BR-040/MG;Sul;Outros;0;0;0;1;0;0;0;0;0;0;0;1;0;0;0
18/03/2015;21:15:00;281;Acidente sem Vítima;55;BR-040/GO;Sul;Abalroamento - Longitudinal;1;0;1;0;0;0;0;0;0;0;2;0;0;0;0
18/03/2015;13:55:00;169;Acidente com Vítima;695;BR-040/MG;Sul;Atropelamento - Animal;0;0;0;1;0;0;0;0;0;0;0;0;1;0;0
19/03/2015;08:28:00;64;Acidente sem Vítima;1;BR-040/MG;Norte;Choque com objeto fixo;1;0;0;0;0;0;0;0;0;0;1;0;0;0;0
19/03/2015;15:20:00;184;Atropelamento sem Morte;2;BR-040/GO;Sul;Atropelamento - Pedestre atravessando;0;0;0;1;0;0;0;0;0;0;0;1;0;0;0
19/03/2015;19:35:00;251;Acidente sem Vítima;7;BR-040/GO;Norte;Colisão traseira;2;0;0;0;0;0;0;0;0;0;2;0;0;0;0
19/03/2015;11:14:00;113;Acidente com Vítima;7;BR-040/GO;Sul;Abalroamento - Longitudinal;1;0;0;0;1;0;0;0;0;0;2;1;0;0;0
19/03/2015;22:15:00;291;Acidente com Vítima;144,007;BR-040/MG;Sul;Colisão traseira;1;0;1;0;0;0;0;0;0;0;3;2;0;0;0
19/03/2015;13:42:00;154;Acidente sem Vítima;473;BR-040/MG;Norte;Abalroamento - Transversal;0;0;1;0;0;1;0;0;0;0;4;0;0;0;0
19/03/2015;23:34:00;301;Acidente sem Vítima;487,8;BR-040/MG;Norte;Colisão traseira;2;0;0;0;0;0;0;0;0;0;2;0;0;0;0
19/03/2015;23:24:00;299;Acidente sem Vítima;511;BR-040/MG;Sul;Atropelamento - Animal;1;0;0;0;0;0;0;0;0;0;1;0;0;0;0
19/03/2015;18:41:00;231;Acidente com Vítima;528,2;BR-040/MG;Norte;Outros;0;0;0;1;0;0;0;0;0;0;0;0;1;0;0
19/03/2015;19:36:00;252;Acidente sem Vítima;534;BR-040/MG;Norte;Abalroamento - Longitudinal;1;0;0;0;0;1;0;0;0;0;2;0;0;0;0
19/03/2015;22:27:00;293;Acidente sem Vítima;536,6;BR-040/MG;Norte;Choque em barreira New Jersey;1;0;0;0;0;0;0;0;0;0;1;0;0;0;0
19/03/2015;17:16:00;209;Acidente com Vítima;7;BR-040/DF;Norte;Colisão traseira;3;0;0;0;0;0;0;0;0;0;7;1;0;0;0
19/03/2015;14:45:00;173;Acidente com Morte;753,1;BR-040/MG;Sul;Colisão frontal;2;0;0;0;0;0;0;0;0;0;0;0;1;0;1
19/03/2015;16:54:00;205;Acidente sem Vítima;153;BR-040/GO;Sul;Outros;1;0;0;0;0;0;0;0;0;0;1;0;0;0;0
20/03/2015;07:31:00;49;Acidente sem Vítima;1;BR-040/GO;Norte;Abalroamento - Longitudinal;1;0;0;2;0;0;0;0;0;0;3;0;0;0;0
20/03/2015;14:27:00;173;Acidente sem Vítima;1,7;BR-040/GO;Sul;Colisão traseira;1;0;0;1;0;0;0;0;0;0;2;0;0;0;0
20/03/2015;19:39:00;266;Acidente com Vítima;2,005;BR-040/GO;Sul;Abalroamento - Longitudinal;1;0;0;1;0;0;0;0;0;0;1;1;0;0;0
20/03/2015;16:08:00;202;Acidente com Vítima;2,6;BR-040/GO;Sul;Colisão traseira;1;0;0;1;0;0;0;0;0;0;1;0;1;0;0
20/03/2015;09:29:00;99;Atropelamento sem Morte;8;BR-040/GO;Sul;Atropelamento - Pedestre atravessando;0;0;1;0;0;0;0;0;0;0;1;0;0;0;0
20/03/2015;16:48:00;217;Acidente com Vítima;25,5;BR-040/MG;Sul;Outros;1;0;1;0;0;0;0;0;0;0;1;1;0;0;0