data;horario;n_da_ocorrencia;tipo_de_ocorrencia;km;trecho;sentido;tipo_de_acidente;automovel;bicicleta;caminhao;moto;onibus;outros;tracao_animal;transporte_de_cargas_especiais;trator_maquinas;utilitarios;ilesos;levemente_feridos;moderadamente_feridos;gravemente_feridos;mortos
31/03/2015;13:16:00;132;Acidente com Vítima;613;BR-040/MG;Sul;Capotamento;2;0;0;0;0;0;0;0;0;0;2;2;0;0;0
31/03/2015;09:41:00;73;Acidente sem Vítima;640;BR-040/MG;Sul;Abalroamento - Longitudinal;1;0;1;0;0;0;0;0;0;0;2;0;0;0;0
31/03/2015;04:55:00;10;Acidente sem Vítima;53;BR-040/GO;Sul;Outros;0;0;1;0;0;0;0;0;0;0;1;0;0;0;0
31/03/2015;14:10:00;141;Acidente com Vítima;57;BR-040/GO;Norte;Abalroamento - Longitudinal;2;0;1;0;0;0;0;0;0;0;2;0;1;0;0
31/03/2015;04:34:00;9;Acidente sem Vítima;690,2;BR-040/MG;Norte;Atropelamento - Animal;1;0;0;0;0;0;0;0;0;0;2;0;0;0;0
01/04/2015;05:57:00;36;Acidente sem Vítima;7;BR-040/GO;Norte;Colisão traseira;2;0;0;0;0;0;0;0;0;0;2;0;0;0;0
01/04/2015;17:24:00;262;Atropelamento sem Morte;509,2;BR-040/MG;Sul;Atropelamento - Pedestre atravessando;0;0;0;1;0;0;0;0;0;0;1;0;0;0;0
01/04/2015;17:21:00;260;Acidente sem Vítima;522,005;BR-040/MG;Norte;Outros;1;0;1;0;0;0;0;0;0;0;2;0;0;0;0
01/04/2015;08:00:00;81;Acidente com Vítima;526,28;BR-040/MG;Norte;Colisão traseira;1;0;0;1;0;0;0;0;0;0;1;1;0;0;0
01/04/2015;06:32:00;44;Acidente sem Vítima;530,1;BR-040/MG;Sul;Colisão traseira;1;0;0;1;0;0;0;0;0;0;5;0;0;0;0
01/04/2015;09:50:00;130;Acidente com Vítima;551,42;BR-040/MG;Sul;Outros;1;0;0;0;0;0;0;0;0;0;1;1;0;0;0
01/04/2015;22:39:00;342;Acidente com Vítima;612;BR-040/MG;Sul;Outros;1;0;0;0;0;0;0;0;0;0;0;0;1;0;0
01/04/2015;05:41:00;35;Acidente sem Vítima;614;BR-040/MG;Sul;Outros;1;0;0;0;0;0;0;0;0;0;1;0;0;0;0
01/04/2015;10:33:00;144;Acidente sem Vítima;616;BR-040/MG;Sul;Colisão traseira;1;0;1;0;0;0;0;0;0;0;2;0;0;0;0
01/04/2015;22:57:00;346;Acidente sem Vítima;640;BR-040/MG;Sul;Abalroamento - Transversal;2;0;0;0;0;0;0;0;0;0;4;0;0;0;0
01/04/2015;10:40:00;147;Acidente sem Vítima;705,3;BR-040/MG;Norte;Outros;1;0;0;0;0;0;0;0;0;0;1;0;0;0;0
01/04/2015;09:07:00;111;Acidente sem Vítima;707,95;BR-040/MG;Norte;Outros;0;0;1;0;0;0;0;0;0;0;2;0;0;0;0
01/04/2015;08:23:00;92;Acidente com Vítima;735,5;BR-040/MG;Norte;Abalroamento - Longitudinal;1;0;0;1;0;0;0;0;0;0;0;0;2;0;0
02/04/2015;15:57:00;246;Acidente sem Vítima;0;BR-040/GO;Sul;Colisão traseira;2;0;0;0;0;0;0;0;0;0;2;0;0;0;0
02/04/2015;19:07:00;312;Atropelamento sem Morte;0,005;BR-040/GO;Sul;Atropelamento - Pedestre atravessando;1;0;0;0;0;0;0;0;0;0;1;0;0;0;0
02/04/2015;14:47:00;219;Acidente sem Vítima;1;BR-040/GO;Sul;Colisão traseira;2;0;0;0;0;0;0;0;0;0;2;0;0;0;0
02/04/2015;08:42:00;108;Acidente sem Vítima;2;BR-040/GO;Sul;Abalroamento - Longitudinal;0;0;1;0;1;0;0;0;0;0;2;0;0;0;0
02/04/2015;06:51:00;60;Acidente com Vítima;3;BR-040/GO;Sul;Abalroamento - Longitudinal;2;0;0;0;0;0;0;0;0;0;2;1;0;0;0
02/04/2015;13:02:00;192;Acidente sem Vítima;5;BR-040/GO;Norte;Abalroamento - Longitudinal;2;0;0;0;0;0;0;0;0;0;2;0;0;0;0
02/04/2015;11:09:00;159;Acidente sem Vítima;5,2;BR-040/GO;Sul;Choque com objeto fixo;1;0;0;0;0;0;0;0;0;0;1;0;0;0;0
02/04/2015;18:52:00;299;Acidente com Vítima;208,9;BR-040/MG;Sul;Colisão frontal;2;0;0;0;0;0;0;0;0;0;2;1;0;0;0
02/04/2015;20:27:00;335;Acidente com Vítima;350,3;BR-040/MG;Norte;Outros;1;0;0;0;0;0;0;0;0;0;0;1;0;0;0
02/04/2015;22:26:00;358;Acidente sem Vítima;393;BR-040/MG;Norte;Colisão traseira;2;0;0;0;0;0;0;0;0;0;2;0;0;0;0
02/04/2015;01:54:00;22;Acidente com Vítima;463;BR-040/MG;Sul;Outros;0;0;1;0;0;0;0;0;0;0;1;1;0;0;0
02/04/2015;14:45:00;227;Acidente sem Vítima;491,2;BR-040/MG;Norte;Colisão traseira;1;0;1;0;0;0;0;0;0;0;2;0;0;0;0
02/04/2015;10:08:00;142;Acidente sem Vítima;507,1;BR-040/MG;Sul;Colisão traseira;2;0;0;0;0;0;0;0;0;0;2;0;0;0;0
02/04/2015;14:33:00;216;Acidente sem Vítima;510,16;BR-040/MG;Norte;Colisão traseira;6;0;0;1;0;0;0;0;0;0;8;0;0;0;0
02/04/2015;14:54:00;222;Acidente sem Vítima;511,1;BR-040/MG;Sul;Colisão traseira;3;0;0;0;0;0;0;0;0;0;3;0;0;0;0
02/04/2015;14:57:00;225;Acidente sem Vítima;511,2;BR-040/MG;Norte;Colisão traseira;2;0;0;0;0;0;0;0;0;0;2;0;0;0;0
02/04/2015;16:16:00;249;Acidente sem Vítima;512,1;BR-040/MG;Norte;Colisão traseira;1;0;0;1;0;0;0;0;0;0;2;0;0;0;0
02/04/2015;12:08:00;174;Acidente com Vítima;514,814;BR-040/MG;Norte;Colisão traseira;1;0;0;0;1;0;0;0;0;0;1;0;0;2;0
02/04/2015;04:33:00;34;Acidente com Vítima;538,135;BR-040/MG;Sul;Outros;1;0;0;0;0;0;0;0;0;0;1;1;0;0;0
02/04/2015;11:52:00;170;Acidente com Vítima;620,8;BR-040/MG;Sul;Choque com objeto fixo;1;0;0;0;0;0;0;0;0;0;0;1;0;0;0
02/04/2015;22:06:00;355;Acidente sem Vítima;53,5;BR-040/GO;Norte;Capotamento;1;0;0;0;0;0;0;0;0;0;1;0;0;0;0
02/04/2015;19:49:00;324;Acidente sem Vítima;62;BR-040/GO;Sul;Abalroamento - Longitudinal;1;0;1;0;0;0;0;0;0;0;2;0;0;0;0
02/04/2015;10:37:00;152;Acidente sem Vítima;95;BR-040/GO;Sul;Colisão traseira;2;0;0;0;0;0;0;0;0;0;2;0;0;0;0
02/04/2015;15:02:00;228;Acidente sem Vítima;97;BR-040/GO;Norte;Abalroamento - Longitudinal;1;0;1;0;0;0;0;0;0;0;2;0;0;0;0
02/04/2015;21:57:00;353;Acidente com Vítima;727;BR-040/MG;Sul;Capotamento;1;0;0;0;0;0;0;0;0;0;2;1;0;0;0
02/04/2015;13:52:00;205;Acidente com Vítima;106;BR-040/GO;Sul;Queda de Carga;0;0;1;0;0;0;0;0;0;0;1;0;1;0;0
03/04/2015;16:25:00;147;Acidente com Vítima;144,1;BR-040/MG;Sul;Queda de Carga;0;0;1;0;0;0;0;0;0;0;1;1;0;0;0
03/04/2015;17:55:00;156;Acidente com Vítima;341;BR-040/MG;Sul;Outros;0;0;0;0;0;1;0;0;0;0;1;1;0;0;0
03/04/2015;12:36:00;103;Acidente sem Vítima;489;BR-040/MG;Norte;Abalroamento - Transversal;2;0;0;0;0;0;0;0;0;0;2;0;0;0;0
03/04/2015;03:09:00;25;Acidente sem Vítima;508,002;BR-040/MG;Norte;Capotamento;1;0;0;0;0;0;0;0;0;0;1;0;0;0;0
03/04/2015;18:44:00;165;Acidente com Vítima;567,8;BR-040/MG;Sul;Outros;0;0;0;1;0;0;0;0;0;0;0;0;2;0;0
03/04/2015;08:58:00;69;Acidente sem Vítima;594,7;BR-040/MG;Sul;Colisão traseira;2;0;0;0;0;0;0;0;0;0;2;0;0;0;0
03/04/2015;10:35:00;97;Acidente com Vítima;640;BR-040/MG;Sul;Colisão traseira;3;0;0;0;0;0;0;0;0;0;2;2;0;0;0
03/04/2015;18:14:00;161;Acidente sem Vítima;63,2;BR-040/GO;Sul;Outros;1;0;0;0;0;0;0;0;0;0;1;0;0;0;0
03/04/2015;06:37:00;41;Acidente sem Vítima;730;BR-040/MG;Sul;Capotamento;1;0;0;0;0;0;0;0;0;0;1;0;0;0;0
04/04/2015;17:40:00;124;Acidente sem Vítima;0;BR-040/MG;Sul;Choque com objeto fixo;1;0;0;0;0;0;0;0;0;0;1;0;0;0;0
04/04/2015;19:09:00;134;Acidente sem Vítima;3,005;BR-040/DF;Norte;Colisão traseira;2;0;0;0;0;0;0;0;0;0;2;0;0;0;0
04/04/2015;20:36:00;149;Acidente sem Vítima;7,5;BR-040/GO;Sul;Colisão traseira;2;0;0;0;0;0;0;0;0;0;2;0;0;0;0
04/04/2015;12:18:00;81;Acidente sem Vítima;29;BR-040/GO;Sul;Capotamento;1;0;0;0;0;0;0;0;0;0;1;0;0;0;0
04/04/2015;02:39:00;5;Acidente sem Vítima;218;BR-040/MG;Sul;Outros;1;0;0;0;0;0;0;0;0;0;1;0;0;0;0
04/04/2015;23:18:00;182;Atropelamento sem Morte;277;BR-040/MG;Sul;Atropelamento - Pedestre atravessando;0;0;0;1;0;0;0;0;0;0;1;0;0;1;0
04/04/2015;08:11:00;27;Acidente com Vítima;464,1;BR-040/MG;Sul;Outros;0;0;0;1;0;0;0;0;0;0;1;1;0;0;0
04/04/2015;09:15:00;37;Acidente com Vítima;476;BR-040/MG;Norte;Outros;0;0;0;1;0;0;0;0;0;0;0;2;0;0;0
04/04/2015;11:52:00;72;Acidente com Vítima;485;BR-040/MG;Norte;Outros;2;0;0;0;0;0;0;0;0;0;0;0;2;0;0
04/04/2015;19:11:00;135;Acidente com Vítima;522,6;BR-040/MG;Sul;Abalroamento - Longitudinal;1;0;0;1;0;0;0;0;0;0;1;0;1;0;0
04/04/2015;18:52:00;132;Acidente com Vítima;523;BR-040/MG;Sul;Colisão traseira;0;0;0;1;0;0;0;0;0;1;1;0;0;1;0
04/04/2015;00:15:00;1;Acidente sem Vítima;631,3;BR-040/MG;Norte;Atropelamento - Animal;1;0;0;0;0;0;0;0;0;0;2;0;0;0;0
04/04/2015;16:05:00;111;Acidente sem Vítima;124;BR-040/GO;Norte;Outros;1;0;0;0;0;0;0;0;0;0;1;0;0;0;0
05/04/2015;23:04:00;294;Acidente sem Vítima;2,5;BR-040/GO;Norte;Abalroamento - Longitudinal;1;0;0;1;0;0;0;0;0;0;2;0;0;0;0
05/04/2015;14:56:00;139;Acidente sem Vítima;5;BR-040/DF;Norte;Colisão traseira;2;0;0;0;0;0;0;0;0;0;2;0;0;0;0
05/04/2015;00:05:00;1;Acidente com Vítima;17;BR-040/GO;Sul;Outros;1;0;0;0;0;0;0;0;0;0;0;0;2;0;0
05/04/2015;15:06:00;143;Acidente com Vítima;26;BR-040/GO;Sul;Abalroamento - Transversal;1;0;0;1;0;0;0;0;0;0;1;1;0;0;0
05/04/2015;19:41:00;248;Acidente com Vítima;30;BR-040/GO;Sul;Colisão frontal;2;0;0;0;0;0;0;0;0;0;3;2;0;0;0
05/04/2015;19:34:00;244;Acidente sem Vítima;143,9;BR-040/MG;Sul;Abalroamento - Longitudinal;2;0;0;0;0;0;0;0;0;0;2;0;0;0;0
05/04/2015;08:03:00;47;Acidente sem Vítima;421,137;BR-040/MG;Norte;Outros;2;0;0;0;0;0;0;0;0;0;6;0;0;0;0
05/04/2015;18:03:00;216;Acidente sem Vítima;444,004;BR-040/MG;Norte;Capotamento;1;0;0;0;0;0;0;0;0;0;1;0;0;0;0
05/04/2015;20:11:00;252;Acidente sem Vítima;449;BR-040/MG;Norte;Colisão traseira;4;0;0;0;0;0;0;0;0;0;4;0;0;0;0
05/04/2015;18:11:00;221;Acidente sem Vítima;449,009;BR-040/MG;Sul;Colisão traseira;1;0;0;1;0;0;0;0;0;0;2;0;0;0;0
05/04/2015;18:56:00;237;Acidente com Vítima;455;BR-040/MG;Norte;Capotamento;1;0;0;0;0;0;0;0;0;0;8;1;0;0;0
05/04/2015;16:16:00;168;Acidente com Vítima;458;BR-040/MG;Sul;Colisão traseira;2;0;0;0;0;0;0;0;0;0;3;1;0;0;0
05/04/2015;20:32:00;259;Acidente sem Vítima;463;BR-040/MG;Sul;Colisão traseira;2;0;0;0;0;0;0;0;0;0;2;0;0;0;0
05/04/2015;16:20:00;170;Acidente sem Vítima;480,1;BR-040/MG;Sul;Colisão traseira;2;0;0;0;0;0;0;0;0;0;2;0;0;0;0
05/04/2015;14:04:00;116;Acidente sem Vítima;483,3;BR-040/MG;Sul;Colisão traseira;1;0;1;0;0;0;0;0;0;0;2;0;0;0;0
05/04/2015;15:41:00;155;Acidente com Morte;513,218;BR-040/MG;Norte;Capotamento;1;0;0;0;0;0;0;0;0;0;0;0;0;0;1
05/04/2015;18:09:00;220;Acidente sem Vítima;516;BR-040/MG;Sul;Outros;1;0;0;0;0;0;0;0;0;0;1;0;0;0;0
05/04/2015;11:41:00;80;Atropelamento sem Morte;517,5;BR-040/MG;Norte;Atropelamento - Pedestre atravessando;1;0;0;0;0;0;0;0;0;0;0;0;0;1;0
05/04/2015;06:59:00;34;Acidente sem Vítima;522,1;BR-040/MG;Norte;Outros;1;0;0;0;0;0;0;0;0;0;2;0;0;0;0
05/04/2015;06:14:00;26;Acidente sem Vítima;547,2;BR-040/MG;Norte;Colisão traseira;2;0;0;0;0;0;0;0;0;0;2;0;0;0;0
05/04/2015;14:40:00;132;Acidente sem Vítima;584;BR-040/MG;Sul;Capotamento;1;0;0;0;0;0;0;0;0;0;1;0;0;0;0
05/04/2015;10:48:00;70;Acidente sem Vítima;639,19;BR-040/MG;Norte;Outros;0;0;1;0;0;0;0;0;0;0;1;0;0;0;0
05/04/2015;03:17:00;18;Acidente sem Vítima;654,492;BR-040/MG;Sul;Choque em barreira New Jersey;1;0;0;0;0;0;0;0;0;0;1;0;0;0;0
05/04/2015;15:33:00;151;Acidente com Vítima;660;BR-040/MG;Norte;Colisão traseira;4;0;0;0;0;0;0;0;0;0;4;1;0;0;0
05/04/2015;01:21:00;13;Acidente com Vítima;47,3;BR-040/GO;Norte;Outros;0;0;0;1;0;0;0;0;0;0;0;2;0;0;0
05/04/2015;21:10:00;271;Acidente com Vítima;666,9;BR-040/MG;Sul;Abalroamento - Longitudinal;1;0;0;1;0;0;0;0;0;0;2;1;0;0;0
05/04/2015;10:05:00;63;Acidente sem Vítima;678;BR-040/MG;Norte;Outros;1;0;0;0;0;0;0;0;0;0;1;0;0;0;0
05/04/2015;09:05:00;53;Acidente com Vítima;752,221;BR-040/MG;Sul;Abalroamento - Longitudinal;1;0;0;1;0;0;0;0;0;0;2;1;1;0;0
06/04/2015;17:39:00;278;Atropelamento sem Morte;0;BR-040/GO;Sul;Atropelamento - Pedestre atravessando;0;0;0;1;0;0;0;0;0;0;0;0;0;0;0
06/04/2015;07:48:00;86;Acidente com Vítima;2,3;BR-040/DF;Norte;Outros;0;0;0;1;0;0;0;0;0;0;0;1;0;0;0
06/04/2015;17:59:00;284;Acidente sem Vítima;3;BR-040/GO;Norte;Abalroamento - Transversal;2;0;0;0;0;0;0;0;0;0;2;0;0;0;0
06/04/2015;06:18:00;38;Acidente com Vítima;4;BR-040/GO;Norte;Colisão traseira;1;0;0;1;0;0;0;0;0;0;1;1;0;0;0
06/04/2015;15:41:00;243;Acidente sem Vítima;494,279;BR-040/MG;Sul;Outros;1;0;0;0;0;0;0;0;0;0;1;0;0;0;0
06/04/2015;15:03:00;237;Acidente sem Vítima;521,12;BR-040/MG;Sul;Colisão traseira;1;0;0;1;0;0;0;0;0;0;2;0;0;0;0
06/04/2015;09:04:00;125;Acidente com Vítima;521,4;BR-040/MG;Norte;Outros;0;0;1;0;0;0;0;0;0;0;0;2;1;0;0
06/04/2015;22:55:00;346;Acidente sem Vítima;557;BR-040/MG;Norte;Choque com objeto fixo;0;0;1;0;0;0;0;0;0;0;1;0;0;0;0
06/04/2015;22:22:00;338;Acidente com Vítima;597,5;BR-040/MG;Norte;Outros;0;0;0;1;0;0;0;0;0;0;2;1;0;0;0
06/04/2015;20:22:00;319;Acidente sem Vítima;619;BR-040/MG;Norte;Abalroamento - Transversal;2;0;0;0;0;0;0;0;0;0;2;0;0;0;0
06/04/2015;17:36:00;276;Acidente sem Vítima;656,321;BR-040/MG;Sul;Outros;1;0;0;0;0;0;0;0;0;0;1;0;0;0;0
06/04/2015;16:31:00;262;Acidente com Vítima;97,5;BR-040/GO;Sul;Capotamento;1;0;0;0;0;0;0;0;0;0;0;0;0;0;0
06/04/2015;11:02:00;160;Acidente com Vítima;730,119;BR-040/MG;Norte;Capotamento;1;0;0;0;0;0;0;0;0;0;1;1;0;0;0
06/04/2015;07:41:00;79;Acidente sem Vítima;749,2;BR-040/MG;Norte;Outros;1;0;0;0;0;0;0;0;0;0;1;0;0;0;0
07/04/2015;07:34:00;53;Acidente sem Vítima;1,5;BR-040/GO;Norte;Abalroamento - Longitudinal;1;0;0;1;0;0;0;0;0;0;2;0;0;0;0
07/04/2015;21:50:00;260;Acidente com Vítima;2,15;BR-040/GO;Sul;Outros;0;0;0;1;0;0;0;0;0;0;0;1;0;0;0
07/04/2015;17:53:00;204;Acidente sem Vítima;51;BR-040/MG;Norte;Outros;1;0;0;0;0;0;0;0;0;0;1;0;0;0;0
07/04/2015;11:49:00;140;Acidente sem Vítima;71;BR-040/MG;Norte;Colisão frontal;1;0;1;0;0;0;0;0;0;0;2;0;0;0;0
07/04/2015;19:33:00;225;Acidente sem Vítima;498,7;BR-040/MG;Sul;Atropelamento - Animal;2;0;0;0;0;1;0;0;0;0;3;0;0;0;0
07/04/2015;07:11:00;41;Acidente sem Vítima;524;BR-040/MG;Sul;Colisão traseira;2;0;0;1;0;0;0;0;0;0;4;0;0;0;0
07/04/2015;10:37:00;125;Acidente com Vítima;551,001;BR-040/MG;Norte;Capotamento;1;0;0;0;0;0;0;0;0;0;0;1;0;0;0
07/04/2015;01:26:00;8;Acidente com Vítima;103;BR-040/GO;Norte;Colisão traseira;1;0;1;0;0;0;0;0;0;0;1;0;1;0;0
08/04/2015;11:45:00;150;Acidente com Vítima;2,5;BR-040/GO;Sul;Outros;0;0;1;1;0;0;0;0;0;0;1;0;1;0;0
08/04/2015;18:44:00;246;Acidente sem Vítima;4,005;BR-040/DF;Norte;Colisão traseira;2;0;0;0;0;0;0;0;0;0;2;0;0;0;0
08/04/2015;14:21:00;191;Acidente com Vítima;6;BR-040/DF;Sul;Colisão traseira;2;0;0;0;0;0;0;0;0;0;2;1;0;0;0
08/04/2015;06:22:00;27;Acidente sem Vítima;6,5;BR-040/DF;Norte;Abalroamento - Longitudinal;1;0;0;1;0;0;0;0;0;0;2;0;0;0;0
08/04/2015;23:21:00;289;Acidente com Vítima;17;BR-040/GO;Sul;Atropelamento - Animal;1;0;0;0;0;0;0;0;0;0;0;0;0;0;0
08/04/2015;03:21:00;16;Acidente sem Vítima;371;BR-040/MG;Norte;Capotamento;1;0;0;0;0;0;0;0;0;0;1;0;0;0;0
08/04/2015;19:58:00;261;Acidente sem Vítima;457,4;BR-040/MG;Norte;Outros;1;0;0;0;0;0;0;0;0;0;2;0;0;0;0
08/04/2015;06:45:00;33;Acidente com Vítima;510;BR-040/MG;Sul;Outros;1;0;0;0;0;0;0;0;0;0;2;2;0;0;0
08/04/2015;18:48:00;247;Acidente sem Vítima;517,6;BR-040/MG;Norte;Abalroamento - Transversal;2;0;0;0;0;0;0;0;0;0;2;0;0;0;0
08/04/2015;07:51:00;64;Acidente com Vítima;523;BR-040/MG;Sul;Colisão traseira;2;0;0;1;0;1;0;0;0;0;4;0;2;0;0
08/04/2015;06:35:00;29;Acidente sem Vítima;541;BR-040/MG;Sul;Colisão traseira;4;0;0;0;0;0;0;0;0;0;4;0;0;0;0
08/04/2015;14:12:00;188;Acidente com Vítima;613;BR-040/MG;Sul;Abalroamento - Longitudinal;2;0;0;0;0;0;0;0;0;0;2;0;0;0;0
08/04/2015;11:12:00;138;Acidente sem Vítima;656;BR-040/MG;Norte;Capotamento;1;0;0;0;0;0;0;0;0;0;1;0;0;0;0
08/04/2015;18:47:00;250;Acidente sem Vítima;660,4;BR-040/MG;Sul;Abalroamento - Longitudinal;2;0;0;0;0;0;0;0;0;0;2;0;0;0;0
09/04/2015;11:14:00;138;Acidente sem Vítima;1,005;BR-040/GO;Sul;Colisão traseira;2;0;0;0;0;0;0;0;0;0;2;0;0;0;0
09/04/2015;15:35:00;216;Acidente sem Vítima;6;BR-040/GO;Norte;Outros;1;0;0;0;0;0;0;0;0;0;1;0;0;0;0
09/04/2015;12:03:00;154;Acidente com Vítima;7;BR-040/GO;Norte;Abalroamento - Longitudinal;2;0;0;0;0;0;0;0;0;0;2;0;0;0;0
09/04/2015;19:50:00;285;Acidente sem Vítima;145;BR-040/MG;Sul;Colisão traseira;1;0;0;0;0;0;0;0;0;1;2;0;0;0;0
09/04/2015;14:07:00;187;Acidente sem Vítima;516,3;BR-040/MG;Sul;Colisão traseira;4;0;0;0;0;0;0;0;0;0;6;0;0;0;0
09/04/2015;14:14:00;191;Acidente sem Vítima;517,66;BR-040/MG;Norte;Outros;1;0;0;0;0;0;0;0;0;0;1;0;0;0;0
09/04/2015;07:45:00;54;Acidente sem Vítima;524,1;BR-040/MG;Sul;Colisão traseira;0;0;1;0;0;1;0;0;0;0;3;0;0;0;0
09/04/2015;16:40:00;234;Acidente sem Vítima;585;BR-040/MG;Norte;Colisão traseira;5;0;0;0;0;0;0;0;0;0;5;0;0;0;0
09/04/2015;12:28:00;161;Acidente sem Vítima;623,7;BR-040/MG;Norte;Outros;0;0;1;0;0;0;0;0;0;0;1;0;0;0;0
09/04/2015;06:41:00;25;Acidente com Vítima;711,3;BR-040/MG;Norte;Choque em barreira New Jersey;1;0;0;0;0;0;0;0;0;0;0;1;0;0;0
09/04/2015;08:59:00;89;Acidente com Vítima;757,5;BR-040/MG;Norte;Queda de Carga;0;0;1;0;0;0;0;0;0;0;0;1;0;0;0
10/04/2015;10:31:00;144;Acidente com Vítima;1,8;BR-040/GO;Norte;Colisão traseira;1;0;1;0;0;0;0;0;0;0;2;1;1;0;0
10/04/2015;15:54:00;228;Acidente com Vítima;2;BR-040/GO;Norte;Colisão traseira;1;0;0;1;0;0;0;0;0;0;1;0;2;0;0
10/04/2015;10:50:00;150;Acidente sem Vítima;5;BR-040/GO;Sul;Colisão traseira;2;0;0;0;0;0;0;0;0;0;2;0;0;0;0
10/04/2015;18:23:00;274;Acidente com Morte;5,7;BR-040/DF;Sul;Outros;1;0;0;1;0;0;0;0;0;0;1;0;0;0;1
10/04/2015;12:27:00;178;Acidente com Vítima;59,1;BR-040/MG;Sul;Choque com objeto fixo;1;0;0;0;0;0;0;0;0;0;1;0;1;0;0
10/04/2015;07:06:00;40;Acidente com Vítima;413,028;BR-040/MG;Norte;Outros;0;0;0;1;0;0;0;0;0;0;0;1;0;0;0
10/04/2015;12:01:00;170;Acidente sem Vítima;465,5;BR-040/MG;Norte;Colisão traseira;0;0;2;0;0;0;0;0;0;0;2;0;0;0;0
10/04/2015;13:49:00;195;Atropelamento sem Morte;473,047;BR-040/MG;Sul;Atropelamento - Pedestre caminhando;1;0;1;0;0;0;0;0;0;0;1;0;1;0;0
10/04/2015;20:59:00;312;Acidente sem Vítima;491,9;BR-040/MG;Norte;Colisão traseira;3;0;0;0;0;1;0;0;0;0;4;0;0;0;0
10/04/2015;21:24:00;318;Acidente sem Vítima;509;BR-040/MG;Sul;Colisão traseira;2;0;0;0;0;0;0;0;0;0;2;0;0;0;0
10/04/2015;07:33:00;52;Acidente com Vítima;515,917;BR-040/MG;Sul;Colisão traseira;0;0;0;1;0;0;0;0;0;0;1;0;0;1;0
10/04/2015;23:03:00;335;Acidente sem Vítima;539;BR-040/MG;Norte;Choque com objeto fixo;1;0;0;0;0;0;0;0;0;0;1;0;0;0;0
10/04/2015;05:10:00;25;Acidente com Vítima;682;BR-040/MG;Norte;Outros;1;0;0;0;0;0;0;0;0;0;0;0;1;0;0
10/04/2015;17:13:00;260;Acidente com Vítima;739;BR-040/MG;Norte;Colisão frontal;1;0;0;0;0;0;0;0;0;1;0;1;0;1;0
10/04/2015;15:24:00;216;Acidente sem Vítima;119;BR-040/GO;Norte;Abalroamento - Longitudinal;1;0;1;0;0;0;0;0;0;0;2;0;0;0;0
10/04/2015;13:06:00;184;Acidente com Vítima;138;BR-040/GO;Sul;Abalroamento - Longitudinal;1;0;1;0;0;0;0;0;0;0;0;2;0;0;0
11/04/2015;11:52:00;111;Acidente sem Vítima;1;BR-040/GO;Norte;Colisão traseira;1;0;0;1;0;0;0;0;0;0;2;0;0;0;0
11/04/2015;03:17:00;13;Acidente sem Vítima;2,5;BR-040/DF;Sul;Colisão traseira;1;0;0;0;0;0;0;0;0;1;3;0;0;0;0
11/04/2015;08:04:00;66;Acidente sem Vítima;3,2;BR-040/GO;Norte;Colisão traseira;2;0;0;0;0;0;0;0;0;0;2;0;0;0;0
11/04/2015;09:44:00;85;Acidente sem Vítima;141;BR-040/MG;Norte;Abalroamento - Longitudinal;1;0;1;0;0;0;0;0;0;0;2;0;0;0;0
11/04/2015;17:42:00;166;Acidente com Morte;145,2;BR-040/MG;Norte;Abalroamento - Transversal;1;0;1;1;0;0;0;0;0;0;1;1;0;0;2
11/04/2015;20:29:00;208;Acidente com Vítima;151;BR-040/MG;Norte;Colisão frontal;1;0;1;0;0;0;0;0;0;0;1;0;0;1;0
11/04/2015;06:19:00;29;Acidente sem Vítima;452;BR-040/MG;Sul;Choque com objeto fixo;1;0;0;0;0;0;0;0;0;0;1;0;0;0;0
11/04/2015;04:56:00;22;Acidente com Vítima;516;BR-040/MG;Sul;Outros;0;0;0;1;0;0;0;0;0;0;0;0;1;0;0
11/04/2015;17:19:00;164;Acidente com Morte;522,7;BR-040/MG;Sul;Abalroamento - Longitudinal;1;0;0;1;0;0;0;0;0;0;0;1;1;0;1
11/04/2015;13:57:00;130;Acidente sem Vítima;568;BR-040/MG;Sul;Capotamento;1;0;0;0;0;0;0;0;0;0;2;0;0;0;0
11/04/2015;20:24:00;207;Acidente com Morte;612,021;BR-040/MG;Sul;Colisão frontal;1;0;1;0;0;0;0;0;0;0;2;0;0;0;2
11/04/2015;16:34:00;153;Acidente sem Vítima;670;BR-040/MG;Sul;Capotamento;1;0;0;0;0;0;0;0;0;0;1;0;0;0;0
11/04/2015;06:55:00;40;Acidente com Vítima;740;BR-040/MG;Norte;Queda de Carga;0;0;0;0;0;1;0;0;0;0;0;1;1;0;0
12/04/2015;19:12:00;150;Acidente sem Vítima;0;BR-040/GO;Norte;Colisão traseira;2;0;0;0;0;0;0;0;0;0;2;0;0;0;0
12/04/2015;06:15:00;29;Acidente com Vítima;0,1;BR-040/GO;Norte;Colisão traseira;2;0;0;0;0;0;0;0;0;0;0;0;0;0;0
12/04/2015;19:35:00;158;Acidente sem Vítima;3;BR-040/GO;Norte;Colisão traseira;2;0;0;0;0;0;0;0;0;0;2;0;0;0;0
12/04/2015;03:45:00;22;Acidente com Vítima;4;BR-040/GO;Norte;Choque com objeto fixo;1;0;0;0;0;0;0;0;0;0;0;1;1;0;0
12/04/2015;06:01:00;27;Acidente com Vítima;6;BR-040/GO;Sul;Outros;1;0;0;0;0;0;0;0;0;0;0;1;0;0;0
12/04/2015;18:25:00;137;Acidente sem Vítima;7,4;BR-040/GO;Norte;Colisão traseira;2;0;0;0;0;0;0;0;0;0;2;0;0;0;0