data;horario;n_da_ocorrencia;tipo_de_ocorrencia;km;trecho;sentido;tipo_de_acidente;automovel;bicicleta;caminhao;moto;onibus;outros;tracao_animal;transporte_de_cargas_especiais;trator_maquinas;utilitarios;ilesos;levemente_feridos;moderadamente_feridos;gravemente_feridos;mortos
22/04/2015;18:59:00;302;Acidente sem Vítima;524,005;BR-040/MG;Sul;Outros;0;0;0;0;0;0;0;0;0;1;1;0;0;0;0
22/04/2015;11:24:00;155;Acidente sem Vítima;546;BR-040/MG;Sul;Capotamento;1;0;0;0;0;0;0;0;0;0;1;0;0;0;0
22/04/2015;13:50:00;202;Acidente com Vítima;552,044;BR-040/MG;Norte;Colisão traseira;3;0;1;0;0;0;0;0;0;0;7;1;0;0;0
22/04/2015;15:38:00;236;Acidente sem Vítima;552,9;BR-040/MG;Norte;Colisão traseira;2;0;0;0;0;0;0;0;0;0;4;0;0;0;0
22/04/2015;19:21:00;310;Acidente sem Vítima;588;BR-040/MG;Norte;Colisão traseira;1;0;1;0;0;0;0;0;0;0;2;0;0;0;0
22/04/2015;13:30:00;193;Acidente com Vítima;664;BR-040/MG;Sul;Colisão traseira;2;0;0;0;0;0;0;0;0;0;2;0;1;0;0
22/04/2015;00:06:00;3;Acidente sem Vítima;716;BR-040/MG;Norte;Outros;1;0;0;0;0;0;0;0;0;0;1;0;0;0;0
22/04/2015;21:05:00;336;Acidente com Vítima;729,5;BR-040/MG;Norte;Choque em barreira New Jersey;0;0;1;0;0;1;0;0;0;0;1;0;1;0;0
22/04/2015;10:20:00;137;Acidente sem Vítima;749;BR-040/MG;Norte;Outros;1;0;0;0;0;0;0;0;0;0;1;0;0;0;0
22/04/2015;18:04:00;277;Acidente sem Vítima;756,7;BR-040/MG;Sul;Outros;1;0;1;0;0;0;0;0;0;0;2;0;0;0;0
23/04/2015;07:50:00;85;Atropelamento sem Morte;43;BR-040/MG;Norte;Atropelamento - Ciclista;1;0;0;0;0;0;0;0;0;0;0;1;0;0;0
23/04/2015;21:45:00;293;Acidente sem Vítima;59,1;BR-040/MG;Norte;Choque com objeto fixo;0;0;1;0;0;0;0;0;0;0;1;0;0;0;0
23/04/2015;22:21:00;300;Acidente com Morte;413,5;BR-040/MG;Norte;Abalroamento - Transversal;2;0;0;0;0;0;0;0;0;0;3;2;0;0;1
23/04/2015;17:16:00;221;Acidente com Vítima;532,2;BR-040/MG;Norte;Colisão traseira;4;0;0;1;0;0;0;0;0;0;5;1;0;0;0
23/04/2015;17:05:00;218;Acidente sem Vítima;535;BR-040/MG;Norte;Abalroamento - Longitudinal;1;0;1;0;0;0;0;0;0;0;2;0;0;0;0
23/04/2015;18:03:00;231;Atropelamento sem Morte;539;BR-040/MG;Sul;Atropelamento - Pedestre atravessando;1;0;0;0;0;0;0;0;0;0;1;0;0;1;0
23/04/2015;09:47:00;123;Acidente sem Vítima;541;BR-040/MG;Sul;Colisão traseira;5;0;0;0;0;0;0;0;0;0;5;0;0;0;0
23/04/2015;21:01:00;281;Acidente sem Vítima;584,7;BR-040/MG;Sul;Abalroamento - Longitudinal;1;0;1;0;0;0;0;0;0;0;2;0;0;0;0
23/04/2015;05:30:00;27;Acidente com Vítima;728,5;BR-040/MG;Sul;Capotamento;1;0;0;0;0;0;0;0;0;0;1;1;0;0;0
23/04/2015;08:10:00;91;Acidente sem Vítima;732;BR-040/MG;Norte;Capotamento;1;0;0;0;0;0;0;0;0;0;1;1;0;0;0
23/04/2015;12:57:00;162;Acidente com Vítima;113,8;BR-040/GO;Norte;Capotamento;2;0;0;0;0;0;0;0;0;0;1;0;2;0;0
23/04/2015;02:22:00;9;Acidente sem Vítima;750,5;BR-040/MG;Sul;;1;0;0;0;0;0;0;0;0;0;1;0;0;0;0
24/04/2015;19:26:00;224;Acidente sem Vítima;5,5;BR-040/GO;Norte;Colisão traseira;1;0;0;1;0;0;0;0;0;0;2;0;0;0;0
24/04/2015;18:45:00;215;Acidente com Vítima;5,6;BR-040/GO;Sul;Outros;0;0;1;1;0;0;0;0;0;0;2;0;0;0;0
24/04/2015;20:15:00;232;Acidente sem Vítima;6,025;BR-040/GO;Sul;Colisão traseira;2;0;0;0;0;0;0;0;0;0;5;0;0;0;0
24/04/2015;08:58:00;80;Acidente sem Vítima;471;BR-040/MG;Sul;Capotamento;1;0;0;0;0;0;0;0;0;0;1;0;0;0;0
24/04/2015;17:32:00;193;Acidente sem Vítima;523,3;BR-040/MG;Sul;Capotamento;1;0;0;0;0;0;0;0;0;0;1;0;0;0;0
24/04/2015;07:01:00;36;Acidente sem Vítima;533;BR-040/MG;Sul;Colisão traseira;0;0;1;1;0;0;0;0;0;0;2;0;1;0;0
24/04/2015;18:25:00;208;Acidente sem Vítima;555,4;BR-040/MG;Norte;Colisão traseira;2;0;0;0;0;0;0;0;0;0;2;0;0;0;0
24/04/2015;18:42:00;213;Acidente sem Vítima;580,8;BR-040/MG;Sul;Choque em barreira New Jersey;1;0;0;0;0;0;0;0;0;0;5;0;0;0;0
24/04/2015;18:41:00;212;Acidente sem Vítima;7,9;BR-040/DF;Norte;Outros;1;0;0;0;0;0;0;0;0;0;2;0;0;0;0
24/04/2015;09:27:00;88;Acidente com Vítima;666,5;BR-040/MG;Norte;Capotamento;1;0;0;0;0;0;0;0;0;0;1;1;0;0;0
24/04/2015;07:03:00;41;Acidente com Vítima;701,5;BR-040/MG;Sul;Outros;0;0;0;2;0;0;0;0;0;0;2;1;0;0;0
24/04/2015;22:20:00;259;Acidente com Vítima;727,5;BR-040/MG;Sul;Capotamento;1;0;0;0;0;0;0;0;0;0;0;1;0;0;0
24/04/2015;23:10:00;273;Acidente sem Vítima;751,8;BR-040/MG;Sul;Queda de Carga;0;0;1;0;0;0;0;0;0;0;2;0;0;0;0
25/04/2015;20:07:00;311;Atropelamento com Morte;9,3;BR-040/GO;Sul;Atropelamento - Pedestre caminhando;1;0;0;0;0;0;0;0;0;0;1;0;0;0;1
25/04/2015;23:53:00;365;Acidente com Vítima;463;BR-040/MG;Sul;Atropelamento - Animal;1;0;0;0;0;0;0;0;0;0;0;4;0;0;0
25/04/2015;14:40:00;200;Acidente sem Vítima;470,1;BR-040/MG;Norte;Outros;1;0;0;0;0;0;0;0;0;0;1;0;0;0;0
25/04/2015;06:51:00;34;Acidente sem Vítima;474;BR-040/MG;Sul;Choque com objeto fixo;1;0;0;0;0;0;0;0;0;0;1;0;0;0;0
25/04/2015;12:26:00;155;Acidente sem Vítima;494,2;BR-040/MG;Norte;Outros;1;0;0;0;0;0;0;0;0;0;2;0;0;0;0
25/04/2015;15:14:00;213;Acidente com Vítima;522,02;BR-040/MG;Sul;Colisão traseira;2;0;0;1;0;0;0;0;0;0;1;4;0;0;0
25/04/2015;14:38:00;196;Acidente sem Vítima;523,29;BR-040/MG;Sul;Outros;1;0;0;0;0;0;0;0;0;0;1;0;0;0;0
25/04/2015;22:33:00;354;Acidente com Vítima;525,1;BR-040/MG;Norte;Colisão traseira;1;0;0;1;0;0;0;0;0;0;1;1;0;0;0
25/04/2015;14:49:00;204;Acidente sem Vítima;525,5;BR-040/MG;Norte;Outros;0;0;0;1;0;0;0;0;0;0;2;0;0;0;0
25/04/2015;20:37:00;324;Atropelamento sem Morte;532;BR-040/MG;Sul;Atropelamento - Pedestre atravessando;1;0;0;0;0;0;0;0;0;0;1;1;0;0;0
25/04/2015;18:28:00;266;Acidente sem Vítima;533;BR-040/MG;Norte;Colisão traseira;5;0;0;0;0;0;0;0;0;0;5;0;0;0;0
25/04/2015;01:07:00;6;Acidente sem Vítima;538,5;BR-040/MG;Norte;Choque em barreira New Jersey;1;0;0;0;0;0;0;0;0;0;2;0;0;0;0
25/04/2015;11:48:00;142;Acidente sem Vítima;587,5;BR-040/MG;Norte;Colisão traseira;0;0;1;0;1;0;0;0;0;0;2;0;0;0;0
25/04/2015;13:42:00;174;Acidente com Morte;594,1;BR-040/MG;Sul;Colisão frontal;2;0;1;0;0;0;0;0;0;0;1;0;0;0;2
25/04/2015;10:40:00;109;Acidente sem Vítima;627;BR-040/MG;Norte;Colisão traseira;1;0;1;0;0;0;0;0;0;0;2;0;0;0;0
25/04/2015;20:58:00;329;Acidente com Vítima;153;BR-040/GO;Norte;Choque com objeto fixo;1;0;0;0;0;0;0;0;0;0;0;1;0;0;0
26/04/2015;16:06:00;158;Acidente com Vítima;8,6;BR-040/GO;Norte;Abalroamento - Longitudinal;1;0;0;1;0;0;0;0;0;0;1;0;1;0;0
26/04/2015;00:05:00;2;Acidente sem Vítima;533;BR-040/MG;Norte;Colisão traseira;1;0;1;0;0;0;0;0;0;0;2;0;0;0;0
26/04/2015;11:55:00;93;Acidente com Vítima;547;BR-040/MG;Norte;Abalroamento - Longitudinal;0;0;1;1;0;0;0;0;0;0;1;1;0;0;0
26/04/2015;16:01:00;154;Acidente com Vítima;584;BR-040/MG;Norte;Outros;1;0;0;0;0;0;0;0;0;0;0;0;1;0;0
26/04/2015;06:51:00;27;Acidente sem Vítima;644;BR-040/MG;Norte;Abalroamento - Longitudinal;2;0;0;0;0;0;0;0;0;0;2;0;0;0;0
26/04/2015;17:59:00;183;Acidente sem Vítima;644,6;BR-040/MG;Norte;Colisão traseira;2;0;0;0;0;1;0;0;0;0;6;0;0;0;0
26/04/2015;16:04:00;156;Acidente com Vítima;654;BR-040/MG;Norte;Choque com objeto fixo;0;0;1;0;0;0;0;0;0;0;2;1;0;0;0
26/04/2015;12:40:00;101;Acidente com Vítima;696,9;BR-040/MG;Sul;Outros;1;0;0;0;0;0;0;0;0;0;1;1;0;0;0
27/04/2015;00:35:00;10;Acidente sem Vítima;2,9;BR-040/GO;Sul;Abalroamento - Longitudinal;2;0;0;0;0;0;0;0;0;0;2;0;0;0;0
27/04/2015;17:11:00;219;Acidente com Vítima;4,1;BR-040/GO;Sul;Capotamento;1;0;0;0;0;0;0;0;0;0;0;1;1;0;0
27/04/2015;11:56:00;167;Acidente com Morte;521,1;BR-040/MG;Norte;Abalroamento - Longitudinal;2;0;1;0;0;0;0;0;0;0;2;0;0;1;1
27/04/2015;07:31:00;80;Acidente com Vítima;539,5;BR-040/MG;Sul;Colisão traseira;1;0;0;1;0;0;0;0;0;0;1;0;0;0;0
27/04/2015;01:10:00;15;Acidente sem Vítima;618,6;BR-040/MG;Norte;Outros;1;0;0;0;0;0;0;0;0;0;5;0;0;0;0
27/04/2015;09:01:00;123;Acidente com Vítima;656;BR-040/MG;Norte;Choque em barreira New Jersey;1;0;0;0;0;0;0;0;0;0;0;0;1;0;0
27/04/2015;19:16:00;253;Acidente sem Vítima;65,24;BR-040/GO;Norte;Capotamento;1;0;0;0;0;0;0;0;0;0;1;0;0;0;0
27/04/2015;18:23:00;234;Atropelamento sem Morte;737,7;BR-040/MG;Sul;Atropelamento - Ciclista;0;0;0;1;0;0;0;0;0;0;1;0;0;0;0
27/04/2015;20:45:00;281;Acidente sem Vítima;745,3;BR-040/MG;Norte;Atropelamento - Animal;1;0;0;0;0;0;0;0;0;0;1;0;0;0;0
28/04/2015;16:24:00;194;Acidente sem Vítima;7,8;BR-040/GO;Norte;Choque com objeto fixo;1;0;0;0;0;0;0;0;0;0;1;0;0;0;0
28/04/2015;07:54:00;77;Acidente sem Vítima;22;BR-040/GO;Sul;Colisão traseira;2;0;0;0;0;0;0;0;0;0;2;0;0;0;0
28/04/2015;07:08:00;42;Acidente sem Vítima;479;BR-040/MG;Norte;Colisão traseira;0;0;1;0;1;0;0;0;0;0;2;0;0;0;0
28/04/2015;16:38:00;196;Acidente sem Vítima;515;BR-040/MG;Sul;Outros;0;0;1;0;0;0;0;0;0;0;1;0;0;0;0
28/04/2015;16:24:00;193;Acidente sem Vítima;515;BR-040/MG;Sul;Outros;1;0;0;0;0;0;0;0;0;0;1;0;0;0;0
28/04/2015;22:34:00;280;Acidente sem Vítima;518,3;BR-040/MG;Norte;Capotamento;1;0;0;0;0;0;0;0;0;0;1;0;0;0;0
28/04/2015;08:59:00;104;Acidente sem Vítima;538;BR-040/MG;Norte;Abalroamento - Longitudinal;1;0;1;0;0;0;0;0;0;0;2;0;0;0;0
28/04/2015;22:48:00;282;Acidente sem Vítima;565,9;BR-040/MG;Sul;Choque em defensa;1;0;0;0;0;0;0;0;0;0;2;0;0;0;0
28/04/2015;12:43:00;149;Acidente com Vítima;566,7;BR-040/MG;Norte;Colisão traseira;0;0;1;0;0;1;0;0;0;0;1;0;1;0;0
28/04/2015;12:14:00;143;Acidente sem Vítima;593,5;BR-040/MG;Sul;Choque em barreira New Jersey;1;0;0;0;0;0;0;0;0;0;1;0;0;0;0
28/04/2015;18:37:00;227;Acidente sem Vítima;643,1;BR-040/MG;Norte;Colisão traseira;0;0;0;0;0;2;0;0;0;0;2;0;0;0;0
29/04/2015;07:39:00;68;Acidente com Vítima;1;BR-040/GO;Norte;Colisão traseira;0;0;0;2;0;0;0;0;0;0;2;2;0;0;0
29/04/2015;18:34:00;291;Atropelamento sem Morte;9;BR-040/GO;Sul;Atropelamento - Pedestre atravessando;0;0;0;1;0;0;0;0;0;0;0;0;0;1;0
29/04/2015;17:39:00;274;Acidente sem Vítima;16;BR-040/GO;Norte;Colisão traseira;3;0;0;0;0;0;0;0;0;0;3;0;0;0;0
29/04/2015;23:06:00;350;Acidente sem Vítima;81;BR-040/MG;Norte;Colisão traseira;0;0;1;0;1;0;0;0;0;0;2;0;0;0;0
29/04/2015;17:06:00;263;Acidente sem Vítima;91;BR-040/MG;Sul;Colisão traseira;2;0;0;0;0;0;0;0;0;0;2;0;0;0;0
29/04/2015;22:19:00;345;Acidente com Vítima;459,3;BR-040/MG;Sul;Colisão traseira;0;0;1;0;0;1;0;0;0;0;1;1;0;0;0
29/04/2015;19:32:00;304;Acidente sem Vítima;483,2;BR-040/MG;Norte;Abalroamento - Longitudinal;0;0;2;0;0;0;0;0;0;0;2;0;0;0;0
29/04/2015;19:43:00;310;Acidente com Vítima;526,9;BR-040/MG;Norte;Colisão traseira;1;0;0;1;0;0;0;0;0;0;1;1;0;0;0
29/04/2015;15:56:00;236;Acidente sem Vítima;527,005;BR-040/MG;Sul;Outros;1;0;0;0;0;0;0;0;0;0;1;0;0;0;0
29/04/2015;14:40:00;215;Acidente sem Vítima;529;BR-040/MG;Norte;Outros;0;0;2;0;0;0;0;0;0;0;2;0;0;0;0
29/04/2015;18:05:00;279;Acidente com Vítima;537,5;BR-040/MG;Norte;Abalroamento - Longitudinal;1;0;0;1;0;0;0;0;0;0;1;1;0;0;0
29/04/2015;06:50:00;40;Acidente com Vítima;541;BR-040/MG;Sul;Outros;0;0;0;1;0;0;0;0;0;0;0;0;1;1;0
29/04/2015;02:26:00;11;Acidente com Vítima;546,7;BR-040/MG;Sul;Outros;1;0;0;0;0;0;0;0;0;0;0;0;1;0;0
29/04/2015;18:21:00;284;Acidente sem Vítima;564,2;BR-040/MG;Norte;Colisão traseira;1;0;1;0;0;0;0;0;0;0;4;0;0;0;0
29/04/2015;17:36:00;271;Acidente sem Vítima;582;BR-040/MG;Sul;Outros;2;0;0;0;0;0;0;0;0;0;2;0;0;0;0
30/04/2015;20:54:00;328;Acidente sem Vítima;3;BR-040/DF;Sul;Colisão traseira;1;0;0;1;0;0;0;0;0;0;2;1;0;0;0
30/04/2015;10:57:00;151;Acidente sem Vítima;3;BR-040/GO;Norte;Colisão traseira;2;0;0;0;0;0;0;0;0;0;2;0;0;0;0
30/04/2015;05:47:00;21;Acidente sem Vítima;3,5;BR-040/GO;Norte;Colisão traseira;2;0;1;0;0;0;0;0;0;0;3;0;0;0;0
30/04/2015;17:11:00;268;Acidente sem Vítima;43;BR-040/MG;Norte;Abalroamento - Longitudinal;1;0;0;1;0;0;0;0;0;0;2;0;0;0;0
30/04/2015;05:38:00;20;Acidente sem Vítima;24;BR-040/GO;Sul;Abalroamento - Longitudinal;1;0;0;0;0;0;0;0;0;1;2;0;0;0;0
30/04/2015;20:39:00;325;Acidente sem Vítima;25,5;BR-040/GO;Norte;Choque com objeto fixo;1;0;0;0;0;0;0;0;0;0;1;1;0;0;0
30/04/2015;16:46:00;258;Acidente sem Vítima;90;BR-040/MG;Sul;Colisão traseira;2;0;0;0;0;0;0;0;0;0;2;0;0;0;0
30/04/2015;18:19:00;282;Acidente com Vítima;328,9;BR-040/MG;Sul;Outros;0;0;0;1;0;0;0;0;0;0;0;0;1;0;0
30/04/2015;14:46:00;210;Acidente sem Vítima;489,5;BR-040/MG;Norte;Colisão traseira;3;0;0;0;0;0;0;0;0;0;4;0;0;0;0
30/04/2015;13:23:00;182;Acidente sem Vítima;504,073;BR-040/MG;Norte;Colisão traseira;3;0;0;0;0;0;0;0;0;0;3;0;0;0;0
30/04/2015;00:35:00;5;Acidente sem Vítima;521,3;BR-040/MG;Norte;Capotamento;1;0;0;0;0;0;0;0;0;0;1;0;0;0;0
30/04/2015;18:22:00;283;Acidente sem Vítima;533,5;BR-040/MG;Norte;Colisão traseira;1;0;1;0;1;0;0;0;0;0;27;0;0;0;0
30/04/2015;15:31:00;232;Acidente sem Vítima;541;BR-040/MG;Norte;Choque em barreira New Jersey;0;0;1;0;0;0;0;0;0;0;2;0;0;0;0
30/04/2015;16:04:00;246;Acidente sem Vítima;541,007;BR-040/MG;Norte;Colisão traseira;1;0;1;0;0;0;0;0;0;0;2;0;0;0;0
30/04/2015;12:24:00;172;Acidente com Vítima;578;BR-040/MG;Norte;Colisão traseira;1;0;0;0;1;0;0;0;0;0;2;1;0;0;0
30/04/2015;20:28:00;321;Acidente com Vítima;581;BR-040/MG;Norte;Queda de Carga;2;0;0;0;0;0;0;0;0;0;3;0;0;0;0
30/04/2015;14:28:00;203;Acidente sem Vítima;593;BR-040/MG;Sul;Colisão traseira;3;0;0;0;0;0;0;0;0;0;3;0;0;0;0
30/04/2015;07:31:00;65;Acidente sem Vítima;728;BR-040/MG;Sul;Outros;0;0;1;0;0;0;0;0;0;0;1;0;0;0;0
30/04/2015;19:34:00;300;Acidente sem Vítima;754;BR-040/MG;Sul;Outros;1;0;0;0;0;0;0;0;0;0;1;0;0;0;0
01/05/2015;03:55:00;33;Acidente sem Vítima;13;BR-040/GO;Sul;Atropelamento - Animal;0;0;1;0;0;0;0;0;0;0;1;0;0;0;0
01/05/2015;20:56:00;206;Acidente com Vítima;16;BR-040/GO;Norte;Abalroamento - Longitudinal;3;0;0;0;0;0;0;0;0;0;4;1;0;0;0
01/05/2015;15:42:00;153;Acidente com Morte;16;BR-040/GO;Sul;Colisão traseira;1;0;0;1;0;0;0;0;0;0;2;0;0;0;1
01/05/2015;10:14:00;92;Acidente com Vítima;74;BR-040/MG;Norte;Capotamento;1;0;0;0;0;0;0;0;0;1;0;0;2;0;0
01/05/2015;16:53:00;168;Acidente sem Vítima;126,8;BR-040/MG;Sul;Colisão traseira;1;0;1;0;0;0;0;0;0;0;2;0;0;0;0
01/05/2015;12:35:00;121;Acidente com Morte;145,2;BR-040/MG;Sul;Abalroamento - Longitudinal;1;0;1;0;0;0;0;0;0;0;3;1;0;2;1
01/05/2015;08:06:00;65;Acidente com Vítima;153,3;BR-040/MG;Sul;Outros;1;0;0;0;0;0;0;0;0;0;0;2;0;0;0
01/05/2015;01:25:00;15;Acidente sem Vítima;162,5;BR-040/MG;Sul;Atropelamento - Animal;1;0;0;0;0;0;0;0;0;0;1;0;0;0;0
01/05/2015;02:15:00;22;Acidente sem Vítima;243;BR-040/MG;Sul;Atropelamento - Animal;0;0;0;0;1;0;0;0;0;0;1;0;0;0;0
01/05/2015;20:20:00;204;Acidente sem Vítima;277,005;BR-040/MG;Sul;Outros;0;0;0;1;0;0;0;0;0;0;1;0;0;0;0
01/05/2015;07:39:00;57;Acidente sem Vítima;370;BR-040/MG;Norte;Colisão traseira;3;0;0;0;0;0;0;0;0;0;3;0;0;0;0
01/05/2015;17:25:00;177;Acidente sem Vítima;425,2;BR-040/MG;Norte;Colisão traseira;2;0;0;0;0;0;0;0;0;0;2;0;0;0;0
01/05/2015;07:19:00;51;Acidente sem Vítima;460,2;BR-040/MG;Norte;Outros;1;0;0;0;0;0;0;0;0;0;1;0;0;0;0
01/05/2015;03:56:00;34;Acidente com Vítima;472,2;BR-040/MG;Sul;Choque em veículo parado na pista;1;0;1;0;0;0;0;0;0;0;2;1;0;0;0
01/05/2015;09:36:00;82;Acidente com Vítima;480,2;BR-040/MG;Norte;Capotamento;1;0;0;0;0;0;0;0;0;0;1;1;0;0;0
01/05/2015;08:59:00;75;Acidente sem Vítima;490;BR-040/MG;Norte;Colisão traseira;3;0;0;0;0;0;0;0;0;0;3;0;0;0;0
01/05/2015;09:44:00;84;Acidente com Vítima;511;BR-040/MG;Norte;Colisão traseira;3;0;0;0;0;0;0;0;0;0;2;1;0;0;0
01/05/2015;04:53:00;37;Acidente sem Vítima;520;BR-040/MG;Norte;Outros;1;0;0;0;0;0;0;0;0;0;3;0;0;0;0
01/05/2015;16:21:00;163;Acidente com Vítima;522,2;BR-040/MG;Norte;Outros;0;0;0;1;0;0;0;0;0;0;0;1;0;0;0
01/05/2015;22:43:00;217;Acidente sem Vítima;544;BR-040/MG;Sul;Colisão traseira;2;0;0;0;0;0;0;0;0;0;14;0;0;0;0
01/05/2015;10:43:00;100;Acidente sem Vítima;615;BR-040/MG;Sul;Colisão traseira;3;0;0;0;0;0;0;0;0;0;3;0;0;0;0
01/05/2015;03:31:00;32;Acidente com Vítima;45;BR-040/GO;Sul;Capotamento;1;0;0;0;0;0;0;0;0;0;0;1;0;0;0
01/05/2015;22:35:00;216;Acidente sem Vítima;669,05;BR-040/MG;Sul;Outros;1;0;0;0;0;0;0;0;0;0;2;0;0;0;0
01/05/2015;08:57:00;74;Acidente sem Vítima;679;BR-040/MG;Sul;Colisão traseira;2;0;0;1;0;0;0;0;0;0;3;0;0;0;0
01/05/2015;08:02:00;64;Acidente com Vítima;729;BR-040/MG;Norte;Capotamento;1;0;0;0;0;0;0;0;0;0;1;1;0;0;0
01/05/2015;12:09:00;120;Acidente com Vítima;749;BR-040/MG;Sul;Outros;0;0;1;0;0;0;0;0;0;0;0;0;1;0;0
02/05/2015;15:21:00;116;Acidente sem Vítima;5;BR-040/GO;Sul;Outros;0;0;0;1;0;0;0;0;0;0;1;0;0;0;0
02/05/2015;18:48:00;152;Acidente sem Vítima;25,2;BR-040/GO;Norte;Outros;2;0;0;0;0;0;0;0;0;0;2;0;0;0;0
02/05/2015;21:54:00;180;Acidente sem Vítima;101;BR-040/MG;Sul;Atropelamento - Animal;0;0;1;0;0;0;0;0;0;0;1;0;0;0;0
02/05/2015;21:11:00;175;Acidente sem Vítima;263,45;BR-040/MG;Norte;Abalroamento - Longitudinal;1;0;1;0;0;0;0;0;0;0;2;0;0;0;0
02/05/2015;12:18:00;89;Acidente sem Vítima;412;BR-040/MG;Sul;Abalroamento - Longitudinal;2;0;0;0;0;0;0;0;0;0;2;0;0;0;0
02/05/2015;15:06:00;113;Acidente com Vítima;451,1;BR-040/MG;Norte;Capotamento;1;0;0;0;0;0;0;0;0;0;0;0;2;0;0
02/05/2015;15:13:00;114;Acidente com Vítima;510,2;BR-040/MG;Norte;Abalroamento - Longitudinal;1;0;0;1;0;0;0;0;0;0;1;1;0;0;0
02/05/2015;17:05:00;133;Atropelamento sem Morte;513;BR-040/MG;Sul;Atropelamento - Pedestre atravessando;1;0;0;0;0;0;0;0;0;0;0;0;1;0;0
02/05/2015;14:17:00;106;Acidente sem Vítima;517,3;BR-040/MG;Norte;Capotamento;1;0;0;0;0;0;0;0;0;0;1;0;0;0;0
02/05/2015;23:04:00;185;Acidente sem Vítima;518,5;BR-040/MG;Norte;Outros;0;0;0;1;0;0;0;0;0;0;2;0;0;0;0
02/05/2015;09:05:00;50;Acidente com Morte;604,5;BR-040/MG;Sul;Queda de Carga;0;0;1;0;0;0;0;0;0;0;0;3;0;0;1
02/05/2015;12:13:00;88;Acidente com Vítima;652;BR-040/MG;Norte;Outros;0;0;1;1;0;0;0;0;0;0;1;1;0;0;0
03/05/2015;04:13:00;8;Acidente com Vítima;3,1;BR-040/GO;Sul;Outros;0;0;0;1;0;0;0;0;0;0;0;0;1;0;0
03/05/2015;18:14:00;209;Acidente com Vítima;3,8;BR-040/GO;Norte;Colisão traseira;3;0;0;0;0;0;0;0;0;0;7;1;0;0;0
03/05/2015;02:47:00;3;Acidente com Morte;24,05;BR-040/GO;Sul;Abalroamento - Longitudinal;2;0;0;0;0;0;0;0;0;0;1;0;3;0;1
03/05/2015;11:41:00;85;Acidente sem Vítima;95,1;BR-040/MG;Sul;Colisão traseira;2;0;0;0;0;0;0;0;0;0;2;0;0;0;0
03/05/2015;07:12:00;22;Acidente sem Vítima;127;BR-040/MG;Norte;Outros;1;0;0;0;0;0;0;0;0;0;1;0;0;0;0
03/05/2015;16:29:00;170;Acidente com Vítima;389,2;BR-040/MG;Sul;Outros;1;0;0;1;0;0;0;0;0;0;2;0;1;0;0
03/05/2015;13:31:00;117;Acidente com Vítima;415,5;BR-040/MG;Sul;Colisão frontal;2;0;0;0;0;0;0;0;0;0;3;2;0;0;0
03/05/2015;15:42:00;154;Acidente com Vítima;467,6;BR-040/MG;Sul;Capotamento;1;0;0;0;0;0;0;0;0;0;0;1;0;0;0
03/05/2015;21:19:00;257;Acidente com Vítima;479;BR-040/MG;Sul;Outros;1;0;0;1;0;0;0;0;0;0;1;1;0;0;0
03/05/2015;05:54:00;16;Acidente sem Vítima;484;BR-040/MG;Sul;Colisão traseira;2;0;0;0;0;0;0;0;0;0;2;0;0;0;0
03/05/2015;15:12:00;142;Acidente sem Vítima;503;BR-040/MG;Sul;Colisão traseira;5;0;0;1;0;0;0;0;0;0;6;0;0;0;0
03/05/2015;11:31:00;80;Acidente sem Vítima;504;BR-040/MG;Sul;Colisão traseira;5;0;0;0;0;0;0;0;0;0;5;0;0;0;0
03/05/2015;16:27:00;169;Acidente com Vítima;505;BR-040/MG;Sul;Colisão traseira;3;0;0;0;0;0;0;0;0;0;3;1;0;0;0
03/05/2015;20:12:00;248;Acidente com Vítima;507;BR-040/MG;Sul;Colisão traseira;2;0;0;0;0;0;0;0;0;0;2;1;0;0;0
03/05/2015;13:24:00;114;Atropelamento com Morte;512,997;BR-040/MG;Sul;Atropelamento - Pedestre atravessando;1;0;0;0;0;0;0;0;0;0;1;0;0;0;1
03/05/2015;13:46:00;120;Acidente com Vítima;534,364;BR-040/MG;Norte;Colisão traseira;1;0;0;1;0;0;0;0;0;0;4;1;0;0;0
03/05/2015;21:30:00;259;Acidente sem Vítima;535,005;BR-040/MG;Sul;Choque com objeto fixo;1;0;0;0;0;0;0;0;0;0;1;0;0;0;0
03/05/2015;14:27:00;129;Acidente com Vítima;551;BR-040/MG;Norte;Abalroamento - Longitudinal;1;0;0;1;0;0;0;0;0;0;2;1;0;0;0
03/05/2015;14:35:00;138;Acidente sem Vítima;551,257;BR-040/MG;Norte;Colisão traseira;3;0;0;0;0;0;0;0;0;0;3;0;0;0;0
03/05/2015;15:53:00;160;Acidente sem Vítima;558;BR-040/MG;Norte;Colisão traseira;3;0;0;0;0;0;0;0;0;0;3;0;0;0;0
03/05/2015;18:04:00;202;Acidente sem Vítima;576;BR-040/MG;Sul;Colisão traseira;2;0;0;0;0;0;0;0;0;0;3;0;0;0;0
03/05/2015;16:45:00;178;Acidente sem Vítima;577,5;BR-040/MG;Norte;Outros;2;0;0;0;0;0;0;0;0;0;7;0;0;0;0
03/05/2015;19:56:00;242;Acidente com Vítima;638;BR-040/MG;Norte;Abalroamento - Longitudinal;1;0;0;1;0;0;0;0;0;0;4;0;1;0;0
03/05/2015;15:54:00;159;Acidente com Vítima;658;BR-040/MG;Sul;Outros;3;0;0;0;0;0;0;0;0;0;3;1;2;0;0