data;horario;n_da_ocorrencia;tipo_de_ocorrencia;km;trecho;sentido;tipo_de_acidente;automovel;bicicleta;caminhao;moto;onibus;outros;tracao_animal;transporte_de_cargas_especiais;trator_maquinas;utilitarios;ilesos;levemente_feridos;moderadamente_feridos;gravemente_feridos;mortos
03/05/2015;16:50:00;180;Acidente sem Vítima;68;BR-040/GO;Norte;Colisão traseira;2;0;0;0;0;0;0;0;0;0;4;0;0;0;0
03/05/2015;18:34:00;215;Atropelamento sem Morte;660;BR-040/MG;Norte;;1;0;0;0;0;0;0;0;0;0;1;0;1;0;0
03/05/2015;18:29:00;213;Atropelamento sem Morte;673,1;BR-040/MG;Norte;Atropelamento - Pedestre atravessando;1;0;0;0;0;0;0;0;0;0;1;0;1;1;0
03/05/2015;15:15:00;144;Acidente com Vítima;766;BR-040/MG;Sul;Outros;0;0;0;1;0;0;0;0;0;0;1;1;0;0;0
04/05/2015;16:37:00;235;Acidente sem Vítima;1,8;BR-040/GO;Sul;Colisão traseira;0;0;0;2;0;0;0;0;0;0;2;0;0;0;0
04/05/2015;19:59:00;289;Acidente sem Vítima;3;BR-040/GO;Sul;Abalroamento - Longitudinal;2;0;0;0;0;0;0;0;0;0;2;0;0;0;0
04/05/2015;07:39:00;68;Acidente com Vítima;5,5;BR-040/DF;Norte;Abalroamento - Longitudinal;1;0;1;1;0;0;0;0;0;0;2;1;0;0;0
04/05/2015;14:56:00;212;Acidente com Vítima;25,092;BR-040/GO;Norte;Capotamento;0;0;0;0;0;0;0;0;0;1;0;1;0;0;0
04/05/2015;08:55:00;97;Acidente sem Vítima;334;BR-040/MG;Sul;Colisão frontal;2;0;0;0;0;0;0;0;0;0;5;0;0;0;0
04/05/2015;23:11:00;320;Acidente sem Vítima;441,5;BR-040/MG;Norte;Colisão traseira;0;0;2;0;0;0;0;0;0;0;2;0;0;0;0
04/05/2015;19:46:00;288;Acidente sem Vítima;506;BR-040/MG;Sul;Abalroamento - Transversal;1;0;0;1;0;0;0;0;0;0;4;0;0;0;0
04/05/2015;06:31:00;39;Acidente sem Vítima;511;BR-040/MG;Norte;Colisão traseira;2;0;0;0;0;0;0;0;0;0;2;0;0;0;0
04/05/2015;09:25:00;111;Acidente sem Vítima;515,5;BR-040/MG;Norte;Colisão traseira;1;0;1;0;0;0;0;0;0;0;2;0;0;0;0
04/05/2015;07:23:00;62;Atropelamento sem Morte;532,532;BR-040/MG;Sul;Atropelamento - Pedestre atravessando;0;0;0;1;0;0;0;0;0;0;1;0;0;0;0
04/05/2015;18:04:00;259;Acidente sem Vítima;535,005;BR-040/MG;Norte;Outros;1;0;0;0;0;0;0;0;0;0;1;0;0;0;0
04/05/2015;15:07:00;214;Acidente sem Vítima;538,284;BR-040/MG;Sul;Colisão frontal;1;0;0;0;1;0;0;0;0;0;2;0;0;0;0
04/05/2015;12:08:00;158;Acidente com Vítima;615;BR-040/MG;Sul;Queda de Carga;0;0;1;0;0;0;0;0;0;0;1;1;0;0;0
04/05/2015;20:26:00;296;Acidente sem Vítima;644;BR-040/MG;Sul;Outros;2;0;0;0;0;0;0;0;0;0;2;0;0;0;0
04/05/2015;19:27:00;281;Acidente sem Vítima;67,05;BR-040/GO;Norte;Queda de Carga;0;0;1;0;0;0;0;0;0;0;1;0;0;0;0
04/05/2015;09:34:00;113;Acidente com Vítima;661;BR-040/MG;Sul;Colisão frontal;2;0;0;0;0;0;0;0;0;0;1;3;0;0;0
04/05/2015;12:28:00;163;Acidente com Vítima;690,5;BR-040/MG;Sul;Outros;0;0;0;1;0;0;0;0;0;0;0;1;0;0;0
05/05/2015;20:02:00;277;Acidente sem Vítima;2,5;BR-040/DF;Norte;Colisão traseira;3;0;0;0;0;0;0;0;0;0;4;0;0;0;0
05/05/2015;09:48:00;126;Acidente com Vítima;86,2;BR-040/MG;Norte;Outros;0;0;0;1;0;0;0;0;0;0;0;2;0;0;0
05/05/2015;22:17:00;302;Acidente sem Vítima;464,2;BR-040/MG;Sul;Outros;1;0;0;0;0;0;0;0;0;0;2;0;0;0;0
05/05/2015;14:37:00;187;Acidente com Vítima;493;BR-040/MG;Norte;Outros;0;0;0;1;0;0;0;0;0;0;1;0;1;0;0
05/05/2015;07:34:00;73;Acidente sem Vítima;510;BR-040/MG;Norte;Outros;1;0;0;0;0;0;0;0;0;0;1;0;0;0;0
05/05/2015;23:48:00;319;Acidente sem Vítima;512,3;BR-040/MG;Sul;Outros;0;0;1;0;0;0;0;0;0;0;2;0;0;0;0
05/05/2015;10:12:00;131;Atropelamento sem Morte;513;BR-040/MG;Norte;;1;0;0;0;0;0;0;0;0;0;1;0;0;0;0
05/05/2015;04:45:00;30;Acidente com Vítima;515,1;BR-040/MG;Sul;Outros;0;0;0;1;0;0;0;0;0;0;0;0;1;0;0
05/05/2015;11:37:00;153;Acidente com Vítima;518,9;BR-040/MG;Sul;Outros;0;0;0;1;0;0;0;0;0;0;0;1;0;0;0
05/05/2015;07:25:00;72;Acidente com Vítima;521;BR-040/MG;Norte;Outros;0;0;0;1;0;0;0;0;0;0;0;1;0;0;0
05/05/2015;06:58:00;56;Acidente sem Vítima;528;BR-040/MG;Sul;Abalroamento - Longitudinal;1;0;1;0;0;0;0;0;0;0;2;0;0;0;0
05/05/2015;07:47:00;77;Acidente sem Vítima;541;BR-040/MG;Norte;Queda de Carga;1;0;0;0;0;0;0;0;0;0;1;0;0;0;0
05/05/2015;08:19:00;99;Acidente sem Vítima;548,3;BR-040/MG;Norte;Capotamento;1;0;0;0;0;0;0;0;0;0;2;0;0;0;0
05/05/2015;13:57:00;179;Acidente sem Vítima;552,5;BR-040/MG;Norte;Choque com objeto fixo;1;0;0;0;0;0;0;0;0;0;1;0;0;0;0
05/05/2015;13:04:00;168;Acidente com Vítima;563;BR-040/MG;Sul;Choque com objeto fixo;1;0;0;0;0;0;0;0;0;0;1;2;0;0;0
05/05/2015;23:09:00;312;Acidente sem Vítima;586,6;BR-040/MG;Norte;Outros;1;0;0;0;0;0;0;0;0;0;1;0;0;0;0
05/05/2015;18:17:00;242;Acidente sem Vítima;614,8;BR-040/MG;Sul;Abalroamento - Longitudinal;1;0;1;0;0;0;0;0;0;0;2;0;0;0;0
05/05/2015;19:49:00;275;Acidente com Vítima;624,5;BR-040/MG;Sul;Outros;0;0;0;1;0;0;0;0;0;0;0;1;0;0;0
05/05/2015;17:05:00;220;Acidente com Vítima;667,55;BR-040/MG;Sul;Abalroamento - Longitudinal;0;0;2;0;0;0;0;0;0;0;1;1;0;0;0
05/05/2015;22:14:00;301;Acidente sem Vítima;692,2;BR-040/MG;Norte;Queda de Carga;0;0;1;0;0;0;0;0;0;0;1;0;0;0;0
05/05/2015;00:25:00;9;Acidente sem Vítima;698,9;BR-040/MG;Sul;Outros;1;0;0;0;0;0;0;0;0;0;2;0;0;0;0
05/05/2015;04:51:00;31;Acidente sem Vítima;728,5;BR-040/MG;Sul;Outros;1;0;0;0;0;0;0;0;0;0;1;0;0;0;0
05/05/2015;10:30:00;138;Acidente sem Vítima;730;BR-040/MG;Norte;Outros;3;0;1;0;0;0;0;0;0;0;4;0;0;0;0
05/05/2015;10:09:00;129;Acidente sem Vítima;746;BR-040/MG;Sul;Capotamento;1;0;0;0;0;0;0;0;0;0;1;0;0;0;0
05/05/2015;17:15:00;224;Acidente sem Vítima;749,9;BR-040/MG;Sul;Outros;1;0;0;0;0;0;0;0;0;0;1;0;0;0;0
05/05/2015;08:40:00;107;Acidente sem Vítima;751;BR-040/MG;Norte;Outros;1;0;1;0;0;0;0;0;0;0;2;0;0;0;0
05/05/2015;23:51:00;320;Acidente sem Vítima;751,1;BR-040/MG;Sul;Outros;0;0;1;0;0;0;0;0;0;0;1;0;0;0;0
06/05/2015;19:16:00;268;Acidente sem Vítima;5,1;BR-040/DF;Sul;Outros;0;0;0;1;0;0;0;0;0;0;2;0;0;0;0
06/05/2015;22:33:00;316;Acidente com Vítima;36,2;BR-040/MG;Sul;Colisão traseira;1;0;1;0;0;0;0;0;0;0;2;3;0;0;0
06/05/2015;18:33:00;249;Acidente com Vítima;42,5;BR-040/MG;Norte;Colisão traseira;1;0;0;1;0;0;0;0;0;0;1;0;1;0;0
06/05/2015;06:39:00;50;Acidente sem Vítima;48;BR-040/MG;Sul;Abalroamento - Longitudinal;0;0;2;0;0;0;0;0;0;0;2;0;0;0;0
06/05/2015;09:05:00;113;Acidente com Vítima;139;BR-040/MG;Sul;Queda de Carga;0;0;1;0;0;0;0;0;0;0;0;1;0;0;0
06/05/2015;19:44:00;274;Acidente sem Vítima;358,147;BR-040/MG;Norte;Atropelamento - Animal;1;0;0;0;0;0;0;0;0;0;1;0;0;0;0
06/05/2015;08:12:00;89;Acidente com Vítima;430,2;BR-040/MG;Norte;Capotamento;1;0;1;0;0;0;0;0;0;0;1;1;0;0;0
06/05/2015;17:44:00;230;Acidente sem Vítima;444,2;BR-040/MG;Sul;Outros;0;0;1;0;0;0;0;0;0;0;2;0;0;0;0
06/05/2015;16:30:00;212;Acidente sem Vítima;463,2;BR-040/MG;Sul;Outros;1;0;0;0;0;0;0;0;0;0;1;0;0;0;0
06/05/2015;16:11:00;206;Acidente com Vítima;496;BR-040/MG;Norte;Outros;1;0;0;0;0;0;0;0;0;0;2;2;0;0;0
06/05/2015;12:42:00;155;Acidente sem Vítima;510;BR-040/MG;Norte;Outros;1;0;0;0;0;0;0;0;0;0;1;0;0;0;0
06/05/2015;13:01:00;161;Acidente sem Vítima;510,2;BR-040/MG;Norte;Colisão traseira;2;0;0;0;0;0;0;0;0;0;2;0;0;0;0
06/05/2015;13:12:00;163;Acidente sem Vítima;510,5;BR-040/MG;Norte;Abalroamento - Longitudinal;1;0;1;0;0;0;0;0;0;0;2;0;0;0;0
06/05/2015;15:10:00;192;Acidente sem Vítima;515,6;BR-040/MG;Sul;Outros;0;0;1;0;0;0;0;0;0;0;1;0;0;0;0
06/05/2015;12:50:00;159;Acidente sem Vítima;516;BR-040/MG;Sul;Outros;0;0;1;0;0;0;0;0;0;0;1;0;0;0;0
06/05/2015;16:04:00;203;Acidente sem Vítima;519;BR-040/MG;Norte;Outros;1;0;0;0;0;0;0;0;0;0;1;0;0;0;0
06/05/2015;18:58:00;261;Acidente com Vítima;521,6;BR-040/MG;Norte;Outros;0;0;0;1;0;0;0;0;0;0;0;1;0;0;0
06/05/2015;14:52:00;187;Acidente sem Vítima;526;BR-040/MG;Sul;Abalroamento - Longitudinal;2;0;0;0;0;0;0;0;0;0;2;0;0;0;0
06/05/2015;18:03:00;238;Acidente sem Vítima;527,1;BR-040/MG;Sul;Outros;1;0;0;0;0;0;0;0;0;0;4;0;0;0;0
06/05/2015;20:37:00;294;Acidente com Vítima;527,2;BR-040/MG;Norte;Outros;0;0;0;2;0;0;0;0;0;0;1;1;0;0;0
06/05/2015;20:08:00;278;Acidente com Vítima;527,3;BR-040/MG;Sul;Colisão traseira;2;0;0;0;0;0;0;0;0;0;2;1;0;0;0
06/05/2015;16:15:00;208;Acidente sem Vítima;530,2;BR-040/MG;Norte;Outros;0;0;1;0;0;0;0;0;0;0;1;0;0;0;0
06/05/2015;17:58:00;233;Acidente sem Vítima;537,7;BR-040/MG;Norte;Colisão traseira;2;0;0;0;0;0;0;0;0;0;3;0;0;0;0
06/05/2015;11:34:00;142;Acidente com Vítima;538;BR-040/MG;Sul;Outros;0;0;1;1;0;0;0;0;0;0;1;0;1;0;0
06/05/2015;09:03:00;109;Acidente com Vítima;543,1;BR-040/MG;Sul;Colisão traseira;1;0;0;1;0;0;0;0;0;0;1;1;0;0;0
06/05/2015;19:00:00;262;Acidente com Vítima;545,2;BR-040/MG;Norte;Choque com objeto fixo;1;0;1;0;0;0;0;0;0;0;1;1;0;0;0
06/05/2015;14:01:00;177;Acidente sem Vítima;594;BR-040/MG;Sul;Abalroamento - Transversal;2;0;0;0;0;0;0;0;0;0;2;0;0;0;0
06/05/2015;22:11:00;312;Acidente sem Vítima;616;BR-040/MG;Norte;Abalroamento - Longitudinal;1;0;1;0;0;0;0;0;0;0;2;0;0;0;0
06/05/2015;09:55:00;123;Acidente sem Vítima;684,3;BR-040/MG;Norte;Queda de Carga;0;0;0;0;0;1;0;0;0;0;2;0;0;0;0
06/05/2015;11:41:00;143;Acidente sem Vítima;729;BR-040/MG;Sul;Capotamento;1;0;0;0;0;0;0;0;0;0;2;0;0;0;0
06/05/2015;05:45:00;34;Acidente com Vítima;155,5;BR-040/GO;Sul;Outros;0;0;1;0;0;0;0;0;0;0;0;1;0;0;0
07/05/2015;08:59:00;92;Acidente sem Vítima;3,5;BR-040/GO;Norte;Colisão traseira;1;0;1;0;0;0;0;0;0;0;3;0;0;0;0
07/05/2015;12:33:00;159;Acidente sem Vítima;4,5;BR-040/GO;Sul;Outros;1;0;0;0;0;0;0;0;0;0;1;0;0;0;0
07/05/2015;00:28:00;3;Acidente sem Vítima;5,27;BR-040/GO;Sul;Colisão traseira;2;0;0;0;0;0;0;0;0;0;2;0;0;0;0
07/05/2015;13:47:00;174;Acidente com Vítima;6,9;BR-040/GO;Norte;Colisão traseira;0;0;0;0;2;0;0;0;0;0;3;1;0;0;0
07/05/2015;14:54:00;186;Acidente sem Vítima;21;BR-040/GO;Norte;Abalroamento - Longitudinal;1;0;0;1;0;0;0;0;0;0;2;0;0;0;0
07/05/2015;07:21:00;44;Acidente com Vítima;149,7;BR-040/MG;Norte;Abalroamento - Transversal;2;0;0;0;0;0;0;0;0;0;4;1;0;0;0
07/05/2015;21:38:00;277;Acidente com Vítima;182,98;BR-040/MG;Sul;Colisão traseira;0;0;2;0;0;0;0;0;0;0;1;0;1;0;0
07/05/2015;01:49:00;13;Acidente com Vítima;321,15;BR-040/MG;Sul;Outros;1;0;0;0;0;0;0;0;0;0;2;1;0;0;0
07/05/2015;23:52:00;300;Acidente sem Vítima;431,5;BR-040/MG;Norte;Outros;0;0;1;0;0;0;0;0;0;0;1;0;0;0;0
07/05/2015;07:37:00;54;Acidente sem Vítima;513,181;BR-040/MG;Norte;Abalroamento - Longitudinal;1;0;1;0;0;0;0;0;0;0;2;0;0;0;0
07/05/2015;08:43:00;87;Acidente com Vítima;530,301;BR-040/MG;Norte;Colisão traseira;1;0;0;1;0;0;0;0;0;0;1;0;1;0;0
07/05/2015;14:59:00;188;Acidente com Vítima;592,2;BR-040/MG;Norte;Queda de Carga;0;0;1;0;0;0;0;0;0;0;0;1;0;0;0
07/05/2015;19:31:00;254;Acidente sem Vítima;627;BR-040/MG;Norte;Abalroamento - Longitudinal;1;0;1;0;0;0;0;0;0;0;2;0;0;0;0
07/05/2015;07:47:00;62;Acidente sem Vítima;7,332;BR-040/DF;Norte;Colisão traseira;1;0;0;1;0;0;0;0;0;0;2;0;0;0;0
07/05/2015;19:12:00;250;Acidente com Vítima;7,6;BR-040/DF;Sul;Colisão traseira;1;0;0;1;0;0;0;0;0;0;1;1;0;0;0
07/05/2015;00:32:00;4;Acidente sem Vítima;691,9;BR-040/MG;Norte;Choque em veículo parado na pista;1;0;1;0;0;0;0;0;0;0;2;0;0;0;0
07/05/2015;03:00:00;15;Acidente sem Vítima;698,8;BR-040/MG;Norte;Outros;1;0;0;0;0;0;0;0;0;0;2;0;0;0;0
07/05/2015;05:06:00;21;Acidente sem Vítima;719,5;BR-040/MG;Sul;Queda de Carga;0;0;1;0;0;0;0;0;0;0;1;0;0;0;0
08/05/2015;13:17:00;183;Acidente sem Vítima;2,3;BR-040/GO;Norte;Colisão traseira;4;0;0;0;0;0;0;0;0;0;4;0;0;0;0
08/05/2015;20:56:00;305;Acidente sem Vítima;2,8;BR-040/GO;Sul;Colisão traseira;1;0;0;1;0;0;0;0;0;0;2;0;0;0;0
08/05/2015;12:05:00;169;Acidente sem Vítima;3;BR-040/DF;Norte;Abalroamento - Longitudinal;1;0;0;1;0;0;0;0;0;0;2;0;0;0;0
08/05/2015;20:02:00;292;Acidente sem Vítima;10;BR-040/GO;Norte;Colisão traseira;2;0;0;0;0;0;0;0;0;0;2;0;0;0;0
08/05/2015;14:51:00;203;Atropelamento sem Morte;12;BR-040/GO;Norte;Atropelamento - Pedestre atravessando;1;0;0;0;0;0;0;0;0;0;1;1;0;0;0
08/05/2015;07:12:00;58;Acidente com Vítima;43;BR-040/MG;Sul;Abalroamento - Longitudinal;1;0;0;1;0;0;0;0;0;0;1;1;0;0;0
08/05/2015;02:00:00;18;Acidente com Vítima;23,2;BR-040/GO;Sul;Outros;0;0;0;1;0;0;0;0;0;0;0;1;0;0;0
08/05/2015;09:47:00;129;Acidente com Vítima;26,1;BR-040/GO;Sul;Capotamento;1;0;0;0;0;0;0;0;0;0;0;0;0;2;0
08/05/2015;02:15:00;19;Acidente sem Vítima;460;BR-040/MG;Sul;Queda de Carga;0;0;1;0;0;0;0;0;0;0;1;0;0;0;0
08/05/2015;17:55:00;251;Acidente sem Vítima;510,9;BR-040/MG;Norte;Colisão traseira;4;0;0;0;0;0;0;0;0;0;4;0;0;0;0
08/05/2015;18:35:00;263;Acidente sem Vítima;515;BR-040/MG;Norte;Colisão traseira;2;0;0;0;0;0;0;0;0;0;2;0;0;0;0
08/05/2015;05:53:00;31;Acidente sem Vítima;524,009;BR-040/MG;Sul;Choque com objeto fixo;1;0;0;0;0;0;0;0;0;0;2;0;0;0;0
08/05/2015;10:51:00;147;Acidente sem Vítima;535,1;BR-040/MG;Norte;Colisão traseira;1;0;1;0;0;0;0;0;0;0;2;0;0;0;0
08/05/2015;18:24:00;258;Acidente sem Vítima;537;BR-040/MG;Norte;Colisão traseira;3;0;0;0;0;0;0;0;0;0;4;0;0;0;0
08/05/2015;17:06:00;235;Acidente sem Vítima;537,1;BR-040/MG;Norte;Colisão traseira;0;0;0;0;2;0;0;0;0;0;2;0;0;0;0
08/05/2015;00:16:00;4;Acidente sem Vítima;590;BR-040/MG;Norte;Colisão traseira;0;0;2;0;0;0;0;0;0;0;2;0;0;0;0
08/05/2015;07:55:00;83;Acidente sem Vítima;591,035;BR-040/MG;Norte;Choque em barreira New Jersey;0;0;1;0;0;0;0;0;0;0;2;0;0;0;0
08/05/2015;17:44:00;247;Acidente sem Vítima;593;BR-040/MG;Sul;Abalroamento - Longitudinal;1;0;1;0;0;0;0;0;0;0;4;0;0;0;0
08/05/2015;04:08:00;27;Acidente sem Vítima;700;BR-040/MG;Sul;Outros;1;0;0;0;0;0;0;0;0;0;2;0;0;0;0
08/05/2015;21:19:00;309;Atropelamento sem Morte;758,5;BR-040/MG;Norte;Atropelamento - Pedestre atravessando;0;0;1;0;0;0;0;0;0;0;1;0;1;0;0
09/05/2015;15:24:00;146;Acidente com Vítima;1,2;BR-040/GO;Norte;Colisão traseira;2;0;0;0;0;0;0;0;0;0;1;1;0;0;0
09/05/2015;11:37:00;104;Acidente sem Vítima;3,9;BR-040/DF;Norte;Outros;0;0;0;1;0;0;0;0;0;0;1;0;0;0;0
09/05/2015;20:42:00;213;Acidente sem Vítima;11,564;BR-040/GO;Norte;Outros;1;0;0;0;0;0;0;0;0;0;2;0;0;0;0
09/05/2015;20:20:00;210;Acidente sem Vítima;126;BR-040/MG;Norte;Colisão traseira;2;0;0;0;0;0;0;0;0;0;6;0;0;0;0
09/05/2015;07:50:00;61;Acidente sem Vítima;275;BR-040/MG;Norte;Colisão traseira;1;0;0;0;0;0;0;0;0;1;2;0;0;0;0
09/05/2015;15:31:00;147;Acidente com Vítima;313;BR-040/MG;Norte;Capotamento;1;0;0;0;0;0;0;0;0;0;0;1;0;0;0
09/05/2015;19:07:00;192;Acidente sem Vítima;360,013;BR-040/MG;Sul;Outros;1;0;0;0;0;0;0;0;0;0;6;0;0;0;0
09/05/2015;19:16:00;194;Acidente sem Vítima;426,7;BR-040/MG;Norte;Capotamento;1;0;0;0;0;0;0;0;0;0;1;0;0;0;0
09/05/2015;18:16:00;180;Atropelamento sem Morte;508,2;BR-040/MG;Norte;Atropelamento - Pedestre atravessando;0;0;0;1;0;0;0;0;0;0;0;0;1;1;0
09/05/2015;12:35:00;117;Acidente sem Vítima;512,4;BR-040/MG;Norte;Outros;1;0;0;0;0;0;0;0;0;0;1;0;0;0;0
09/05/2015;05:10:00;35;Acidente sem Vítima;515;BR-040/MG;Norte;Outros;1;0;0;0;0;0;0;0;0;0;1;0;0;0;0
09/05/2015;18:05:00;174;Acidente sem Vítima;532,6;BR-040/MG;Norte;Abalroamento - Longitudinal;1;0;0;0;0;1;0;0;0;0;2;0;0;0;0
09/05/2015;17:09:00;164;Acidente com Vítima;648;BR-040/MG;Norte;Outros;1;0;0;0;0;0;0;0;0;0;0;1;0;0;0
09/05/2015;18:20:00;183;Acidente com Vítima;91,125;BR-040/GO;Norte;Colisão frontal;2;0;0;0;0;0;0;0;0;0;3;2;0;0;0
09/05/2015;18:13:00;179;Acidente com Morte;666;BR-040/MG;Sul;Abalroamento - Transversal;1;0;1;0;0;0;0;0;0;0;1;0;0;0;3
09/05/2015;15:49:00;149;Acidente sem Vítima;737;BR-040/MG;Norte;Queda de Carga;0;0;1;0;0;0;0;0;0;0;1;0;0;0;0
10/05/2015;11:37:00;71;Acidente sem Vítima;1,8;BR-040/GO;Norte;Colisão traseira;4;0;0;0;0;0;0;0;0;0;4;0;0;0;0
10/05/2015;01:04:00;6;Acidente sem Vítima;2,8;BR-040/GO;Sul;Colisão traseira;2;0;0;0;0;0;0;0;0;0;3;0;0;0;0
10/05/2015;18:31:00;228;Acidente sem Vítima;4,9;BR-040/GO;Norte;Colisão traseira;3;0;0;0;0;0;0;0;0;0;6;0;0;0;0
10/05/2015;21:00:00;178;Acidente sem Vítima;5;BR-040/GO;Sul;Colisão traseira;2;0;0;0;0;0;0;0;0;0;2;0;0;0;0
10/05/2015;18:16:00;139;Acidente sem Vítima;5,1;BR-040/GO;Norte;Colisão traseira;4;0;0;0;0;0;0;0;0;0;4;0;0;0;0
10/05/2015;17:48:00;130;Acidente com Vítima;190;BR-040/MG;Norte;Abalroamento - Longitudinal;2;0;0;0;0;0;0;0;0;0;0;2;0;0;0
10/05/2015;09:20:00;53;Acidente com Vítima;282;BR-040/MG;Sul;Outros;0;0;0;1;0;0;0;0;0;0;0;1;0;0;0
10/05/2015;15:48:00;108;Acidente com Vítima;449;BR-040/MG;Sul;Capotamento;1;0;0;0;0;0;0;0;0;0;2;1;1;0;0
10/05/2015;22:02:00;196;Acidente com Vítima;470;BR-040/MG;Sul;Capotamento;2;0;0;0;0;0;0;0;0;0;1;1;0;0;0
10/05/2015;09:00:00;52;Acidente sem Vítima;500;BR-040/MG;Norte;Capotamento;1;0;0;0;0;0;0;0;0;0;1;0;0;0;0
10/05/2015;17:41:00;126;Acidente sem Vítima;508;BR-040/MG;Sul;Colisão traseira;1;0;0;0;0;1;0;0;0;0;2;0;0;0;0
10/05/2015;18:11:00;138;Acidente sem Vítima;508,2;BR-040/MG;Sul;Colisão traseira;3;0;0;0;0;0;0;0;0;0;3;0;0;0;0
10/05/2015;16:41:00;116;Acidente sem Vítima;509;BR-040/MG;Norte;Colisão traseira;3;0;0;0;0;0;0;0;0;0;3;0;0;0;0
10/05/2015;06:04:00;28;Acidente sem Vítima;515,2;BR-040/MG;Sul;Choque com objeto fixo;1;0;0;0;0;0;0;0;0;0;2;0;0;0;0
10/05/2015;23:51:00;224;Acidente sem Vítima;524,2;BR-040/MG;Norte;Outros;0;0;0;1;0;0;0;0;0;0;1;0;0;0;0
10/05/2015;00:01:00;1;Acidente com Vítima;529,3;BR-040/MG;Sul;Capotamento;1;0;0;0;0;0;0;0;0;0;0;2;0;0;0
10/05/2015;19:23:00;210;Acidente sem Vítima;530,4;BR-040/MG;Sul;Outros;0;0;0;1;0;0;0;0;0;0;1;0;0;0;0
10/05/2015;18:21:00;140;Acidente com Vítima;533,2;BR-040/MG;Sul;Colisão traseira;2;0;0;1;0;0;0;0;0;0;2;0;2;0;0
10/05/2015;01:22:00;7;Acidente sem Vítima;580,5;BR-040/MG;Sul;Outros;1;0;0;0;0;0;0;0;0;0;2;0;0;0;0
10/05/2015;11:40:00;72;Acidente sem Vítima;682,004;BR-040/MG;Sul;Atropelamento - Animal;1;0;0;0;0;0;0;0;0;0;1;0;0;0;0
10/05/2015;22:03:00;197;Acidente com Vítima;733,25;BR-040/MG;Norte;Abalroamento - Transversal;1;0;0;1;0;0;0;0;0;0;1;1;0;0;0
10/05/2015;19:53:00;156;Acidente sem Vítima;746,9;BR-040/MG;Sul;Outros;1;0;0;0;0;0;0;0;0;0;1;0;0;0;0
10/05/2015;17:27:00;123;Acidente com Vítima;768,5;BR-040/MG;Norte;Abalroamento - Longitudinal;1;0;0;1;0;0;0;0;0;0;1;0;1;0;0
11/05/2015;06:24:00;37;Acidente sem Vítima;8;BR-040/MG;Norte;Outros;0;0;0;1;0;0;0;0;0;0;1;0;0;0;0
11/05/2015;05:34:00;26;Acidente sem Vítima;6,53;BR-040/GO;Norte;Colisão traseira;3;0;0;0;0;0;0;0;0;0;3;0;0;0;0
11/05/2015;05:46:00;29;Acidente com Vítima;9,3;BR-040/GO;Norte;Outros;0;0;0;1;0;0;0;0;0;0;0;1;0;0;0
11/05/2015;06:34:00;45;Acidente sem Vítima;252,8;BR-040/MG;Sul;Outros;1;0;0;0;0;0;0;0;0;0;1;0;0;0;0
11/05/2015;13:28:00;180;Acidente sem Vítima;261;BR-040/MG;Sul;Outros;1;0;0;0;0;0;0;0;0;0;2;0;0;0;0
11/05/2015;10:37:00;126;Acidente com Vítima;264;BR-040/MG;Norte;Choque com objeto fixo;1;0;0;0;0;0;0;0;0;0;0;0;1;0;0
11/05/2015;22:47:00;315;Acidente sem Vítima;355;BR-040/MG;Norte;Colisão traseira;0;0;2;0;0;0;0;0;0;0;2;0;0;0;0
11/05/2015;09:07:00;101;Acidente com Vítima;446,064;BR-040/MG;Sul;Capotamento;1;0;0;0;0;0;0;0;0;0;1;3;0;0;0
11/05/2015;07:09:00;58;Acidente sem Vítima;456,8;BR-040/MG;Sul;Outros;1;0;0;0;0;0;0;0;0;0;1;0;0;0;0
11/05/2015;07:54:00;80;Acidente sem Vítima;466;BR-040/MG;Norte;Capotamento;0;0;1;0;0;0;0;0;0;0;1;0;0;0;0
11/05/2015;17:13:00;235;Acidente sem Vítima;473,5;BR-040/MG;Norte;Queda de Carga;0;0;1;0;0;0;0;0;0;0;1;0;0;0;0
11/05/2015;09:19:00;109;Acidente sem Vítima;474;BR-040/MG;Sul;Colisão traseira;1;0;1;0;0;0;0;0;0;0;2;0;0;0;0
11/05/2015;06:51:00;51;Acidente sem Vítima;505,1;BR-040/MG;Norte;Outros;1;0;0;0;0;0;0;0;0;0;3;0;0;0;0
11/05/2015;21:20:00;300;Acidente sem Vítima;558;BR-040/MG;Sul;Choque em defensa;1;0;0;0;0;0;0;0;0;0;1;0;0;0;0
11/05/2015;00:01:00;1;Acidente com Vítima;632,05;BR-040/MG;Norte;Outros;0;0;0;1;0;0;0;0;0;0;0;1;0;0;0
11/05/2015;20:40:00;295;Acidente com Morte;85,05;BR-040/GO;Sul;Colisão frontal;1;0;0;0;1;0;0;0;0;0;1;0;0;0;4
11/05/2015;06:12:00;31;Acidente com Vítima;700;BR-040/MG;Norte;Colisão traseira;0;0;2;0;0;0;0;0;0;0;2;1;0;0;0
11/05/2015;20:42:00;296;Acidente sem Vítima;715,4;BR-040/MG;Norte;Atropelamento - Animal;1;0;0;0;0;0;0;0;0;0;6;0;0;0;0
11/05/2015;07:40:00;72;Acidente sem Vítima;733;BR-040/MG;Sul;Choque em barreira New Jersey;1;0;0;0;0;0;0;0;0;0;2;0;0;0;0
11/05/2015;06:54:00;52;Acidente sem Vítima;751;BR-040/MG;Sul;Outros;1;0;0;0;0;0;0;0;0;0;3;0;0;0;0
12/05/2015;11:06:00;147;Acidente com Vítima;2,3;BR-040/GO;Sul;Colisão traseira;2;0;0;0;0;0;0;0;0;0;1;0;1;0;0
12/05/2015;18:26:00;227;Acidente sem Vítima;3,1;BR-040/DF;Sul;Colisão traseira;2;0;0;0;0;0;0;0;0;0;2;0;0;0;0