data;horario;n_da_ocorrencia;tipo_de_ocorrencia;km;trecho;sentido;tipo_de_acidente;automovel;bicicleta;caminhao;moto;onibus;outros;tracao_animal;transporte_de_cargas_especiais;trator_maquinas;utilitarios;ilesos;levemente_feridos;moderadamente_feridos;gravemente_feridos;mortos
12/05/2015;17:15:00;212;Acidente com Vítima;8,7;BR-040/GO;Sul;Colisão traseira;1;0;1;0;0;0;0;0;0;0;1;1;0;0;0
12/05/2015;19:28:00;246;Acidente com Vítima;10;BR-040/GO;Sul;Colisão traseira;1;0;0;1;0;0;0;0;0;0;1;1;0;0;0
12/05/2015;12:56:00;167;Acidente com Vítima;68;BR-040/MG;Sul;Abalroamento - Longitudinal;2;0;0;0;0;0;0;0;0;0;0;2;0;0;0
12/05/2015;18:23:00;226;Atropelamento sem Morte;449,5;BR-040/MG;Norte;Atropelamento - Pedestre atravessando;1;0;0;0;0;0;0;0;0;0;2;0;1;0;0
12/05/2015;07:33:00;69;Acidente com Vítima;515;BR-040/MG;Sul;Colisão traseira;0;0;0;2;0;0;0;0;0;0;1;1;0;0;0
12/05/2015;16:50:00;209;Acidente sem Vítima;526;BR-040/MG;Sul;Colisão traseira;2;0;0;0;0;0;0;0;0;0;2;0;0;0;0
12/05/2015;08:26:00;91;Acidente sem Vítima;548;BR-040/MG;Sul;Colisão traseira;2;0;0;0;0;0;0;0;0;0;2;0;0;0;0
12/05/2015;18:46:00;233;Acidente sem Vítima;43,2;BR-040/GO;Norte;Atropelamento - Animal;1;0;0;0;0;0;0;0;0;0;1;0;0;0;0
12/05/2015;00:04:00;1;Acidente sem Vítima;153;BR-040/GO;Norte;Atropelamento - Animal;1;0;0;0;0;0;0;0;0;0;1;0;0;0;0
13/05/2015;07:34:00;64;Acidente com Vítima;3,5;BR-040/DF;Norte;Outros;0;0;0;1;0;0;0;0;0;0;1;0;1;0;0
13/05/2015;06:42:00;42;Acidente com Vítima;3,5;BR-040/DF;Norte;Colisão traseira;3;0;0;1;0;0;0;0;0;0;5;0;1;0;0
13/05/2015;15:05:00;183;Acidente sem Vítima;7;BR-040/GO;Sul;Abalroamento - Longitudinal;2;0;0;0;0;0;0;0;0;0;2;0;0;0;0
13/05/2015;06:01:00;33;Acidente com Vítima;23;BR-040/GO;Norte;Colisão traseira;1;0;1;0;0;0;0;0;0;0;1;1;0;0;0
13/05/2015;21:00:00;257;Acidente sem Vítima;252,05;BR-040/MG;Norte;Capotamento;1;0;0;1;0;0;0;0;0;0;2;0;0;0;0
13/05/2015;22:01:00;265;Atropelamento com Morte;352,692;BR-040/MG;Sul;Atropelamento - Pedestre atravessando;1;0;0;0;0;0;0;0;0;0;1;0;0;0;1
13/05/2015;10:09:00;139;Acidente com Morte;462,9;BR-040/MG;Sul;Colisão traseira;1;0;1;0;0;0;0;0;0;0;1;0;0;0;1
13/05/2015;14:51:00;181;Acidente sem Vítima;521,2;BR-040/MG;Norte;Outros;0;0;1;2;0;0;0;0;0;0;3;0;0;0;0
13/05/2015;19:18:00;238;Acidente com Morte;541,5;BR-040/MG;Norte;Colisão traseira;9;0;1;0;0;0;0;0;0;0;8;0;0;0;1
13/05/2015;06:44:00;44;Acidente sem Vítima;544;BR-040/MG;Sul;Outros;1;0;0;0;0;0;0;0;0;0;1;0;0;0;0
13/05/2015;07:49:00;73;Atropelamento sem Morte;551,5;BR-040/MG;Sul;Atropelamento - Ciclista;0;0;0;1;0;0;0;0;0;0;1;1;0;0;0
13/05/2015;09:50:00;134;Acidente com Vítima;617;BR-040/MG;Sul;Abalroamento - Longitudinal;2;0;0;0;0;0;0;0;0;0;1;1;0;0;0
13/05/2015;05:58:00;32;Atropelamento sem Morte;699;BR-040/MG;Norte;Atropelamento - Pedestre caminhando;0;0;0;1;0;0;0;0;0;0;0;0;0;0;0
13/05/2015;04:14:00;24;Acidente sem Vítima;700;BR-040/MG;Sul;Atropelamento - Animal;1;0;1;0;0;0;0;0;0;0;2;0;0;0;0
14/05/2015;14:10:00;172;Acidente sem Vítima;3,3;BR-040/DF;Sul;Colisão traseira;2;0;0;0;0;0;0;0;0;0;2;0;0;0;0
14/05/2015;08:48:00;87;Acidente com Vítima;3;BR-040/GO;Norte;Outros;1;0;0;1;0;0;0;0;0;0;1;1;0;0;0
14/05/2015;06:54:00;43;Acidente com Vítima;6;BR-040/DF;Norte;Outros;1;0;0;1;0;0;0;0;0;0;1;1;0;0;0
14/05/2015;16:28:00;201;Acidente sem Vítima;10;BR-040/GO;Sul;Outros;0;0;0;1;0;0;0;0;0;0;1;0;0;0;0
14/05/2015;01:27:00;13;Acidente sem Vítima;385,19;BR-040/MG;Sul;Abalroamento - Longitudinal;1;0;1;0;0;0;0;0;0;0;2;0;0;0;0
14/05/2015;06:40:00;41;Acidente com Vítima;509;BR-040/MG;Sul;Colisão traseira;2;0;0;1;0;0;0;0;0;0;2;1;0;0;0
14/05/2015;18:53:00;244;Acidente sem Vítima;511,2;BR-040/MG;Norte;Abalroamento - Longitudinal;2;0;0;0;0;0;0;0;0;0;2;0;0;0;0
14/05/2015;00:11:00;3;Acidente com Vítima;531,2;BR-040/MG;Norte;Capotamento;1;0;0;0;0;0;0;0;0;0;4;1;0;0;0
14/05/2015;19:47:00;256;Acidente sem Vítima;532,1;BR-040/MG;Norte;Colisão traseira;3;0;1;0;0;0;0;0;0;0;4;0;0;0;0
14/05/2015;02:34:00;17;Acidente sem Vítima;538,2;BR-040/MG;Sul;Abalroamento - Longitudinal;2;0;0;0;0;0;0;0;0;0;2;0;0;0;0
14/05/2015;11:31:00;144;Acidente sem Vítima;545,5;BR-040/MG;Norte;Capotamento;1;0;0;0;0;0;0;0;0;0;1;0;0;0;0
14/05/2015;16:17:00;198;Acidente com Vítima;547,5;BR-040/MG;Norte;Capotamento;1;0;0;0;0;0;0;0;0;0;0;2;0;0;0
14/05/2015;08:42:00;84;Acidente sem Vítima;635,5;BR-040/MG;Sul;Queda de Carga;1;0;0;0;0;0;0;0;0;0;1;0;0;0;0
14/05/2015;00:51:00;10;Acidente sem Vítima;67,232;BR-040/GO;Sul;Outros;0;0;0;1;0;0;0;0;0;0;1;0;0;0;0
14/05/2015;05:35:00;28;Acidente sem Vítima;136,56;BR-040/GO;Sul;Choque com objeto fixo;1;0;0;0;0;0;0;0;0;0;1;0;0;0;0
15/05/2015;20:49:00;278;Acidente com Vítima;4;BR-040/GO;Sul;Colisão traseira;1;0;0;1;0;0;0;0;0;0;1;0;1;0;0
15/05/2015;15:11:00;188;Acidente com Vítima;502,9;BR-040/MG;Norte;Abalroamento - Longitudinal;1;0;1;0;0;0;0;0;0;0;1;1;0;0;0
15/05/2015;07:15:00;57;Acidente sem Vítima;516,8;BR-040/MG;Sul;Abalroamento - Longitudinal;1;0;0;0;0;0;0;0;0;0;2;0;0;0;0
15/05/2015;20:00:00;267;Atropelamento sem Morte;523;BR-040/MG;Norte;Atropelamento - Pedestre atravessando;1;0;0;0;0;0;0;0;0;0;1;0;0;0;0
15/05/2015;22:34:00;301;Acidente sem Vítima;528,13;BR-040/MG;Sul;Colisão traseira;1;0;0;1;0;0;0;0;0;0;2;0;0;0;0
15/05/2015;07:44:00;70;Acidente sem Vítima;535,1;BR-040/MG;Sul;Abalroamento - Longitudinal;1;0;1;0;0;0;0;0;0;0;2;0;0;0;0
15/05/2015;11:29:00;141;Acidente sem Vítima;536;BR-040/MG;Norte;Colisão traseira;0;0;2;0;0;0;0;0;0;0;2;0;0;0;0
15/05/2015;05:35:00;26;Acidente com Vítima;555,6;BR-040/MG;Sul;Abalroamento - Longitudinal;1;0;1;0;0;0;0;0;0;0;1;0;1;0;0
15/05/2015;07:14:00;55;Acidente sem Vítima;565;BR-040/MG;Norte;Outros;3;0;0;0;0;0;0;0;0;0;3;0;0;0;0
15/05/2015;21:09:00;280;Acidente com Vítima;614,17;BR-040/MG;Sul;Abalroamento - Transversal;0;0;1;1;0;0;0;0;0;0;1;0;1;0;0
15/05/2015;19:35:00;257;Atropelamento com Morte;618,05;BR-040/MG;Sul;Atropelamento - Pedestre atravessando;1;0;0;0;0;0;0;0;0;0;1;0;0;0;1
15/05/2015;04:45:00;22;Acidente sem Vítima;635,5;BR-040/MG;Norte;Outros;0;0;1;0;0;0;0;0;0;0;1;0;0;0;0
15/05/2015;19:15:00;251;Acidente com Vítima;652,63;BR-040/MG;Norte;Abalroamento - Longitudinal;1;0;0;1;0;0;0;0;0;0;1;0;0;1;0
15/05/2015;07:27:00;63;Acidente com Vítima;8;BR-040/DF;Norte;Outros;0;0;0;1;0;0;0;0;0;0;1;1;0;0;0
15/05/2015;11:06:00;137;Acidente sem Vítima;83,5;BR-040/GO;Norte;Outros;0;0;1;0;0;0;0;0;0;0;3;0;0;0;0
15/05/2015;21:30:00;285;Acidente com Vítima;740;BR-040/MG;Norte;Outros;0;0;1;0;0;0;0;0;0;0;1;1;0;0;0
16/05/2015;15:39:00;165;Acidente sem Vítima;2,3;BR-040/GO;Sul;Abalroamento - Longitudinal;2;0;0;0;0;0;0;0;0;0;2;0;0;0;0
16/05/2015;16:53:00;184;Acidente sem Vítima;2,4;BR-040/GO;Sul;Colisão traseira;2;0;0;0;0;0;0;0;0;0;2;0;0;0;0
16/05/2015;05:06:00;32;Acidente sem Vítima;42;BR-040/MG;Norte;Choque com objeto fixo;1;0;0;0;0;0;0;0;0;0;1;0;0;0;0
16/05/2015;12:04:00;118;Acidente sem Vítima;13,005;BR-040/GO;Sul;Outros;1;0;0;0;0;0;0;0;0;0;1;0;0;0;0
16/05/2015;16:40:00;180;Acidente com Vítima;22;BR-040/GO;Sul;Colisão frontal;2;0;0;0;0;0;0;0;0;0;1;1;0;0;0
16/05/2015;17:50:00;199;Acidente com Vítima;517;BR-040/MG;Sul;Outros;0;0;0;1;0;0;0;0;0;0;1;1;0;0;0
16/05/2015;02:34:00;21;Acidente sem Vítima;518;BR-040/MG;Norte;Capotamento;1;0;0;0;0;0;0;0;0;0;2;0;0;0;0
16/05/2015;12:57:00;125;Acidente sem Vítima;530;BR-040/MG;Sul;Colisão traseira;1;0;0;0;0;0;0;0;0;1;2;0;0;0;0
16/05/2015;15:02:00;157;Acidente com Vítima;531,2;BR-040/MG;Norte;Colisão traseira;1;0;0;1;0;0;0;0;0;0;1;1;0;0;0
16/05/2015;15:07:00;158;Atropelamento sem Morte;532,1;BR-040/MG;Sul;Atropelamento - Pedestre atravessando;1;0;0;0;0;0;0;0;0;0;1;0;0;0;0
16/05/2015;10:44:00;97;Acidente sem Vítima;533;BR-040/MG;Sul;Colisão traseira;5;0;0;0;0;0;0;0;0;0;5;0;0;0;0
16/05/2015;14:11:00;144;Acidente sem Vítima;562,172;BR-040/MG;Sul;Capotamento;1;0;0;0;0;0;0;0;0;0;1;0;0;0;0
16/05/2015;18:24:00;206;Acidente com Vítima;611,5;BR-040/MG;Norte;Colisão traseira;2;0;0;0;0;0;0;0;0;0;2;1;0;0;0
16/05/2015;20:16:00;244;Acidente sem Vítima;715,9;BR-040/MG;Sul;Colisão traseira;2;0;0;0;0;0;0;0;0;0;4;0;0;0;0
16/05/2015;16:09:00;168;Acidente com Vítima;720,55;BR-040/MG;Norte;Colisão traseira;2;0;0;0;0;0;0;0;0;0;0;1;1;0;0
16/05/2015;19:21:00;230;Acidente sem Vítima;770,5;BR-040/MG;Norte;Outros;1;0;0;0;0;0;0;0;0;0;1;0;0;0;0
17/05/2015;04:34:00;17;Acidente sem Vítima;2,5;BR-040/GO;Norte;Colisão traseira;2;0;0;0;0;0;0;0;0;0;2;0;0;0;0
17/05/2015;19:51:00;190;Acidente sem Vítima;8,4;BR-040/GO;Norte;Colisão traseira;3;0;0;0;0;0;0;0;0;0;8;0;0;0;0
17/05/2015;16:52:00;133;Acidente sem Vítima;235,3;BR-040/MG;Sul;Capotamento;1;0;0;0;0;0;0;0;0;0;5;0;0;0;0
17/05/2015;18:09:00;158;Acidente com Vítima;418,332;BR-040/MG;Sul;Atropelamento - Animal;1;0;0;0;0;0;0;0;0;0;0;2;0;0;0
17/05/2015;15:55:00;113;Acidente sem Vítima;434;BR-040/MG;Sul;Capotamento;1;0;0;0;0;0;0;0;0;0;1;0;0;0;0
17/05/2015;16:20:00;119;Acidente com Vítima;440;BR-040/MG;Sul;Outros;1;0;0;0;0;0;0;0;0;0;1;1;1;0;0
17/05/2015;18:05:00;154;Acidente com Vítima;507,005;BR-040/MG;Sul;Colisão traseira;3;0;0;0;0;0;0;0;0;0;10;1;1;0;0
17/05/2015;07:46:00;35;Acidente sem Vítima;515;BR-040/MG;Norte;Abalroamento - Longitudinal;1;0;0;1;0;0;0;0;0;0;2;0;0;0;0
17/05/2015;05:54:00;21;Acidente com Morte;520,45;BR-040/MG;Norte;Outros;2;0;0;1;0;0;0;0;0;0;2;0;0;0;1
17/05/2015;07:23:00;33;Acidente sem Vítima;550;BR-040/MG;Sul;Capotamento;1;0;0;0;0;0;0;0;0;0;1;0;0;0;0
17/05/2015;10:58:00;69;Acidente com Vítima;563;BR-040/MG;Norte;Outros;1;0;0;0;0;0;0;0;0;0;0;1;0;0;0
17/05/2015;18:32:00;165;Atropelamento sem Morte;587,9;BR-040/MG;Sul;Atropelamento - Pedestre atravessando;0;0;0;1;0;0;0;0;0;0;0;1;1;1;0
17/05/2015;04:35:00;16;Acidente sem Vítima;700,2;BR-040/MG;Sul;Capotamento;1;0;0;0;0;0;0;0;0;0;2;0;0;0;0
18/05/2015;07:42:00;66;Acidente com Vítima;278,2;BR-040/MG;Norte;Colisão frontal;1;0;0;1;0;0;0;0;0;0;1;1;0;0;0
18/05/2015;13:09:00;148;Acidente sem Vítima;509;BR-040/MG;Sul;Abalroamento - Longitudinal;1;0;1;0;0;0;0;0;0;0;2;0;0;0;0
18/05/2015;13:35:00;150;Acidente com Vítima;530,005;BR-040/MG;Norte;Outros;0;0;0;2;0;0;0;0;0;0;1;2;0;0;0
18/05/2015;14:25:00;162;Acidente sem Vítima;543;BR-040/MG;Norte;Outros;0;0;0;0;0;1;0;0;0;0;1;0;0;0;0
18/05/2015;14:52:00;169;Acidente sem Vítima;562,1;BR-040/MG;Sul;Queda de Carga;1;0;0;0;0;0;0;0;0;0;1;0;0;0;0
18/05/2015;14:22:00;160;Acidente com Morte;569;BR-040/MG;Norte;Abalroamento - Transversal;2;0;0;0;0;0;0;0;0;0;0;0;1;0;1
18/05/2015;21:01:00;245;Acidente com Vítima;660,5;BR-040/MG;Norte;Colisão traseira;1;0;0;1;0;0;0;0;0;0;2;1;0;0;0
18/05/2015;18:15:00;216;Acidente com Vítima;670,3;BR-040/MG;Norte;Abalroamento - Longitudinal;0;0;0;1;1;0;0;0;0;0;10;1;1;0;0
19/05/2015;17:43:00;233;Acidente com Vítima;16,2;BR-040/GO;Norte;Colisão traseira;1;0;0;1;0;0;0;0;0;0;2;1;0;0;0
19/05/2015;14:47:00;193;Acidente com Vítima;119;BR-040/MG;Sul;Outros;0;0;0;0;1;0;0;0;0;0;11;1;0;0;0
19/05/2015;18:15:00;238;Acidente com Vítima;477;BR-040/MG;Norte;;1;0;0;0;0;0;0;0;0;0;1;2;0;0;0
19/05/2015;12:04:00;151;Acidente com Vítima;501,5;BR-040/MG;Norte;Colisão traseira;1;0;1;0;0;0;0;0;0;0;2;1;0;0;0
19/05/2015;03:56:00;11;Acidente sem Vítima;503,825;BR-040/MG;Norte;Outros;1;0;0;0;0;0;0;0;0;0;1;0;0;0;0
19/05/2015;07:30:00;54;Acidente com Vítima;526;BR-040/MG;Sul;Outros;0;0;0;1;0;0;0;0;0;0;0;1;0;0;0
19/05/2015;08:22:00;81;Acidente com Vítima;530;BR-040/MG;Sul;Abalroamento - Longitudinal;1;0;0;1;0;0;0;0;0;0;1;1;0;0;0
19/05/2015;08:05:00;68;Acidente com Vítima;539;BR-040/MG;Sul;Outros;0;0;0;1;0;0;0;0;0;0;0;1;0;0;0
19/05/2015;05:50:00;34;Acidente sem Vítima;630;BR-040/MG;Norte;Atropelamento - Animal;0;0;1;0;0;0;0;0;0;0;1;0;0;0;0
19/05/2015;05:48:00;19;Acidente sem Vítima;631;BR-040/MG;Norte;Atropelamento - Animal;0;0;0;0;1;0;0;0;0;0;1;0;0;0;0
19/05/2015;10:07:00;118;Acidente sem Vítima;656,399;BR-040/MG;Norte;Choque em barreira New Jersey;1;0;0;0;0;0;0;0;0;0;1;0;0;0;0
19/05/2015;15:31:00;199;Acidente sem Vítima;7,2;BR-040/DF;Norte;Colisão traseira;1;0;0;1;0;0;0;0;0;0;2;0;0;0;0
19/05/2015;22:48:00;291;Acidente com Vítima;730,5;BR-040/MG;Norte;Choque em barreira New Jersey;1;0;0;0;0;0;0;0;0;0;1;2;0;0;0
19/05/2015;07:09:00;46;Acidente sem Vítima;740;BR-040/MG;Norte;Choque em defensa;1;0;0;0;0;0;0;0;0;0;2;0;0;0;0
19/05/2015;12:24:00;155;Acidente sem Vítima;749;BR-040/MG;Norte;Queda de Carga;0;0;1;0;0;0;0;0;0;0;1;0;0;0;0
19/05/2015;10:55:00;136;Acidente sem Vítima;770,129;BR-040/MG;Norte;Outros;1;0;0;0;0;0;0;0;0;0;1;0;0;0;0
20/05/2015;09:36:00;112;Acidente com Vítima;43,2;BR-040/MG;Norte;Abalroamento - Longitudinal;1;0;1;0;0;0;0;0;0;0;2;1;0;0;0
20/05/2015;23:04:00;250;Acidente com Vítima;19;BR-040/GO;Norte;Abalroamento - Longitudinal;0;0;0;2;0;0;0;0;0;0;1;1;0;0;0
20/05/2015;12:28:00;153;Acidente com Vítima;486;BR-040/MG;Norte;Colisão traseira;1;0;1;0;0;0;0;0;0;0;1;1;0;0;0
20/05/2015;17:54:00;208;Acidente com Vítima;511;BR-040/MG;Norte;Colisão traseira;1;0;0;1;0;0;0;0;0;0;5;6;0;0;0
20/05/2015;13:40:00;165;Acidente sem Vítima;533,1;BR-040/MG;Norte;Colisão traseira;1;0;0;1;0;0;0;0;0;0;2;0;0;0;0
20/05/2015;21:12:00;242;Acidente sem Vítima;546;BR-040/MG;Sul;Colisão traseira;2;0;0;0;0;0;0;0;0;0;2;0;0;0;0
20/05/2015;13:38:00;163;Acidente com Morte;578,1;BR-040/MG;Sul;Colisão frontal;1;0;2;0;0;0;0;0;0;0;1;1;0;0;5
20/05/2015;06:58:00;45;Acidente sem Vítima;695;BR-040/MG;Sul;Capotamento;1;0;0;0;0;0;0;0;0;0;1;0;0;0;0
21/05/2015;08:47:00;78;Acidente sem Vítima;1;BR-040/GO;Sul;Colisão traseira;1;0;0;1;0;0;0;0;0;0;2;0;0;0;0
21/05/2015;12:12:00;131;Acidente sem Vítima;2,4;BR-040/GO;Sul;Colisão traseira;2;0;0;0;0;0;0;0;0;0;2;0;0;0;0
21/05/2015;08:10:00;61;Acidente sem Vítima;3,2;BR-040/GO;Norte;Colisão traseira;2;0;0;0;0;0;0;0;0;0;2;0;0;0;0
21/05/2015;21:57:00;257;Acidente com Vítima;8,4;BR-040/GO;Sul;Abalroamento - Longitudinal;1;0;0;1;0;0;0;0;0;0;1;0;1;0;0
21/05/2015;16:21:00;167;Acidente com Vítima;43;BR-040/MG;Sul;Colisão traseira;0;0;0;2;0;0;0;0;0;0;2;1;0;0;0
21/05/2015;16:58:00;175;Acidente sem Vítima;532;BR-040/MG;Sul;Colisão traseira;2;0;0;0;0;0;0;0;0;0;2;0;0;0;0
21/05/2015;16:40:00;171;Acidente com Vítima;534;BR-040/MG;Norte;Outros;0;0;0;1;0;0;0;0;0;0;0;1;0;0;0
21/05/2015;18:47:00;211;Acidente sem Vítima;536,04;BR-040/MG;Norte;Abalroamento - Longitudinal;0;0;2;0;0;1;0;0;0;0;4;0;0;0;0
21/05/2015;08:34:00;73;Acidente com Vítima;543;BR-040/MG;Norte;Outros;0;0;0;1;0;0;0;0;0;0;0;1;0;0;0
21/05/2015;20:00:00;238;Acidente sem Vítima;626,7;BR-040/MG;Norte;Choque em defensa;0;0;0;1;0;0;0;0;0;0;1;0;0;0;0
21/05/2015;17:40:00;187;Acidente com Vítima;675,2;BR-040/MG;Sul;Queda de Carga;0;0;1;0;0;0;0;0;0;0;0;1;0;0;0
21/05/2015;13:17:00;142;Acidente com Vítima;682;BR-040/MG;Norte;Colisão frontal;0;0;2;0;0;0;0;0;0;0;0;2;0;0;0
21/05/2015;13:58:00;147;Acidente com Vítima;703;BR-040/MG;Sul;Capotamento;1;0;0;0;0;0;0;0;0;0;1;2;0;0;0
22/05/2015;05:13:00;25;Acidente sem Vítima;1,1;BR-040/MG;Norte;Colisão traseira;2;0;0;0;0;0;0;0;0;0;6;0;0;0;0
22/05/2015;16:36:00;168;Acidente sem Vítima;2;BR-040/GO;Sul;Outros;0;0;0;1;0;0;0;0;0;0;1;0;0;0;0
22/05/2015;12:10:00;127;Acidente com Vítima;5,5;BR-040/DF;Norte;Choque com objeto fixo;1;0;0;0;0;0;0;0;0;0;0;1;0;0;0
22/05/2015;14:09:00;141;Acidente com Vítima;5;BR-040/GO;Sul;Abalroamento - Longitudinal;2;0;0;0;0;0;0;0;0;0;1;1;0;0;0
22/05/2015;15:44:00;157;Acidente com Vítima;8;BR-040/GO;Norte;Colisão traseira;1;0;0;1;0;0;0;0;0;0;2;2;0;0;0
22/05/2015;20:00:00;240;Acidente sem Vítima;36,7;BR-040/MG;Norte;Colisão traseira;0;0;2;0;0;0;0;0;0;0;2;0;0;0;0
22/05/2015;18:36:00;206;Acidente com Vítima;16,5;BR-040/GO;Sul;Colisão traseira;1;0;1;0;0;0;0;0;0;0;1;1;0;0;0
22/05/2015;18:54:00;217;Acidente com Vítima;62,9;BR-040/MG;Norte;Abalroamento - Longitudinal;2;0;0;0;0;0;0;0;0;0;3;1;0;0;0
22/05/2015;12:18:00;129;Acidente com Vítima;143;BR-040/MG;Norte;Abalroamento - Transversal;1;0;1;0;0;0;0;0;0;0;2;1;0;0;0
22/05/2015;06:33:00;36;Acidente sem Vítima;413;BR-040/MG;Sul;Outros;1;0;0;0;0;0;0;0;0;0;1;0;0;0;0
22/05/2015;15:41:00;154;Acidente sem Vítima;484;BR-040/MG;Sul;Choque com objeto fixo;0;0;1;0;0;0;0;0;0;0;1;0;0;0;0
22/05/2015;16:39:00;169;Acidente sem Vítima;485;BR-040/MG;Norte;Colisão traseira;0;0;2;0;0;0;0;0;0;0;2;0;0;0;0
22/05/2015;15:27:00;149;Acidente sem Vítima;511;BR-040/MG;Sul;Colisão traseira;4;0;0;0;0;0;0;0;0;0;11;0;0;0;0
22/05/2015;18:02:00;187;Acidente sem Vítima;511,05;BR-040/MG;Norte;Colisão traseira;4;0;0;0;0;0;0;0;0;0;7;0;0;0;0
22/05/2015;03:39:00;20;Acidente sem Vítima;516,722;BR-040/MG;Sul;Outros;1;0;0;0;0;0;0;0;0;0;1;0;0;0;0
22/05/2015;15:37:00;152;Acidente sem Vítima;523;BR-040/MG;Norte;Outros;1;0;0;0;0;0;0;0;0;0;2;0;0;0;0
22/05/2015;15:35:00;151;Acidente sem Vítima;575,6;BR-040/MG;Sul;Abalroamento - Longitudinal;1;0;1;0;0;0;0;0;0;0;2;0;0;0;0
22/05/2015;17:27:00;177;Acidente sem Vítima;604,3;BR-040/MG;Norte;Colisão traseira;1;0;2;0;0;0;0;0;0;0;3;0;0;0;0
22/05/2015;16:44:00;171;Atropelamento sem Morte;633;BR-040/MG;Norte;Atropelamento - Pedestre atravessando;1;0;0;0;0;0;0;0;0;0;1;0;0;0;0
22/05/2015;18:16:00;194;Acidente sem Vítima;124,9;BR-040/GO;Norte;Abalroamento - Longitudinal;0;0;1;1;0;0;0;0;0;0;4;0;0;0;0
23/05/2015;20:51:00;250;Acidente sem Vítima;1,3;BR-040/GO;Norte;Abalroamento - Transversal;3;0;0;0;0;0;0;0;0;0;5;0;0;0;0
23/05/2015;19:06:00;222;Acidente sem Vítima;1,5;BR-040/GO;Sul;Colisão traseira;2;0;0;0;0;0;0;0;0;0;3;0;0;0;0
23/05/2015;20:12:00;243;Acidente sem Vítima;2;BR-040/GO;Sul;Colisão traseira;2;0;0;0;0;0;0;0;0;1;6;0;0;0;0
23/05/2015;16:19:00;168;Acidente com Vítima;5;BR-040/GO;Sul;Colisão traseira;2;0;0;0;0;0;0;0;0;0;2;1;0;0;0
23/05/2015;09:34:00;84;Atropelamento sem Morte;6;BR-040/DF;Norte;;1;0;0;0;0;0;0;0;0;0;1;0;0;0;0
23/05/2015;19:48:00;234;Acidente sem Vítima;7;BR-040/GO;Norte;Outros;0;0;0;1;0;0;0;0;0;0;1;0;0;0;0
23/05/2015;07:20:00;39;Acidente com Vítima;470;BR-040/MG;Sul;Outros;0;0;0;1;0;0;0;0;0;0;0;0;1;0;0
23/05/2015;07:44:00;53;Acidente sem Vítima;470,2;BR-040/MG;Norte;Colisão traseira;2;0;0;0;0;0;0;0;0;0;2;0;0;0;0
23/05/2015;20:04:00;239;Acidente sem Vítima;506;BR-040/MG;Norte;Capotamento;1;0;0;0;0;0;0;0;0;0;1;0;0;0;0
23/05/2015;17:12:00;188;Acidente com Vítima;511,005;BR-040/MG;Norte;Choque com objeto fixo;0;0;1;0;0;0;0;0;0;0;0;0;2;0;0
23/05/2015;09:41:00;88;Acidente sem Vítima;622;BR-040/MG;Sul;Colisão traseira;2;0;0;0;0;0;0;0;0;0;2;0;0;0;0
23/05/2015;07:43:00;52;Acidente com Vítima;626;BR-040/MG;Sul;Colisão traseira;1;0;0;1;0;0;0;0;0;0;3;1;0;0;0
23/05/2015;07:10:00;36;Acidente sem Vítima;626;BR-040/MG;Sul;Colisão traseira;2;0;0;0;0;0;0;0;0;0;2;0;0;0;0
23/05/2015;14:21:00;140;Acidente sem Vítima;658;BR-040/MG;Sul;Outros;1;0;0;0;0;0;0;0;0;0;1;0;0;0;0
23/05/2015;08:37:00;66;Acidente sem Vítima;68;BR-040/GO;Sul;Abalroamento - Longitudinal;1;0;0;1;0;0;0;0;0;0;2;0;0;0;0
23/05/2015;06:39:00;31;Acidente com Morte;680,9;BR-040/MG;Norte;Abalroamento - Longitudinal;1;0;1;0;0;0;0;0;0;0;1;0;0;0;1
23/05/2015;19:02:00;221;Acidente sem Vítima;695;BR-040/MG;Norte;Colisão traseira;2;0;0;0;0;0;0;0;0;0;3;0;0;0;0
23/05/2015;16:31:00;174;Acidente com Vítima;139;BR-040/GO;Sul;Abalroamento - Longitudinal;0;0;3;0;0;0;0;0;0;0;3;3;0;0;0
24/05/2015;21:37:00;224;Atropelamento sem Morte;0;BR-040/GO;Sul;Atropelamento - Pedestre atravessando;0;0;0;1;0;0;0;0;0;0;1;0;1;0;0
24/05/2015;11:30:00;89;Acidente com Vítima;2,6;BR-040/DF;Sul;Outros;0;0;0;1;0;0;0;0;0;0;1;1;0;0;0
24/05/2015;18:07:00;177;Acidente com Vítima;38,3;BR-040/MG;Norte;Colisão frontal;1;0;1;0;0;0;0;0;0;0;2;0;1;0;0
24/05/2015;13:36:00;118;Acidente com Vítima;224;BR-040/MG;Norte;Outros;1;0;0;0;0;0;0;0;0;0;0;0;0;1;0
24/05/2015;11:10:00;88;Acidente sem Vítima;224;BR-040/MG;Sul;Queda de Carga;0;0;1;0;0;0;0;0;0;0;1;0;0;0;0
24/05/2015;16:28:00;155;Acidente sem Vítima;413;BR-040/MG;Norte;Outros;1;0;0;0;0;0;0;0;0;0;1;0;0;0;0
24/05/2015;05:47:00;29;Acidente sem Vítima;513,7;BR-040/MG;Sul;Choque com objeto fixo;1;0;0;0;0;0;0;0;0;0;1;0;0;0;0
24/05/2015;20:31:00;214;Acidente sem Vítima;552;BR-040/MG;Sul;Colisão traseira;2;0;0;0;0;0;0;0;0;0;2;0;0;0;0