data;horario;n_da_ocorrencia;tipo_de_ocorrencia;km;trecho;sentido;tipo_de_acidente;automovel;bicicleta;caminhao;moto;onibus;outros;tracao_animal;transporte_de_cargas_especiais;trator_maquinas;utilitarios;ilesos;levemente_feridos;moderadamente_feridos;gravemente_feridos;mortos
11/07/2015;06:01:00;38;Acidente com Vítima;15;BR-040/GO;Norte;Choque com objeto fixo;1;0;0;0;0;0;0;0;0;0;0;1;0;0;0
11/07/2015;05:46:00;37;Acidente com Vítima;345,3;BR-040/MG;Sul;Abalroamento - Longitudinal;1;0;1;0;0;0;0;0;0;0;1;3;0;0;0
11/07/2015;08:27:00;67;Acidente sem Vítima;471,2;BR-040/MG;Norte;Colisão frontal;0;0;0;1;0;1;0;0;0;0;2;0;0;0;0
11/07/2015;16:14:00;202;Acidente com Vítima;475,95;BR-040/MG;Sul;Capotamento;1;0;0;0;0;0;0;0;0;0;0;1;0;0;0
11/07/2015;11:22:00;115;Acidente sem Vítima;510,05;BR-040/MG;Sul;Colisão traseira;3;0;0;0;0;0;0;0;0;0;3;0;0;0;0
11/07/2015;11:08:00;107;Acidente sem Vítima;510,2;BR-040/MG;Norte;Colisão traseira;3;0;0;0;0;0;0;0;0;0;3;0;0;0;0
11/07/2015;10:49:00;104;Acidente sem Vítima;510,8;BR-040/MG;Norte;Colisão traseira;3;0;0;0;0;0;0;0;0;0;3;0;0;0;0
11/07/2015;12:30:00;133;Acidente com Vítima;520,077;BR-040/MG;Norte;Abalroamento - Longitudinal;1;0;0;1;0;0;0;0;0;0;1;1;0;0;0
11/07/2015;04:51:00;29;Acidente com Vítima;537,05;BR-040/MG;Sul;Choque com objeto fixo;1;0;0;0;0;0;0;0;0;0;2;1;0;0;0
11/07/2015;10:29:00;99;Acidente sem Vítima;558,2;BR-040/MG;Sul;Colisão traseira;2;0;0;0;0;0;0;0;0;0;2;0;0;0;0
11/07/2015;14:52:00;177;Acidente sem Vítima;570,5;BR-040/MG;Norte;Abalroamento - Transversal;2;0;0;0;0;0;0;0;0;0;6;0;0;0;0
11/07/2015;06:23:00;43;Acidente com Vítima;617,5;BR-040/MG;Sul;Colisão traseira;1;0;0;0;0;1;0;0;0;0;2;2;0;0;0
11/07/2015;01:25:00;13;Acidente sem Vítima;628,009;BR-040/MG;Sul;Abalroamento - Transversal;2;0;0;0;0;0;0;0;0;0;3;0;0;0;0
11/07/2015;18:46:00;230;Acidente com Vítima;632;BR-040/MG;Norte;Abalroamento - Transversal;2;0;0;0;0;0;0;0;0;0;0;0;3;0;0
11/07/2015;22:09:00;278;Acidente sem Vítima;632,05;BR-040/MG;Sul;Choque com objeto fixo;1;0;0;0;0;0;0;0;0;0;2;0;0;0;0
11/07/2015;10:44:00;103;Acidente sem Vítima;695;BR-040/MG;Sul;Colisão traseira;1;0;1;0;0;0;0;0;0;0;2;0;0;0;0
11/07/2015;01:02:00;11;Acidente com Vítima;701,85;BR-040/MG;Norte;Abalroamento - Longitudinal;2;0;0;0;0;0;0;0;0;0;2;0;1;0;0
11/07/2015;08:16:00;64;Acidente sem Vítima;706,5;BR-040/MG;Norte;Choque em barreira New Jersey;2;0;0;0;0;0;0;0;0;0;2;0;0;0;0
12/07/2015;18:28:00;172;Acidente sem Vítima;1,3;BR-040/GO;Norte;Colisão traseira;2;0;0;0;0;0;0;0;0;0;5;0;0;0;0
12/07/2015;18:51:00;184;Acidente com Vítima;5,1;BR-040/GO;Norte;Capotamento;1;0;0;0;0;0;0;0;0;0;2;0;1;0;0
12/07/2015;17:39:00;156;Acidente sem Vítima;5,8;BR-040/GO;Norte;Colisão traseira;6;0;0;0;0;0;0;0;0;0;6;0;0;0;0
12/07/2015;16:41:00;140;Acidente sem Vítima;11,93;BR-040/GO;Sul;Abalroamento - Transversal;2;0;0;0;0;0;0;0;0;0;2;0;0;0;0
12/07/2015;16:38:00;139;Acidente com Vítima;40;BR-040/MG;Sul;Abalroamento - Longitudinal;1;0;0;1;0;0;0;0;0;0;2;1;0;0;0
12/07/2015;15:07:00;122;Atropelamento sem Morte;12,8;BR-040/GO;Norte;Atropelamento - Pedestre atravessando;1;0;0;0;0;0;0;0;0;0;1;0;1;0;0
12/07/2015;22:51:00;243;Acidente sem Vítima;16,7;BR-040/GO;Norte;Outros;1;0;0;0;0;0;0;0;0;0;3;0;0;0;0
12/07/2015;05:59:00;24;Acidente com Morte;64,3;BR-040/MG;Norte;Choque com objeto fixo;1;0;0;0;0;0;0;0;0;0;0;0;2;0;1
12/07/2015;17:17:00;150;Acidente com Morte;29,8;BR-040/GO;Sul;Abalroamento - Transversal;0;0;1;1;0;0;0;0;0;0;1;0;0;0;1
12/07/2015;12:22:00;95;Acidente com Vítima;437,75;BR-040/MG;Norte;Capotamento;1;0;0;0;0;0;0;0;0;0;4;0;2;0;0
12/07/2015;05:18:00;11;Acidente com Vítima;455,5;BR-040/MG;Sul;Colisão traseira;2;0;0;0;0;0;0;0;0;0;2;1;1;0;0
12/07/2015;19:00:00;187;Acidente sem Vítima;512;BR-040/MG;Norte;Abalroamento - Longitudinal;1;0;0;1;0;0;0;0;0;0;2;0;0;0;0
12/07/2015;22:25:00;238;Acidente com Vítima;529,3;BR-040/MG;Norte;Outros;0;0;0;1;0;0;0;0;0;0;1;1;0;0;0
12/07/2015;05:56:00;23;Acidente sem Vítima;584,05;BR-040/MG;Norte;Choque em defensa;1;0;0;0;0;0;0;0;0;0;1;0;0;0;0
12/07/2015;05:40:00;17;Acidente com Vítima;632,1;BR-040/MG;Norte;Abalroamento - Transversal;2;0;0;0;0;0;0;0;0;0;2;1;0;0;0
12/07/2015;11:03:00;78;Acidente com Vítima;645,5;BR-040/MG;Norte;Abalroamento - Transversal;2;0;0;0;0;0;0;0;0;0;1;0;2;0;0
12/07/2015;05:46:00;19;Acidente com Morte;45,1;BR-040/GO;Norte;Colisão frontal;2;0;0;0;0;0;0;0;0;0;0;0;3;1;1
12/07/2015;19:02:00;192;Acidente sem Vítima;90,1;BR-040/GO;Norte;Atropelamento - Animal;1;0;0;0;0;0;0;0;0;0;2;0;0;0;0
12/07/2015;17:47:00;158;Acidente sem Vítima;662,1;BR-040/MG;Norte;Atropelamento - Animal;1;0;0;0;0;0;0;0;0;0;2;0;0;0;0
12/07/2015;19:00:00;188;Atropelamento com Morte;667,5;BR-040/MG;Sul;Atropelamento - Pedestre atravessando;2;0;0;0;0;0;0;0;0;0;3;0;0;0;1
12/07/2015;12:29:00;97;Atropelamento sem Morte;700,01;BR-040/MG;Sul;Atropelamento - Ciclista;1;0;0;0;0;0;0;0;0;0;1;0;1;0;0
12/07/2015;09:48:00;57;Acidente com Vítima;712,39;BR-040/MG;Sul;Capotamento;1;0;0;0;0;0;0;0;0;0;4;0;1;0;0
12/07/2015;17:18:00;151;Acidente com Vítima;738,6;BR-040/MG;Norte;Choque com objeto fixo;0;0;0;1;0;0;0;0;0;0;0;0;0;1;0
12/07/2015;20:46:00;225;Acidente com Vítima;766,2;BR-040/MG;Sul;Capotamento;1;0;0;0;0;0;0;0;0;0;1;1;0;0;0
13/07/2015;18:35:00;218;Acidente sem Vítima;5,9;BR-040/DF;Norte;Capotamento;1;0;0;0;0;0;0;0;0;0;3;0;0;0;0
13/07/2015;05:41:00;22;Acidente com Vítima;331,6;BR-040/MG;Sul;Choque em veículo parado na pista;2;0;0;0;0;0;0;0;0;0;1;2;1;0;0
13/07/2015;15:14:00;162;Acidente sem Vítima;494,151;BR-040/MG;Sul;Queda de Carga;0;0;1;0;0;0;0;0;0;0;1;0;0;0;0
13/07/2015;16:21:00;173;Acidente com Vítima;507,587;BR-040/MG;Sul;Outros;0;0;0;1;0;0;0;0;0;0;2;1;0;0;0
13/07/2015;07:22:00;45;Acidente sem Vítima;510,5;BR-040/MG;Sul;Colisão traseira;5;0;0;0;0;0;0;0;0;0;5;0;0;0;0
13/07/2015;12:08:00;120;Acidente sem Vítima;520,15;BR-040/MG;Norte;Abalroamento - Longitudinal;1;0;0;1;0;0;0;0;0;0;2;0;0;0;0
13/07/2015;14:40:00;154;Acidente sem Vítima;523,723;BR-040/MG;Sul;Colisão traseira;1;0;1;0;0;0;0;0;0;0;2;0;0;0;0
13/07/2015;08:27:00;72;Atropelamento sem Morte;525,5;BR-040/MG;Norte;Atropelamento - Pedestre caminhando;0;0;1;0;0;0;0;0;0;0;1;0;1;0;0
13/07/2015;08:19:00;70;Acidente com Vítima;539,228;BR-040/MG;Sul;Outros;2;0;0;1;0;0;0;0;0;0;2;0;1;0;0
13/07/2015;13:39:00;140;Acidente sem Vítima;543,8;BR-040/MG;Sul;Abalroamento - Transversal;2;0;0;0;0;0;0;0;0;0;2;0;0;0;0
13/07/2015;19:11:00;230;Acidente com Vítima;543,9;BR-040/MG;Norte;Colisão traseira;0;0;0;2;0;0;0;0;0;0;1;1;0;0;0
13/07/2015;19:00:00;227;Acidente sem Vítima;88,75;BR-040/GO;Sul;Atropelamento - Animal;1;0;0;0;0;0;0;0;0;0;4;0;0;0;0
13/07/2015;21:27:00;263;Acidente sem Vítima;664,3;BR-040/MG;Sul;Outros;1;0;0;0;0;0;0;0;0;0;1;0;0;0;0
14/07/2015;20:16:00;274;Acidente sem Vítima;0,45;BR-040/DF;Norte;Abalroamento - Longitudinal;1;0;1;0;0;0;0;0;0;0;2;0;0;0;0
14/07/2015;17:40:00;230;Acidente sem Vítima;2,2;BR-040/GO;Norte;Abalroamento - Longitudinal;2;0;0;0;0;0;0;0;0;0;2;0;0;0;0
14/07/2015;18:29:00;239;Acidente sem Vítima;7,95;BR-040/GO;Norte;Abalroamento - Longitudinal;3;0;0;0;0;0;0;0;0;0;3;0;0;0;0
14/07/2015;00:34:00;2;Acidente sem Vítima;60,4;BR-040/MG;Norte;Atropelamento - Animal;1;0;0;0;0;0;0;0;0;0;2;0;0;0;0
14/07/2015;10:23:00;112;Acidente com Vítima;534,7;BR-040/MG;Sul;Colisão traseira;1;0;0;2;0;0;0;0;0;0;2;0;1;0;0
14/07/2015;05:53:00;26;Acidente sem Vítima;549,08;BR-040/MG;Sul;Abalroamento - Longitudinal;2;0;0;0;0;0;0;0;0;0;2;0;0;0;0
14/07/2015;08:20:00;73;Acidente sem Vítima;558,185;BR-040/MG;Sul;Choque em defensa;1;0;0;0;0;0;0;0;0;0;1;0;0;0;0
14/07/2015;18:31:00;240;Acidente sem Vítima;671,5;BR-040/MG;Norte;Choque com objeto fixo;1;0;0;0;0;0;0;0;0;0;1;0;0;0;0
14/07/2015;16:42:00;214;Acidente com Vítima;754,6;BR-040/MG;Norte;Colisão traseira;0;0;2;0;0;0;0;0;0;0;1;1;0;0;0
15/07/2015;19:11:00;244;Acidente com Vítima;1,5;BR-040/DF;Norte;Colisão traseira;1;0;0;1;0;0;0;0;0;0;1;0;1;0;0
15/07/2015;23:43:00;298;Acidente sem Vítima;3,1;BR-040/GO;Sul;Atropelamento - Animal;1;0;0;0;0;0;0;0;0;0;1;0;0;0;0
15/07/2015;15:03:00;183;Acidente sem Vítima;442,218;BR-040/MG;Sul;Capotamento;1;0;0;0;0;0;0;0;0;0;4;0;0;0;0
15/07/2015;15:52:00;195;Acidente com Vítima;443,653;BR-040/MG;Norte;Outros;0;0;0;1;0;0;0;0;0;0;0;0;1;0;0
15/07/2015;20:01:00;252;Acidente sem Vítima;518;BR-040/MG;Norte;Colisão traseira;1;0;0;1;0;0;0;0;0;0;2;0;0;0;0
15/07/2015;06:41:00;30;Acidente com Vítima;518,263;BR-040/MG;Sul;Abalroamento - Transversal;1;0;0;1;0;0;0;0;0;0;2;1;0;0;0
15/07/2015;18:27:00;229;Acidente com Vítima;518,3;BR-040/MG;Norte;Colisão traseira;3;0;0;0;0;0;0;0;0;0;5;2;0;0;0
15/07/2015;19:45:00;250;Acidente sem Vítima;519,1;BR-040/MG;Norte;Abalroamento - Longitudinal;1;0;0;1;0;0;0;0;0;0;6;0;0;0;0
15/07/2015;18:07:00;221;Acidente sem Vítima;519,3;BR-040/MG;Norte;Colisão traseira;3;0;0;0;0;0;0;0;0;0;8;0;0;0;0
15/07/2015;18:15:00;223;Acidente sem Vítima;525,4;BR-040/MG;Norte;Abalroamento - Longitudinal;1;0;0;1;0;0;0;0;0;0;2;0;0;0;0
15/07/2015;03:46:00;17;Acidente com Vítima;526,8;BR-040/MG;Sul;Outros;0;0;0;1;0;0;0;0;0;0;0;0;1;0;0
15/07/2015;15:18:00;185;Acidente sem Vítima;668,754;BR-040/MG;Sul;Choque com objeto fixo;1;0;0;0;0;0;0;0;0;0;1;0;0;0;0
16/07/2015;21:23:00;254;Acidente com Vítima;4,25;BR-040/GO;Sul;Outros;0;0;0;1;0;0;0;0;0;0;0;2;0;0;0
16/07/2015;21:34:00;257;Acidente com Vítima;5,1;BR-040/GO;Sul;Colisão traseira;1;0;0;1;0;0;0;0;0;0;2;0;1;0;0
16/07/2015;16:59:00;179;Acidente sem Vítima;44,344;BR-040/MG;Sul;Colisão traseira;0;0;0;0;0;2;0;0;0;0;2;0;0;0;0
16/07/2015;19:52:00;232;Acidente sem Vítima;58,2;BR-040/MG;Norte;Choque com objeto fixo;1;0;0;0;0;0;0;0;0;0;1;0;0;0;0
16/07/2015;18:55:00;211;Acidente com Vítima;510,8;BR-040/MG;Norte;Colisão traseira;2;0;0;0;0;0;0;0;0;0;1;1;0;0;0
16/07/2015;20:01:00;236;Acidente com Vítima;526,06;BR-040/MG;Norte;Colisão traseira;1;0;0;0;0;1;0;0;0;0;1;1;0;0;0
16/07/2015;11:59:00;127;Acidente com Vítima;526,95;BR-040/MG;Sul;Abalroamento - Longitudinal;2;0;0;0;0;0;0;0;0;0;2;0;1;0;0
16/07/2015;10:57:00;114;Acidente com Vítima;530,9;BR-040/MG;Norte;Abalroamento - Longitudinal;0;0;0;1;0;0;0;0;0;1;1;1;0;0;0
16/07/2015;18:26:00;198;Acidente sem Vítima;537,5;BR-040/MG;Sul;Abalroamento - Longitudinal;1;0;0;0;0;1;0;0;0;0;2;0;0;0;0
16/07/2015;18:44:00;207;Acidente sem Vítima;537,8;BR-040/MG;Norte;Abalroamento - Longitudinal;1;0;0;0;1;0;0;0;0;0;5;0;0;0;0
16/07/2015;02:05:00;13;Acidente com Vítima;543;BR-040/MG;Norte;Choque em barreira New Jersey;1;0;0;0;0;0;0;0;0;0;0;1;0;0;0
16/07/2015;12:41:00;141;Acidente com Morte;547,5;BR-040/MG;Norte;Abalroamento - Longitudinal;0;0;0;2;0;0;0;0;0;0;0;1;0;0;1
16/07/2015;02:57:00;19;Acidente com Vítima;7,3;BR-040/DF;Norte;Abalroamento - Transversal;2;0;0;0;0;0;0;0;0;0;1;1;0;0;0
17/07/2015;17:28:00;165;Acidente sem Vítima;5,316;BR-040/GO;Norte;Colisão traseira;2;0;0;0;0;0;0;0;0;0;2;0;0;0;0
17/07/2015;20:29:00;227;Acidente com Vítima;6,4;BR-040/DF;Sul;Colisão traseira;1;0;0;1;0;0;0;0;0;0;2;1;0;0;0
17/07/2015;15:00:00;135;Acidente sem Vítima;44,023;BR-040/MG;Sul;Abalroamento - Longitudinal;2;0;0;0;0;0;0;0;0;0;2;0;0;0;0
17/07/2015;22:19:00;257;Acidente com Vítima;163,9;BR-040/MG;Norte;Abalroamento - Longitudinal;2;0;0;0;0;0;0;0;0;0;0;4;0;0;0
17/07/2015;12:45:00;117;Acidente com Vítima;164,5;BR-040/MG;Sul;Colisão traseira;1;0;0;1;0;0;0;0;0;0;4;2;0;0;0
17/07/2015;18:04:00;176;Acidente sem Vítima;384,15;BR-040/MG;Norte;Outros;1;0;0;0;0;0;0;0;0;0;1;0;0;0;0
17/07/2015;15:56:00;146;Acidente com Vítima;447,05;BR-040/MG;Sul;Choque com objeto fixo;0;0;1;0;0;0;0;0;0;0;0;1;0;0;0
17/07/2015;20:57:00;239;Acidente com Vítima;501,68;BR-040/MG;Sul;Outros;0;0;0;1;0;0;0;0;0;0;0;0;1;0;0
17/07/2015;12:59:00;119;Acidente com Morte;538,15;BR-040/MG;Norte;Choque em barreira New Jersey;0;0;0;1;0;0;0;0;0;0;0;0;1;0;1
17/07/2015;15:59:00;148;Acidente sem Vítima;615,149;BR-040/MG;Norte;Colisão traseira;3;0;0;0;0;0;0;0;0;0;3;0;0;0;0
17/07/2015;16:52:00;155;Acidente sem Vítima;615,2;BR-040/MG;Norte;Abalroamento - Longitudinal;2;0;0;0;0;0;0;0;0;0;2;0;0;0;0
17/07/2015;06:55:00;35;Acidente com Vítima;650,1;BR-040/MG;Sul;Capotamento;1;0;0;0;0;0;0;0;0;0;1;0;1;0;0
17/07/2015;08:38:00;70;Acidente com Vítima;737,5;BR-040/MG;Sul;Queda de Carga;0;0;1;0;0;0;0;0;0;0;0;1;0;0;0
18/07/2015;01:01:00;13;Acidente sem Vítima;2,2;BR-040/GO;Sul;Colisão traseira;2;0;0;0;0;0;0;0;0;0;6;0;0;0;0
18/07/2015;02:37:00;28;Acidente sem Vítima;4,9;BR-040/GO;Norte;Capotamento;1;0;0;0;0;0;0;0;0;0;1;0;0;0;0
18/07/2015;23:14:00;290;Acidente sem Vítima;5,95;BR-040/GO;Sul;Choque em defensa;2;0;0;0;0;0;0;0;0;0;4;0;0;0;0
18/07/2015;02:11:00;22;Acidente sem Vítima;6,4;BR-040/GO;Norte;Choque com objeto fixo;1;0;0;0;0;0;0;0;0;0;1;0;0;0;0
18/07/2015;05:21:00;41;Acidente com Morte;11,7;BR-040/GO;Norte;Choque com objeto fixo;1;0;0;0;0;0;0;0;0;0;0;0;0;1;2
18/07/2015;05:13:00;40;Acidente sem Vítima;42,5;BR-040/MG;Norte;Choque com objeto fixo;1;0;0;0;0;0;0;0;0;0;1;0;0;0;0
18/07/2015;07:48:00;63;Acidente com Vítima;44,1;BR-040/MG;Sul;Abalroamento - Longitudinal;2;0;0;0;0;0;0;0;0;0;2;0;1;0;0
18/07/2015;10:31:00;104;Acidente sem Vítima;31,189;BR-040/GO;Sul;Abalroamento - Longitudinal;1;0;1;0;0;0;0;0;0;0;2;0;0;0;0
18/07/2015;09:35:00;97;Acidente sem Vítima;127,5;BR-040/MG;Norte;Colisão traseira;2;0;0;0;0;0;0;0;0;0;2;0;0;0;0
18/07/2015;19:58:00;250;Acidente com Vítima;129,9;BR-040/MG;Sul;Atropelamento - Animal;0;0;0;1;0;0;0;0;0;0;0;1;0;0;0
18/07/2015;08:36:00;77;Acidente com Vítima;473,163;BR-040/MG;Sul;Capotamento;1;0;0;0;0;0;0;0;0;0;0;3;0;0;0
18/07/2015;21:40:00;275;Acidente sem Vítima;508,1;BR-040/MG;Norte;Colisão traseira;2;0;0;0;0;0;0;0;0;0;2;0;0;0;0
18/07/2015;23:38:00;297;Acidente sem Vítima;528,287;BR-040/MG;Norte;Choque com objeto fixo;2;0;0;0;0;0;0;0;0;0;2;0;0;0;0
18/07/2015;08:38:00;78;Acidente com Vítima;566,9;BR-040/MG;Norte;Capotamento;1;0;0;0;0;0;0;0;0;0;1;2;0;0;0
18/07/2015;13:56:00;146;Acidente sem Vítima;570,5;BR-040/MG;Norte;Colisão traseira;1;0;0;1;0;0;0;0;0;0;2;0;0;0;0
18/07/2015;11:49:00;128;Acidente sem Vítima;642,2;BR-040/MG;Sul;Colisão traseira;2;0;0;0;0;0;0;0;0;0;3;0;0;0;0
18/07/2015;22:13:00;280;Acidente sem Vítima;656,4;BR-040/MG;Norte;Capotamento;1;0;0;0;0;0;0;0;0;0;4;0;0;0;0
18/07/2015;09:35:00;95;Acidente sem Vítima;683,19;BR-040/MG;Norte;Colisão frontal;1;0;0;1;0;0;0;0;0;0;3;0;0;0;0
18/07/2015;03:45:00;32;Acidente sem Vítima;699,2;BR-040/MG;Norte;Choque em barreira New Jersey;1;0;0;0;0;0;0;0;0;0;1;0;0;0;0
18/07/2015;14:03:00;151;Acidente sem Vítima;750,3;BR-040/MG;Sul;Outros;0;0;1;0;0;0;0;0;0;0;1;0;0;0;0
18/07/2015;15:59:00;184;Acidente com Vítima;147,566;BR-040/GO;Sul;Colisão traseira;1;0;1;0;0;0;0;0;0;0;2;1;1;0;0
19/07/2015;02:15:00;33;Acidente com Vítima;2,35;BR-040/GO;Sul;Colisão traseira;1;0;0;1;0;0;0;0;0;0;1;0;1;0;0
19/07/2015;19:30:00;260;Acidente sem Vítima;2,98;BR-040/GO;Norte;Colisão traseira;4;0;0;0;0;0;0;0;0;0;10;0;0;0;0
19/07/2015;18:00:00;222;Acidente com Vítima;5,8;BR-040/GO;Norte;Colisão traseira;4;0;0;0;0;0;0;0;0;0;4;1;0;0;0
19/07/2015;19:42:00;268;Acidente sem Vítima;7,2;BR-040/GO;Norte;Abalroamento - Longitudinal;2;0;0;0;0;0;0;0;0;0;2;0;0;0;0
19/07/2015;11:57:00;126;Acidente com Morte;24,3;BR-040/MG;Sul;Colisão frontal;2;0;0;0;0;0;0;0;0;0;0;0;1;1;2
19/07/2015;01:11:00;13;Acidente com Vítima;21,2;BR-040/GO;Norte;Colisão frontal;1;0;0;1;0;0;0;0;0;0;2;1;0;0;0
19/07/2015;01:12:00;14;Acidente sem Vítima;349,3;BR-040/MG;Norte;Atropelamento - Animal;1;0;0;0;0;0;0;0;0;0;1;0;0;0;0
19/07/2015;19:24:00;257;Acidente com Vítima;491,644;BR-040/MG;Sul;Queda de Carga;1;0;1;0;0;0;0;0;0;0;1;1;0;0;0
19/07/2015;20:28:00;280;Acidente sem Vítima;517,9;BR-040/MG;Norte;Choque em defensa;1;0;0;0;0;0;0;0;0;0;1;0;0;0;0
19/07/2015;04:26:00;43;Acidente com Morte;524,8;BR-040/MG;Sul;Choque com objeto fixo;1;0;0;0;0;0;0;0;0;0;0;0;0;0;1
19/07/2015;20:47:00;284;Acidente com Vítima;525,12;BR-040/MG;Sul;Abalroamento - Longitudinal;0;0;2;0;0;0;0;0;0;0;0;1;2;0;0
19/07/2015;15:10:00;167;Acidente com Vítima;525,5;BR-040/MG;Sul;Outros;0;0;0;1;0;0;0;0;0;0;1;0;1;0;0
19/07/2015;19:34:00;264;Acidente com Vítima;564,9;BR-040/MG;Sul;Atropelamento - Animal;1;0;0;0;0;0;0;0;0;0;1;3;0;0;0
19/07/2015;21:09:00;288;Acidente sem Vítima;64,2;BR-040/GO;Norte;Outros;0;0;0;1;0;0;0;0;0;0;1;0;0;0;0
19/07/2015;16:14:00;181;Acidente sem Vítima;96,5;BR-040/GO;Sul;Colisão traseira;4;0;0;0;0;0;0;0;0;0;4;0;0;0;0
19/07/2015;21:41:00;296;Acidente sem Vítima;99,5;BR-040/GO;Norte;Abalroamento - Longitudinal;1;0;1;0;0;0;0;0;0;0;14;0;0;0;0
19/07/2015;18:40:00;236;Acidente com Vítima;673,5;BR-040/MG;Norte;Choque com objeto fixo;1;0;0;0;0;0;0;0;0;0;0;4;0;0;0
19/07/2015;10:25:00;99;Acidente com Vítima;697,669;BR-040/MG;Sul;Colisão traseira;4;0;0;0;0;0;0;0;0;0;8;2;0;0;0
19/07/2015;10:27:00;101;Acidente com Vítima;751,05;BR-040/MG;Sul;Outros;1;0;0;0;0;0;0;0;0;0;2;1;0;0;0
19/07/2015;08:19:00;72;Acidente sem Vítima;758,019;BR-040/MG;Sul;Abalroamento - Longitudinal;2;0;0;0;0;0;0;0;0;0;3;0;0;0;0
20/07/2015;17:21:00;227;Acidente sem Vítima;3,335;BR-040/GO;Norte;Capotamento;1;0;0;0;0;0;0;0;0;0;2;0;0;0;0
20/07/2015;06:46:00;46;Acidente sem Vítima;4,088;BR-040/GO;Norte;Outros;0;0;0;1;0;0;0;0;0;0;1;0;0;0;0
20/07/2015;01:31:00;8;Acidente com Vítima;11,005;BR-040/GO;Sul;Colisão traseira;2;0;0;0;0;0;0;0;0;0;4;2;0;0;0
20/07/2015;09:10:00;102;Acidente sem Vítima;490,03;BR-040/MG;Sul;Outros;1;0;0;0;0;0;0;0;0;0;1;0;0;0;0
20/07/2015;17:29:00;230;Acidente com Vítima;529,18;BR-040/MG;Norte;Capotamento;1;0;0;0;0;0;0;0;0;0;0;2;1;0;0
20/07/2015;18:05:00;236;Acidente com Vítima;531,5;BR-040/MG;Norte;Colisão traseira;4;0;0;0;0;0;0;0;0;0;8;1;0;0;0
20/07/2015;19:48:00;272;Acidente sem Vítima;532,8;BR-040/MG;Sul;Colisão traseira;3;0;0;0;0;0;0;0;0;0;6;0;0;0;0
20/07/2015;09:56:00;116;Acidente com Vítima;537,15;BR-040/MG;Norte;Colisão traseira;3;0;1;0;0;0;0;0;0;1;4;1;0;0;0
20/07/2015;11:46:00;141;Acidente sem Vítima;562,15;BR-040/MG;Norte;Capotamento;1;0;0;0;0;0;0;0;0;0;1;0;0;0;0
20/07/2015;20:17:00;281;Acidente sem Vítima;630,1;BR-040/MG;Sul;Colisão traseira;1;0;0;1;0;0;0;0;0;0;2;0;0;0;0
20/07/2015;15:31:00;201;Acidente com Vítima;633,2;BR-040/MG;Norte;Abalroamento - Transversal;1;0;0;1;0;0;0;0;0;0;1;1;0;0;0
21/07/2015;16:40:00;202;Acidente sem Vítima;4,324;BR-040/GO;Norte;Abalroamento - Longitudinal;1;0;1;0;0;0;0;0;0;0;2;0;0;0;0
21/07/2015;13:46:00;161;Acidente com Vítima;44,132;BR-040/MG;Sul;Abalroamento - Transversal;0;0;1;1;0;0;0;0;0;0;1;1;0;0;0
21/07/2015;21:39:00;284;Acidente sem Vítima;513,2;BR-040/MG;Sul;Abalroamento - Longitudinal;1;0;1;0;0;0;0;0;0;0;2;0;0;0;0
21/07/2015;17:00:00;208;Acidente com Vítima;533,88;BR-040/MG;Sul;Colisão traseira;1;0;0;1;0;0;0;0;0;0;2;1;0;0;0
21/07/2015;14:36:00;174;Acidente sem Vítima;538,01;BR-040/MG;Norte;Colisão traseira;1;0;0;1;0;0;0;0;0;0;2;0;0;0;0
21/07/2015;07:02:00;36;Acidente sem Vítima;573,1;BR-040/MG;Sul;Abalroamento - Longitudinal;0;0;2;0;0;0;0;0;0;0;2;0;0;0;0
22/07/2015;21:11:00;295;Acidente sem Vítima;10,3;BR-040/GO;Norte;Abalroamento - Longitudinal;2;0;0;0;0;0;0;0;0;0;2;0;0;0;0
22/07/2015;05:14:00;22;Acidente sem Vítima;12,2;BR-040/GO;Norte;Atropelamento - Animal;0;0;0;0;1;0;0;0;0;0;1;0;0;0;0
22/07/2015;23:57:00;335;Acidente sem Vítima;21,3;BR-040/GO;Sul;Atropelamento - Animal;1;0;0;0;0;0;0;0;0;0;1;0;0;0;0
22/07/2015;19:32:00;265;Acidente sem Vítima;274;BR-040/MG;Sul;Outros;0;0;0;1;0;0;0;0;0;0;1;0;0;0;0
22/07/2015;01:35:00;5;Acidente sem Vítima;485,1;BR-040/MG;Sul;Choque com objeto fixo;1;0;0;0;0;0;0;0;0;0;3;0;0;0;0
22/07/2015;21:34:00;300;Acidente sem Vítima;506,05;BR-040/MG;Sul;Choque em defensa;1;0;0;0;0;0;0;0;0;0;1;0;0;0;0
22/07/2015;17:30:00;217;Acidente com Vítima;527,1;BR-040/MG;Norte;Outros;0;0;0;1;0;0;0;0;0;0;0;1;0;0;0
22/07/2015;15:04:00;183;Acidente sem Vítima;543,23;BR-040/MG;Sul;Abalroamento - Longitudinal;1;0;1;0;0;0;0;0;0;0;2;0;0;0;0
22/07/2015;20:42:00;288;Acidente com Vítima;566,69;BR-040/MG;Sul;Capotamento;1;0;0;0;0;0;0;0;0;0;0;0;1;0;0