data;horario;n_da_ocorrencia;tipo_de_ocorrencia;km;trecho;sentido;tipo_de_acidente;automovel;bicicleta;caminhao;moto;onibus;outros;tracao_animal;transporte_de_cargas_especiais;trator_maquinas;utilitarios;ilesos;levemente_feridos;moderadamente_feridos;gravemente_feridos;mortos
01/08/2015;20:35:00;324;Acidente sem Vítima;142,95;BR-040/GO;Norte;Colisão traseira;0;0;2;0;0;0;0;0;0;0;2;0;0;0;0
02/08/2015;11:59:00;124;Acidente com Vítima;2,8;BR-040/GO;Sul;Outros;0;0;0;1;0;0;0;0;0;0;1;2;0;0;0
02/08/2015;15:49:00;190;Acidente sem Vítima;3,1;BR-040/GO;Norte;Abalroamento - Longitudinal;2;0;0;0;0;0;0;0;0;0;2;0;0;0;0
02/08/2015;18:31:00;257;Acidente sem Vítima;8,8;BR-040/GO;Sul;Abalroamento - Transversal;2;0;0;0;0;0;0;0;0;0;2;0;0;0;0
02/08/2015;18:48:00;268;Acidente sem Vítima;42,8;BR-040/MG;Sul;Abalroamento - Longitudinal;3;0;0;0;0;0;0;0;0;0;3;0;0;0;0
02/08/2015;21:50:00;333;Acidente com Vítima;15,5;BR-040/GO;Sul;Colisão traseira;1;0;0;1;0;0;0;0;0;0;4;0;1;0;0
02/08/2015;18:25:00;252;Acidente sem Vítima;23,15;BR-040/GO;Norte;Colisão traseira;2;0;0;0;0;0;0;0;0;0;2;0;0;0;0
02/08/2015;13:44:00;149;Acidente sem Vítima;348,95;BR-040/MG;Norte;Capotamento;1;0;0;0;0;0;0;0;0;0;2;0;0;0;0
02/08/2015;05:49:00;41;Acidente com Vítima;356,05;BR-040/MG;Sul;Abalroamento - Transversal;2;0;0;0;0;0;0;0;0;0;3;2;0;0;0
02/08/2015;22:19:00;347;Acidente sem Vítima;438,6;BR-040/MG;Norte;Choque com objeto fixo;1;0;0;0;0;0;0;0;0;0;1;0;0;0;0
02/08/2015;18:38:00;260;Acidente com Vítima;440,6;BR-040/MG;Norte;Capotamento;1;0;0;0;0;0;0;0;0;0;0;0;4;0;0
02/08/2015;11:25:00;111;Acidente com Vítima;443,5;BR-040/MG;Sul;Outros;0;0;0;1;0;0;0;0;0;0;0;2;0;0;0
02/08/2015;12:41:00;131;Acidente sem Vítima;487,3;BR-040/MG;Sul;Abalroamento - Longitudinal;1;0;1;0;0;0;0;0;0;0;4;0;0;0;0
02/08/2015;05:16:00;36;Acidente sem Vítima;506,8;BR-040/MG;Norte;Choque com objeto fixo;1;0;0;0;0;0;0;0;0;0;2;0;0;0;0
02/08/2015;15:54:00;194;Atropelamento sem Morte;507,2;BR-040/MG;Sul;Atropelamento - Pedestre atravessando;1;0;0;0;0;0;0;0;0;0;1;0;1;0;0
02/08/2015;13:48:00;150;Acidente com Vítima;510,001;BR-040/MG;Sul;Abalroamento - Longitudinal;1;0;0;0;0;1;0;0;0;0;2;1;0;0;0
02/08/2015;12:03:00;125;Acidente sem Vítima;527,2;BR-040/MG;Norte;Outros;0;0;0;1;0;0;0;0;0;0;1;0;0;0;0
02/08/2015;00:10:00;3;Acidente sem Vítima;538,2;BR-040/MG;Norte;Colisão traseira;2;0;0;0;0;0;0;0;0;0;3;0;0;0;0
02/08/2015;09:46:00;83;Acidente com Vítima;570,2;BR-040/MG;Sul;Choque com objeto fixo;1;0;0;0;0;0;0;0;0;0;4;1;0;0;0
02/08/2015;17:13:00;222;Acidente sem Vítima;590,39;BR-040/MG;Norte;Colisão traseira;3;0;0;0;0;0;0;0;0;0;6;0;0;0;0
02/08/2015;16:18:00;203;Acidente sem Vítima;604;BR-040/MG;Norte;Colisão traseira;3;0;0;0;0;0;0;0;0;0;3;0;0;0;0
02/08/2015;16:39:00;210;Acidente sem Vítima;615;BR-040/MG;Sul;Colisão traseira;2;0;0;0;0;0;0;0;0;0;3;0;0;0;0
02/08/2015;16:03:00;197;Acidente com Vítima;627,7;BR-040/MG;Norte;Outros;0;0;0;1;0;0;0;0;0;0;1;2;0;0;0
02/08/2015;05:38:00;39;Acidente com Vítima;56,3;BR-040/GO;Norte;Capotamento;1;0;0;0;0;0;0;0;0;0;2;1;0;0;0
02/08/2015;20:23:00;312;Acidente com Vítima;106,3;BR-040/GO;Norte;Colisão traseira;1;0;0;0;0;1;0;0;0;0;1;1;1;0;0
02/08/2015;17:28:00;229;Acidente sem Vítima;143,7;BR-040/GO;Norte;Colisão traseira;2;0;0;0;0;0;0;0;0;0;2;0;0;0;0
03/08/2015;19:30:00;335;Acidente com Vítima;0;Fora_Rota;Sul;Choque com objeto fixo;1;0;0;0;0;0;0;0;0;0;0;1;0;0;0
03/08/2015;06:57:00;61;Acidente com Vítima;1,1;BR-040/GO;Sul;Abalroamento - Longitudinal;1;0;0;1;0;0;0;0;0;0;1;1;0;0;0
03/08/2015;00:48:00;12;Acidente com Vítima;1,5;BR-040/GO;Sul;Outros;0;0;0;1;0;0;0;0;0;0;1;1;0;0;0
03/08/2015;16:18:00;263;Acidente sem Vítima;2,05;BR-040/GO;Sul;Colisão traseira;0;0;0;2;0;0;0;0;0;0;2;0;0;0;0
03/08/2015;21:08:00;364;Acidente sem Vítima;2,3;BR-040/GO;Norte;Colisão traseira;2;0;0;0;0;0;0;0;0;0;2;0;0;0;0
03/08/2015;10:03:00;139;Acidente sem Vítima;5,1;BR-040/DF;Norte;Colisão traseira;3;0;0;0;0;0;0;0;0;0;3;0;0;0;0
03/08/2015;06:38:00;53;Acidente sem Vítima;128,1;BR-040/MG;Norte;Abalroamento - Longitudinal;1;0;0;1;0;0;0;0;0;0;2;0;0;0;0
03/08/2015;08:34:00;112;Atropelamento sem Morte;507;BR-040/MG;Sul;Atropelamento - Pedestre atravessando;0;0;0;1;0;0;0;0;0;0;2;0;1;0;0
03/08/2015;14:09:00;225;Acidente com Vítima;509,5;BR-040/MG;Norte;Colisão traseira;1;0;1;1;0;0;0;0;0;0;26;0;1;0;0
03/08/2015;06:03:00;46;Acidente sem Vítima;517,5;BR-040/MG;Sul;Colisão traseira;3;0;0;0;0;0;0;0;0;0;3;0;0;0;0
03/08/2015;18:24:00;305;Acidente sem Vítima;523,1;BR-040/MG;Norte;Colisão traseira;1;0;1;0;0;0;0;0;0;0;2;0;0;0;0
03/08/2015;10:47:00;156;Acidente sem Vítima;525,001;BR-040/MG;Sul;Colisão traseira;1;0;1;0;0;0;0;0;0;0;2;0;0;0;0
03/08/2015;00:33:00;9;Acidente com Vítima;544,8;BR-040/MG;Norte;Choque com objeto fixo;1;0;0;0;0;0;0;0;0;0;0;1;2;0;0
03/08/2015;03:00:00;30;Acidente sem Vítima;547,8;BR-040/MG;Sul;Choque com objeto fixo;1;0;0;0;0;0;0;0;0;0;1;0;0;0;0
03/08/2015;23:36:00;389;Acidente sem Vítima;590,47;BR-040/MG;Norte;Choque em barreira New Jersey;0;0;1;0;0;0;0;0;0;0;1;0;0;0;0
03/08/2015;16:35:00;275;Acidente sem Vítima;593,5;BR-040/MG;Norte;Colisão traseira;0;0;1;1;0;0;0;0;0;0;2;0;0;0;0
03/08/2015;10:58:00;160;Acidente com Vítima;668,7;BR-040/MG;Norte;Choque em defensa;1;0;0;0;0;0;0;0;0;0;0;1;0;0;0
03/08/2015;05:47:00;43;Acidente sem Vítima;716,09;BR-040/MG;Sul;Capotamento;1;0;0;0;0;0;0;0;0;0;2;0;0;0;0
04/08/2015;18:10:00;269;Acidente com Vítima;7,8;BR-040/GO;Norte;Abalroamento - Longitudinal;1;0;0;1;0;0;0;0;0;0;1;1;0;0;0
04/08/2015;06:44:00;57;Acidente sem Vítima;447,503;BR-040/MG;Norte;Abalroamento - Longitudinal;2;0;0;0;0;0;0;0;0;0;2;0;0;0;0
04/08/2015;09:54:00;138;Acidente com Vítima;547,509;BR-040/MG;Norte;Choque com objeto fixo;1;0;0;0;0;0;0;0;0;0;1;2;0;0;0
04/08/2015;15:34:00;220;Acidente sem Vítima;656,5;BR-040/MG;Norte;Choque em barreira New Jersey;1;0;0;0;0;0;0;0;0;0;2;0;0;0;0
05/08/2015;00:46:00;5;Acidente sem Vítima;5;BR-040/GO;Sul;Colisão traseira;3;0;0;0;0;0;0;0;0;0;3;0;0;0;0
05/08/2015;23:00:00;328;Acidente com Vítima;49,2;BR-040/MG;Sul;Capotamento;1;0;0;0;0;0;0;0;0;0;2;1;0;0;0
05/08/2015;21:58:00;318;Acidente sem Vítima;137,5;BR-040/MG;Sul;Capotamento;1;0;0;0;0;0;0;0;0;1;2;0;0;0;0
05/08/2015;12:25:00;167;Acidente com Vítima;190,2;BR-040/MG;Sul;Queda de Carga;0;0;1;0;0;0;0;0;0;0;1;1;0;0;0
05/08/2015;18:02:00;232;Acidente com Vítima;276,35;BR-040/MG;Norte;Abalroamento - Longitudinal;1;0;0;1;0;0;0;0;0;0;0;1;1;0;0
05/08/2015;05:43:00;33;Acidente sem Vítima;385,555;BR-040/MG;Sul;Outros;1;0;0;0;0;0;0;0;0;0;3;0;0;0;0
05/08/2015;22:55:00;326;Acidente sem Vítima;461,4;BR-040/MG;Norte;Outros;1;0;0;0;0;0;0;0;0;0;2;0;0;0;0
05/08/2015;22:00:00;319;Acidente com Vítima;492,5;BR-040/MG;Norte;Capotamento;1;0;0;0;0;0;0;0;0;0;0;1;0;0;0
05/08/2015;19:02:00;260;Acidente sem Vítima;498,1;BR-040/MG;Norte;Choque com objeto fixo;1;0;0;0;0;0;0;0;0;0;2;0;0;0;0
05/08/2015;21:45:00;313;Atropelamento sem Morte;506,09;BR-040/MG;Sul;Atropelamento - Pedestre caminhando;1;0;0;0;0;0;0;0;0;0;1;1;0;0;0
05/08/2015;21:57:00;317;Acidente sem Vítima;519,5;BR-040/MG;Sul;Colisão traseira;1;0;1;0;0;0;0;0;0;0;4;0;0;0;0
05/08/2015;19:24:00;267;Acidente sem Vítima;535,2;BR-040/MG;Norte;Abalroamento - Longitudinal;1;0;1;0;0;0;0;0;0;0;4;0;0;0;0
05/08/2015;06:47:00;50;Acidente sem Vítima;539,5;BR-040/MG;Sul;Colisão traseira;2;0;1;0;0;0;0;0;0;0;3;0;0;0;0
05/08/2015;12:13:00;160;Acidente com Vítima;543,5;BR-040/MG;Sul;Abalroamento - Longitudinal;1;0;0;1;0;0;0;0;0;0;2;1;0;0;0
05/08/2015;16:45:00;221;Acidente sem Vítima;669,4;BR-040/MG;Sul;Abalroamento - Longitudinal;1;0;1;0;0;0;0;0;0;0;4;0;0;0;0
05/08/2015;18:50:00;256;Acidente sem Vítima;683,1;BR-040/MG;Norte;Colisão traseira;2;0;0;0;0;0;0;0;0;0;2;0;0;0;0
06/08/2015;15:13:00;183;Acidente sem Vítima;1,2;BR-040/GO;Sul;Colisão traseira;2;0;0;0;0;0;0;0;0;0;2;0;0;0;0
06/08/2015;17:53:00;226;Acidente sem Vítima;3,4;BR-040/GO;Norte;Colisão traseira;1;0;1;0;0;0;0;0;0;0;3;0;0;0;0
06/08/2015;07:34:00;62;Acidente sem Vítima;6,9;BR-040/GO;Norte;Colisão traseira;2;0;0;0;0;0;0;0;0;0;2;0;0;0;0
06/08/2015;23:06:00;310;Acidente sem Vítima;7,35;BR-040/GO;Norte;Abalroamento - Transversal;2;0;0;0;0;0;0;0;0;0;2;0;0;0;0
06/08/2015;12:00:00;139;Acidente sem Vítima;10,2;BR-040/GO;Norte;Abalroamento - Longitudinal;1;0;0;0;0;0;0;0;0;1;2;0;0;0;0
06/08/2015;08:57:00;90;Acidente com Vítima;195,38;BR-040/MG;Sul;Abalroamento - Longitudinal;1;0;0;1;0;0;0;0;0;0;1;0;1;0;0
06/08/2015;19:37:00;259;Acidente com Vítima;432,5;BR-040/MG;Norte;Choque com objeto fixo;1;0;0;0;0;0;0;0;0;0;0;0;1;0;0
06/08/2015;23:50:00;317;Acidente sem Vítima;456,2;BR-040/MG;Norte;Outros;0;0;0;1;0;0;0;0;0;0;1;0;0;0;0
06/08/2015;11:48:00;136;Atropelamento sem Morte;532,19;BR-040/MG;Sul;Atropelamento - Pedestre caminhando;1;0;0;0;0;0;0;0;0;0;1;1;0;0;0
06/08/2015;19:51:00;264;Acidente sem Vítima;532,8;BR-040/MG;Sul;Colisão traseira;2;0;0;0;0;0;0;0;0;0;2;0;0;0;0
06/08/2015;20:59:00;281;Acidente sem Vítima;660,45;BR-040/MG;Norte;Capotamento;1;0;0;0;0;0;0;0;0;0;2;0;0;0;0
06/08/2015;06:21:00;32;Acidente com Vítima;706,62;BR-040/MG;Sul;Queda de Carga;0;0;1;0;0;0;0;0;0;0;0;0;1;0;0
07/08/2015;21:15:00;342;Acidente sem Vítima;1,7;BR-040/GO;Sul;Abalroamento - Longitudinal;1;0;0;1;0;0;0;0;0;0;2;0;0;0;0
07/08/2015;21:39:00;349;Atropelamento sem Morte;2,1;BR-040/GO;Sul;Atropelamento - Pedestre atravessando;0;0;0;1;0;0;0;0;0;0;0;1;1;0;0
07/08/2015;02:52:00;17;Acidente sem Vítima;8,4;BR-040/GO;Norte;Queda de Carga;0;0;1;0;0;0;0;0;0;0;1;0;0;0;0
07/08/2015;05:36:00;31;Acidente com Vítima;36,005;BR-040/MG;Norte;Colisão traseira;1;0;0;1;0;0;0;0;0;0;1;1;0;0;0
07/08/2015;14:21:00;212;Acidente sem Vítima;111;BR-040/MG;Sul;Abalroamento - Longitudinal;2;0;0;0;0;0;0;0;0;0;2;0;0;0;0
07/08/2015;05:11:00;27;Acidente sem Vítima;364,1;BR-040/MG;Sul;Outros;0;0;0;1;0;0;0;0;0;0;1;0;0;0;0
07/08/2015;10:29:00;139;Acidente sem Vítima;510;BR-040/MG;Sul;Outros;1;0;0;0;0;0;0;0;0;0;1;0;0;0;0
07/08/2015;06:14:00;33;Acidente com Vítima;520,4;BR-040/MG;Sul;Abalroamento - Longitudinal;1;0;0;1;0;0;0;0;0;0;1;2;0;0;0
07/08/2015;06:59:00;43;Acidente sem Vítima;521,1;BR-040/MG;Sul;Abalroamento - Longitudinal;1;0;0;1;0;0;0;0;0;0;2;0;0;0;0
07/08/2015;05:22:00;28;Acidente sem Vítima;526,7;BR-040/MG;Norte;Abalroamento - Longitudinal;1;0;1;0;0;0;0;0;0;0;2;0;0;0;0
07/08/2015;18:22:00;280;Acidente com Vítima;539,5;BR-040/MG;Norte;Colisão traseira;5;0;0;1;0;0;0;0;0;0;5;1;0;0;0
07/08/2015;12:55:00;187;Acidente sem Vítima;546,59;BR-040/MG;Sul;Outros;2;0;0;0;0;0;0;0;0;0;2;0;0;0;0
07/08/2015;01:40:00;12;Acidente sem Vítima;575,5;BR-040/MG;Sul;Atropelamento - Animal;1;0;0;0;0;0;0;0;0;0;1;0;0;0;0
07/08/2015;00:54:00;6;Acidente com Vítima;575,5;BR-040/MG;Sul;Atropelamento - Animal;1;0;0;0;0;0;0;0;0;0;1;1;0;0;0
07/08/2015;17:23:00;262;Acidente sem Vítima;624,55;BR-040/MG;Sul;Colisão traseira;2;0;0;0;0;0;0;0;0;0;2;0;0;0;0
07/08/2015;11:46:00;167;Acidente sem Vítima;641,5;BR-040/MG;Sul;Colisão traseira;2;0;0;0;0;0;0;0;0;0;4;0;0;0;0
07/08/2015;07:53:00;73;Acidente sem Vítima;8;BR-040/DF;Norte;Capotamento;1;0;0;0;0;0;0;0;0;0;1;0;0;0;0
07/08/2015;20:34:00;332;Acidente com Vítima;683,176;BR-040/MG;Norte;Colisão traseira;2;0;0;0;0;0;0;0;0;0;5;0;1;0;0
08/08/2015;12:51:00;165;Acidente com Vítima;1,2;BR-040/GO;Norte;Colisão traseira;1;0;0;1;0;0;0;0;0;0;1;1;0;0;0
08/08/2015;11:16:00;145;Acidente sem Vítima;1,214;BR-040/GO;Norte;Colisão traseira;3;0;0;0;0;0;0;0;0;0;3;0;0;0;0
08/08/2015;12:00:00;152;Acidente sem Vítima;1,244;BR-040/GO;Norte;Colisão traseira;2;0;0;0;0;0;0;0;0;0;2;0;0;0;0
08/08/2015;14:27:00;190;Acidente sem Vítima;1,8;BR-040/GO;Norte;Colisão traseira;2;0;0;0;0;0;0;0;0;0;2;0;0;0;0
08/08/2015;14:51:00;195;Acidente sem Vítima;1,855;BR-040/GO;Norte;Abalroamento - Longitudinal;1;0;0;0;0;0;0;0;0;1;2;0;0;0;0
08/08/2015;22:25:00;329;Acidente sem Vítima;2,1;BR-040/GO;Sul;Colisão traseira;2;0;0;0;0;1;0;0;0;0;5;0;0;0;0
08/08/2015;04:23:00;51;Acidente sem Vítima;2,9;BR-040/GO;Norte;Choque com objeto fixo;1;0;0;0;0;0;0;0;0;0;1;0;0;0;0
08/08/2015;21:21:00;319;Acidente sem Vítima;3,6;BR-040/GO;Sul;Colisão traseira;2;0;0;0;0;0;0;0;0;0;2;0;0;0;0
08/08/2015;22:30:00;330;Acidente com Vítima;3,95;BR-040/GO;Sul;Abalroamento - Transversal;1;0;0;1;0;0;0;0;0;0;1;1;0;0;0
08/08/2015;03:55:00;44;Acidente com Vítima;5,005;BR-040/DF;Norte;Atropelamento - Animal;0;0;0;1;0;0;0;0;0;0;0;1;0;0;0
08/08/2015;22:48:00;333;Acidente com Vítima;7,45;BR-040/GO;Sul;Capotamento;1;0;0;0;0;0;0;0;0;0;1;1;0;0;0
08/08/2015;06:21:00;72;Acidente com Vítima;24,8;BR-040/GO;Sul;Choque com objeto fixo;1;0;0;0;0;0;0;0;0;0;0;0;1;0;0
08/08/2015;12:31:00;163;Acidente com Vítima;143;BR-040/MG;Norte;Abalroamento - Transversal;1;0;0;1;0;0;0;0;0;0;1;0;0;0;0
08/08/2015;18:10:00;255;Acidente com Vítima;463,4;BR-040/MG;Norte;Outros;1;0;0;0;0;0;0;0;0;0;0;0;2;0;0
08/08/2015;03:53:00;43;Acidente com Vítima;465,6;BR-040/MG;Norte;Capotamento;1;0;0;0;0;0;0;0;0;0;0;0;1;0;0
08/08/2015;20:19:00;304;Acidente sem Vítima;488,5;BR-040/MG;Norte;Abalroamento - Longitudinal;2;0;0;0;0;0;0;0;0;0;2;0;0;0;0
08/08/2015;22:15:00;328;Acidente sem Vítima;510,005;BR-040/MG;Sul;Abalroamento - Longitudinal;1;0;0;1;0;0;0;0;0;0;4;0;0;0;0
08/08/2015;16:46:00;238;Acidente sem Vítima;517,5;BR-040/MG;Norte;Abalroamento - Longitudinal;2;0;0;0;0;0;0;0;0;0;2;0;0;0;0
08/08/2015;11:43:00;149;Acidente sem Vítima;531,8;BR-040/MG;Norte;Colisão traseira;3;0;0;0;0;0;0;0;0;0;3;0;0;0;0
08/08/2015;23:15:00;337;Acidente sem Vítima;593,025;BR-040/MG;Norte;Choque em defensa;2;0;0;0;0;0;0;0;0;0;2;0;0;0;0
08/08/2015;08:56:00;109;Acidente com Vítima;609,4;BR-040/MG;Sul;Capotamento;1;0;0;0;0;0;0;0;0;0;1;1;0;0;0
08/08/2015;06:07:00;70;Acidente com Vítima;617,512;BR-040/MG;Norte;Colisão traseira;1;0;0;1;0;0;0;0;0;0;1;1;0;0;0
08/08/2015;20:37:00;308;Acidente com Vítima;643,378;BR-040/MG;Sul;Abalroamento - Longitudinal;2;0;0;0;0;0;0;0;0;0;4;2;0;0;0
08/08/2015;06:20:00;71;Acidente com Vítima;105,4;BR-040/GO;Sul;Capotamento;1;0;0;0;0;0;0;0;0;0;0;1;1;0;0
08/08/2015;06:07:00;69;Acidente com Vítima;754,551;BR-040/MG;Sul;Outros;0;0;0;0;0;1;0;0;0;0;0;0;0;0;0
09/08/2015;19:30:00;205;Acidente com Vítima;2,85;BR-040/GO;Sul;Colisão traseira;2;0;0;0;0;0;0;0;0;0;6;1;0;0;0
09/08/2015;19:15:00;203;Acidente sem Vítima;4,9;BR-040/GO;Norte;Colisão traseira;3;0;0;0;0;0;0;0;0;0;4;0;0;0;0
09/08/2015;20:22:00;216;Acidente sem Vítima;6,05;BR-040/MG;Sul;Colisão traseira;1;0;0;0;0;1;0;0;0;0;4;0;0;0;0
09/08/2015;17:13:00;155;Acidente sem Vítima;5,6;BR-040/GO;Norte;Colisão traseira;1;0;0;0;0;1;0;0;0;0;2;0;0;0;0
09/08/2015;19:53:00;209;Acidente com Vítima;8,75;BR-040/GO;Norte;Outros;1;0;0;0;0;0;0;0;0;0;0;0;1;0;0
09/08/2015;18:39:00;185;Acidente com Vítima;33,4;BR-040/MG;Sul;Atropelamento - Animal;2;0;0;0;0;0;0;0;0;0;6;3;0;0;0
09/08/2015;10:47:00;82;Acidente com Vítima;27,35;BR-040/GO;Sul;Colisão frontal;2;0;0;0;0;0;0;0;0;0;0;0;0;0;0
09/08/2015;18:53:00;193;Acidente sem Vítima;509,5;BR-040/MG;Sul;Colisão traseira;4;0;0;0;0;0;0;0;0;0;7;0;0;0;0
09/08/2015;17:29:00;157;Acidente sem Vítima;509,73;BR-040/MG;Sul;Colisão traseira;2;0;0;0;0;0;0;0;0;0;2;0;0;0;0
09/08/2015;21:08:00;229;Acidente sem Vítima;512,6;BR-040/MG;Sul;Colisão traseira;3;0;0;0;0;0;0;0;0;0;3;0;0;0;0
09/08/2015;17:57:00;164;Acidente sem Vítima;573,05;BR-040/MG;Sul;Capotamento;1;0;0;0;0;0;0;0;0;0;1;0;0;0;0
09/08/2015;06:28:00;42;Acidente sem Vítima;615,185;BR-040/MG;Sul;Capotamento;1;0;0;0;0;0;0;0;0;0;2;0;0;0;0
09/08/2015;21:06:00;227;Atropelamento com Morte;633,05;BR-040/MG;Norte;Atropelamento - Pedestre atravessando;1;0;0;0;0;0;0;0;0;0;2;0;0;0;1
09/08/2015;03:31:00;25;Acidente com Vítima;636,948;BR-040/MG;Sul;Colisão traseira;2;0;0;0;0;0;0;0;0;0;5;0;0;0;0
09/08/2015;03:44:00;26;Acidente com Vítima;7,2;BR-040/DF;Norte;Capotamento;2;0;0;0;0;0;0;0;0;0;0;0;0;0;0
09/08/2015;18:19:00;171;Acidente sem Vítima;681,3;BR-040/MG;Sul;Atropelamento - Animal;1;0;0;0;0;0;0;0;0;0;4;0;0;0;0
09/08/2015;11:54:00;93;Acidente com Vítima;705,1;BR-040/MG;Norte;Capotamento;1;0;0;0;0;0;0;0;0;0;0;1;1;0;0
09/08/2015;08:39:00;61;Acidente com Vítima;728,3;BR-040/MG;Sul;Capotamento;1;0;0;0;0;0;0;0;0;0;0;1;0;0;0
09/08/2015;11:48:00;91;Acidente sem Vítima;731,45;BR-040/MG;Sul;Choque com objeto fixo;1;0;0;0;0;0;0;0;0;0;1;0;0;0;0
09/08/2015;10:49:00;83;Acidente com Vítima;755,8;BR-040/MG;Sul;Abalroamento - Longitudinal;2;0;0;0;0;0;0;0;0;0;2;1;0;0;0
10/08/2015;16:08:00;220;Acidente sem Vítima;0,3;BR-040/GO;Sul;Abalroamento - Transversal;1;0;1;0;0;0;0;0;0;0;2;0;0;0;0
10/08/2015;09:50:00;131;Acidente sem Vítima;0,9;BR-040/DF;Norte;Abalroamento - Longitudinal;0;0;0;0;0;2;0;0;0;0;2;0;0;0;0
10/08/2015;18:37:00;271;Acidente sem Vítima;2,5;BR-040/GO;Norte;Colisão traseira;2;0;0;0;0;0;0;0;0;0;3;0;0;0;0
10/08/2015;07:35:00;64;Acidente sem Vítima;3,6;BR-040/GO;Norte;Colisão traseira;2;0;0;0;0;0;0;0;0;0;2;0;0;0;0
10/08/2015;17:04:00;238;Acidente com Vítima;18,23;BR-040/GO;Norte;Abalroamento - Transversal;0;0;0;1;0;1;0;0;0;0;2;1;0;0;0
10/08/2015;20:32:00;310;Atropelamento sem Morte;21,3;BR-040/GO;Sul;Atropelamento - Pedestre caminhando;1;0;0;0;0;0;0;0;0;0;1;0;0;0;0
10/08/2015;12:41:00;174;Acidente sem Vítima;91,281;BR-040/MG;Norte;Colisão traseira;1;0;1;0;0;0;0;0;0;0;2;0;0;0;0
10/08/2015;23:35:00;343;Acidente sem Vítima;163,95;BR-040/MG;Sul;Abalroamento - Longitudinal;1;0;1;0;0;0;0;0;0;0;2;0;0;0;0
10/08/2015;06:34:00;39;Acidente sem Vítima;254,1;BR-040/MG;Norte;Colisão traseira;2;0;0;0;0;0;0;0;0;0;2;0;0;0;0
10/08/2015;10:05:00;136;Acidente com Vítima;254,38;BR-040/MG;Sul;Abalroamento - Longitudinal;1;0;1;0;0;0;0;0;0;0;1;1;0;0;0
10/08/2015;18:57:00;280;Acidente sem Vítima;302,6;BR-040/MG;Sul;Choque com objeto fixo;1;0;0;0;0;0;0;0;0;0;1;0;0;0;0
10/08/2015;15:43:00;215;Acidente com Vítima;536,05;BR-040/MG;Sul;Capotamento;1;0;1;0;0;0;0;0;0;0;1;1;0;0;0
10/08/2015;16:31:00;226;Acidente sem Vítima;544,2;BR-040/MG;Norte;Colisão traseira;1;0;0;0;1;0;0;0;0;0;2;0;0;0;0
10/08/2015;20:47:00;317;Acidente com Vítima;567,35;BR-040/MG;Norte;Choque com objeto fixo;1;0;0;0;0;0;0;0;0;0;0;3;0;0;0
10/08/2015;22:14:00;333;Acidente com Vítima;634,7;BR-040/MG;Norte;Capotamento;1;0;0;0;0;0;0;0;0;0;0;0;1;0;0
10/08/2015;17:08:00;239;Acidente com Vítima;715,14;BR-040/MG;Sul;Choque em barreira New Jersey;1;0;0;0;0;0;0;0;0;0;0;1;0;0;0
10/08/2015;11:39:00;155;Acidente com Vítima;737,5;BR-040/MG;Norte;Capotamento;1;0;0;0;0;0;0;0;0;0;0;1;0;0;0
10/08/2015;10:10:00;137;Acidente com Vítima;756,28;BR-040/MG;Sul;Choque em barreira New Jersey;1;0;0;0;0;0;0;0;0;0;0;1;0;0;0
11/08/2015;18:30:00;283;Acidente com Vítima;1,1;BR-040/GO;Sul;Abalroamento - Longitudinal;0;0;0;1;0;0;0;0;0;0;1;1;0;0;0
11/08/2015;22:41:00;367;Acidente com Vítima;1,3;BR-040/GO;Sul;Colisão traseira;1;0;0;1;0;0;0;0;0;0;1;1;0;0;0
11/08/2015;07:23:00;57;Acidente com Vítima;6,566;BR-040/DF;Norte;Colisão traseira;2;0;0;3;0;0;0;0;0;0;3;1;1;0;0
11/08/2015;21:56:00;355;Acidente com Vítima;7,9;BR-040/GO;Sul;Colisão traseira;2;0;0;0;0;0;0;0;0;0;2;1;0;0;0
11/08/2015;17:24:00;269;Acidente com Vítima;34;BR-040/GO;Norte;Colisão traseira;0;0;1;1;0;0;0;0;0;0;2;1;0;0;0
11/08/2015;00:22:00;3;Acidente sem Vítima;277,8;BR-040/MG;Sul;Queda de Carga;0;0;1;0;0;0;0;0;0;0;1;0;0;0;0
11/08/2015;17:26:00;270;Acidente sem Vítima;326,377;BR-040/MG;Norte;Capotamento;1;0;0;0;0;0;0;0;0;0;1;0;0;0;0
11/08/2015;05:13:00;22;Acidente sem Vítima;352,2;BR-040/MG;Norte;Colisão traseira;1;0;0;0;0;1;0;0;0;0;2;0;0;0;0
11/08/2015;18:11:00;278;Acidente sem Vítima;510,005;BR-040/MG;Sul;Capotamento;1;0;0;0;0;0;0;0;0;0;1;0;0;0;0
11/08/2015;10:46:00;144;Acidente sem Vítima;512,1;BR-040/MG;Norte;Outros;1;0;0;0;0;0;0;0;0;0;1;0;0;0;0
11/08/2015;16:38:00;254;Acidente sem Vítima;533,8;BR-040/MG;Sul;Queda de Carga;0;0;2;0;0;0;0;0;0;0;2;0;0;0;0
11/08/2015;21:00:00;336;Acidente sem Vítima;544,4;BR-040/MG;Sul;Choque com objeto fixo;1;0;0;0;0;0;0;0;0;0;2;0;0;0;0
11/08/2015;07:44:00;62;Acidente sem Vítima;660,1;BR-040/MG;Norte;Colisão traseira;2;0;0;0;0;0;0;0;0;0;6;0;0;0;0