data;horario;n_da_ocorrencia;tipo_de_ocorrencia;km;trecho;sentido;tipo_de_acidente;automovel;bicicleta;caminhao;moto;onibus;outros;tracao_animal;transporte_de_cargas_especiais;trator_maquinas;utilitarios;ilesos;levemente_feridos;moderadamente_feridos;gravemente_feridos;mortos
11/08/2015;08:32:00;95;Atropelamento sem Morte;701,3;BR-040/MG;Sul;Atropelamento - Pedestre atravessando;1;0;0;0;0;0;0;0;0;0;1;0;1;0;0
11/08/2015;10:38:00;143;Acidente sem Vítima;714,03;BR-040/MG;Sul;Outros;1;0;0;0;0;0;0;0;0;0;1;0;0;0;0
11/08/2015;06:30:00;31;Acidente sem Vítima;726;BR-040/MG;Sul;Colisão traseira;2;0;0;0;0;0;0;0;0;0;5;0;0;0;0
12/08/2015;19:40:00;253;Acidente sem Vítima;3;BR-040/DF;Sul;Colisão traseira;3;0;0;0;0;0;0;0;0;0;3;0;0;0;0
12/08/2015;05:58:00;41;Acidente com Vítima;5,113;BR-040/DF;Norte;Colisão traseira;1;0;0;1;0;0;0;0;0;0;1;1;0;0;0
12/08/2015;17:58:00;228;Acidente com Vítima;6,4;BR-040/GO;Sul;Abalroamento - Longitudinal;2;0;0;1;0;0;0;0;0;0;2;1;0;0;0
12/08/2015;17:56:00;227;Acidente sem Vítima;107,5;BR-040/MG;Sul;Outros;0;0;0;1;0;0;0;0;0;0;2;0;0;0;0
12/08/2015;02:30:00;25;Acidente com Vítima;173;BR-040/MG;Sul;Colisão traseira;2;0;0;0;0;0;0;0;0;0;3;1;0;0;0
12/08/2015;11:36:00;141;Acidente com Vítima;465,24;BR-040/MG;Norte;Capotamento;1;0;0;0;0;0;0;0;0;0;0;0;1;0;0
12/08/2015;14:20:00;172;Acidente sem Vítima;512,9;BR-040/MG;Sul;Choque com objeto fixo;1;0;0;0;0;0;0;0;0;0;1;0;0;0;0
12/08/2015;10:07:00;118;Acidente sem Vítima;533,2;BR-040/MG;Norte;Abalroamento - Longitudinal;0;0;1;1;0;0;0;0;0;0;2;0;0;0;0
12/08/2015;06:27:00;45;Acidente sem Vítima;663,5;BR-040/MG;Sul;Abalroamento - Longitudinal;2;0;0;0;0;0;0;0;0;0;2;0;0;0;0
12/08/2015;08:57:00;100;Acidente sem Vítima;682,9;BR-040/MG;Norte;Colisão traseira;1;0;0;0;0;1;0;0;0;0;2;0;0;0;0
12/08/2015;22:57:00;296;Acidente com Morte;755,71;BR-040/MG;Norte;Abalroamento - Transversal;0;0;1;0;0;0;0;0;0;1;0;0;1;0;1
12/08/2015;07:33:00;63;Acidente com Morte;154,015;BR-040/GO;Sul;Colisão frontal;0;0;1;0;0;1;0;0;0;0;2;0;0;0;1
13/08/2015;16:47:00;231;Acidente sem Vítima;1,2;BR-040/GO;Sul;Abalroamento - Longitudinal;1;0;0;1;0;0;0;0;0;0;2;0;0;0;0
13/08/2015;06:31:00;37;Acidente sem Vítima;1,9;BR-040/GO;Norte;Colisão traseira;2;0;0;0;0;0;0;0;0;0;2;0;0;0;0
13/08/2015;23:29:00;312;Acidente sem Vítima;16,2;BR-040/GO;Norte;Colisão traseira;2;0;0;0;0;0;0;0;0;0;2;0;0;0;0
13/08/2015;20:23:00;278;Acidente sem Vítima;301,4;BR-040/MG;Sul;Queda de Carga;1;0;0;0;0;0;0;0;0;0;1;0;0;0;0
13/08/2015;11:40:00;155;Acidente com Vítima;503,9;BR-040/MG;Sul;Queda de Carga;1;0;0;0;0;0;0;0;0;0;0;3;2;0;0
13/08/2015;23:15:00;308;Acidente com Vítima;532,8;BR-040/MG;Norte;Atropelamento - Animal;0;0;0;1;0;0;0;0;0;0;0;1;0;0;0
13/08/2015;21:02:00;285;Acidente com Vítima;533,4;BR-040/MG;Norte;Outros;0;0;0;1;0;0;0;0;0;0;1;1;0;0;0
13/08/2015;04:57:00;24;Acidente sem Vítima;541,15;BR-040/MG;Norte;Colisão traseira;0;0;3;0;0;0;0;0;0;0;3;0;0;0;0
13/08/2015;18:42:00;252;Acidente com Vítima;541,2;BR-040/MG;Norte;Colisão traseira;4;0;0;0;0;0;0;0;0;0;4;1;0;0;0
13/08/2015;06:34:00;39;Acidente sem Vítima;541,28;BR-040/MG;Sul;Colisão traseira;5;0;0;0;0;0;0;0;0;0;9;0;0;0;0
13/08/2015;21:37:00;292;Acidente sem Vítima;555,2;BR-040/MG;Sul;Outros;0;0;0;1;0;0;0;0;0;0;2;0;0;0;0
13/08/2015;14:06:00;186;Acidente sem Vítima;618,001;BR-040/MG;Norte;Colisão traseira;2;0;0;0;0;0;0;0;0;0;4;0;0;0;0
13/08/2015;09:32:00;109;Acidente com Vítima;728,001;BR-040/MG;Norte;Capotamento;1;0;0;0;0;0;0;0;0;0;2;0;0;0;0
14/08/2015;05:13:00;24;Acidente sem Vítima;0,5;BR-040/GO;Norte;Capotamento;1;0;0;0;0;0;0;0;0;0;3;0;0;0;0
14/08/2015;18:00:00;236;Atropelamento sem Morte;0,6;BR-040/GO;Sul;Atropelamento - Pedestre atravessando;1;0;0;1;0;0;0;0;0;0;2;0;0;0;0
14/08/2015;05:26:00;25;Acidente sem Vítima;1,5;BR-040/GO;Norte;Colisão traseira;0;0;2;0;0;0;0;0;0;0;2;0;0;0;0
14/08/2015;19:43:00;273;Acidente sem Vítima;1,6;BR-040/GO;Sul;Colisão traseira;2;0;0;0;0;0;0;0;0;0;2;0;0;0;0
14/08/2015;18:42:00;249;Atropelamento com Morte;8,1;BR-040/GO;Norte;Atropelamento - Pedestre atravessando;0;0;0;0;1;0;0;0;0;0;6;0;0;0;1
14/08/2015;21:34:00;294;Acidente sem Vítima;9,7;BR-040/GO;Norte;Colisão traseira;2;0;0;0;0;0;0;0;0;0;2;0;0;0;0
14/08/2015;02:47:00;13;Acidente sem Vítima;169,95;BR-040/MG;Norte;Colisão traseira;0;0;2;0;0;0;0;0;0;0;2;0;0;0;0
14/08/2015;04:23:00;19;Acidente sem Vítima;381,4;BR-040/MG;Norte;Abalroamento - Longitudinal;0;0;1;1;0;0;0;0;0;0;2;0;0;0;0
14/08/2015;16:42:00;213;Acidente com Vítima;508,5;BR-040/MG;Norte;Outros;0;0;0;1;0;0;0;0;0;0;0;2;0;0;0
14/08/2015;16:23:00;207;Acidente com Vítima;509,1;BR-040/MG;Norte;Outros;0;0;0;1;0;0;0;0;0;0;0;0;1;0;0
14/08/2015;15:03:00;183;Acidente sem Vítima;510;BR-040/MG;Norte;Colisão traseira;2;0;0;0;0;0;0;0;0;0;2;0;0;0;0
14/08/2015;16:47:00;215;Acidente com Vítima;510,1;BR-040/MG;Norte;Colisão traseira;2;0;0;0;0;0;0;0;0;0;1;2;0;0;0
14/08/2015;20:33:00;282;Acidente sem Vítima;519,2;BR-040/MG;Norte;Colisão traseira;2;0;0;0;0;0;0;0;0;0;5;0;0;0;0
14/08/2015;18:37:00;248;Acidente com Vítima;526,2;BR-040/MG;Norte;Abalroamento - Longitudinal;1;0;0;1;0;0;0;0;0;0;1;0;2;0;0
14/08/2015;12:06:00;131;Acidente sem Vítima;533,26;BR-040/MG;Norte;Abalroamento - Longitudinal;1;0;1;0;0;0;0;0;0;0;2;0;0;0;0
14/08/2015;07:01:00;38;Acidente com Vítima;533,45;BR-040/MG;Sul;Colisão traseira;2;0;0;0;0;0;0;0;0;0;2;1;0;0;0
14/08/2015;06:51:00;35;Acidente com Vítima;533,8;BR-040/MG;Sul;Outros;0;0;0;1;0;0;0;0;0;0;0;1;0;0;0
14/08/2015;15:13:00;188;Acidente com Morte;565,95;BR-040/MG;Norte;Colisão traseira;0;0;1;1;0;0;0;0;0;0;1;0;0;0;1
14/08/2015;07:52:00;63;Acidente sem Vítima;8,3;BR-040/DF;Norte;Abalroamento - Longitudinal;1;0;0;1;0;0;0;0;0;0;2;0;0;0;0
14/08/2015;18:06:00;239;Acidente sem Vítima;90,3;BR-040/GO;Sul;Colisão traseira;1;0;2;0;0;0;0;0;0;0;5;0;0;0;0
14/08/2015;09:36:00;93;Acidente com Vítima;700,001;BR-040/MG;Sul;Outros;0;0;0;1;0;0;0;0;0;0;0;0;1;0;0
14/08/2015;19:36:00;271;Acidente sem Vítima;714,1;BR-040/MG;Norte;Colisão traseira;2;0;0;0;0;0;0;0;0;0;4;0;0;0;0
14/08/2015;04:09:00;18;Acidente com Vítima;726,2;BR-040/MG;Sul;Choque em barreira New Jersey;1;0;0;0;0;0;0;0;0;0;0;1;0;0;0
14/08/2015;09:19:00;87;Acidente sem Vítima;747,6;BR-040/MG;Norte;Abalroamento - Longitudinal;1;0;1;0;0;0;0;0;0;0;2;0;0;0;0
15/08/2015;08:16:00;50;Acidente com Vítima;1,025;BR-040/GO;Norte;Abalroamento - Transversal;1;0;0;1;0;0;0;0;0;0;1;1;0;0;0
15/08/2015;21:41:00;318;Acidente com Vítima;1,3;BR-040/GO;Sul;Abalroamento - Transversal;1;0;0;1;0;0;0;0;0;0;1;1;0;0;0
15/08/2015;07:00:00;35;Acidente com Vítima;2,55;BR-040/DF;Norte;Abalroamento - Transversal;1;0;0;1;0;0;0;0;0;0;1;2;0;0;0
15/08/2015;04:39:00;19;Acidente sem Vítima;3,5;BR-040/GO;Sul;Choque com objeto fixo;1;0;0;0;0;0;0;0;0;0;2;0;0;0;0
15/08/2015;01:14:00;8;Acidente com Vítima;4,05;BR-040/GO;Sul;Colisão traseira;2;0;0;0;0;0;0;0;0;0;1;1;0;0;0
15/08/2015;23:27:00;331;Acidente sem Vítima;5,6;BR-040/DF;Sul;Outros;0;0;0;1;0;0;0;0;0;0;1;0;0;0;0
15/08/2015;05:10:00;21;Acidente com Vítima;50,4;BR-040/MG;Sul;Abalroamento - Longitudinal;2;0;0;0;0;0;0;0;0;0;2;2;1;0;0
15/08/2015;16:04:00;208;Acidente sem Vítima;16,4;BR-040/GO;Norte;Abalroamento - Transversal;1;0;1;0;0;0;0;0;0;0;2;0;0;0;0
15/08/2015;12:04:00;133;Acidente sem Vítima;323,22;BR-040/MG;Norte;Abalroamento - Longitudinal;3;0;1;0;0;0;0;0;0;0;5;0;0;0;0
15/08/2015;21:09:00;310;Acidente sem Vítima;479,5;BR-040/MG;Norte;Capotamento;1;0;0;0;0;0;0;0;0;0;2;0;0;0;0
15/08/2015;17:54:00;239;Acidente sem Vítima;527;BR-040/MG;Norte;Choque com objeto fixo;0;0;0;1;0;0;0;0;0;0;1;0;0;0;0
15/08/2015;09:44:00;79;Acidente com Vítima;531,3;BR-040/MG;Norte;Colisão traseira;1;0;0;1;0;0;0;0;0;0;2;1;0;0;0
15/08/2015;19:53:00;285;Acidente com Vítima;544,1;BR-040/MG;Sul;Colisão frontal;1;0;0;1;0;0;0;0;0;0;1;0;1;0;0
15/08/2015;19:24:00;276;Acidente sem Vítima;545,8;BR-040/MG;Norte;Capotamento;1;0;0;0;0;0;0;0;0;0;1;0;0;0;0
15/08/2015;06:16:00;26;Acidente com Morte;546,2;BR-040/MG;Norte;Choque com objeto fixo;1;0;0;0;0;0;0;0;0;0;0;0;2;0;1
15/08/2015;14:31:00;173;Acidente com Vítima;550,1;BR-040/MG;Sul;Colisão traseira;1;0;0;1;0;0;0;0;0;0;1;2;0;0;0
15/08/2015;13:41:00;152;Acidente sem Vítima;573,01;BR-040/MG;Sul;Colisão traseira;2;0;0;0;0;0;0;0;0;0;2;0;0;0;0
15/08/2015;06:27:00;28;Acidente sem Vítima;57,16;BR-040/GO;Sul;Capotamento;1;0;0;0;0;0;0;0;0;0;1;0;0;0;0
15/08/2015;21:05:00;309;Acidente sem Vítima;75,95;BR-040/GO;Norte;Capotamento;1;0;0;0;0;0;0;0;0;0;1;0;0;0;0
15/08/2015;19:43:00;281;Acidente com Vítima;683,018;BR-040/MG;Sul;Capotamento;1;0;0;0;0;0;0;0;0;0;1;1;1;0;0
16/08/2015;19:59:00;360;Acidente sem Vítima;6,4;BR-040/GO;Norte;Colisão traseira;1;0;0;1;0;0;0;0;0;0;2;0;0;0;0
16/08/2015;19:31:00;343;Atropelamento sem Morte;7,1;BR-040/GO;Sul;Atropelamento - Pedestre atravessando;0;0;0;1;0;0;0;0;0;0;1;0;1;0;0
16/08/2015;23:28:00;417;Acidente com Vítima;12,5;BR-040/GO;Norte;Outros;2;0;0;0;0;0;0;0;0;0;1;0;0;0;0
16/08/2015;00:20:00;5;Acidente com Vítima;43,5;BR-040/MG;Sul;Abalroamento - Longitudinal;1;0;0;1;0;0;0;0;0;0;5;1;0;0;0
16/08/2015;21:58:00;393;Acidente com Vítima;14,01;BR-040/GO;Norte;Colisão traseira;2;0;0;0;0;0;0;0;0;0;2;0;2;0;0
16/08/2015;04:39:00;93;Acidente sem Vítima;17,3;BR-040/GO;Sul;Choque com objeto fixo;1;0;0;0;0;0;0;0;0;0;2;0;0;0;0
16/08/2015;17:40:00;291;Acidente sem Vítima;277,075;BR-040/MG;Norte;Abalroamento - Longitudinal;2;0;0;0;0;0;0;0;0;0;2;0;0;0;0
16/08/2015;16:28:00;272;Acidente sem Vítima;470,05;BR-040/MG;Sul;Colisão traseira;2;0;0;0;0;0;0;0;0;0;9;0;0;0;0
16/08/2015;14:22:00;233;Atropelamento sem Morte;498,1;BR-040/MG;Sul;Atropelamento - Pedestre atravessando;0;0;0;0;0;0;0;0;0;0;0;0;1;0;0
16/08/2015;18:51:00;313;Acidente com Vítima;506,8;BR-040/MG;Sul;Colisão traseira;4;0;0;0;0;0;0;0;0;0;10;2;1;0;0
16/08/2015;17:45:00;294;Acidente com Vítima;511,055;BR-040/MG;Sul;Colisão traseira;2;0;0;0;0;0;0;0;0;0;2;1;0;0;0
16/08/2015;20:59:00;380;Acidente sem Vítima;516;BR-040/MG;Sul;Colisão traseira;1;0;0;0;0;1;0;0;0;0;2;0;0;0;0
16/08/2015;05:54:00;97;Acidente com Vítima;526,38;BR-040/MG;Norte;Colisão traseira;1;0;1;0;0;0;0;0;0;0;1;1;0;0;0
16/08/2015;13:28:00;225;Acidente com Vítima;529,5;BR-040/MG;Norte;Choque em barreira New Jersey;0;0;0;1;0;0;0;0;0;0;0;1;1;0;0
16/08/2015;23:01:00;407;Acidente com Vítima;81,38;BR-040/GO;Norte;Capotamento;1;0;0;0;0;0;0;0;0;0;0;1;1;0;0
16/08/2015;17:11:00;283;Acidente sem Vítima;714;BR-040/MG;Sul;Colisão traseira;2;0;0;0;0;0;0;0;0;0;2;0;0;0;0
17/08/2015;19:27:00;283;Atropelamento sem Morte;0,2;BR-040/GO;Norte;Atropelamento - Pedestre atravessando;0;0;0;0;0;0;0;0;0;0;0;0;1;0;0
17/08/2015;05:53:00;54;Acidente sem Vítima;284,1;BR-040/MG;Sul;Atropelamento - Animal;1;0;0;0;0;0;0;0;0;0;1;0;0;0;0
17/08/2015;16:00:00;223;Acidente sem Vítima;423,01;BR-040/MG;Sul;Choque em barreira New Jersey;1;0;0;0;0;0;0;0;0;0;1;0;0;0;0
17/08/2015;10:23:00;151;Acidente com Vítima;511,35;BR-040/MG;Norte;Abalroamento - Longitudinal;1;0;2;0;0;0;0;0;0;0;4;1;0;0;0
17/08/2015;22:52:00;328;Acidente com Vítima;518,1;BR-040/MG;Sul;Outros;0;0;0;1;0;0;0;0;0;0;0;0;1;0;0
17/08/2015;06:58:00;67;Acidente com Vítima;525,4;BR-040/MG;Sul;Outros;0;0;0;1;0;0;0;0;0;0;0;2;0;0;0
17/08/2015;22:28:00;325;Acidente sem Vítima;589,7;BR-040/MG;Sul;Outros;0;0;1;0;0;0;0;0;0;0;1;0;0;0;0
17/08/2015;18:53:00;267;Acidente com Vítima;633,2;BR-040/MG;Sul;Abalroamento - Transversal;1;0;0;1;0;0;0;0;0;0;1;0;1;0;0
17/08/2015;17:47:00;244;Acidente sem Vítima;763,7;BR-040/MG;Norte;Choque com objeto fixo;1;0;0;0;0;0;0;0;0;0;1;0;0;0;0
18/08/2015;06:41:00;30;Atropelamento sem Morte;1,01;BR-040/GO;Sul;Atropelamento - Ciclista;1;0;0;0;0;0;0;0;0;0;1;0;1;0;0
18/08/2015;01:08:00;7;Acidente com Vítima;2,8;BR-040/DF;Sul;Capotamento;1;0;0;0;0;0;0;0;0;0;1;0;1;0;0
18/08/2015;12:08:00;123;Acidente sem Vítima;150,2;BR-040/MG;Sul;Abalroamento - Longitudinal;2;0;0;0;0;0;0;0;0;0;5;0;0;0;0
18/08/2015;08:32:00;72;Acidente sem Vítima;524,37;BR-040/MG;Norte;Colisão traseira;1;0;1;0;0;0;0;0;0;0;3;0;0;0;0
18/08/2015;17:24:00;193;Acidente sem Vítima;528,295;BR-040/MG;Sul;Colisão traseira;2;0;0;0;0;0;0;0;0;0;2;0;0;0;0
18/08/2015;18:37:00;210;Acidente sem Vítima;575,1;BR-040/MG;Norte;Abalroamento - Longitudinal;2;0;0;0;0;0;0;0;0;0;2;0;0;0;0
18/08/2015;08:53:00;78;Atropelamento sem Morte;632,5;BR-040/MG;Norte;Atropelamento - Ciclista;1;0;0;0;0;0;0;0;0;0;1;0;0;0;0
18/08/2015;19:01:00;216;Acidente com Vítima;66,3;BR-040/GO;Sul;Abalroamento - Transversal;2;0;0;0;0;0;0;0;1;0;0;2;3;0;0
18/08/2015;22:57:00;265;Acidente sem Vítima;672,4;BR-040/MG;Sul;Capotamento;1;0;0;0;0;0;0;0;0;0;1;0;0;0;0
18/08/2015;10:26:00;103;Acidente com Morte;106,4;BR-040/GO;Sul;Colisão frontal;2;0;1;0;0;0;0;0;0;0;4;1;0;0;1
18/08/2015;07:29:00;46;Acidente com Vítima;138,8;BR-040/GO;Sul;Colisão frontal;2;0;0;0;0;0;0;0;0;0;0;0;2;1;0
18/08/2015;15:21:00;168;Acidente sem Vítima;142,2;BR-040/GO;Sul;Outros;0;0;0;1;0;0;0;0;0;0;1;0;0;0;0
19/08/2015;19:10:00;285;Acidente sem Vítima;3,005;BR-040/GO;Sul;Capotamento;1;0;0;0;0;0;0;0;0;0;1;0;0;0;0
19/08/2015;12:10:00;156;Acidente com Vítima;44,4;BR-040/MG;Sul;Colisão traseira;0;0;2;0;0;0;0;0;0;0;2;1;0;0;0
19/08/2015;20:28:00;310;Acidente sem Vítima;246,746;BR-040/MG;Norte;Queda de Carga;0;0;1;0;0;0;0;0;0;0;1;0;0;0;0
19/08/2015;05:11:00;17;Acidente sem Vítima;281,2;BR-040/MG;Norte;Atropelamento - Animal;0;0;1;0;0;0;0;0;0;0;1;0;0;0;0
19/08/2015;19:29:00;293;Acidente sem Vítima;483,95;BR-040/MG;Norte;Choque em defensa;0;0;0;1;0;0;0;0;0;0;1;0;0;0;0
19/08/2015;11:53:00;148;Acidente com Vítima;520;BR-040/MG;Norte;Outros;0;0;0;1;0;0;0;0;0;0;1;1;0;0;0
19/08/2015;14:13:00;190;Acidente sem Vítima;532,01;BR-040/MG;Sul;Colisão traseira;4;0;0;0;0;0;0;0;0;0;4;0;0;0;0
19/08/2015;15:49:00;229;Acidente sem Vítima;541,01;BR-040/MG;Sul;Colisão traseira;2;0;0;0;0;0;0;0;0;0;2;0;0;0;0
19/08/2015;22:26:00;342;Acidente com Vítima;543,904;BR-040/MG;Sul;Abalroamento - Longitudinal;1;0;0;1;0;0;0;0;0;0;1;1;0;0;0
19/08/2015;12:45:00;164;Acidente com Vítima;632,001;BR-040/MG;Sul;Colisão traseira;2;0;0;0;0;0;0;0;0;0;1;1;0;0;0
19/08/2015;10:09:00;115;Acidente sem Vítima;767,1;BR-040/MG;Norte;Capotamento;1;0;0;0;0;0;0;0;0;0;1;0;0;0;0
20/08/2015;22:35:00;369;Atropelamento sem Morte;2,216;BR-040/GO;Norte;Atropelamento - Pedestre caminhando;0;0;0;0;0;0;0;0;0;0;0;0;1;0;0
20/08/2015;20:43:00;342;Acidente sem Vítima;3,9;BR-040/GO;Sul;Outros;0;0;0;1;0;0;0;0;0;0;1;0;0;0;0
20/08/2015;22:01:00;360;Acidente sem Vítima;8,7;BR-040/GO;Sul;Abalroamento - Longitudinal;1;0;1;0;0;0;0;0;0;0;2;0;0;0;0
20/08/2015;06:53:00;56;Acidente com Vítima;16,25;BR-040/GO;Norte;Outros;0;0;0;1;0;0;0;0;0;0;1;1;0;0;0
20/08/2015;19:07:00;302;Acidente com Vítima;145,05;BR-040/MG;Sul;Abalroamento - Longitudinal;1;0;0;1;0;0;0;0;0;0;2;2;0;0;0
20/08/2015;01:47:00;14;Acidente sem Vítima;405,001;BR-040/MG;Norte;Choque com objeto fixo;0;0;1;0;0;0;0;0;0;0;1;0;0;0;0
20/08/2015;16:45:00;248;Acidente com Vítima;507,9;BR-040/MG;Sul;Outros;0;0;0;1;0;0;0;0;0;0;1;1;0;0;0
20/08/2015;00:28:00;3;Acidente sem Vítima;514,2;BR-040/MG;Norte;Atropelamento - Animal;1;0;0;0;0;0;0;0;0;0;1;0;0;0;0
20/08/2015;07:34:00;77;Acidente sem Vítima;530,01;BR-040/MG;Norte;Choque em defensa;1;0;0;0;0;0;0;0;0;0;1;0;0;0;0
20/08/2015;18:37:00;292;Acidente sem Vítima;532;BR-040/MG;Sul;Abalroamento - Longitudinal;1;0;1;0;0;0;0;0;0;0;2;0;0;0;0
20/08/2015;21:26:00;350;Acidente com Vítima;544,5;BR-040/MG;Sul;Choque com objeto fixo;0;0;0;1;0;0;0;0;0;0;0;1;0;0;0
20/08/2015;12:23:00;188;Acidente sem Vítima;597,075;BR-040/MG;Sul;Queda de Carga;0;0;1;0;0;0;0;0;0;0;1;0;0;0;0
20/08/2015;18:02:00;276;Acidente sem Vítima;597,7;BR-040/MG;Sul;Colisão traseira;1;0;1;0;0;0;0;0;0;0;2;0;0;0;0
20/08/2015;03:08:00;18;Acidente com Vítima;634,04;BR-040/MG;Norte;Abalroamento - Transversal;1;0;1;0;0;0;0;0;0;0;2;0;1;0;0
20/08/2015;13:34:00;210;Acidente sem Vítima;7,15;BR-040/DF;Norte;Colisão traseira;3;0;1;0;0;0;0;0;0;0;9;0;0;0;0
20/08/2015;16:14:00;241;Acidente sem Vítima;762,6;BR-040/MG;Sul;Choque com objeto fixo;1;0;0;0;0;0;0;0;0;0;1;0;0;0;0
21/08/2015;20:36:00;300;Acidente com Vítima;3,3;BR-040/DF;Sul;Abalroamento - Transversal;2;0;0;0;0;0;0;0;0;0;5;1;0;0;0
21/08/2015;13:46:00;194;Acidente com Vítima;468,85;BR-040/MG;Norte;Outros;0;0;0;1;0;0;0;0;0;0;0;2;0;0;0
21/08/2015;01:50:00;22;Acidente sem Vítima;517,6;BR-040/MG;Norte;Atropelamento - Animal;1;0;0;0;0;0;0;0;0;0;1;0;0;0;0
21/08/2015;08:47:00;109;Acidente sem Vítima;523,5;BR-040/MG;Sul;Colisão traseira;3;0;0;0;0;0;0;0;0;0;3;0;0;0;0
21/08/2015;14:04:00;199;Acidente com Vítima;529,2;BR-040/MG;Norte;Colisão traseira;2;0;0;0;0;0;0;0;0;0;2;1;0;0;0
21/08/2015;12:52:00;179;Acidente sem Vítima;532,3;BR-040/MG;Sul;Colisão traseira;1;0;1;0;0;0;0;0;0;0;2;0;0;0;0
21/08/2015;20:09:00;293;Acidente sem Vítima;535,1;BR-040/MG;Norte;Colisão traseira;3;0;0;0;0;0;0;0;0;0;3;0;0;0;0
21/08/2015;00:40:00;8;Acidente sem Vítima;593,6;BR-040/MG;Norte;Outros;1;0;1;0;0;0;0;0;0;0;3;0;0;0;0
21/08/2015;22:07:00;322;Acidente sem Vítima;681,8;BR-040/MG;Sul;Abalroamento - Transversal;1;0;0;0;0;1;0;0;0;0;2;0;0;0;0
22/08/2015;06:35:00;44;Acidente com Vítima;2,2;BR-040/DF;Norte;Queda de Carga;0;0;0;0;0;1;0;0;0;0;0;0;0;0;0
22/08/2015;21:14:00;247;Acidente sem Vítima;4,52;BR-040/GO;Sul;Abalroamento - Transversal;2;0;0;0;0;0;0;0;0;0;6;0;0;0;0
22/08/2015;10:41:00;100;Atropelamento sem Morte;5,2;BR-040/GO;Norte;Atropelamento - Pedestre atravessando;1;0;0;0;0;0;0;0;0;0;1;0;0;1;0
22/08/2015;16:00:00;168;Acidente com Vítima;6,8;BR-040/GO;Sul;Colisão frontal;0;0;0;1;0;1;0;0;0;0;1;1;0;0;0
22/08/2015;18:25:00;196;Acidente com Vítima;13,3;BR-040/GO;Norte;Abalroamento - Transversal;2;0;0;0;0;0;0;0;0;0;5;0;1;0;0
22/08/2015;07:26:00;52;Acidente sem Vítima;125,2;BR-040/MG;Norte;Capotamento;1;0;0;0;0;0;0;0;0;0;2;0;0;0;0
22/08/2015;07:39:00;54;Acidente sem Vítima;416,05;BR-040/MG;Norte;Colisão traseira;1;0;1;0;0;0;0;0;0;0;2;0;0;0;0
22/08/2015;20:50:00;237;Acidente sem Vítima;419,1;BR-040/MG;Norte;Colisão traseira;1;0;1;0;0;0;0;0;0;0;4;0;0;0;0
22/08/2015;16:03:00;169;Acidente com Vítima;513,87;BR-040/MG;Norte;Colisão traseira;0;0;0;1;0;1;0;0;0;0;1;1;0;0;0
22/08/2015;13:49:00;138;Acidente sem Vítima;530,39;BR-040/MG;Norte;Outros;0;0;0;1;0;0;0;0;0;0;1;0;0;0;0
22/08/2015;17:13:00;178;Acidente sem Vítima;537,9;BR-040/MG;Norte;Choque com objeto fixo;0;0;1;0;0;0;0;0;0;0;1;0;0;0;0
22/08/2015;21:08:00;244;Acidente sem Vítima;546,8;BR-040/MG;Sul;Outros;1;0;0;0;0;0;0;0;0;0;4;0;0;0;0
22/08/2015;21:08:00;254;Acidente sem Vítima;546,8;BR-040/MG;Sul;Outros;1;0;0;0;0;0;0;0;0;0;4;0;0;0;0
22/08/2015;21:08:00;255;Acidente sem Vítima;546,8;BR-040/MG;Sul;Outros;1;0;0;0;0;0;0;0;0;0;4;0;0;0;0
22/08/2015;21:08:00;256;Acidente sem Vítima;546,8;BR-040/MG;Sul;Outros;1;0;0;0;0;0;0;0;0;0;4;0;0;0;0
22/08/2015;21:08:00;257;Acidente sem Vítima;546,8;BR-040/MG;Sul;Outros;1;0;0;0;0;0;0;0;0;0;4;0;0;0;0
22/08/2015;20:56:00;238;Acidente sem Vítima;547,5;BR-040/MG;Sul;Outros;1;0;0;0;0;0;0;0;0;0;1;0;0;0;0
22/08/2015;12:48:00;124;Acidente sem Vítima;608,15;BR-040/MG;Sul;Colisão traseira;0;0;2;0;0;0;0;0;0;0;2;0;0;0;0
22/08/2015;18:47:00;204;Acidente com Vítima;638,4;BR-040/MG;Norte;Colisão traseira;1;0;0;1;0;0;0;0;0;0;2;1;0;0;0
22/08/2015;18:21:00;193;Acidente sem Vítima;638,5;BR-040/MG;Sul;Abalroamento - Longitudinal;2;0;0;0;0;0;0;0;0;0;3;0;0;0;0
22/08/2015;06:22:00;36;Acidente com Vítima;70,02;BR-040/GO;Norte;Outros;0;0;0;1;0;0;0;0;0;0;1;1;0;0;0
22/08/2015;07:08:00;50;Acidente com Vítima;689,001;BR-040/MG;Sul;Capotamento;1;0;0;0;0;0;0;0;0;0;0;0;1;0;0
22/08/2015;01:23:00;14;Acidente sem Vítima;693,1;BR-040/MG;Sul;Colisão traseira;0;0;1;0;0;1;0;0;0;0;2;0;0;0;0
22/08/2015;15:05:00;156;Atropelamento sem Morte;695,033;BR-040/MG;Norte;Atropelamento - Pedestre atravessando;0;0;0;0;0;0;0;0;0;0;0;0;1;0;0
22/08/2015;08:15:00;61;Acidente com Morte;701,45;BR-040/MG;Norte;Abalroamento - Longitudinal;0;0;0;2;0;0;0;0;0;0;0;0;1;0;1
22/08/2015;11:24:00;107;Acidente sem Vítima;714,022;BR-040/MG;Sul;Colisão traseira;1;0;1;0;0;0;0;0;0;0;2;0;0;0;0