data;horario;n_da_ocorrencia;tipo_de_ocorrencia;km;trecho;sentido;tipo_de_acidente;automovel;bicicleta;caminhao;moto;onibus;outros;tracao_animal;transporte_de_cargas_especiais;trator_maquinas;utilitarios;ilesos;levemente_feridos;moderadamente_feridos;gravemente_feridos;mortos
23/08/2015;23:07:00;333;Acidente com Vítima;0,2;BR-040/DF;Norte;Choque com objeto fixo;1;0;0;0;0;0;0;0;0;0;0;0;1;0;0
23/08/2015;14:24:00;154;Acidente com Vítima;1,3;BR-040/GO;Norte;Colisão traseira;1;0;1;0;0;0;0;0;0;0;1;1;1;0;0
23/08/2015;11:48:00;98;Acidente sem Vítima;4,4;BR-040/DF;Norte;Abalroamento - Longitudinal;1;0;0;1;0;0;0;0;0;0;2;0;0;0;0
23/08/2015;11:20:00;91;Acidente sem Vítima;12,75;BR-040/GO;Sul;Abalroamento - Longitudinal;1;0;0;0;0;1;0;0;0;0;2;0;0;0;0
23/08/2015;09:57:00;70;Acidente com Vítima;143,09;BR-040/MG;Norte;Abalroamento - Longitudinal;1;0;0;1;0;0;0;0;0;0;1;0;0;0;0
23/08/2015;13:28:00;134;Acidente sem Vítima;487,1;BR-040/MG;Sul;Colisão traseira;0;0;2;0;0;0;0;0;0;0;2;0;0;0;0
23/08/2015;02:06:00;13;Acidente sem Vítima;506,3;BR-040/MG;Norte;Choque com objeto fixo;0;0;1;0;0;0;0;0;0;0;1;0;0;0;0
23/08/2015;21:20:00;297;Acidente sem Vítima;520,7;BR-040/MG;Norte;Abalroamento - Longitudinal;3;0;0;0;0;0;0;0;0;0;3;0;0;0;0
23/08/2015;13:21:00;133;Acidente com Vítima;544,82;BR-040/MG;Sul;Outros;0;0;0;1;0;0;0;0;0;0;1;1;0;0;0
23/08/2015;19:18:00;253;Acidente com Vítima;553,5;BR-040/MG;Norte;Colisão traseira;2;0;0;1;0;0;0;0;0;0;2;1;0;0;0
23/08/2015;04:18:00;24;Acidente sem Vítima;618,5;BR-040/MG;Sul;Choque com objeto fixo;1;0;0;0;0;0;0;0;0;0;1;0;0;0;0
23/08/2015;19:14:00;252;Atropelamento sem Morte;629,89;BR-040/MG;Norte;Atropelamento - Pedestre atravessando;1;0;0;0;0;0;0;0;0;0;1;0;1;0;0
23/08/2015;12:31:00;117;Acidente sem Vítima;640,02;BR-040/MG;Norte;Colisão traseira;0;0;0;2;0;0;0;0;0;0;2;0;0;0;0
23/08/2015;17:41:00;218;Acidente sem Vítima;672,1;BR-040/MG;Norte;Abalroamento - Longitudinal;2;0;0;0;0;0;0;0;0;0;2;0;0;0;0
23/08/2015;14:59:00;164;Acidente com Vítima;717,015;BR-040/MG;Norte;Capotamento;1;0;0;0;0;0;0;0;0;0;1;1;0;0;0
23/08/2015;19:43:00;266;Acidente sem Vítima;724,3;BR-040/MG;Norte;Atropelamento - Animal;1;0;0;0;0;0;0;0;0;0;1;0;0;0;0
23/08/2015;16:32:00;196;Acidente sem Vítima;101,112;BR-040/GO;Sul;Queda de Carga;0;0;0;0;0;1;0;0;0;0;1;0;0;0;0
24/08/2015;12:59:00;190;Acidente sem Vítima;3,001;BR-040/GO;Norte;Outros;0;0;0;1;0;0;0;0;0;0;1;0;0;0;0
24/08/2015;22:12:00;381;Acidente sem Vítima;3,1;BR-040/GO;Norte;Colisão traseira;1;0;0;1;0;0;0;0;0;0;2;0;0;0;0
24/08/2015;18:37:00;320;Acidente sem Vítima;18,35;BR-040/GO;Sul;Abalroamento - Longitudinal;2;0;0;0;0;0;0;0;0;0;5;0;0;0;0
24/08/2015;17:25:00;295;Acidente com Vítima;105,3;BR-040/MG;Norte;Abalroamento - Longitudinal;1;0;1;0;0;0;0;0;0;0;1;0;0;0;0
24/08/2015;08:44:00;111;Acidente sem Vítima;320,5;BR-040/MG;Sul;Capotamento;1;0;0;0;0;0;0;0;0;0;4;0;0;0;0
24/08/2015;15:57:00;253;Acidente sem Vítima;391;BR-040/MG;Norte;Choque com objeto fixo;2;0;0;0;0;1;0;0;0;0;3;0;0;0;0
24/08/2015;14:37:00;226;Acidente sem Vítima;515,1;BR-040/MG;Sul;Colisão traseira;0;0;0;1;0;0;0;0;0;1;5;0;0;0;0
24/08/2015;21:32:00;375;Acidente com Vítima;518,4;BR-040/MG;Norte;Colisão traseira;1;0;0;1;0;0;0;0;0;0;1;0;1;0;0
24/08/2015;07:14:00;64;Acidente com Vítima;521,975;BR-040/MG;Sul;Abalroamento - Longitudinal;1;0;0;1;0;0;0;0;0;0;1;0;1;0;0
24/08/2015;07:05:00;58;Acidente com Vítima;532,8;BR-040/MG;Sul;Colisão traseira;1;0;0;1;0;0;0;0;0;0;1;2;0;0;0
24/08/2015;14:44:00;231;Acidente sem Vítima;535,518;BR-040/MG;Sul;Queda de Carga;0;0;1;0;0;0;0;0;0;0;1;0;0;0;0
24/08/2015;07:52:00;86;Acidente com Vítima;536,5;BR-040/MG;Norte;Abalroamento - Longitudinal;1;0;0;1;0;0;0;0;0;0;1;1;0;0;0
24/08/2015;07:38:00;78;Acidente com Vítima;539,4;BR-040/MG;Norte;Colisão traseira;2;0;0;0;0;0;0;0;0;0;1;0;0;0;0
24/08/2015;07:21:00;67;Acidente sem Vítima;542,6;BR-040/MG;Sul;Colisão traseira;2;0;0;0;0;0;0;0;0;0;4;0;0;0;0
24/08/2015;08:42:00;108;Acidente com Morte;604,1;BR-040/MG;Sul;Colisão traseira;4;0;1;0;0;0;0;0;0;0;5;0;0;0;1
24/08/2015;13:41:00;202;Acidente com Vítima;622,01;BR-040/MG;Norte;Colisão traseira;1;0;0;1;0;0;0;0;0;0;1;1;0;0;0
24/08/2015;07:34:00;77;Acidente com Vítima;633,4;BR-040/MG;Norte;Colisão frontal;2;0;0;1;0;0;0;0;0;0;2;1;0;0;0
25/08/2015;07:01:00;73;Atropelamento sem Morte;1,05;BR-040/GO;Norte;Atropelamento - Pedestre atravessando;1;0;0;1;0;0;0;0;0;0;2;1;0;0;0
25/08/2015;18:35:00;290;Acidente sem Vítima;2,9;BR-040/DF;Sul;Colisão traseira;2;0;0;0;0;0;0;0;0;0;3;0;0;0;0
25/08/2015;19:01:00;308;Acidente sem Vítima;17,1;BR-040/MG;Sul;Colisão traseira;2;0;0;0;0;0;0;0;0;0;3;0;0;0;0
25/08/2015;19:26:00;303;Acidente com Vítima;43,45;BR-040/MG;Norte;Abalroamento - Longitudinal;1;0;0;1;0;0;0;0;0;0;1;1;0;0;0
25/08/2015;07:15:00;80;Acidente sem Vítima;562,5;BR-040/MG;Norte;Abalroamento - Longitudinal;1;0;1;0;0;0;0;0;0;0;2;0;0;0;0
25/08/2015;19:32:00;304;Acidente com Vítima;572,6;BR-040/MG;Sul;Abalroamento - Transversal;1;0;0;1;0;0;0;0;0;0;0;2;2;0;0
25/08/2015;08:29:00;128;Acidente com Vítima;637,1;BR-040/MG;Norte;Outros;0;0;0;1;0;0;0;0;0;0;0;0;0;0;0
25/08/2015;18:25:00;280;Acidente sem Vítima;643,1;BR-040/MG;Norte;Colisão traseira;1;0;1;0;0;0;0;0;0;0;3;0;0;0;0
25/08/2015;13:57:00;218;Atropelamento sem Morte;645,015;BR-040/MG;Sul;Atropelamento - Pedestre caminhando;0;0;0;0;0;0;0;0;0;0;0;1;0;0;0
25/08/2015;06:18:00;51;Acidente com Vítima;656,3;BR-040/MG;Norte;Choque com objeto fixo;1;0;0;0;0;0;0;0;0;0;0;1;0;0;0
25/08/2015;12:44:00;197;Acidente sem Vítima;8,1;BR-040/DF;Norte;Colisão traseira;2;0;0;0;0;0;0;0;0;0;2;0;0;0;0
25/08/2015;20:08:00;314;Acidente sem Vítima;732,9;BR-040/MG;Sul;Choque em barreira New Jersey;1;0;0;0;0;0;0;0;0;0;3;0;0;0;0
26/08/2015;08:39:00;94;Acidente sem Vítima;3,9;BR-040/GO;Norte;Abalroamento - Longitudinal;1;0;0;1;0;0;0;0;0;0;2;0;0;0;0
26/08/2015;22:06:00;369;Acidente sem Vítima;4,6;BR-040/GO;Norte;Choque com objeto fixo;1;0;0;0;0;0;0;0;0;0;2;0;0;0;0
26/08/2015;01:31:00;15;Acidente sem Vítima;8,2;BR-040/MG;Sul;Choque com objeto fixo;1;0;0;0;0;0;0;0;0;0;1;0;0;0;0
26/08/2015;09:32:00;123;Acidente sem Vítima;10,2;BR-040/GO;Norte;Outros;0;0;0;1;0;0;0;0;0;0;1;0;0;0;0
26/08/2015;23:26:00;387;Acidente com Vítima;36,5;BR-040/MG;Norte;Choque com objeto fixo;1;0;0;0;0;0;0;0;0;0;0;0;1;0;0
26/08/2015;06:57:00;56;Acidente com Vítima;434,94;BR-040/MG;Sul;Choque com objeto fixo;1;0;0;0;0;0;0;0;0;0;1;1;0;0;0
26/08/2015;15:12:00;222;Atropelamento sem Morte;453,2;BR-040/MG;Sul;Atropelamento - Pedestre atravessando;0;0;0;0;0;0;0;0;0;0;0;0;1;0;0
26/08/2015;17:10:00;265;Acidente com Vítima;511,02;BR-040/MG;Sul;Abalroamento - Transversal;1;0;0;1;0;0;0;0;0;0;1;0;1;0;0
26/08/2015;07:01:00;60;Atropelamento sem Morte;525,12;BR-040/MG;Norte;Atropelamento - Pedestre caminhando;0;0;1;0;0;0;0;0;0;0;1;0;0;1;0
26/08/2015;06:30:00;46;Acidente com Vítima;562,13;BR-040/MG;Sul;Capotamento;1;0;0;0;0;0;0;0;0;0;0;1;1;0;0
26/08/2015;17:28:00;272;Acidente sem Vítima;695,3;BR-040/MG;Norte;Choque com objeto fixo;1;0;0;0;0;0;0;0;0;0;1;0;0;0;0
27/08/2015;18:47:00;290;Acidente sem Vítima;360,35;BR-040/MG;Sul;Outros;0;0;0;1;0;0;0;0;0;0;1;0;0;0;0
27/08/2015;19:32:00;311;Acidente sem Vítima;468,3;BR-040/MG;Norte;Colisão traseira;2;0;0;0;0;0;0;0;0;0;6;0;0;0;0
27/08/2015;06:46:00;44;Acidente com Vítima;524,18;BR-040/MG;Sul;Colisão traseira;0;0;0;2;0;0;0;0;0;0;0;2;1;0;0
27/08/2015;14:40:00;218;Acidente sem Vítima;526,6;BR-040/MG;Norte;Abalroamento - Longitudinal;1;0;1;0;0;0;0;0;0;0;3;0;0;0;0
27/08/2015;09:20:00;120;Acidente sem Vítima;533,8;BR-040/MG;Norte;Colisão traseira;1;0;0;1;0;0;0;0;0;0;2;0;0;0;0
27/08/2015;08:53:00;109;Acidente sem Vítima;542,9;BR-040/MG;Sul;Colisão traseira;2;0;0;0;0;0;0;0;0;0;2;0;0;0;0
27/08/2015;05:33:00;29;Acidente sem Vítima;566,001;BR-040/MG;Sul;Choque em defensa;1;0;0;0;0;0;0;0;0;0;1;0;0;0;0
27/08/2015;16:00:00;241;Acidente com Vítima;588,01;BR-040/MG;Norte;Abalroamento - Longitudinal;0;0;1;1;0;0;0;0;0;0;1;0;0;1;0
27/08/2015;15:28:00;228;Acidente sem Vítima;701,02;BR-040/MG;Norte;Colisão traseira;0;0;3;0;0;0;0;0;0;0;3;0;0;0;0
27/08/2015;16:16:00;248;Acidente sem Vítima;725,1;BR-040/MG;Norte;Capotamento;1;0;0;0;0;0;0;0;0;0;1;0;0;0;0
27/08/2015;15:31:00;230;Acidente com Vítima;757,2;BR-040/MG;Norte;Capotamento;1;0;0;0;0;0;0;0;0;0;2;0;1;0;0
28/08/2015;19:04:00;296;Acidente com Vítima;3,8;BR-040/DF;Norte;Outros;0;0;0;1;0;0;0;0;0;0;0;1;0;0;0
28/08/2015;20:09:00;314;Atropelamento sem Morte;11,2;BR-040/GO;Sul;Atropelamento - Ciclista;1;0;0;0;0;0;0;0;0;0;2;1;0;0;0
28/08/2015;12:44:00;174;Acidente com Vítima;440,1;BR-040/MG;Norte;Outros;0;0;1;0;0;0;0;0;0;0;0;1;0;0;0
28/08/2015;19:42:00;308;Acidente com Vítima;526,659;BR-040/MG;Norte;Colisão traseira;3;0;0;0;0;0;0;0;0;0;5;1;0;0;0
28/08/2015;06:39:00;37;Acidente com Vítima;531,016;BR-040/MG;Sul;Outros;0;0;0;1;0;0;0;0;0;0;0;2;0;0;0
28/08/2015;21:10:00;328;Acidente sem Vítima;668,05;BR-040/MG;Norte;Abalroamento - Transversal;2;0;0;0;0;0;0;0;0;0;2;0;0;0;0
28/08/2015;19:21:00;300;Acidente com Vítima;676,05;BR-040/MG;Norte;Choque com objeto fixo;1;0;0;0;0;0;0;0;0;0;0;0;1;0;0
28/08/2015;17:32:00;252;Acidente com Vítima;697,01;BR-040/MG;Norte;Capotamento;1;0;0;0;0;0;0;0;0;0;0;0;1;0;0
28/08/2015;12:36:00;170;Acidente sem Vítima;699,01;BR-040/MG;Norte;Abalroamento - Longitudinal;1;0;1;0;0;0;0;0;0;0;2;0;0;0;0
29/08/2015;09:28:00;94;Acidente com Vítima;3,05;BR-040/GO;Sul;Abalroamento - Longitudinal;2;0;0;0;0;0;0;0;0;0;2;0;1;0;0
29/08/2015;09:49:00;99;Acidente sem Vítima;3,9;BR-040/GO;Sul;Colisão traseira;3;0;0;0;0;0;0;0;0;0;7;0;0;0;0
29/08/2015;05:40:00;42;Acidente sem Vítima;3,95;BR-040/GO;Norte;Colisão traseira;2;0;0;0;0;0;0;0;0;0;2;0;0;0;0
29/08/2015;14:19:00;155;Acidente com Vítima;9,1;BR-040/GO;Sul;Queda de Carga;1;0;0;0;0;0;0;0;0;0;1;1;0;0;0
29/08/2015;10:54:00;114;Acidente sem Vítima;11,1;BR-040/GO;Sul;Abalroamento - Longitudinal;2;0;0;0;0;0;0;0;0;0;2;0;0;0;0
29/08/2015;12:25:00;137;Acidente sem Vítima;12,4;BR-040/GO;Sul;Outros;0;0;0;0;0;0;0;0;0;0;0;0;0;0;0
29/08/2015;22:37:00;276;Acidente sem Vítima;16,3;BR-040/GO;Sul;Choque com objeto fixo;1;0;0;0;0;0;0;0;0;0;1;0;0;0;0
29/08/2015;02:51:00;26;Acidente sem Vítima;16,8;BR-040/GO;Sul;Capotamento;1;0;0;0;0;0;0;0;0;0;3;0;0;0;0
29/08/2015;06:43:00;52;Acidente com Vítima;368,023;BR-040/MG;Norte;Abalroamento - Longitudinal;1;0;1;0;0;0;0;0;0;0;1;0;1;0;0
29/08/2015;04:22:00;32;Acidente sem Vítima;490,4;BR-040/MG;Norte;Capotamento;1;0;0;0;0;0;0;0;0;0;2;0;0;0;0
29/08/2015;11:13:00;118;Acidente sem Vítima;521,2;BR-040/MG;Norte;Colisão traseira;1;0;0;1;0;0;0;0;0;0;3;0;0;0;0
29/08/2015;12:27:00;136;Acidente com Vítima;527,2;BR-040/MG;Norte;Outros;0;0;0;1;0;0;0;0;0;0;0;0;1;0;0
29/08/2015;20:00:00;243;Acidente sem Vítima;532,24;BR-040/MG;Norte;Colisão traseira;1;0;1;0;0;0;0;0;0;0;2;0;0;0;0
29/08/2015;17:00:00;188;Acidente com Vítima;541,2;BR-040/MG;Sul;Abalroamento - Longitudinal;1;0;0;1;0;0;0;0;0;0;1;0;1;0;0
29/08/2015;13:55:00;152;Acidente com Vítima;586,9;BR-040/MG;Sul;Outros;0;0;0;1;0;0;0;0;0;0;0;0;0;0;0
29/08/2015;08:26:00;75;Acidente sem Vítima;595,6;BR-040/MG;Norte;Choque com objeto fixo;0;0;1;0;0;0;0;0;0;0;1;0;0;0;0
29/08/2015;05:56:00;45;Acidente sem Vítima;629,3;BR-040/MG;Norte;Choque com objeto fixo;1;0;0;0;0;0;0;0;0;0;1;0;0;0;0
29/08/2015;02:00:00;20;Acidente sem Vítima;7,4;BR-040/DF;Norte;Choque com objeto fixo;1;0;0;0;0;0;0;0;0;0;2;0;0;0;0
29/08/2015;10:48:00;112;Acidente sem Vítima;95,23;BR-040/GO;Sul;Capotamento;1;0;0;0;0;0;0;0;0;0;1;0;0;0;0
29/08/2015;12:21:00;133;Acidente com Vítima;664,65;BR-040/MG;Sul;Colisão frontal;1;0;1;0;0;0;0;0;0;0;2;0;0;0;0
29/08/2015;04:35:00;35;Acidente com Vítima;669,6;BR-040/MG;Sul;Outros;0;0;1;0;0;0;0;0;0;0;0;0;0;0;0
29/08/2015;19:03:00;222;Acidente com Vítima;724,9;BR-040/MG;Norte;Outros;0;0;0;1;0;0;0;0;0;0;0;0;1;0;0
29/08/2015;06:52:00;56;Acidente com Vítima;112,33;BR-040/GO;Sul;Capotamento;1;0;0;0;0;0;0;0;0;0;1;1;0;0;0
30/08/2015;08:19:00;72;Acidente com Vítima;0;Fora_Rota;Sul;Choque com objeto fixo;1;0;0;0;0;0;0;0;0;0;0;0;1;0;0
30/08/2015;02:41:00;24;Acidente sem Vítima;0,3;BR-040/GO;Sul;Colisão traseira;3;0;0;0;0;0;0;0;0;0;5;0;0;0;0
30/08/2015;22:12:00;304;Acidente com Vítima;3,05;BR-040/GO;Sul;Choque com objeto fixo;1;0;0;0;0;0;0;0;0;0;0;1;0;0;0
30/08/2015;03:18:00;28;Acidente sem Vítima;4,75;BR-040/DF;Sul;Capotamento;1;0;0;0;0;0;0;0;0;0;1;0;0;0;0
30/08/2015;16:52:00;198;Acidente sem Vítima;511,1;BR-040/MG;Sul;Colisão traseira;4;0;0;0;0;0;0;0;0;0;4;0;0;0;0
30/08/2015;17:30:00;209;Acidente sem Vítima;7,2;BR-040/DF;Norte;Colisão traseira;3;0;0;0;0;0;0;0;0;0;7;0;0;0;0
30/08/2015;22:57:00;316;Acidente sem Vítima;8,1;BR-040/DF;Sul;Capotamento;1;0;0;0;0;0;0;0;0;0;1;0;0;0;0
30/08/2015;04:46:00;40;Acidente com Vítima;699,8;BR-040/MG;Norte;Outros;1;0;0;0;0;0;0;0;0;0;0;1;0;0;0
31/08/2015;06:20:00;31;Acidente sem Vítima;2,5;BR-040/DF;Norte;Colisão traseira;3;0;0;0;0;0;0;0;0;0;3;0;0;0;0
31/08/2015;02:12:00;19;Acidente sem Vítima;5,5;BR-040/DF;Norte;Outros;0;0;0;1;0;0;0;0;0;0;1;0;0;0;0
31/08/2015;18:27:00;300;Acidente com Vítima;5,3;BR-040/GO;Sul;Colisão traseira;1;0;0;0;2;0;0;0;0;0;4;2;1;0;0
31/08/2015;17:42:00;281;Acidente sem Vítima;5,8;BR-040/GO;Sul;Colisão traseira;2;0;0;0;0;0;0;0;0;0;2;0;0;0;0
31/08/2015;20:51:00;347;Acidente com Vítima;6,8;BR-040/GO;Sul;Colisão traseira;3;0;0;0;0;0;0;0;0;0;6;1;0;0;0
31/08/2015;15:26:00;235;Acidente sem Vítima;187,1;BR-040/MG;Sul;Queda de Carga;0;0;1;0;0;0;0;0;0;0;1;0;0;0;0
31/08/2015;16:18:00;250;Acidente sem Vítima;318,001;BR-040/MG;Sul;Colisão traseira;0;0;2;0;0;0;0;0;0;0;2;0;0;0;0
31/08/2015;06:59:00;44;Acidente sem Vítima;512,4;BR-040/MG;Sul;Colisão traseira;3;0;0;0;0;0;0;0;0;0;3;0;0;0;0
31/08/2015;07:21:00;61;Acidente sem Vítima;513,1;BR-040/MG;Norte;Colisão traseira;2;0;0;0;0;0;0;0;0;0;5;0;0;0;0
31/08/2015;06:16:00;30;Acidente sem Vítima;519,3;BR-040/MG;Sul;Colisão traseira;2;0;0;0;0;0;0;0;0;0;4;0;0;0;0
31/08/2015;19:55:00;335;Acidente sem Vítima;541,7;BR-040/MG;Norte;Colisão traseira;2;0;0;0;0;0;0;0;0;0;2;0;0;0;0
31/08/2015;15:58:00;245;Acidente sem Vítima;587,01;BR-040/MG;Norte;Colisão traseira;1;0;1;0;0;0;0;0;0;0;3;0;0;0;0
31/08/2015;07:03:00;49;Acidente com Vítima;729,003;BR-040/MG;Sul;Queda de Carga;0;0;1;0;0;0;0;0;0;0;0;0;1;0;0
31/08/2015;01:32:00;12;Acidente sem Vítima;751,3;BR-040/MG;Norte;Atropelamento - Animal;1;0;0;0;0;0;0;0;0;0;1;0;0;0;0
01/09/2015;16:51:00;238;Acidente sem Vítima;2,1;BR-040/GO;Sul;Abalroamento - Transversal;1;0;0;0;1;0;0;0;0;0;2;0;0;0;0
01/09/2015;14:45:00;211;Acidente sem Vítima;2,2;BR-040/GO;Sul;Colisão traseira;1;0;1;0;0;0;0;0;0;0;2;0;0;0;0
01/09/2015;17:50:00;250;Acidente sem Vítima;4,8;BR-040/GO;Norte;Colisão traseira;2;0;0;0;0;0;0;0;0;0;2;0;0;0;0
01/09/2015;14:26:00;205;Acidente com Vítima;285,3;BR-040/MG;Norte;Capotamento;0;0;0;1;0;0;0;0;0;0;0;1;0;0;0
01/09/2015;11:08:00;150;Acidente sem Vítima;444,4;BR-040/MG;Sul;Queda de Carga;0;0;1;0;0;0;0;0;0;0;1;0;0;0;0
01/09/2015;13:12:00;181;Acidente sem Vítima;510,6;BR-040/MG;Norte;Colisão traseira;0;0;2;0;0;0;0;0;0;0;2;0;0;0;0
01/09/2015;17:25:00;245;Acidente com Vítima;527,045;BR-040/MG;Sul;Queda de Carga;0;0;1;0;0;0;0;0;0;0;0;1;0;0;0
01/09/2015;13:17:00;183;Acidente sem Vítima;539,8;BR-040/MG;Sul;Colisão traseira;2;0;0;0;0;0;0;0;0;0;2;0;0;0;0
01/09/2015;16:21:00;235;Acidente sem Vítima;544,02;BR-040/MG;Norte;Colisão traseira;1;0;1;0;0;0;0;0;0;0;2;0;0;0;0
01/09/2015;00:58:00;12;Acidente sem Vítima;549;BR-040/MG;Sul;Colisão frontal;2;0;0;0;0;0;0;0;0;0;2;0;0;0;0
01/09/2015;11:21:00;156;Acidente sem Vítima;618,3;BR-040/MG;Norte;Colisão traseira;2;0;0;0;0;0;0;0;0;0;2;0;0;0;0
01/09/2015;18:49:00;266;Acidente sem Vítima;7,9;BR-040/DF;Sul;Colisão traseira;2;0;0;0;0;0;0;0;0;0;2;0;0;0;0
01/09/2015;14:39:00;209;Acidente com Vítima;87,2;BR-040/GO;Norte;Capotamento;2;0;0;0;0;0;0;0;0;0;2;1;0;0;0
01/09/2015;00:11:00;5;Acidente sem Vítima;765,374;BR-040/MG;Sul;Choque em defensa;0;0;1;0;0;0;0;0;0;0;1;0;0;0;0
02/09/2015;15:54:00;209;Acidente sem Vítima;7,2;BR-040/GO;Norte;Colisão traseira;1;0;0;1;0;0;0;0;0;0;3;0;0;0;0
02/09/2015;18:05:00;243;Acidente com Vítima;41,3;BR-040/MG;Sul;Queda de Carga;0;0;0;0;0;1;0;0;0;0;0;1;1;0;0
02/09/2015;16:28:00;221;Acidente com Morte;122,2;BR-040/MG;Norte;Abalroamento - Transversal;1;0;2;0;0;1;0;0;0;0;3;0;0;0;2
02/09/2015;16:26:00;219;Acidente com Morte;394,2;BR-040/MG;Sul;Colisão frontal;2;0;1;0;0;0;0;0;0;0;4;0;1;0;1
02/09/2015;07:52:00;74;Acidente com Vítima;520,006;BR-040/MG;Sul;Outros;1;0;0;1;0;0;0;0;0;0;1;1;0;0;0
02/09/2015;07:12:00;55;Acidente sem Vítima;524,003;BR-040/MG;Sul;Outros;0;0;0;0;0;0;0;0;0;0;0;0;0;0;0
02/09/2015;06:21:00;45;Acidente sem Vítima;525,003;BR-040/MG;Norte;Capotamento;1;0;0;0;0;0;0;0;0;0;2;0;0;0;0
02/09/2015;11:09:00;160;Acidente sem Vítima;532,5;BR-040/MG;Norte;Colisão traseira;1;0;2;0;0;0;0;0;0;0;3;0;0;0;0
02/09/2015;22:58:00;312;Acidente com Vítima;541,05;BR-040/MG;Norte;Colisão traseira;2;0;0;0;0;0;0;0;0;0;1;1;0;0;0
02/09/2015;12:49:00;172;Acidente com Vítima;544,001;BR-040/MG;Sul;Outros;0;0;0;1;0;0;0;0;0;0;1;0;1;0;0
02/09/2015;08:58:00;111;Acidente com Vítima;544,003;BR-040/MG;Norte;Colisão traseira;3;0;0;0;0;0;0;0;0;0;4;1;0;0;0
02/09/2015;08:41:00;99;Acidente sem Vítima;582,5;BR-040/MG;Sul;Abalroamento - Longitudinal;2;0;0;0;0;0;0;0;0;0;2;0;0;0;0
02/09/2015;18:14:00;246;Acidente sem Vítima;584,1;BR-040/MG;Norte;Colisão traseira;1;0;1;0;0;0;0;0;0;0;3;0;0;0;0
02/09/2015;17:01:00;233;Acidente com Vítima;642,85;BR-040/MG;Norte;Choque em defensa;0;0;0;0;0;1;0;0;0;0;1;1;0;0;0
02/09/2015;20:07:00;279;Acidente sem Vítima;79,8;BR-040/GO;Sul;Abalroamento - Longitudinal;0;0;1;0;1;0;0;0;0;0;2;0;0;0;0
02/09/2015;11:01:00;155;Acidente com Vítima;764,732;BR-040/MG;Sul;Capotamento;1;0;0;0;0;0;0;0;0;0;0;0;1;0;0
03/09/2015;18:25:00;251;Acidente sem Vítima;2,05;BR-040/GO;Sul;Abalroamento - Longitudinal;1;0;1;0;0;0;0;0;0;0;4;0;0;0;0
03/09/2015;19:42:00;286;Acidente com Vítima;5,4;BR-040/GO;Sul;Outros;1;0;0;1;0;0;0;0;0;0;1;0;1;0;0
03/09/2015;06:30:00;36;Acidente com Vítima;6,026;BR-040/DF;Norte;Abalroamento - Longitudinal;1;0;0;1;0;0;0;0;0;0;1;1;0;0;0
03/09/2015;17:05:00;228;Acidente com Vítima;7,19;BR-040/GO;Sul;Outros;0;0;0;1;0;0;0;0;0;0;0;0;1;0;0
03/09/2015;19:17:00;279;Acidente sem Vítima;24,05;BR-040/GO;Sul;Abalroamento - Transversal;1;0;1;0;0;0;0;0;0;0;2;0;0;0;0
03/09/2015;18:40:00;259;Acidente com Vítima;369,1;BR-040/MG;Sul;Capotamento;1;0;0;0;0;0;0;0;0;0;0;0;3;0;0
03/09/2015;14:35:00;172;Acidente com Vítima;404,05;BR-040/MG;Norte;Capotamento;1;0;0;0;0;0;0;0;0;0;1;1;2;0;0
03/09/2015;22:40:00;339;Acidente com Vítima;415,1;BR-040/MG;Sul;Outros;0;0;0;1;0;0;0;0;0;0;0;2;0;0;0
03/09/2015;19:52:00;289;Acidente sem Vítima;456,03;BR-040/MG;Sul;Queda de Carga;0;0;1;0;0;0;0;0;0;0;1;0;0;0;0
03/09/2015;05:22:00;23;Acidente sem Vítima;490,1;BR-040/MG;Norte;Outros;0;0;0;1;0;0;0;0;0;0;1;0;0;0;0
03/09/2015;22:52:00;343;Acidente com Vítima;528,35;BR-040/MG;Sul;Choque com objeto fixo;1;0;0;0;0;0;0;0;0;0;2;0;1;0;0
03/09/2015;02:43:00;13;Acidente com Vítima;530,1;BR-040/MG;Sul;Choque com objeto fixo;1;0;0;0;0;0;0;0;0;0;0;0;1;0;0
03/09/2015;17:22:00;235;Acidente com Vítima;540,002;BR-040/MG;Norte;Outros;0;0;0;1;0;0;0;0;0;0;0;0;0;0;0
03/09/2015;09:58:00;118;Acidente com Vítima;541,2;BR-040/MG;Sul;Colisão traseira;3;0;0;0;0;0;0;0;0;0;3;2;0;0;0
03/09/2015;11:09:00;132;Acidente com Vítima;573,1;BR-040/MG;Sul;Capotamento;1;0;0;0;0;0;0;0;0;0;0;0;1;0;0
03/09/2015;13:20:00;158;Acidente com Vítima;48,27;BR-040/GO;Sul;Outros;0;0;0;1;0;0;0;0;0;0;0;0;1;0;0
03/09/2015;13:45:00;168;Acidente com Morte;92,57;BR-040/GO;Norte;Abalroamento - Longitudinal;1;0;1;0;0;0;0;0;0;0;1;0;1;0;1
03/09/2015;12:51:00;149;Acidente com Vítima;672,67;BR-040/MG;Sul;Outros;0;0;1;0;0;0;0;0;0;0;0;1;1;0;0
03/09/2015;07:37:00;65;Acidente com Vítima;126,6;BR-040/GO;Norte;Capotamento;1;0;0;0;0;0;0;0;0;0;1;2;0;0;0
04/09/2015;20:05:00;380;Acidente com Vítima;0;BR-040/DF;Sul;Colisão traseira;0;0;1;1;0;0;0;0;0;0;1;0;1;0;0
04/09/2015;21:38:00;410;Acidente sem Vítima;4,4;BR-040/DF;Sul;Colisão traseira;3;0;0;0;0;0;0;0;0;0;4;0;0;0;0