data;horario;n_da_ocorrencia;tipo_de_ocorrencia;km;trecho;sentido;tipo_de_acidente;automovel;bicicleta;caminhao;moto;onibus;outros;tracao_animal;transporte_de_cargas_especiais;trator_maquinas;utilitarios;ilesos;levemente_feridos;moderadamente_feridos;gravemente_feridos;mortos
09/09/2015;18:10:00;320;Acidente com Vítima;612,8;BR-040/MG;Norte;Capotamento;1;0;0;0;0;0;0;0;0;0;0;2;0;0;0
09/09/2015;06:20:00;53;Acidente sem Vítima;617,5;BR-040/MG;Sul;Outros;0;0;0;1;0;0;0;0;0;0;1;0;0;0;0
09/09/2015;11:29:00;179;Acidente com Vítima;632,41;BR-040/MG;Sul;Abalroamento - Longitudinal;1;0;0;0;0;0;0;0;0;0;1;2;0;0;0
09/09/2015;13:52:00;222;Acidente sem Vítima;93,1;BR-040/GO;Sul;Choque com objeto fixo;0;0;1;0;0;0;0;0;0;0;1;0;0;0;0
09/09/2015;06:57:00;68;Acidente sem Vítima;693,1;BR-040/MG;Sul;Colisão traseira;1;0;1;0;0;0;0;0;0;0;43;0;0;0;0
09/09/2015;08:56:00;119;Acidente com Vítima;726,9;BR-040/MG;Norte;Choque em barreira New Jersey;1;0;0;0;0;0;0;0;0;0;0;1;0;0;0
09/09/2015;09:34:00;139;Acidente sem Vítima;767,1;BR-040/MG;Sul;Colisão traseira;2;0;0;0;0;0;0;0;0;0;3;0;0;0;0
10/09/2015;09:44:00;135;Acidente com Vítima;1,06;BR-040/GO;Norte;Colisão traseira;2;0;0;0;0;0;0;0;0;0;1;1;0;0;0
10/09/2015;06:52:00;59;Acidente com Vítima;3,006;BR-040/DF;Norte;Colisão traseira;2;0;0;0;0;0;0;0;0;0;1;0;0;0;0
10/09/2015;21:23:00;291;Acidente sem Vítima;5,2;BR-040/GO;Sul;Abalroamento - Longitudinal;2;0;0;0;0;0;0;0;0;0;3;0;0;0;0
10/09/2015;19:18:00;260;Acidente sem Vítima;5,8;BR-040/GO;Sul;Colisão traseira;1;0;0;0;1;0;0;0;0;0;3;0;0;0;0
10/09/2015;13:53:00;190;Acidente sem Vítima;50,02;BR-040/MG;Sul;Queda de Carga;0;0;2;0;0;0;0;0;0;0;2;0;0;0;0
10/09/2015;08:53:00;113;Acidente sem Vítima;277,002;BR-040/MG;Sul;Colisão traseira;0;0;2;0;0;0;0;0;0;0;2;0;0;0;0
10/09/2015;19:17:00;259;Acidente sem Vítima;502,45;BR-040/MG;Norte;Outros;1;0;0;0;0;0;0;0;0;0;1;0;0;0;0
10/09/2015;18:00:00;241;Acidente com Vítima;515,13;BR-040/MG;Norte;Outros;0;0;0;1;0;0;0;0;0;0;0;2;0;0;0
10/09/2015;07:13:00;68;Acidente sem Vítima;522,15;BR-040/MG;Norte;Outros;0;0;0;1;0;0;0;0;0;0;1;0;0;0;0
10/09/2015;08:27:00;98;Acidente sem Vítima;523,6;BR-040/MG;Sul;Colisão traseira;2;0;0;0;0;0;0;0;0;0;2;0;0;0;0
10/09/2015;19:22:00;261;Acidente sem Vítima;537,2;BR-040/MG;Sul;Colisão traseira;1;0;1;0;0;0;0;0;0;0;2;0;0;0;0
10/09/2015;07:15:00;71;Acidente sem Vítima;541,25;BR-040/MG;Sul;Colisão traseira;4;0;0;0;0;0;0;0;0;0;4;0;0;0;0
10/09/2015;07:16:00;70;Acidente com Vítima;8,018;BR-040/DF;Norte;Outros;0;0;0;1;0;0;0;0;0;0;1;1;0;0;0
10/09/2015;09:46:00;136;Acidente com Vítima;712,9;BR-040/MG;Sul;Capotamento;1;0;0;0;0;0;0;0;0;0;0;1;0;0;0
10/09/2015;17:17:00;234;Acidente sem Vítima;717,6;BR-040/MG;Sul;Capotamento;0;0;0;1;0;0;0;0;0;0;1;0;0;0;0
10/09/2015;21:31:00;292;Acidente sem Vítima;741,3;BR-040/MG;Sul;Choque com objeto fixo;1;0;0;0;0;0;0;0;0;0;2;0;0;0;0
10/09/2015;07:23:00;72;Acidente com Vítima;770,2;BR-040/MG;Norte;Choque com objeto fixo;1;0;0;0;0;0;0;0;0;0;1;0;0;1;0
11/09/2015;14:52:00;219;Acidente sem Vítima;1,23;BR-040/GO;Norte;Colisão traseira;2;0;0;0;0;0;0;0;0;0;2;0;0;0;0
11/09/2015;12:19:00;176;Acidente sem Vítima;5,315;BR-040/GO;Sul;Capotamento;1;0;0;0;0;0;0;0;0;0;1;0;0;0;0
11/09/2015;18:36:00;279;Acidente com Vítima;9,6;BR-040/GO;Norte;Colisão traseira;1;0;0;1;0;0;0;0;0;0;1;1;1;0;0
11/09/2015;21:38:00;336;Acidente sem Vítima;343,5;BR-040/MG;Norte;Capotamento;1;0;0;1;0;0;0;0;0;0;2;0;0;0;0
11/09/2015;17:50:00;266;Acidente com Vítima;516,61;BR-040/MG;Norte;Outros;0;0;0;1;0;0;0;0;0;0;0;2;0;0;0
11/09/2015;09:53:00;135;Acidente com Vítima;526,2;BR-040/MG;Sul;Outros;0;0;1;1;0;0;0;0;0;0;1;1;0;0;0
11/09/2015;09:28:00;126;Acidente sem Vítima;532,1;BR-040/MG;Sul;Colisão traseira;1;0;1;0;0;0;0;0;0;0;2;0;0;0;0
11/09/2015;03:57:00;21;Acidente sem Vítima;533,05;BR-040/MG;Norte;Choque em barreira New Jersey;1;0;0;0;0;0;0;0;0;0;1;0;0;0;0
11/09/2015;18:43:00;280;Acidente sem Vítima;534,9;BR-040/MG;Norte;Colisão traseira;3;0;0;0;0;0;0;0;0;0;6;0;0;0;0
11/09/2015;17:41:00;263;Acidente sem Vítima;542,7;BR-040/MG;Norte;Outros;0;0;0;1;0;0;0;0;0;0;1;0;0;0;0
11/09/2015;07:29:00;67;Acidente sem Vítima;543,6;BR-040/MG;Norte;Colisão traseira;3;0;0;0;0;0;0;0;0;0;5;0;0;0;0
11/09/2015;04:38:00;26;Acidente com Vítima;615,4;BR-040/MG;Sul;Queda de Carga;0;0;0;0;0;1;0;0;0;0;0;1;0;0;0
11/09/2015;20:28:00;320;Acidente sem Vítima;51,5;BR-040/GO;Norte;Capotamento;1;0;0;0;0;0;0;0;0;0;1;0;0;0;0
11/09/2015;18:27:00;278;Acidente com Vítima;69,2;BR-040/GO;Sul;Queda de Carga;0;0;1;0;0;0;0;0;0;0;1;0;1;0;0
11/09/2015;15:36:00;232;Acidente com Vítima;94,23;BR-040/GO;Sul;Colisão frontal;1;0;0;1;0;0;0;0;0;0;3;1;0;0;0
11/09/2015;19:28:00;295;Acidente com Vítima;669,2;BR-040/MG;Sul;Colisão frontal;1;0;0;1;0;0;0;0;0;0;2;1;1;0;0
11/09/2015;08:44:00;104;Acidente sem Vítima;700,2;BR-040/MG;Norte;Colisão traseira;1;0;1;0;0;0;0;0;0;0;2;0;0;0;0
11/09/2015;17:14:00;258;Acidente sem Vítima;717,2;BR-040/MG;Norte;Choque com objeto fixo;1;0;0;0;0;0;0;0;0;0;2;0;0;0;0
11/09/2015;09:39:00;130;Acidente sem Vítima;726,7;BR-040/MG;Sul;Choque com objeto fixo;1;0;0;0;0;0;0;0;0;0;4;0;0;0;0
12/09/2015;19:31:00;284;Acidente sem Vítima;0;Fora_Rota;Sul;Outros;1;0;0;0;0;0;0;0;0;0;2;0;0;0;0
12/09/2015;14:06:00;187;Acidente com Vítima;2,4;BR-040/GO;Norte;Outros;1;0;0;1;0;0;0;0;0;0;1;1;0;0;0
12/09/2015;22:27:00;321;Acidente sem Vítima;3,06;BR-040/GO;Sul;Colisão traseira;3;0;0;0;0;0;0;0;0;0;3;0;0;0;0
12/09/2015;08:12:00;82;Acidente sem Vítima;4,5;BR-040/GO;Norte;Colisão traseira;1;0;0;1;0;0;0;0;0;0;2;0;0;0;0
12/09/2015;01:56:00;16;Acidente com Vítima;143,3;BR-040/MG;Sul;Atropelamento - Animal;1;0;0;0;0;0;0;0;0;0;3;0;1;0;0
12/09/2015;20:08:00;294;Acidente com Vítima;228,965;BR-040/MG;Norte;Choque com objeto fixo;2;0;0;0;0;0;0;0;0;0;2;0;1;0;0
12/09/2015;16:34:00;239;Acidente com Vítima;283,1;BR-040/MG;Sul;Outros;0;0;0;0;1;0;0;0;0;0;1;0;1;0;0
12/09/2015;18:12:00;266;Acidente sem Vítima;486,8;BR-040/MG;Norte;Atropelamento - Animal;1;0;0;0;0;0;0;0;0;0;3;0;0;0;0
12/09/2015;01:33:00;11;Acidente sem Vítima;535,13;BR-040/MG;Norte;Choque em barreira New Jersey;1;0;0;0;0;0;0;0;0;0;1;0;0;0;0
12/09/2015;01:55:00;14;Acidente sem Vítima;535,3;BR-040/MG;Norte;Choque em barreira New Jersey;1;0;0;0;0;0;0;0;0;0;1;0;0;0;0
12/09/2015;21:58:00;315;Acidente sem Vítima;535,39;BR-040/MG;Sul;Capotamento;1;0;0;0;0;0;0;0;0;0;1;0;0;0;0
12/09/2015;20:01:00;292;Acidente sem Vítima;543,6;BR-040/MG;Norte;Colisão traseira;2;0;0;0;0;0;0;0;0;0;3;0;0;0;0
12/09/2015;16:25:00;237;Acidente sem Vítima;662,3;BR-040/MG;Sul;Capotamento;1;0;0;0;0;0;0;0;0;0;1;0;0;0;0
12/09/2015;08:54:00;93;Acidente sem Vítima;695,1;BR-040/MG;Norte;Capotamento;1;0;0;0;0;0;0;0;0;0;1;0;0;0;0
12/09/2015;09:27:00;103;Acidente com Vítima;748,157;BR-040/MG;Sul;Queda de Carga;0;0;1;0;0;0;0;0;0;0;0;1;0;0;0
12/09/2015;08:10:00;80;Acidente com Vítima;154,1;BR-040/GO;Norte;Capotamento;1;0;0;0;0;0;0;0;0;0;0;0;2;0;0
13/09/2015;08:25:00;82;Acidente sem Vítima;2,9;BR-040/GO;Norte;Colisão traseira;1;0;0;1;0;0;0;0;0;0;2;0;0;0;0
13/09/2015;20:15:00;316;Acidente sem Vítima;3,5;BR-040/GO;Sul;Abalroamento - Longitudinal;2;0;0;0;0;0;0;0;0;0;2;0;0;0;0
13/09/2015;23:27:00;346;Acidente sem Vítima;89,61;BR-040/MG;Norte;Atropelamento - Animal;1;0;0;0;0;0;0;0;0;0;1;0;0;0;0
13/09/2015;19:15:00;300;Acidente com Vítima;444,15;BR-040/MG;Sul;Capotamento;1;0;0;0;0;0;0;0;0;0;0;2;0;0;0
13/09/2015;19:48:00;307;Acidente sem Vítima;444,2;BR-040/MG;Sul;Colisão traseira;1;0;1;0;0;0;0;0;0;0;2;0;0;0;0
13/09/2015;09:05:00;94;Acidente sem Vítima;549,3;BR-040/MG;Sul;Colisão traseira;2;0;0;0;0;0;0;0;0;0;2;0;0;0;0
13/09/2015;15:44:00;216;Acidente com Vítima;566,95;BR-040/MG;Sul;Queda de Carga;1;0;0;0;0;0;0;0;0;0;0;1;0;0;0
13/09/2015;22:28:00;340;Acidente sem Vítima;597,546;BR-040/MG;Sul;Outros;1;0;0;0;0;0;0;0;0;0;3;0;0;0;0
13/09/2015;07:37:00;74;Acidente com Vítima;638,66;BR-040/MG;Norte;Outros;1;0;0;0;0;0;0;0;0;0;0;3;1;0;0
13/09/2015;23:36:00;347;Acidente sem Vítima;671,7;BR-040/MG;Norte;Atropelamento - Animal;1;0;0;0;0;0;0;0;0;0;2;0;0;0;0
13/09/2015;03:14:00;24;Acidente sem Vítima;684,541;BR-040/MG;Sul;Queda de Carga;0;0;1;0;0;0;0;0;0;0;1;0;0;0;0
13/09/2015;12:40:00;155;Acidente sem Vítima;738,1;BR-040/MG;Sul;Colisão traseira;1;0;0;0;0;1;0;0;0;0;2;0;0;0;0
14/09/2015;15:59:00;215;Acidente com Vítima;1,6;BR-040/GO;Sul;Colisão traseira;3;0;0;0;0;0;0;0;0;0;24;0;1;0;0
14/09/2015;15:51:00;211;Atropelamento com Morte;507,15;BR-040/MG;Norte;Atropelamento - Pedestre caminhando;1;0;0;0;0;0;0;0;0;0;2;0;0;0;2
14/09/2015;20:47:00;284;Atropelamento sem Morte;508,2;BR-040/MG;Norte;Atropelamento - Pedestre caminhando;1;0;0;0;0;0;0;0;0;0;1;0;1;0;0
14/09/2015;20:00:00;271;Acidente sem Vítima;509,7;BR-040/MG;Sul;Outros;0;0;1;0;0;0;0;0;0;0;1;0;0;0;0
14/09/2015;07:53:00;71;Acidente com Vítima;512,5;BR-040/MG;Sul;Abalroamento - Longitudinal;2;0;0;1;0;0;0;0;0;0;4;0;1;0;0
14/09/2015;04:48:00;24;Acidente sem Vítima;514,025;BR-040/MG;Sul;Outros;0;0;0;1;0;0;0;0;0;0;1;0;0;0;0
14/09/2015;06:59:00;42;Acidente sem Vítima;514,15;BR-040/MG;Sul;Colisão traseira;2;0;0;0;0;0;0;0;0;0;2;0;0;0;0
14/09/2015;05:49:00;30;Acidente sem Vítima;515,28;BR-040/MG;Sul;Colisão traseira;3;0;0;0;0;0;0;0;0;0;3;0;0;0;0
14/09/2015;16:33:00;224;Acidente com Vítima;609,2;BR-040/MG;Norte;Outros;1;0;0;0;0;0;0;0;0;0;1;1;0;0;0
14/09/2015;22:10:00;308;Acidente com Vítima;662,8;BR-040/MG;Sul;Choque com objeto fixo;0;0;1;0;0;0;0;0;0;0;0;1;0;0;0
14/09/2015;07:54:00;73;Acidente com Vítima;717,1;BR-040/MG;Norte;Capotamento;1;0;0;0;0;0;0;0;0;0;0;0;1;0;0
15/09/2015;17:15:00;221;Atropelamento sem Morte;1,2;BR-040/GO;Norte;Atropelamento - Pedestre atravessando;1;0;0;0;0;0;0;0;0;0;1;0;1;0;0
15/09/2015;19:22:00;253;Acidente sem Vítima;2,1;BR-040/GO;Sul;Abalroamento - Longitudinal;1;0;0;1;0;0;0;0;0;0;2;0;0;0;0
15/09/2015;17:12:00;219;Acidente com Vítima;5,5;BR-040/DF;Sul;Abalroamento - Longitudinal;1;0;0;1;0;0;0;0;0;0;1;0;0;0;0
15/09/2015;11:57:00;148;Acidente sem Vítima;50,5;BR-040/MG;Norte;Colisão traseira;0;0;2;0;0;0;0;0;0;0;2;0;0;0;0
15/09/2015;16:23:00;209;Acidente com Vítima;127,2;BR-040/MG;Norte;Colisão traseira;1;0;0;1;0;0;0;0;0;0;1;0;0;0;0
15/09/2015;18:32:00;239;Acidente sem Vítima;517,8;BR-040/MG;Norte;Colisão traseira;2;0;0;1;0;0;0;0;0;0;9;0;0;0;0
15/09/2015;17:43:00;228;Acidente sem Vítima;533,15;BR-040/MG;Norte;Choque com objeto fixo;0;0;1;0;0;0;0;0;0;0;1;0;0;0;0
15/09/2015;17:32:00;225;Acidente sem Vítima;536,3;BR-040/MG;Norte;Colisão traseira;2;0;1;0;0;0;0;0;0;0;4;0;0;0;0
15/09/2015;18:14:00;234;Acidente com Vítima;538,197;BR-040/MG;Norte;Colisão traseira;0;0;3;0;0;0;0;0;0;0;3;0;1;0;0
15/09/2015;19:02:00;249;Acidente sem Vítima;666,8;BR-040/MG;Sul;Outros;1;0;1;0;0;0;0;0;0;0;2;0;0;0;0
15/09/2015;01:21:00;9;Acidente sem Vítima;140,3;BR-040/GO;Sul;Queda de Carga;0;0;1;0;0;0;0;0;0;0;1;0;0;0;0
16/09/2015;14:10:00;209;Acidente com Vítima;62,5;BR-040/MG;Sul;Outros;0;0;0;1;0;0;0;0;0;0;0;0;1;1;0
16/09/2015;18:59:00;294;Atropelamento sem Morte;434,67;BR-040/MG;Norte;Atropelamento - Ciclista;1;1;0;0;0;0;0;0;0;0;1;1;0;0;0
16/09/2015;18:46:00;289;Atropelamento sem Morte;447,4;BR-040/MG;Sul;Atropelamento - Ciclista;0;1;0;1;0;0;0;0;0;0;0;1;1;0;0
16/09/2015;11:12:00;162;Acidente sem Vítima;522,5;BR-040/MG;Norte;Colisão traseira;0;0;1;1;0;0;0;0;0;0;2;0;0;0;0
16/09/2015;19:25:00;301;Acidente sem Vítima;543,8;BR-040/MG;Sul;Abalroamento - Longitudinal;0;0;1;0;1;0;0;0;0;0;2;0;0;0;0
16/09/2015;10:11:00;143;Acidente com Vítima;569,9;BR-040/MG;Norte;Abalroamento - Transversal;2;0;0;0;0;0;0;0;0;0;1;1;0;0;0
16/09/2015;07:46:00;70;Acidente com Vítima;586,03;BR-040/MG;Sul;Abalroamento - Longitudinal;1;0;1;0;0;0;0;0;0;0;2;1;0;0;0
16/09/2015;20:11:00;311;Acidente com Vítima;51,9;BR-040/GO;Sul;Outros;0;0;0;1;0;0;0;0;0;0;0;1;1;0;0
17/09/2015;22:37:00;365;Acidente com Vítima;9,32;BR-040/GO;Sul;Abalroamento - Transversal;1;0;0;0;0;1;0;0;0;0;1;0;1;0;0
17/09/2015;07:07:00;43;Acidente com Vítima;274,001;BR-040/MG;Norte;Abalroamento - Transversal;1;0;0;1;0;0;0;0;0;0;1;0;1;0;0
17/09/2015;12:35:00;196;Acidente sem Vítima;508,049;BR-040/MG;Sul;Queda de Carga;0;0;1;0;0;0;0;0;0;0;1;0;0;0;0
17/09/2015;13:16:00;206;Acidente sem Vítima;510,4;BR-040/MG;Norte;Colisão traseira;1;0;2;0;0;0;0;0;0;0;7;0;0;0;0
17/09/2015;23:56:00;380;Acidente sem Vítima;525,742;BR-040/MG;Sul;Abalroamento - Transversal;2;0;0;0;0;0;0;0;0;0;2;0;0;0;0
17/09/2015;06:15:00;27;Acidente sem Vítima;528,4;BR-040/MG;Sul;Abalroamento - Longitudinal;1;0;1;0;0;0;0;0;0;0;2;0;0;0;0
17/09/2015;05:36:00;20;Acidente sem Vítima;529,2;BR-040/MG;Sul;Abalroamento - Longitudinal;1;0;1;0;0;0;0;0;0;0;2;0;0;0;0
17/09/2015;16:07:00;261;Acidente com Vítima;532,9;BR-040/MG;Sul;Colisão traseira;1;0;0;1;0;0;0;0;0;0;1;0;1;0;0
17/09/2015;00:16:00;1;Acidente com Vítima;538,6;BR-040/MG;Norte;Colisão traseira;1;0;1;0;0;0;0;0;0;0;1;0;0;0;0
17/09/2015;16:13:00;264;Acidente com Vítima;95,01;BR-040/GO;Norte;Choque com objeto fixo;0;0;0;0;0;1;0;0;0;0;1;4;0;0;0
17/09/2015;21:17:00;349;Acidente com Vítima;668,45;BR-040/MG;Sul;Abalroamento - Longitudinal;2;0;1;0;0;0;0;0;0;0;1;2;0;0;0
18/09/2015;09:24:00;152;Acidente sem Vítima;1,358;BR-040/DF;Norte;Colisão traseira;3;0;0;0;0;0;0;0;0;0;3;0;0;0;0
18/09/2015;06:33:00;71;Acidente com Vítima;2,2;BR-040/DF;Norte;Colisão traseira;2;0;0;1;0;0;0;0;0;0;2;0;0;0;0
18/09/2015;08:35:00;130;Acidente sem Vítima;3,5;BR-040/DF;Sul;Colisão traseira;2;0;0;0;0;0;0;0;0;0;2;0;0;0;0
18/09/2015;16:11:00;280;Acidente com Vítima;11,2;BR-040/GO;Norte;Queda de Carga;1;0;0;0;0;0;0;0;0;0;1;1;0;0;0
18/09/2015;17:34:00;290;Acidente sem Vítima;390,09;BR-040/MG;Sul;Abalroamento - Longitudinal;2;0;0;0;0;0;0;0;0;0;6;0;0;0;0
18/09/2015;03:52:00;35;Acidente com Vítima;493,479;BR-040/MG;Sul;Colisão traseira;0;0;2;0;0;0;0;0;0;0;2;0;1;0;0
18/09/2015;10:36:00;166;Acidente com Vítima;532,15;BR-040/MG;Sul;Colisão traseira;1;0;1;0;1;0;0;0;0;0;2;0;0;0;0
18/09/2015;06:20:00;59;Acidente com Vítima;561,05;BR-040/MG;Norte;Outros;0;0;0;1;0;0;0;0;0;0;0;0;0;0;0
18/09/2015;18:03:00;296;Acidente com Vítima;608,3;BR-040/MG;Sul;Abalroamento - Transversal;2;0;0;0;0;0;0;0;0;0;7;0;9;0;0
18/09/2015;19:22:00;323;Acidente com Vítima;663,88;BR-040/MG;Norte;Capotamento;1;0;0;0;0;0;0;0;0;0;0;1;0;0;0
18/09/2015;08:10:00;119;Acidente sem Vítima;728,7;BR-040/MG;Sul;Abalroamento - Longitudinal;1;0;1;0;0;0;0;0;0;0;4;0;0;0;0
18/09/2015;16:51:00;281;Acidente sem Vítima;754,2;BR-040/MG;Sul;Abalroamento - Longitudinal;2;0;0;0;0;0;0;0;0;0;2;0;0;0;0
18/09/2015;22:02:00;377;Acidente com Vítima;760,5;BR-040/MG;Sul;Abalroamento - Longitudinal;2;0;0;0;0;0;0;0;0;0;0;2;0;0;0
19/09/2015;08:12:00;59;Acidente com Vítima;40,316;BR-040/MG;Sul;Abalroamento - Longitudinal;3;0;0;0;0;0;0;0;0;0;2;1;0;0;0
19/09/2015;21:08:00;270;Acidente sem Vítima;19,45;BR-040/GO;Norte;Colisão traseira;2;0;0;0;0;0;0;0;0;0;7;0;0;0;0
19/09/2015;23:26:00;291;Acidente com Vítima;446,05;BR-040/MG;Norte;Outros;0;0;0;1;0;0;0;0;0;0;1;1;0;0;0
19/09/2015;14:55:00;168;Acidente sem Vítima;473,15;BR-040/MG;Norte;Abalroamento - Longitudinal;2;0;0;0;0;0;0;0;0;0;2;0;0;0;0
19/09/2015;09:52:00;92;Acidente com Vítima;514,15;BR-040/MG;Norte;Outros;0;0;0;1;0;0;0;0;0;0;0;0;0;0;0
19/09/2015;22:31:00;281;Acidente com Vítima;519,1;BR-040/MG;Norte;Capotamento;1;0;0;0;0;0;0;0;0;0;3;0;1;0;0
19/09/2015;13:38:00;149;Acidente com Vítima;519,564;BR-040/MG;Norte;Colisão traseira;1;0;0;1;0;0;0;0;0;0;2;1;0;0;0
19/09/2015;18:17:00;213;Acidente sem Vítima;521,4;BR-040/MG;Sul;Outros;0;0;0;1;0;0;0;0;0;0;2;0;0;0;0
19/09/2015;08:48:00;70;Acidente com Vítima;526,55;BR-040/MG;Norte;Colisão traseira;1;0;0;1;0;0;0;0;0;0;2;1;0;0;0
19/09/2015;11:54:00;117;Acidente com Vítima;526,86;BR-040/MG;Norte;Outros;0;0;0;1;0;0;0;0;0;0;0;2;0;0;0
19/09/2015;06:32:00;31;Acidente sem Vítima;532,1;BR-040/MG;Norte;Colisão traseira;1;0;0;1;0;0;0;0;0;0;2;0;0;0;0
19/09/2015;05:46:00;26;Acidente sem Vítima;532,7;BR-040/MG;Norte;Colisão traseira;2;0;0;0;0;0;0;0;0;0;2;0;0;0;0
19/09/2015;19:14:00;236;Acidente sem Vítima;548,2;BR-040/MG;Sul;Colisão traseira;3;0;0;0;0;0;0;0;0;0;7;0;0;0;0
19/09/2015;12:32:00;127;Acidente com Vítima;570,2;BR-040/MG;Norte;Abalroamento - Longitudinal;1;0;1;0;0;0;0;0;0;0;2;1;0;0;0
19/09/2015;19:10:00;233;Acidente com Vítima;36,8;BR-040/GO;Norte;Outros;0;0;1;0;0;0;0;0;0;0;0;1;0;0;0
19/09/2015;08:41:00;67;Acidente com Vítima;694,2;BR-040/MG;Sul;Capotamento;1;0;0;0;0;0;0;0;0;0;0;0;1;1;0
19/09/2015;14:54:00;167;Acidente com Vítima;730,2;BR-040/MG;Norte;Choque em defensa;0;0;0;1;0;0;0;0;0;0;0;0;1;0;0
20/09/2015;16:54:00;220;Acidente com Vítima;3,8;BR-040/GO;Sul;Colisão traseira;1;0;0;1;0;0;0;0;0;0;1;0;2;0;0
20/09/2015;16:25:00;205;Acidente com Vítima;11,8;BR-040/GO;Norte;Outros;0;0;0;1;0;0;0;0;0;0;0;1;0;0;0
20/09/2015;17:05:00;223;Acidente sem Vítima;15,8;BR-040/GO;Sul;Capotamento;1;0;0;0;0;0;0;0;0;0;1;0;0;0;0
20/09/2015;21:47:00;318;Acidente com Vítima;250,7;BR-040/MG;Norte;Capotamento;1;0;0;0;0;0;0;0;0;0;2;2;1;0;0
20/09/2015;12:46:00;137;Acidente com Vítima;507,79;BR-040/MG;Norte;Choque com objeto fixo;1;0;0;0;0;0;0;0;0;0;1;2;0;0;0
20/09/2015;17:53:00;240;Acidente com Vítima;510,534;BR-040/MG;Sul;Colisão traseira;3;0;0;0;0;0;0;0;0;0;3;0;1;0;0
20/09/2015;15:51:00;194;Acidente sem Vítima;514,1;BR-040/MG;Sul;Colisão traseira;2;0;0;0;0;0;0;0;0;0;2;0;0;0;0
20/09/2015;04:54:00;29;Acidente sem Vítima;515,7;BR-040/MG;Norte;Outros;1;0;0;0;0;0;0;0;0;0;2;0;0;0;0
20/09/2015;09:58:00;90;Acidente com Vítima;535,5;BR-040/MG;Norte;Colisão traseira;1;0;0;1;0;0;0;0;0;0;1;0;0;0;0
20/09/2015;13:55:00;158;Acidente com Vítima;539,2;BR-040/MG;Sul;Colisão traseira;1;0;1;0;0;0;0;0;0;0;1;1;1;0;0
20/09/2015;18:29:00;256;Atropelamento com Morte;540,35;BR-040/MG;Norte;Atropelamento - Pedestre atravessando;0;0;0;1;0;0;0;0;0;0;0;0;2;0;1
20/09/2015;20:22:00;293;Acidente sem Vítima;550,6;BR-040/MG;Norte;Outros;0;0;0;1;0;0;0;0;0;0;1;0;0;0;0
20/09/2015;05:33:00;33;Acidente sem Vítima;556,1;BR-040/MG;Sul;Choque com objeto fixo;1;0;0;0;0;0;0;0;0;0;1;0;0;0;0
20/09/2015;15:09:00;181;Acidente sem Vítima;556,2;BR-040/MG;Sul;Colisão traseira;2;0;0;0;0;0;0;0;0;0;2;0;0;0;0
20/09/2015;17:19:00;228;Acidente sem Vítima;567,2;BR-040/MG;Sul;Colisão traseira;3;0;0;0;0;0;0;0;0;0;3;0;0;0;0
20/09/2015;05:50:00;37;Acidente sem Vítima;619,02;BR-040/MG;Norte;Choque com objeto fixo;1;0;0;0;0;0;0;0;0;0;1;0;0;0;0
20/09/2015;13:16:00;146;Acidente sem Vítima;717,386;BR-040/MG;Sul;Choque em barreira New Jersey;0;0;1;0;0;0;0;0;0;0;1;0;0;0;0
20/09/2015;15:44:00;192;Acidente com Vítima;726,84;BR-040/MG;Norte;Capotamento;1;0;0;0;0;0;0;0;0;0;0;2;1;0;0
20/09/2015;16:02:00;201;Acidente sem Vítima;727,3;BR-040/MG;Sul;Colisão traseira;2;0;0;0;0;0;0;0;0;0;2;0;0;0;0
21/09/2015;18:36:00;367;Atropelamento sem Morte;0,156;BR-040/GO;Norte;Atropelamento - Pedestre atravessando;1;0;0;1;0;0;0;0;0;0;1;0;0;2;0
21/09/2015;14:21:00;264;Acidente sem Vítima;2,1;BR-040/GO;Sul;Colisão traseira;2;0;1;0;0;0;0;0;0;0;4;0;0;0;0
21/09/2015;18:59:00;375;Acidente sem Vítima;12,1;BR-040/GO;Sul;Colisão traseira;2;0;0;0;0;0;0;0;0;0;3;0;0;0;0
21/09/2015;17:54:00;358;Acidente sem Vítima;454,174;BR-040/MG;Norte;Abalroamento - Longitudinal;1;0;1;0;0;0;0;0;0;0;2;0;0;0;0
21/09/2015;08:18:00;107;Acidente sem Vítima;518;BR-040/MG;Sul;Colisão traseira;1;0;1;0;0;0;0;0;0;0;2;0;0;0;0
21/09/2015;13:04:00;233;Acidente sem Vítima;530,8;BR-040/MG;Norte;Colisão traseira;1;0;0;1;0;0;0;0;0;0;2;0;0;0;0
21/09/2015;15:32:00;289;Acidente sem Vítima;533,1;BR-040/MG;Sul;Colisão traseira;2;0;0;0;0;0;0;0;0;0;2;0;0;0;0
21/09/2015;09:27:00;143;Acidente sem Vítima;534,8;BR-040/MG;Norte;Colisão traseira;2;0;0;0;0;0;0;0;0;0;2;0;0;0;0
21/09/2015;06:20:00;47;Acidente sem Vítima;542,6;BR-040/MG;Sul;Colisão traseira;3;0;0;0;0;0;0;0;0;0;3;0;0;0;0
21/09/2015;06:00:00;39;Acidente com Vítima;597,458;BR-040/MG;Norte;Colisão traseira;1;0;0;1;0;0;0;0;0;0;1;0;2;0;0
21/09/2015;17:38:00;354;Acidente com Vítima;658,149;BR-040/MG;Sul;Abalroamento - Transversal;1;0;1;0;0;0;0;0;0;0;1;1;0;0;0
21/09/2015;16:47:00;337;Acidente sem Vítima;69,5;BR-040/GO;Norte;Colisão traseira;2;0;0;0;0;0;0;0;0;0;2;0;0;0;0