data;horario;n_da_ocorrencia;tipo_de_ocorrencia;km;trecho;sentido;tipo_de_acidente;automovel;bicicleta;caminhao;moto;onibus;outros;tracao_animal;transporte_de_cargas_especiais;trator_maquinas;utilitarios;ilesos;levemente_feridos;moderadamente_feridos;gravemente_feridos;mortos
21/09/2015;10:43:00;189;Acidente sem Vítima;99,8;BR-040/GO;Norte;Colisão traseira;0;0;0;2;0;0;0;0;0;0;2;0;0;0;0
22/09/2015;06:56:00;83;Acidente sem Vítima;6,39;BR-040/DF;Norte;Colisão traseira;1;0;1;0;0;0;0;0;0;0;2;0;0;0;0
22/09/2015;11:59:00;199;Acidente sem Vítima;7,5;BR-040/GO;Norte;Colisão traseira;2;0;0;0;0;0;0;0;0;0;2;0;0;0;0
22/09/2015;18:54:00;302;Acidente com Vítima;532,2;BR-040/MG;Sul;Outros;0;0;0;1;0;0;0;0;0;0;0;1;0;0;0
22/09/2015;13:39:00;223;Acidente sem Vítima;532,2;BR-040/MG;Sul;Colisão traseira;1;0;0;2;0;0;0;0;0;0;3;0;0;0;0
22/09/2015;13:54:00;229;Atropelamento sem Morte;532,95;BR-040/MG;Norte;Atropelamento - Pedestre atravessando;1;0;0;0;0;0;0;0;0;0;1;0;0;0;0
22/09/2015;08:53:00;139;Acidente sem Vítima;583,5;BR-040/MG;Norte;Choque em defensa;0;0;1;0;0;0;0;0;0;0;1;0;0;0;0
22/09/2015;18:37:00;296;Atropelamento sem Morte;632,25;BR-040/MG;Norte;Atropelamento - Pedestre caminhando;0;0;1;0;0;0;0;0;0;0;1;0;1;0;0
22/09/2015;17:42:00;276;Acidente com Vítima;108,4;BR-040/GO;Sul;Capotamento;1;0;0;0;0;0;0;0;0;0;0;3;2;0;0
23/09/2015;10:24:00;143;Acidente sem Vítima;4,5;BR-040/DF;Norte;Colisão traseira;2;0;0;0;0;0;0;0;0;0;2;0;0;0;0
23/09/2015;05:36:00;29;Acidente sem Vítima;5,05;BR-040/GO;Norte;Capotamento;1;0;0;0;0;0;0;0;0;0;2;0;0;0;0
23/09/2015;05:55:00;31;Acidente com Vítima;15,001;BR-040/MG;Sul;Capotamento;1;0;0;0;0;0;0;0;0;0;0;1;0;0;0
23/09/2015;07:21:00;58;Acidente com Vítima;9,173;BR-040/GO;Norte;Abalroamento - Longitudinal;1;0;0;1;0;0;0;0;0;0;1;0;1;0;0
23/09/2015;20:44:00;335;Acidente sem Vítima;9,5;BR-040/GO;Sul;Colisão traseira;1;0;0;1;0;0;0;0;0;0;2;0;0;0;0
23/09/2015;14:27:00;208;Acidente sem Vítima;91,3;BR-040/MG;Sul;Choque em barreira New Jersey;0;0;1;0;0;0;0;0;0;0;1;0;0;0;0
23/09/2015;18:58:00;296;Acidente com Vítima;485,7;BR-040/MG;Sul;Outros;0;0;0;1;0;0;0;0;0;0;0;2;0;0;0
23/09/2015;16:43:00;248;Atropelamento com Morte;526,1;BR-040/MG;Norte;Atropelamento - Pedestre atravessando;0;0;1;0;1;0;0;0;0;0;2;0;0;0;1
23/09/2015;07:14:00;57;Acidente sem Vítima;529,8;BR-040/MG;Sul;Colisão traseira;1;0;0;1;0;0;0;0;0;0;2;0;0;0;0
23/09/2015;13:45:00;199;Acidente sem Vítima;539,2;BR-040/MG;Sul;Colisão traseira;1;0;0;1;0;0;0;0;0;0;2;0;0;0;0
23/09/2015;18:16:00;280;Acidente com Vítima;660,4;BR-040/MG;Norte;Abalroamento - Transversal;1;0;0;1;0;0;0;0;0;0;2;1;0;0;0
23/09/2015;10:39:00;149;Acidente sem Vítima;716,2;BR-040/MG;Norte;Queda de Carga;0;0;1;0;0;0;0;0;0;0;1;0;0;0;0
23/09/2015;19:57:00;320;Acidente com Vítima;113,7;BR-040/GO;Norte;Capotamento;1;0;0;0;0;0;0;0;0;0;2;1;0;0;0
23/09/2015;02:52:00;20;Acidente com Vítima;754,7;BR-040/MG;Norte;Outros;0;0;1;0;0;0;0;0;0;0;0;0;1;0;0
24/09/2015;19:59:00;427;Acidente sem Vítima;1,3;BR-040/GO;Norte;Colisão traseira;2;0;0;0;0;0;0;0;0;0;2;0;0;0;0
24/09/2015;08:03:00;100;Acidente sem Vítima;2,3;BR-040/GO;Norte;Outros;0;0;0;1;0;0;0;0;0;0;1;0;0;0;0
24/09/2015;12:14:00;231;Atropelamento sem Morte;11,3;BR-040/GO;Sul;Atropelamento - Pedestre atravessando;1;0;0;0;0;0;0;0;0;0;2;0;0;0;0
24/09/2015;15:13:00;302;Acidente sem Vítima;131,12;BR-040/MG;Norte;Abalroamento - Longitudinal;2;0;0;0;0;0;0;0;0;0;2;0;0;0;0
24/09/2015;18:34:00;390;Acidente com Vítima;357,7;BR-040/MG;Sul;Atropelamento - Animal;0;0;0;1;0;0;0;0;0;0;0;0;1;0;0
24/09/2015;09:03:00;135;Acidente sem Vítima;425,6;BR-040/MG;Norte;Capotamento;1;0;0;0;0;0;0;0;0;0;1;0;0;0;0
24/09/2015;13:47:00;266;Acidente com Vítima;494,1;BR-040/MG;Norte;Colisão traseira;1;0;1;0;0;0;0;0;0;0;4;1;0;0;0
24/09/2015;21:59:00;453;Acidente com Vítima;511,1;BR-040/MG;Sul;Abalroamento - Longitudinal;1;0;0;1;0;0;0;0;0;0;1;1;0;0;0
24/09/2015;07:31:00;70;Acidente com Vítima;523,1;BR-040/MG;Norte;Colisão traseira;1;0;0;1;0;0;0;0;0;0;1;2;0;0;0
24/09/2015;06:38:00;45;Acidente sem Vítima;523,484;BR-040/MG;Sul;Colisão traseira;3;0;0;1;0;0;0;0;0;0;10;0;0;0;0
24/09/2015;03:27:00;27;Acidente sem Vítima;526,005;BR-040/MG;Sul;Choque com objeto fixo;1;0;0;0;0;0;0;0;0;0;2;0;0;0;0
24/09/2015;01:38:00;15;Acidente com Vítima;527,7;BR-040/MG;Norte;Capotamento;1;0;0;0;0;0;0;0;0;0;0;0;0;1;0
24/09/2015;09:51:00;163;Acidente sem Vítima;597,62;BR-040/MG;Norte;Abalroamento - Longitudinal;2;0;0;0;0;0;0;0;0;0;2;0;0;0;0
25/09/2015;20:23:00;400;Atropelamento sem Morte;0,4;BR-040/GO;Norte;Atropelamento - Pedestre atravessando;0;0;0;1;0;0;0;0;0;0;0;0;0;1;0
25/09/2015;18:03:00;351;Acidente com Vítima;2,3;BR-040/GO;Sul;Outros;0;0;0;1;0;0;0;0;0;0;0;1;0;0;0
25/09/2015;22:02:00;425;Acidente com Vítima;2,8;BR-040/GO;Sul;Abalroamento - Transversal;1;0;0;1;0;0;0;0;0;0;1;0;1;0;0
25/09/2015;19:40:00;385;Atropelamento sem Morte;5;BR-040/DF;Norte;Atropelamento - Ciclista;1;0;0;0;0;0;0;0;0;0;1;0;1;0;0
25/09/2015;05:39:00;37;Acidente sem Vítima;501,51;BR-040/MG;Norte;Capotamento;1;0;0;0;0;0;0;0;0;0;1;0;0;0;0
25/09/2015;17:06:00;329;Acidente sem Vítima;515,2;BR-040/MG;Sul;Capotamento;1;0;0;0;0;0;0;0;0;0;1;0;0;0;0
25/09/2015;16:18:00;305;Acidente sem Vítima;527,038;BR-040/MG;Norte;Colisão traseira;0;0;1;1;0;0;0;0;0;1;4;0;0;0;0
25/09/2015;20:08:00;393;Acidente com Vítima;527,609;BR-040/MG;Norte;Choque com objeto fixo;0;0;0;1;0;0;0;0;0;0;0;0;1;0;0
25/09/2015;20:43:00;407;Acidente sem Vítima;529,084;BR-040/MG;Sul;Colisão traseira;3;0;0;0;0;0;0;0;0;0;5;0;0;0;0
25/09/2015;07:02:00;64;Atropelamento sem Morte;531;BR-040/MG;Sul;Atropelamento - Pedestre atravessando;0;0;0;1;0;0;0;0;0;0;1;1;0;0;0
25/09/2015;15:31:00;285;Acidente sem Vítima;532,53;BR-040/MG;Sul;Colisão traseira;3;0;0;0;0;0;0;0;0;0;4;0;0;0;0
25/09/2015;20:23:00;399;Acidente sem Vítima;533,1;BR-040/MG;Norte;Colisão traseira;3;0;0;0;0;0;0;0;0;0;3;0;0;0;0
25/09/2015;14:07:00;252;Acidente com Vítima;538,9;BR-040/MG;Norte;Colisão traseira;2;0;1;0;0;0;0;0;0;0;2;1;0;0;0
25/09/2015;22:18:00;429;Acidente sem Vítima;580,5;BR-040/MG;Sul;Choque em defensa;0;0;1;0;0;0;0;0;0;0;3;0;0;0;0
25/09/2015;16:29:00;311;Acidente sem Vítima;606,3;BR-040/MG;Norte;Abalroamento - Longitudinal;1;0;1;0;0;0;0;0;0;0;2;0;0;0;0
25/09/2015;07:45:00;82;Acidente com Vítima;622,75;BR-040/MG;Sul;Colisão traseira;1;0;0;1;0;0;0;0;0;0;2;1;0;0;0
25/09/2015;07:10:00;66;Acidente com Morte;647,6;BR-040/MG;Norte;Colisão traseira;0;0;1;1;0;0;0;0;0;0;1;0;0;0;1
25/09/2015;10:44:00;181;Acidente com Vítima;667,85;BR-040/MG;Norte;Abalroamento - Longitudinal;1;0;1;0;0;0;0;0;0;0;1;2;0;1;0
25/09/2015;15:29:00;284;Acidente sem Vítima;699;BR-040/MG;Norte;Choque com objeto fixo;1;0;0;0;0;0;0;0;0;0;1;0;0;0;0
25/09/2015;07:19:00;72;Acidente sem Vítima;710,806;BR-040/MG;Sul;Choque em barreira New Jersey;1;0;0;0;0;0;0;0;0;0;1;0;0;0;0
26/09/2015;21:14:00;287;Acidente sem Vítima;0;Fora_Rota;Sul;Choque com objeto fixo;1;0;0;0;0;0;0;0;0;0;1;0;0;0;0
26/09/2015;12:10:00;139;Acidente sem Vítima;1,15;BR-040/GO;Norte;Colisão traseira;3;0;0;0;0;0;0;0;0;0;3;0;0;0;0
26/09/2015;13:02:00;146;Acidente com Vítima;4,12;BR-040/GO;Norte;Colisão traseira;1;0;0;1;0;0;0;0;0;0;1;1;0;0;0
26/09/2015;21:36:00;296;Acidente com Vítima;7,05;BR-040/GO;Sul;Abalroamento - Longitudinal;1;0;0;1;0;0;0;0;0;0;3;0;1;0;0
26/09/2015;07:41:00;79;Acidente sem Vítima;8,01;BR-040/GO;Norte;Abalroamento - Longitudinal;2;0;0;0;0;0;0;0;0;0;2;0;0;0;0
26/09/2015;16:22:00;192;Acidente sem Vítima;10,01;BR-040/GO;Norte;Colisão traseira;2;0;0;0;0;0;0;0;0;0;2;0;0;0;0
26/09/2015;19:31:00;258;Acidente com Vítima;13,8;BR-040/GO;Sul;Colisão traseira;2;0;0;0;0;0;0;0;0;0;0;0;4;0;0
26/09/2015;19:02:00;249;Acidente sem Vítima;225,3;BR-040/MG;Norte;Outros;1;0;0;0;0;0;0;0;0;0;1;0;0;0;0
26/09/2015;17:29:00;207;Atropelamento sem Morte;436,231;BR-040/MG;Norte;Atropelamento - Ciclista;0;0;0;2;0;0;0;0;0;0;0;2;1;0;0
26/09/2015;21:02:00;283;Acidente sem Vítima;496,5;BR-040/MG;Sul;Choque em barreira New Jersey;1;0;0;0;0;0;0;0;0;0;2;0;0;0;0
26/09/2015;18:23:00;230;Atropelamento sem Morte;522,19;BR-040/MG;Norte;Atropelamento - Ciclista;0;0;0;1;0;0;0;0;0;0;1;1;1;0;0
26/09/2015;21:29:00;294;Acidente com Vítima;526,8;BR-040/MG;Sul;Choque com objeto fixo;1;0;0;0;0;0;0;0;0;0;0;0;1;0;0
26/09/2015;12:04:00;138;Acidente com Morte;603,88;BR-040/MG;Sul;Queda de Carga;0;0;0;0;0;1;0;0;0;0;0;0;0;0;1
26/09/2015;05:35:00;52;Acidente sem Vítima;656,312;BR-040/MG;Norte;Capotamento;1;0;0;0;0;0;0;0;0;0;1;0;0;0;0
26/09/2015;18:45:00;243;Acidente sem Vítima;697,7;BR-040/MG;Norte;Atropelamento - Animal;0;0;0;0;0;1;0;0;0;0;2;0;0;0;0
26/09/2015;02:39:00;30;Acidente sem Vítima;698,01;BR-040/MG;Sul;Atropelamento - Animal;2;0;0;0;0;0;0;0;0;0;2;0;0;0;0
26/09/2015;01:51:00;20;Acidente sem Vítima;726,5;BR-040/MG;Norte;Abalroamento - Longitudinal;1;0;1;0;0;0;0;0;0;0;2;0;0;0;0
27/09/2015;20:28:00;310;Acidente sem Vítima;0,3;BR-040/DF;Norte;Choque com objeto fixo;1;0;0;0;0;0;0;0;0;0;4;0;0;0;0
27/09/2015;16:25:00;208;Acidente sem Vítima;5,5;BR-040/GO;Sul;Colisão traseira;2;0;0;0;0;0;0;0;0;0;2;0;0;0;0
27/09/2015;20:03:00;299;Acidente sem Vítima;24,2;BR-040/GO;Sul;Abalroamento - Transversal;2;0;0;0;0;0;0;0;0;0;3;0;0;0;0
27/09/2015;08:37:00;92;Acidente sem Vítima;139,74;BR-040/MG;Sul;Outros;0;0;0;1;0;0;0;0;0;0;1;0;0;0;0
27/09/2015;19:05:00;270;Acidente com Vítima;142,9;BR-040/MG;Sul;Abalroamento - Transversal;2;0;0;0;0;0;0;0;0;0;0;0;2;0;0
27/09/2015;13:27:00;159;Acidente com Vítima;473,5;BR-040/MG;Sul;Choque com objeto fixo;1;0;0;0;0;0;0;0;0;0;0;2;0;0;0
27/09/2015;17:00:00;220;Acidente com Vítima;479,001;BR-040/MG;Sul;Capotamento;1;0;0;0;0;0;0;0;0;0;0;0;1;0;0
27/09/2015;22:18:00;344;Atropelamento sem Morte;506,5;BR-040/MG;Norte;Atropelamento - Pedestre atravessando;2;0;0;0;0;0;0;0;0;0;0;0;0;1;0
27/09/2015;18:13:00;245;Acidente sem Vítima;510,3;BR-040/MG;Sul;Colisão traseira;4;0;0;0;0;0;0;0;0;0;6;0;0;0;0
27/09/2015;16:36:00;209;Acidente sem Vítima;510,321;BR-040/MG;Norte;Colisão traseira;2;0;0;0;0;0;0;0;0;0;2;0;0;0;0
27/09/2015;06:51:00;73;Acidente com Vítima;522,4;BR-040/MG;Sul;Outros;0;0;0;1;0;0;0;0;0;0;0;0;1;0;0
27/09/2015;02:53:00;37;Acidente sem Vítima;536,7;BR-040/MG;Norte;Choque em barreira New Jersey;1;0;0;0;0;0;0;0;0;0;1;0;0;0;0
27/09/2015;14:03:00;163;Acidente com Vítima;551,001;BR-040/MG;Sul;Outros;0;0;0;1;0;0;0;0;0;0;1;1;0;0;0
27/09/2015;20:38:00;312;Acidente com Vítima;605,2;BR-040/MG;Norte;Capotamento;1;0;0;0;0;0;0;0;0;0;2;1;1;0;0
27/09/2015;18:32:00;255;Atropelamento com Morte;621,6;BR-040/MG;Sul;Atropelamento - Pedestre atravessando;0;0;0;0;0;0;0;0;0;0;0;0;0;0;1
27/09/2015;05:25:00;59;Acidente sem Vítima;628,1;BR-040/MG;Norte;Choque com objeto fixo;1;0;0;0;0;0;0;0;0;0;2;0;0;0;0
27/09/2015;00:43:00;6;Atropelamento com Morte;668,936;BR-040/MG;Norte;Atropelamento - Pedestre caminhando;1;0;0;0;0;0;0;0;0;0;1;0;0;0;1
27/09/2015;05:29:00;60;Acidente com Vítima;701,1;BR-040/MG;Norte;Capotamento;1;0;0;0;0;0;0;0;0;0;0;1;0;0;0
28/09/2015;21:22:00;362;Acidente com Vítima;1;BR-040/GO;Norte;Outros;0;0;0;1;0;0;0;0;0;0;1;1;0;0;0
28/09/2015;21:41:00;369;Acidente sem Vítima;2,005;BR-040/GO;Sul;Colisão traseira;2;0;0;0;0;0;0;0;0;0;2;0;0;0;0
28/09/2015;16:06:00;255;Acidente sem Vítima;2,01;BR-040/GO;Sul;Colisão traseira;2;0;0;0;0;0;0;0;0;0;2;0;0;0;0
28/09/2015;07:37:00;73;Acidente com Vítima;6,3;BR-040/DF;Norte;Abalroamento - Longitudinal;1;0;0;1;0;0;0;0;0;0;1;1;0;0;0
28/09/2015;19:13:00;325;Acidente sem Vítima;12,08;BR-040/GO;Norte;Colisão traseira;1;0;1;0;0;0;0;0;0;0;4;0;0;0;0
28/09/2015;18:24:00;309;Acidente com Vítima;12,3;BR-040/GO;Norte;Colisão traseira;1;0;0;1;0;0;0;0;0;0;1;1;0;0;0
28/09/2015;17:34:00;289;Atropelamento com Morte;12,3;BR-040/GO;Sul;Atropelamento - Ciclista;1;0;0;0;0;0;0;0;0;0;1;0;0;0;1
28/09/2015;18:03:00;296;Acidente com Vítima;41;BR-040/MG;Sul;Outros;0;0;0;1;0;0;0;0;0;0;0;1;0;0;0
28/09/2015;08:46:00;108;Acidente com Vítima;41,2;BR-040/MG;Norte;Abalroamento - Longitudinal;0;1;0;1;0;0;0;0;0;0;1;1;0;0;0
28/09/2015;16:40:00;269;Acidente sem Vítima;436;BR-040/MG;Sul;Capotamento;1;0;0;0;0;0;0;0;0;0;5;0;0;0;0
28/09/2015;07:12:00;67;Acidente sem Vítima;510,8;BR-040/MG;Norte;Queda de Carga;0;0;1;0;0;0;0;0;0;0;1;0;0;0;0
28/09/2015;22:33:00;377;Acidente sem Vítima;540,6;BR-040/MG;Sul;Queda de Carga;0;0;1;0;0;0;0;0;0;0;1;0;0;0;0
28/09/2015;03:44:00;34;Acidente com Vítima;545,7;BR-040/MG;Sul;Outros;0;0;0;1;0;0;0;0;0;0;0;1;0;0;0
28/09/2015;23:38:00;388;Atropelamento com Morte;592,706;BR-040/MG;Norte;Atropelamento - Pedestre atravessando;0;0;0;1;1;0;0;0;0;0;1;0;0;0;1
28/09/2015;17:31:00;287;Acidente sem Vítima;98,13;BR-040/GO;Norte;Choque com objeto fixo;1;0;0;0;0;0;0;0;0;0;1;0;0;0;0
29/09/2015;07:27:00;68;Acidente com Vítima;4,15;BR-040/DF;Norte;Abalroamento - Longitudinal;1;0;0;1;0;0;0;0;0;0;1;1;0;0;0
29/09/2015;06:32:00;41;Acidente com Vítima;450,351;BR-040/MG;Norte;Outros;0;0;0;1;0;0;0;0;0;0;1;0;1;0;0
29/09/2015;05:50:00;33;Acidente com Vítima;506,022;BR-040/MG;Norte;Choque com objeto fixo;1;0;0;0;0;0;0;0;0;0;2;3;0;0;0
29/09/2015;17:42:00;301;Acidente com Vítima;527,238;BR-040/MG;Norte;Outros;0;0;0;1;0;0;0;0;0;0;0;0;1;0;0
29/09/2015;17:24:00;298;Atropelamento sem Morte;532,119;BR-040/MG;Norte;Atropelamento - Pedestre atravessando;0;0;0;1;0;0;0;0;0;0;1;0;1;0;0
29/09/2015;14:18:00;245;Acidente sem Vítima;593,504;BR-040/MG;Norte;Abalroamento - Longitudinal;0;0;2;0;0;0;0;0;0;0;2;0;0;0;0
29/09/2015;07:25:00;65;Acidente com Vítima;729,2;BR-040/MG;Sul;Capotamento;1;0;0;0;0;0;0;0;0;0;1;1;0;0;0
29/09/2015;08:00:00;81;Acidente sem Vítima;738,2;BR-040/MG;Norte;Queda de Carga;1;0;0;0;0;0;0;0;0;0;1;0;0;0;0
29/09/2015;07:29:00;69;Acidente sem Vítima;753,6;BR-040/MG;Norte;Outros;0;0;0;1;0;0;0;0;0;0;1;0;0;0;0
29/09/2015;20:01:00;351;Acidente sem Vítima;754,58;BR-040/MG;Sul;Queda de Carga;0;0;1;0;0;0;0;0;0;0;1;0;0;0;0
30/09/2015;07:23:00;66;Atropelamento sem Morte;2,1;BR-040/GO;Norte;Atropelamento - Pedestre caminhando;1;0;0;0;0;0;0;0;0;0;1;1;0;0;0
30/09/2015;17:04:00;223;Acidente sem Vítima;2,32;BR-040/GO;Sul;Abalroamento - Longitudinal;2;0;0;0;0;0;0;0;0;0;2;0;0;0;0
30/09/2015;14:24:00;186;Acidente sem Vítima;275,1;BR-040/MG;Norte;Colisão traseira;1;0;0;1;0;0;0;0;0;0;2;0;0;0;0
30/09/2015;20:19:00;284;Acidente sem Vítima;374,1;BR-040/MG;Sul;Outros;2;0;0;0;0;0;0;0;0;0;4;0;0;0;0
30/09/2015;00:02:00;1;Acidente sem Vítima;374,8;BR-040/MG;Norte;Outros;1;0;0;0;0;0;0;0;0;0;2;0;0;0;0
30/09/2015;22:15:00;312;Acidente sem Vítima;396,1;BR-040/MG;Norte;Colisão traseira;1;0;1;0;0;0;0;0;0;0;2;0;0;0;0
30/09/2015;16:48:00;222;Atropelamento com Morte;509,1;BR-040/MG;Norte;Atropelamento - Pedestre atravessando;1;0;0;0;0;0;0;0;0;0;1;0;0;0;1
30/09/2015;14:44:00;193;Acidente sem Vítima;521,1;BR-040/MG;Sul;Colisão traseira;0;0;2;0;0;0;0;0;0;0;2;0;0;0;0
30/09/2015;09:31:00;119;Acidente com Vítima;532,225;BR-040/MG;Sul;Colisão traseira;2;0;0;1;0;0;0;0;0;0;2;0;1;0;0
30/09/2015;22:39:00;317;Atropelamento sem Morte;611,8;BR-040/MG;Sul;Atropelamento - Pedestre atravessando;1;0;0;0;0;0;0;0;0;0;1;0;1;0;0
30/09/2015;15:40:00;208;Acidente com Vítima;612,5;BR-040/MG;Norte;Outros;0;0;0;1;0;0;0;0;0;0;0;1;0;0;0
30/09/2015;14:23:00;185;Acidente sem Vítima;614,15;BR-040/MG;Sul;Colisão traseira;1;0;0;1;0;0;0;0;0;0;2;0;0;0;0
30/09/2015;03:09:00;21;Acidente com Vítima;614,3;BR-040/MG;Sul;Atropelamento - Animal;1;0;0;0;0;0;0;0;0;0;0;2;0;0;0
30/09/2015;14:19:00;183;Acidente com Vítima;699,1;BR-040/MG;Sul;Abalroamento - Longitudinal;1;0;1;0;0;0;0;0;0;0;1;1;0;0;0
01/10/2015;19:45:00;264;Acidente sem Vítima;2,2;BR-040/DF;Sul;Colisão traseira;2;0;0;0;0;0;0;0;0;0;2;0;0;0;0
01/10/2015;09:33:00;100;Acidente sem Vítima;2,8;BR-040/GO;Norte;Colisão traseira;2;0;0;0;0;0;0;0;0;0;2;0;0;0;0
01/10/2015;07:59:00;75;Acidente sem Vítima;2,8;BR-040/GO;Norte;Colisão traseira;1;0;1;0;0;0;0;0;0;0;2;0;0;0;0
01/10/2015;18:27:00;229;Acidente com Vítima;9,8;BR-040/GO;Norte;Capotamento;1;0;0;0;0;0;0;0;0;0;0;0;1;0;0
01/10/2015;07:03:00;97;Acidente sem Vítima;15,1;BR-040/GO;Norte;Atropelamento - Animal;0;0;0;1;0;0;0;0;0;0;1;0;0;0;0
01/10/2015;06:58:00;47;Acidente com Vítima;507,2;BR-040/MG;Norte;Choque com objeto fixo;1;0;0;0;0;0;0;0;0;0;0;0;1;0;0
01/10/2015;22:23:00;315;Atropelamento com Morte;521,3;BR-040/MG;Norte;Atropelamento - Pedestre atravessando;1;0;0;0;0;0;0;0;0;0;1;0;0;0;1
01/10/2015;08:45:00;85;Acidente sem Vítima;531,7;BR-040/MG;Sul;Colisão traseira;2;0;2;0;0;0;0;0;0;0;4;0;0;0;0
01/10/2015;10:57:00;122;Acidente sem Vítima;533,321;BR-040/MG;Norte;Colisão traseira;1;0;1;0;0;1;0;0;0;0;3;0;0;0;0
01/10/2015;07:35:00;67;Acidente sem Vítima;538,5;BR-040/MG;Norte;Colisão traseira;2;0;2;0;0;0;0;0;0;0;4;0;0;0;0
01/10/2015;06:51:00;42;Acidente sem Vítima;611,15;BR-040/MG;Norte;Colisão traseira;0;0;1;0;0;1;0;0;0;0;2;0;0;0;0
01/10/2015;15:42:00;174;Acidente sem Vítima;621,77;BR-040/MG;Norte;Colisão traseira;2;0;0;0;0;0;0;0;0;0;4;0;0;0;0
02/10/2015;07:56:00;101;Acidente com Vítima;3,1;BR-040/DF;Norte;Colisão traseira;2;0;0;0;0;0;0;0;0;0;2;1;0;0;0
02/10/2015;20:39:00;374;Acidente com Vítima;5,05;BR-040/GO;Norte;Colisão traseira;1;0;0;1;0;0;0;0;0;0;1;1;0;0;0
02/10/2015;14:34:00;224;Acidente com Vítima;5,1;BR-040/GO;Sul;Abalroamento - Transversal;2;0;0;0;0;0;0;0;0;0;2;2;0;0;0
02/10/2015;20:57:00;395;Acidente com Vítima;5,299;BR-040/GO;Norte;Colisão traseira;3;0;0;0;0;0;0;0;0;0;2;1;0;0;0
02/10/2015;13:56:00;215;Acidente sem Vítima;42,1;BR-040/MG;Sul;Abalroamento - Transversal;1;0;0;1;0;0;0;0;0;0;2;0;0;0;0
02/10/2015;18:46:00;328;Atropelamento sem Morte;15,3;BR-040/GO;Norte;Atropelamento - Pedestre atravessando;0;0;0;1;0;0;0;0;0;0;0;1;2;0;0
02/10/2015;21:08:00;383;Acidente sem Vítima;31,143;BR-040/GO;Sul;Queda de Carga;0;0;1;0;0;0;0;0;0;0;2;0;0;0;0
02/10/2015;06:06:00;51;Acidente sem Vítima;126,1;BR-040/MG;Norte;Colisão traseira;2;0;0;0;0;0;0;0;0;0;2;0;0;0;0
02/10/2015;15:42:00;249;Acidente sem Vítima;254,1;BR-040/MG;Norte;Colisão traseira;1;0;1;0;0;0;0;0;0;0;2;0;0;0;0
02/10/2015;17:47:00;302;Acidente sem Vítima;487,1;BR-040/MG;Norte;Colisão traseira;2;0;0;0;0;0;0;0;0;0;3;0;0;0;0
02/10/2015;20:36:00;373;Acidente sem Vítima;500,7;BR-040/MG;Norte;Queda de Carga;0;0;1;0;0;0;0;0;0;0;1;0;0;0;0
02/10/2015;20:05:00;358;Acidente sem Vítima;516,1;BR-040/MG;Norte;Outros;0;0;1;0;0;0;0;0;0;0;1;0;0;0;0
02/10/2015;13:00:00;200;Acidente sem Vítima;525,1;BR-040/MG;Sul;Abalroamento - Longitudinal;1;0;1;0;0;0;0;0;0;0;2;0;0;0;0
02/10/2015;09:52:00;149;Acidente com Vítima;527,18;BR-040/MG;Norte;Outros;0;0;0;1;0;0;0;0;0;0;0;1;0;0;0
02/10/2015;16:32:00;264;Acidente sem Vítima;533,3;BR-040/MG;Sul;Colisão traseira;2;0;0;1;0;0;0;0;0;0;6;0;0;0;0
02/10/2015;17:29:00;294;Acidente sem Vítima;536,7;BR-040/MG;Norte;Abalroamento - Longitudinal;1;0;1;0;0;0;0;0;0;0;2;0;0;0;0
02/10/2015;17:06:00;284;Acidente sem Vítima;537,1;BR-040/MG;Norte;Colisão traseira;2;0;0;0;0;0;0;0;0;0;4;0;0;0;0
02/10/2015;07:49:00;94;Acidente sem Vítima;543,8;BR-040/MG;Sul;Colisão traseira;4;0;0;0;0;0;0;0;0;0;4;0;0;0;0
02/10/2015;22:28:00;405;Acidente com Morte;547,6;BR-040/MG;Sul;Colisão traseira;0;0;0;1;0;1;0;0;0;0;1;0;0;0;1
02/10/2015;22:52:00;410;Acidente com Vítima;568,7;BR-040/MG;Norte;Colisão frontal;1;0;1;0;0;0;0;0;0;0;2;0;1;0;0
02/10/2015;23:22:00;417;Acidente sem Vítima;612,201;BR-040/MG;Norte;Atropelamento - Animal;1;0;0;0;0;0;0;0;0;0;1;0;0;0;0
02/10/2015;19:09:00;335;Acidente com Vítima;664,9;BR-040/MG;Norte;Queda de Carga;0;0;1;0;0;0;0;0;0;0;0;1;0;0;0
02/10/2015;07:30:00;82;Acidente sem Vítima;682;BR-040/MG;Norte;Colisão traseira;1;0;0;0;0;0;0;0;0;1;2;0;0;0;0
02/10/2015;09:04:00;134;Acidente com Vítima;699,001;BR-040/MG;Sul;Queda de Carga;0;0;1;0;0;0;0;0;0;0;0;0;1;0;0
03/10/2015;10:48:00;146;Acidente sem Vítima;1,01;BR-040/GO;Sul;Abalroamento - Longitudinal;1;0;0;1;0;0;0;0;0;0;2;0;0;0;0
03/10/2015;11:50:00;168;Acidente com Vítima;2,3;BR-040/GO;Norte;Abalroamento - Longitudinal;1;0;0;1;0;0;0;0;0;0;2;1;0;0;0
03/10/2015;16:42:00;262;Acidente com Vítima;5,9;BR-040/DF;Sul;Abalroamento - Longitudinal;2;0;0;0;0;0;0;0;0;0;2;0;0;0;0