data;horario;n_da_ocorrencia;tipo_de_ocorrencia;km;trecho;sentido;tipo_de_acidente;automovel;bicicleta;caminhao;moto;onibus;outros;tracao_animal;transporte_de_cargas_especiais;trator_maquinas;utilitarios;ilesos;levemente_feridos;moderadamente_feridos;gravemente_feridos;mortos
03/10/2015;21:16:00;351;Acidente sem Vítima;5,3;BR-040/GO;Sul;Colisão traseira;3;0;0;0;0;0;0;0;0;0;3;0;0;0;0
03/10/2015;18:45:00;302;Atropelamento sem Morte;8;BR-040/GO;Sul;Atropelamento - Pedestre atravessando;1;0;0;0;0;0;0;0;0;0;1;1;0;0;0
03/10/2015;18:52:00;305;Atropelamento sem Morte;518;BR-040/MG;Sul;Atropelamento - Pedestre caminhando;1;0;0;0;0;0;0;0;0;0;1;1;0;0;0
03/10/2015;16:43:00;261;Acidente sem Vítima;528,1;BR-040/MG;Norte;Capotamento;1;0;0;0;0;0;0;0;0;0;1;0;0;0;0
03/10/2015;17:15:00;275;Acidente com Vítima;538,1;BR-040/MG;Sul;Choque com objeto fixo;1;0;0;0;0;0;0;0;0;0;4;1;1;0;0
03/10/2015;16:45:00;264;Acidente sem Vítima;636,74;BR-040/MG;Norte;Abalroamento - Longitudinal;2;0;0;0;0;0;0;0;0;0;2;0;0;0;0
03/10/2015;10:01:00;129;Acidente sem Vítima;737,56;BR-040/MG;Sul;Queda de Carga;0;0;1;0;0;0;0;0;0;0;1;0;0;0;0
03/10/2015;08:39:00;101;Acidente sem Vítima;750,028;BR-040/MG;Sul;Queda de Carga;0;0;1;0;0;0;0;0;0;0;1;0;0;0;0
03/10/2015;18:02:00;288;Acidente com Vítima;767,652;BR-040/MG;Sul;Abalroamento - Transversal;2;0;0;0;0;0;0;0;0;0;0;0;2;1;0
04/10/2015;15:37:00;140;Acidente sem Vítima;41,2;BR-040/MG;Norte;Capotamento;1;0;0;0;0;0;0;0;0;0;1;0;0;0;0
04/10/2015;18:54:00;202;Acidente sem Vítima;68,2;BR-040/MG;Norte;Atropelamento - Animal;1;0;0;0;0;0;0;0;0;0;1;0;0;0;0
04/10/2015;15:16:00;136;Acidente com Vítima;367,95;BR-040/MG;Norte;Capotamento;1;0;0;0;0;0;0;0;0;0;0;1;1;0;0
04/10/2015;02:16:00;13;Acidente com Morte;442,8;BR-040/MG;Norte;Choque com objeto fixo;1;0;0;0;0;0;0;0;0;0;2;0;0;0;1
04/10/2015;10:40:00;89;Acidente sem Vítima;487,2;BR-040/MG;Sul;Colisão traseira;2;0;0;1;0;0;0;0;0;0;3;0;0;0;0
04/10/2015;22:13:00;245;Acidente sem Vítima;523,7;BR-040/MG;Sul;Abalroamento - Longitudinal;1;0;0;1;0;0;0;0;0;0;6;0;0;0;0
04/10/2015;17:10:00;162;Acidente com Vítima;529,001;BR-040/MG;Norte;Abalroamento - Transversal;1;0;0;1;0;0;0;0;0;0;1;0;2;0;0
04/10/2015;14:22:00;125;Acidente com Vítima;549,1;BR-040/MG;Sul;Abalroamento - Longitudinal;1;0;0;1;0;0;0;0;0;0;1;1;0;0;0
04/10/2015;04:41:00;27;Acidente com Vítima;550,36;BR-040/MG;Norte;Choque com objeto fixo;0;0;1;0;0;0;0;0;0;0;0;1;0;0;0
04/10/2015;02:19:00;14;Acidente sem Vítima;551,6;BR-040/MG;Sul;Choque com objeto fixo;1;0;0;0;0;0;0;0;0;0;1;0;0;0;0
04/10/2015;18:54:00;201;Acidente sem Vítima;557,1;BR-040/MG;Norte;Colisão traseira;4;0;0;0;0;0;0;0;0;0;16;0;0;0;0
05/10/2015;23:06:00;293;Acidente sem Vítima;3,5;BR-040/GO;Sul;Choque em defensa;1;0;0;0;0;0;0;0;0;0;1;0;0;0;0
05/10/2015;13:03:00;159;Acidente com Vítima;9,6;BR-040/GO;Norte;Colisão traseira;2;0;0;0;0;0;0;0;0;0;0;2;0;0;0
05/10/2015;19:27:00;250;Acidente com Vítima;24,05;BR-040/GO;Norte;Abalroamento - Longitudinal;0;0;1;1;0;0;0;0;0;0;1;0;1;0;0
05/10/2015;01:38:00;6;Acidente com Vítima;221,6;BR-040/MG;Norte;Capotamento;1;0;0;0;0;0;0;0;0;0;0;0;3;0;0
05/10/2015;06:03:00;22;Acidente com Vítima;371,511;BR-040/MG;Sul;Choque com objeto fixo;1;0;0;0;0;0;0;0;0;0;0;0;1;1;0
05/10/2015;18:55:00;239;Acidente sem Vítima;457,2;BR-040/MG;Sul;Atropelamento - Animal;1;0;0;0;0;0;0;0;0;0;2;0;0;0;0
05/10/2015;11:25:00;136;Acidente com Vítima;513,001;BR-040/MG;Sul;Capotamento;1;0;0;0;0;0;0;0;0;0;0;1;0;0;0
05/10/2015;07:26:00;54;Acidente com Vítima;514,2;BR-040/MG;Norte;Abalroamento - Longitudinal;0;0;0;2;0;0;0;0;0;0;2;1;0;0;0
05/10/2015;07:06:00;52;Acidente com Vítima;522,2;BR-040/MG;Sul;Outros;0;0;0;1;0;0;0;0;0;0;1;1;0;0;0
05/10/2015;19:26:00;249;Acidente com Morte;739,9;BR-040/MG;Norte;Queda de Carga;0;0;1;0;0;0;0;0;0;0;0;0;0;0;1
06/10/2015;07:37:00;60;Acidente com Vítima;12,4;BR-040/GO;Norte;Colisão traseira;2;0;0;0;0;0;0;0;0;0;1;1;0;0;0
06/10/2015;23:19:00;379;Acidente com Vítima;21,3;BR-040/GO;Sul;Atropelamento - Animal;1;0;0;0;0;0;0;0;0;0;0;1;0;0;0
06/10/2015;00:42:00;4;Acidente sem Vítima;22,2;BR-040/GO;Norte;Choque com objeto fixo;1;0;0;0;0;0;0;0;0;0;1;0;0;0;0
06/10/2015;08:42:00;103;Acidente com Vítima;179,1;BR-040/MG;Norte;Capotamento;1;0;0;0;0;0;0;0;0;0;1;1;0;0;0
06/10/2015;19:46:00;326;Atropelamento sem Morte;497,69;BR-040/MG;Norte;Atropelamento - Pedestre caminhando;1;0;0;0;0;0;0;0;0;0;1;1;0;0;0
06/10/2015;12:52:00;180;Acidente sem Vítima;515;BR-040/MG;Norte;Colisão traseira;3;0;0;0;0;0;0;0;0;0;3;0;0;0;0
06/10/2015;18:44:00;295;Acidente sem Vítima;526,5;BR-040/MG;Norte;Outros;0;0;1;0;0;0;0;0;0;0;2;0;0;0;0
06/10/2015;19:05:00;304;Acidente sem Vítima;554,091;BR-040/MG;Norte;Colisão traseira;2;0;1;0;0;0;0;0;0;0;5;0;0;0;0
06/10/2015;07:52:00;73;Acidente sem Vítima;566,5;BR-040/MG;Norte;Abalroamento - Longitudinal;1;0;1;0;0;0;0;0;0;0;2;0;0;0;0
06/10/2015;19:27:00;317;Acidente sem Vítima;50,5;BR-040/GO;Sul;Atropelamento - Animal;1;0;0;0;0;0;0;0;0;0;1;0;0;0;0
07/10/2015;08:24:00;109;Acidente com Vítima;3,5;BR-040/GO;Norte;Colisão traseira;1;0;0;1;0;0;0;0;0;0;1;1;0;0;0
07/10/2015;15:19:00;252;Acidente sem Vítima;6,5;BR-040/GO;Norte;Outros;0;0;0;1;0;0;0;0;0;0;1;0;0;0;0
07/10/2015;18:09:00;315;Acidente sem Vítima;7,2;BR-040/GO;Sul;Colisão traseira;2;0;0;0;0;0;0;0;0;0;2;0;0;0;0
07/10/2015;05:18:00;40;Acidente com Vítima;10,8;BR-040/GO;Norte;Abalroamento - Longitudinal;1;0;0;1;0;0;0;0;0;0;1;0;0;0;0
07/10/2015;13:58:00;223;Acidente sem Vítima;533,3;BR-040/MG;Sul;Abalroamento - Longitudinal;1;0;1;0;0;0;0;0;0;0;2;0;0;0;0
07/10/2015;21:15:00;374;Acidente sem Vítima;535,2;BR-040/MG;Norte;Colisão traseira;3;0;0;0;0;0;0;0;0;0;5;0;0;0;0
07/10/2015;15:03:00;243;Acidente sem Vítima;539,9;BR-040/MG;Norte;Choque com objeto fixo;1;0;0;0;0;0;0;0;0;0;1;0;0;0;0
07/10/2015;08:56:00;125;Acidente com Vítima;539,9;BR-040/MG;Sul;Abalroamento - Longitudinal;2;0;0;1;0;0;0;0;0;0;3;1;0;0;0
07/10/2015;21:28:00;377;Acidente com Vítima;644,35;BR-040/MG;Norte;Outros;1;0;0;0;0;0;0;0;0;0;0;0;1;0;0
07/10/2015;05:07:00;36;Acidente com Vítima;719,1;BR-040/MG;Sul;Outros;0;0;1;0;0;0;0;0;0;0;0;1;0;0;0
07/10/2015;05:11:00;37;Acidente sem Vítima;719,2;BR-040/MG;Norte;Colisão traseira;0;0;1;0;0;0;0;0;0;1;2;0;0;0;0
07/10/2015;04:11:00;26;Acidente sem Vítima;719,2;BR-040/MG;Norte;Atropelamento - Animal;0;0;1;0;0;0;0;0;0;0;1;0;0;0;0
08/10/2015;19:19:00;314;Acidente com Vítima;0,005;BR-040/DF;Sul;Colisão traseira;0;0;0;2;0;0;0;0;0;0;3;1;0;0;0
08/10/2015;21:15:00;345;Acidente com Vítima;484,1;BR-040/MG;Norte;Choque em defensa;0;0;0;1;0;0;0;0;0;0;0;0;1;0;0
08/10/2015;07:36:00;102;Acidente com Vítima;490,001;BR-040/MG;Sul;Outros;0;0;0;1;0;0;0;0;0;0;0;0;0;1;0
08/10/2015;16:11:00;258;Acidente com Vítima;531,2;BR-040/MG;Norte;Colisão traseira;1;0;0;1;0;0;0;0;0;0;1;1;0;0;0
08/10/2015;20:53:00;338;Acidente sem Vítima;551,6;BR-040/MG;Sul;Colisão traseira;2;0;0;0;0;0;0;0;0;0;3;0;0;0;0
08/10/2015;01:28:00;24;Acidente sem Vítima;592,015;BR-040/MG;Norte;Choque em defensa;2;0;0;0;0;0;0;0;0;0;4;0;0;0;0
08/10/2015;15:16:00;235;Acidente sem Vítima;597,001;BR-040/MG;Norte;Colisão traseira;1;0;0;0;0;0;0;0;0;1;2;0;0;0;0
08/10/2015;08:06:00;108;Acidente sem Vítima;632,5;BR-040/MG;Norte;Colisão traseira;1;0;1;0;0;0;0;0;0;0;2;0;0;0;0
08/10/2015;22:50:00;362;Acidente com Vítima;638,32;BR-040/MG;Sul;Capotamento;1;0;0;0;0;0;0;0;0;0;0;1;2;0;0
08/10/2015;12:05:00;184;Acidente sem Vítima;50,105;BR-040/GO;Sul;Colisão traseira;2;0;0;0;0;0;0;0;0;0;6;0;0;0;0
08/10/2015;18:55:00;310;Acidente com Vítima;7,5;BR-040/DF;Norte;Abalroamento - Transversal;0;0;1;1;0;0;0;0;0;0;2;0;1;0;0
09/10/2015;18:47:00;291;Acidente sem Vítima;3,5;BR-040/DF;Norte;Colisão traseira;2;0;0;0;0;0;0;0;0;0;9;0;0;0;0
09/10/2015;07:17:00;49;Acidente sem Vítima;5,6;BR-040/DF;Norte;Abalroamento - Longitudinal;1;0;0;1;0;0;0;0;0;0;2;0;0;0;0
09/10/2015;15:56:00;209;Acidente com Vítima;150,25;BR-040/MG;Sul;Colisão frontal;2;0;0;0;0;0;0;0;0;0;0;1;2;2;0
09/10/2015;19:44:00;306;Acidente com Morte;194,1;BR-040/MG;Sul;Outros;0;0;1;0;0;0;0;0;0;0;0;0;0;0;1
09/10/2015;05:47:00;28;Acidente com Vítima;446,1;BR-040/MG;Norte;Capotamento;1;0;0;0;0;0;0;0;0;0;0;1;0;0;0
09/10/2015;18:11:00;265;Acidente sem Vítima;472;BR-040/MG;Sul;Colisão traseira;1;0;2;0;0;0;0;0;0;0;4;0;0;0;0
09/10/2015;18:00:00;257;Acidente com Vítima;472,118;BR-040/MG;Sul;Queda de Carga;0;0;1;0;0;0;0;0;0;0;0;1;0;0;0
09/10/2015;21:16:00;336;Acidente sem Vítima;482,2;BR-040/MG;Norte;Colisão traseira;0;0;1;0;0;1;0;0;0;0;2;0;0;0;0
09/10/2015;20:05:00;318;Acidente sem Vítima;483;BR-040/MG;Norte;Choque em barreira New Jersey;0;0;1;0;0;0;0;0;0;0;1;0;0;0;0
09/10/2015;19:19:00;299;Acidente sem Vítima;512,47;BR-040/MG;Norte;Colisão traseira;3;0;0;0;0;0;0;0;0;0;4;0;0;0;0
09/10/2015;08:33:00;75;Acidente sem Vítima;526,001;BR-040/MG;Norte;Colisão traseira;3;0;0;0;0;0;0;0;0;0;3;0;0;0;0
09/10/2015;12:43:00;146;Atropelamento sem Morte;529,05;BR-040/MG;Norte;Atropelamento - Pedestre atravessando;0;0;0;1;0;0;0;0;0;0;0;2;0;0;0
09/10/2015;14:56:00;192;Acidente sem Vítima;544,002;BR-040/MG;Norte;Colisão traseira;2;0;0;0;0;0;0;0;0;0;2;0;0;0;0
09/10/2015;23:33:00;376;Acidente sem Vítima;588,5;BR-040/MG;Norte;Choque com objeto fixo;0;0;1;0;0;0;0;0;0;0;1;0;0;0;0
09/10/2015;15:33:00;203;Acidente sem Vítima;607,9;BR-040/MG;Sul;Colisão traseira;2;0;0;0;0;0;0;0;0;0;16;0;0;0;0
09/10/2015;06:19:00;34;Acidente com Vítima;614,2;BR-040/MG;Norte;Abalroamento - Longitudinal;1;0;0;1;0;0;0;0;0;0;1;0;1;0;0
09/10/2015;19:21:00;301;Acidente sem Vítima;614,489;BR-040/MG;Sul;Abalroamento - Longitudinal;1;0;0;1;0;0;0;0;0;0;5;0;0;0;0
09/10/2015;11:44:00;128;Acidente com Vítima;620,03;BR-040/MG;Norte;Capotamento;1;0;0;0;0;0;0;0;0;0;0;1;0;0;0
09/10/2015;04:47:00;22;Acidente sem Vítima;648,4;BR-040/MG;Sul;Atropelamento - Animal;0;0;1;0;0;0;0;0;0;0;1;0;0;0;0
09/10/2015;16:40:00;224;Acidente sem Vítima;7,2;BR-040/DF;Sul;Colisão traseira;1;0;0;1;0;0;0;0;0;0;2;0;0;0;0
09/10/2015;12:55:00;149;Acidente sem Vítima;95,15;BR-040/GO;Norte;Colisão traseira;1;0;1;0;0;0;0;0;0;0;2;0;0;0;0
10/10/2015;11:36:00;190;Atropelamento sem Morte;2,3;BR-040/GO;Sul;Atropelamento - Pedestre atravessando;1;0;0;0;0;0;0;0;0;0;0;1;0;0;0
10/10/2015;19:37:00;365;Acidente sem Vítima;2,7;BR-040/GO;Sul;Colisão traseira;2;0;0;0;0;0;0;0;0;0;2;0;0;0;0
10/10/2015;08:42:00;117;Atropelamento com Morte;16,01;BR-040/GO;Norte;Atropelamento - Pedestre atravessando;0;0;0;1;0;0;0;0;0;0;0;1;0;0;1
10/10/2015;20:53:00;387;Acidente com Vítima;141,33;BR-040/MG;Norte;Abalroamento - Transversal;1;0;0;1;0;0;0;0;0;0;1;0;1;0;0
10/10/2015;09:23:00;132;Acidente com Vítima;362,5;BR-040/MG;Sul;Outros;1;0;0;0;0;0;0;0;0;0;0;3;2;0;0
10/10/2015;07:43:00;97;Acidente sem Vítima;425,2;BR-040/MG;Norte;Colisão traseira;3;0;0;1;0;0;0;0;0;0;7;0;0;0;0
10/10/2015;07:36:00;93;Acidente sem Vítima;462,5;BR-040/MG;Norte;Colisão traseira;4;0;0;0;0;0;0;0;0;0;11;0;0;0;0
10/10/2015;16:42:00;312;Acidente com Morte;488,4;BR-040/MG;Sul;Choque com objeto fixo;1;0;0;0;0;0;0;0;0;0;0;1;2;0;1
10/10/2015;10:40:00;164;Acidente com Vítima;509,1;BR-040/MG;Norte;Outros;0;0;0;1;0;0;0;0;0;0;1;1;0;0;0
10/10/2015;15:10:00;265;Acidente sem Vítima;509,15;BR-040/MG;Norte;Colisão traseira;2;0;0;0;0;0;0;0;0;0;3;0;0;0;0
10/10/2015;12:20:00;207;Acidente sem Vítima;509,535;BR-040/MG;Norte;Colisão traseira;1;0;0;0;0;0;0;0;0;1;2;0;0;0;0
10/10/2015;15:29:00;269;Acidente sem Vítima;512,1;BR-040/MG;Norte;Colisão traseira;2;0;0;0;0;0;0;0;0;0;3;0;0;0;0
10/10/2015;15:46:00;280;Acidente sem Vítima;512,9;BR-040/MG;Norte;Colisão traseira;2;0;0;0;0;0;0;0;0;0;3;0;0;0;0
10/10/2015;10:53:00;172;Acidente sem Vítima;513,1;BR-040/MG;Norte;Colisão traseira;1;0;0;1;0;0;0;0;0;0;2;0;0;0;0
10/10/2015;00:19:00;7;Acidente sem Vítima;520,1;BR-040/MG;Norte;Abalroamento - Longitudinal;1;0;1;0;0;0;0;0;0;0;4;0;0;0;0
10/10/2015;18:04:00;336;Acidente com Vítima;523,5;BR-040/MG;Sul;Outros;0;0;0;1;0;0;0;0;0;0;0;1;0;0;0
10/10/2015;17:05:00;324;Acidente com Vítima;528,2;BR-040/MG;Sul;Colisão traseira;1;0;0;1;0;0;0;0;0;0;1;1;0;0;0
10/10/2015;16:57:00;319;Acidente sem Vítima;528,2;BR-040/MG;Sul;Choque com objeto fixo;0;0;0;1;0;0;0;0;0;0;2;0;0;0;0
10/10/2015;19:13:00;356;Acidente com Vítima;538,5;BR-040/MG;Norte;Abalroamento - Transversal;2;0;0;0;0;0;0;0;0;0;1;0;0;0;0
10/10/2015;10:44:00;166;Acidente sem Vítima;548,8;BR-040/MG;Sul;Colisão traseira;2;0;0;0;0;0;0;0;0;0;2;0;0;0;0
10/10/2015;11:45:00;194;Acidente sem Vítima;549,8;BR-040/MG;Sul;Colisão traseira;2;0;0;0;0;0;0;0;0;0;2;0;0;0;0
10/10/2015;10:01:00;148;Acidente sem Vítima;551,826;BR-040/MG;Norte;Choque com objeto fixo;1;0;0;0;0;0;0;0;0;0;1;0;0;0;0
10/10/2015;17:01:00;321;Acidente com Vítima;570,072;BR-040/MG;Norte;Abalroamento - Longitudinal;1;0;0;1;0;0;0;0;0;0;1;0;1;0;0
10/10/2015;10:30:00;158;Acidente sem Vítima;581,1;BR-040/MG;Sul;Capotamento;1;0;0;0;0;0;0;0;0;0;1;0;0;0;0
10/10/2015;12:20:00;205;Acidente com Vítima;587,3;BR-040/MG;Sul;Colisão frontal;2;0;0;0;0;0;0;0;0;0;3;2;0;0;0
10/10/2015;07:51:00;102;Acidente sem Vítima;615,1;BR-040/MG;Sul;Colisão traseira;2;0;0;0;0;0;0;0;0;0;2;0;0;0;0
10/10/2015;13:19:00;229;Acidente com Vítima;667,4;BR-040/MG;Sul;Outros;0;0;0;1;0;0;0;0;0;0;2;2;0;0;0
10/10/2015;09:01:00;126;Acidente sem Vítima;714,206;BR-040/MG;Norte;Outros;1;0;0;0;0;0;0;0;0;0;1;0;0;0;0
10/10/2015;09:33:00;138;Acidente sem Vítima;756,8;BR-040/MG;Sul;Colisão traseira;2;0;0;0;0;0;0;0;0;0;6;0;0;0;0
10/10/2015;10:35:00;182;Acidente sem Vítima;765,4;BR-040/MG;Sul;Colisão traseira;2;0;0;0;0;0;0;0;0;0;2;0;0;0;0
10/10/2015;09:05:00;127;Acidente sem Vítima;768,5;BR-040/MG;Sul;Outros;1;0;0;0;0;0;0;0;0;0;1;0;0;0;0
11/10/2015;09:26:00;87;Acidente com Vítima;2,9;BR-040/GO;Sul;Abalroamento - Longitudinal;2;0;0;1;0;0;0;0;0;0;2;0;1;0;0
11/10/2015;05:56:00;52;Atropelamento sem Morte;16,005;BR-040/GO;Norte;Atropelamento - Pedestre atravessando;1;0;0;0;0;0;0;0;0;0;1;1;0;0;0
11/10/2015;09:03:00;83;Acidente com Vítima;25,123;BR-040/GO;Norte;Abalroamento - Transversal;1;0;0;1;0;0;0;0;0;0;2;1;0;2;0
11/10/2015;16:16:00;177;Acidente com Vítima;141,01;BR-040/MG;Norte;Abalroamento - Transversal;1;0;0;1;0;0;0;0;0;0;4;2;0;0;0
11/10/2015;14:08:00;154;Acidente com Vítima;272,7;BR-040/MG;Norte;Outros;0;0;0;1;0;0;0;0;0;0;0;2;0;0;0
11/10/2015;18:35:00;219;Acidente sem Vítima;416,15;BR-040/MG;Sul;Colisão frontal;1;0;1;0;0;0;0;0;0;0;7;0;0;0;0
11/10/2015;15:45:00;166;Acidente sem Vítima;494,1;BR-040/MG;Norte;Choque com objeto fixo;1;0;0;0;0;0;0;0;0;0;1;0;0;0;0
11/10/2015;23:08:00;297;Acidente sem Vítima;504,9;BR-040/MG;Sul;Outros;1;0;0;0;0;0;0;0;0;0;1;0;0;0;0
11/10/2015;10:57:00;110;Acidente com Vítima;521,9;BR-040/MG;Norte;Colisão traseira;2;0;0;0;0;0;0;0;0;0;1;0;1;0;0
11/10/2015;10:21:00;96;Acidente com Vítima;531,9;BR-040/MG;Norte;Choque com objeto fixo;1;0;0;0;0;0;0;0;0;0;1;1;0;0;0
11/10/2015;18:38:00;221;Acidente com Vítima;557,6;BR-040/MG;Norte;Abalroamento - Longitudinal;1;0;0;1;0;0;0;0;0;0;3;2;0;0;0
11/10/2015;07:13:00;64;Acidente com Morte;559,6;BR-040/MG;Sul;Capotamento;1;0;0;0;0;0;0;0;0;0;0;0;3;0;1
11/10/2015;19:35:00;245;Acidente sem Vítima;577,455;BR-040/MG;Sul;Abalroamento - Longitudinal;2;0;0;0;0;0;0;0;0;0;2;0;0;0;0
11/10/2015;19:43:00;246;Acidente com Vítima;623,58;BR-040/MG;Norte;Abalroamento - Transversal;2;0;0;0;0;0;0;0;0;0;0;0;1;1;0
11/10/2015;03:31:00;36;Acidente com Vítima;680;BR-040/MG;Norte;Capotamento;1;0;0;0;0;0;0;0;0;0;0;0;1;0;0
11/10/2015;14:17:00;155;Acidente com Vítima;683,19;BR-040/MG;Sul;Colisão traseira;1;0;0;1;0;0;0;0;0;0;2;0;1;0;0
11/10/2015;21:19:00;275;Acidente com Vítima;700,094;BR-040/MG;Sul;Outros;1;0;0;0;0;0;0;0;0;0;0;0;2;0;0
12/10/2015;18:37:00;291;Acidente sem Vítima;4,7;BR-040/GO;Norte;Colisão traseira;3;0;0;0;0;0;0;0;0;0;10;0;0;0;0
12/10/2015;19:01:00;307;Acidente sem Vítima;6,7;BR-040/GO;Norte;Colisão traseira;4;0;0;0;0;0;0;0;0;0;11;0;0;0;0
12/10/2015;01:43:00;20;Acidente sem Vítima;8,34;BR-040/GO;Norte;Colisão traseira;2;0;0;0;0;0;0;0;0;0;2;0;0;0;0
12/10/2015;18:59:00;305;Acidente sem Vítima;10,6;BR-040/GO;Norte;Colisão traseira;2;0;0;0;0;0;0;0;0;0;8;0;0;0;0
12/10/2015;08:21:00;82;Acidente com Vítima;11,9;BR-040/GO;Sul;Outros;0;0;0;1;0;0;0;0;0;0;0;1;0;0;0
12/10/2015;13:46:00;178;Acidente sem Vítima;24,2;BR-040/GO;Sul;Abalroamento - Transversal;2;0;0;0;0;0;0;0;0;0;2;0;0;0;0
12/10/2015;16:08:00;235;Acidente com Vítima;119,497;BR-040/MG;Norte;Outros;0;0;0;1;0;0;0;0;0;0;1;1;1;0;0
12/10/2015;16:56:00;258;Acidente com Vítima;139,2;BR-040/MG;Norte;Abalroamento - Transversal;2;0;0;0;0;0;0;0;0;0;0;2;0;0;0
12/10/2015;07:17:00;60;Acidente sem Vítima;405,1;BR-040/MG;Sul;Colisão traseira;2;0;0;0;0;0;0;0;0;0;2;0;0;0;0
12/10/2015;22:21:00;392;Acidente sem Vítima;432,05;BR-040/MG;Sul;Capotamento;1;0;0;0;0;0;0;0;0;0;5;0;0;0;0
12/10/2015;20:52:00;361;Acidente sem Vítima;503,9;BR-040/MG;Sul;Colisão traseira;3;0;0;0;0;0;0;0;0;0;3;0;0;0;0
12/10/2015;15:06:00;205;Acidente sem Vítima;505,1;BR-040/MG;Sul;Colisão traseira;2;0;0;0;0;0;0;0;0;0;2;0;0;0;0
12/10/2015;20:13:00;342;Acidente com Vítima;508,1;BR-040/MG;Sul;Colisão traseira;2;0;0;0;0;0;0;0;0;0;5;0;1;0;0
12/10/2015;16:39:00;248;Acidente com Vítima;510,1;BR-040/MG;Norte;Colisão traseira;5;0;0;0;0;0;0;0;0;0;12;2;0;0;0
12/10/2015;15:31:00;219;Acidente com Vítima;534,01;BR-040/MG;Norte;Colisão traseira;2;0;0;1;0;0;0;0;0;0;3;1;2;0;0
12/10/2015;21:55:00;384;Acidente sem Vítima;572,05;BR-040/MG;Norte;Colisão traseira;2;0;0;0;0;0;0;0;0;0;2;0;0;0;0
12/10/2015;22:39:00;403;Acidente sem Vítima;585,45;BR-040/MG;Sul;Choque com objeto fixo;1;0;0;0;0;0;0;0;0;0;4;0;0;0;0
12/10/2015;14:41:00;195;Acidente com Morte;588,81;BR-040/MG;Norte;Queda de Carga;3;0;0;0;0;0;0;0;0;0;0;0;2;0;6
12/10/2015;11:05:00;126;Acidente sem Vítima;623,001;BR-040/MG;Norte;Choque em veículo parado na pista;1;0;0;0;0;1;0;0;0;0;2;0;0;0;0
12/10/2015;22:42:00;404;Acidente sem Vítima;722,65;BR-040/MG;Norte;Outros;1;0;0;0;0;0;0;0;0;0;3;0;0;0;0
12/10/2015;11:18:00;133;Acidente sem Vítima;746,001;BR-040/MG;Norte;Capotamento;1;0;1;0;0;0;0;0;0;0;2;0;0;0;0
12/10/2015;17:24:00;265;Acidente com Vítima;765,201;BR-040/MG;Norte;Capotamento;1;0;0;0;0;0;0;0;0;0;2;1;1;0;0
13/10/2015;17:22:00;286;Acidente sem Vítima;1,2;BR-040/GO;Sul;Colisão traseira;2;0;0;0;0;0;0;0;0;0;2;0;0;0;0
13/10/2015;13:47:00;204;Acidente com Vítima;11,5;BR-040/GO;Norte;Abalroamento - Transversal;1;0;0;1;0;0;0;0;0;0;1;0;0;0;0
13/10/2015;11:01:00;144;Acidente com Vítima;49,463;BR-040/MG;Norte;Outros;1;0;0;0;0;0;0;0;0;0;1;1;0;0;0
13/10/2015;17:21:00;285;Acidente com Vítima;18,6;BR-040/GO;Sul;Abalroamento - Longitudinal;1;0;0;1;0;0;0;0;0;0;1;1;0;0;0
13/10/2015;19:35:00;343;Acidente sem Vítima;85,3;BR-040/MG;Norte;Atropelamento - Animal;0;0;1;0;0;0;0;0;0;0;1;0;0;0;0
13/10/2015;18:42:00;325;Atropelamento sem Morte;275,4;BR-040/MG;Norte;Atropelamento - Pedestre atravessando;0;0;0;1;0;0;0;0;0;0;1;1;0;0;0
13/10/2015;00:01:00;1;Acidente sem Vítima;428,7;BR-040/MG;Norte;Atropelamento - Animal;1;0;0;0;0;0;0;0;0;0;1;0;0;0;0
13/10/2015;13:18:00;193;Acidente com Vítima;508,01;BR-040/MG;Sul;Colisão traseira;3;0;0;0;0;0;0;0;0;0;2;1;0;0;0
13/10/2015;18:43:00;326;Atropelamento sem Morte;530,6;BR-040/MG;Norte;Atropelamento - Pedestre atravessando;0;0;0;1;0;0;0;0;0;0;0;1;1;0;0
13/10/2015;08:11:00;71;Acidente sem Vítima;532,45;BR-040/MG;Sul;Colisão traseira;2;0;0;0;0;0;0;0;0;0;2;0;0;0;0
13/10/2015;18:15:00;308;Acidente com Vítima;534,55;BR-040/MG;Norte;Colisão traseira;1;0;0;1;0;0;0;0;0;0;2;0;1;0;0
13/10/2015;19:01:00;332;Atropelamento sem Morte;534,7;BR-040/MG;Sul;Atropelamento - Pedestre atravessando;0;0;0;1;0;0;0;0;0;0;0;2;1;0;0
13/10/2015;14:39:00;223;Acidente sem Vítima;543,2;BR-040/MG;Sul;Abalroamento - Longitudinal;3;0;0;0;0;0;0;0;0;0;3;0;0;0;0
13/10/2015;05:46:00;28;Acidente sem Vítima;700,5;BR-040/MG;Sul;Colisão traseira;2;0;0;0;0;0;0;0;0;0;2;0;0;0;0
13/10/2015;05:24:00;25;Acidente sem Vítima;700,5;BR-040/MG;Sul;Colisão traseira;0;0;1;0;1;0;0;0;0;0;2;0;0;0;0