data;horario;n_da_ocorrencia;tipo_de_ocorrencia;km;trecho;sentido;tipo_de_acidente;automovel;bicicleta;caminhao;moto;onibus;outros;tracao_animal;transporte_de_cargas_especiais;trator_maquinas;utilitarios;ilesos;levemente_feridos;moderadamente_feridos;gravemente_feridos;mortos
25/10/2015;01:05:00;14;Acidente com Vítima;431,2;BR-040/MG;Sul;Capotamento;1;0;0;1;0;0;0;0;0;0;8;0;1;0;0
25/10/2015;01:18:00;16;Acidente sem Vítima;482,05;BR-040/MG;Norte;Choque com objeto fixo;1;0;0;0;0;0;0;0;0;0;4;0;0;0;0
25/10/2015;00:49:00;12;Acidente com Vítima;522,4;BR-040/MG;Norte;Abalroamento - Longitudinal;1;0;0;1;0;0;0;0;0;0;0;1;1;0;0
25/10/2015;15:46:00;159;Acidente com Vítima;542,3;BR-040/MG;Sul;Capotamento;1;0;0;0;0;0;0;0;0;0;0;2;0;0;0
25/10/2015;03:11:00;29;Acidente com Vítima;548,02;BR-040/MG;Sul;Capotamento;1;0;0;0;0;0;0;0;0;0;0;0;1;0;0
25/10/2015;10:52:00;97;Acidente com Vítima;612,11;BR-040/MG;Norte;Colisão traseira;2;0;0;0;0;0;0;0;0;0;1;1;0;0;0
25/10/2015;19:42:00;225;Acidente sem Vítima;79,5;BR-040/GO;Sul;Choque em defensa;1;0;0;0;0;0;0;0;0;0;3;0;0;0;0
25/10/2015;03:42:00;30;Acidente sem Vítima;96,2;BR-040/GO;Sul;Choque com objeto fixo;1;0;0;0;0;0;0;0;0;0;3;0;0;0;0
25/10/2015;18:57:00;208;Acidente sem Vítima;688,53;BR-040/MG;Sul;Colisão traseira;2;0;0;0;0;0;0;0;0;0;4;0;0;0;0
26/10/2015;08:17:00;118;Acidente sem Vítima;2,8;BR-040/MG;Norte;Capotamento;1;0;0;0;0;0;0;0;0;0;1;0;0;0;0
26/10/2015;04:59:00;39;Acidente sem Vítima;2,9;BR-040/GO;Sul;Capotamento;1;0;0;0;0;0;0;0;0;0;1;0;0;0;0
26/10/2015;18:43:00;311;Acidente com Vítima;3,7;BR-040/DF;Sul;Abalroamento - Longitudinal;1;0;0;1;0;0;0;0;0;0;1;1;0;0;0
26/10/2015;22:52:00;373;Acidente sem Vítima;7,385;BR-040/GO;Norte;Choque com objeto fixo;1;0;0;0;0;0;0;0;0;0;1;0;0;0;0
26/10/2015;09:59:00;175;Acidente com Vítima;9,06;BR-040/GO;Sul;Abalroamento - Transversal;1;0;0;0;0;0;0;0;0;1;2;1;0;0;0
26/10/2015;08:26:00;126;Acidente sem Vítima;10,1;BR-040/GO;Norte;Abalroamento - Transversal;2;0;0;0;0;0;0;0;0;0;2;0;0;0;0
26/10/2015;12:24:00;222;Acidente sem Vítima;11,04;BR-040/GO;Sul;Abalroamento - Transversal;1;0;0;1;0;0;0;0;0;0;2;0;0;0;0
26/10/2015;11:25:00;207;Acidente sem Vítima;75,61;BR-040/MG;Norte;Capotamento;1;0;0;0;0;0;0;0;0;0;1;0;0;0;0
26/10/2015;07:15:00;82;Acidente sem Vítima;483,001;BR-040/MG;Norte;Colisão traseira;0;0;0;1;1;0;0;0;0;0;2;0;0;0;0
26/10/2015;19:18:00;319;Acidente com Vítima;527,07;BR-040/MG;Sul;Colisão traseira;1;0;1;0;0;0;0;0;0;0;1;1;0;0;0
26/10/2015;08:06:00;111;Acidente com Vítima;540,001;BR-040/MG;Sul;Abalroamento - Longitudinal;2;0;0;0;0;0;0;0;0;0;2;1;0;0;0
26/10/2015;18:21:00;302;Acidente com Vítima;620,122;BR-040/MG;Sul;Outros;0;0;0;1;0;0;0;0;0;0;0;1;0;0;0
26/10/2015;06:17:00;50;Acidente com Vítima;91,1;BR-040/GO;Sul;Outros;1;0;0;1;0;0;0;0;0;0;3;1;0;0;0
26/10/2015;09:05:00;149;Acidente sem Vítima;675,1;BR-040/MG;Norte;Colisão traseira;0;0;2;0;0;0;0;0;0;0;2;0;0;0;0
26/10/2015;20:15:00;341;Acidente com Vítima;728,5;BR-040/MG;Norte;Colisão traseira;1;0;1;0;0;0;0;0;0;0;1;2;0;0;0
27/10/2015;08:20:00;114;Acidente com Vítima;4,3;BR-040/DF;Norte;Outros;0;0;0;1;0;0;0;0;0;0;1;1;0;0;0
27/10/2015;08:56:00;128;Acidente com Morte;21,38;BR-040/GO;Norte;Choque com objeto fixo;3;0;0;0;0;0;0;0;0;0;2;0;0;0;1
27/10/2015;16:26:00;264;Acidente com Vítima;460,2;BR-040/MG;Sul;Queda de Carga;1;0;0;0;0;0;0;0;0;0;0;0;1;0;0
27/10/2015;18:13:00;310;Acidente sem Vítima;521,15;BR-040/MG;Norte;Colisão traseira;3;0;0;0;0;0;0;0;0;0;3;0;0;0;0
27/10/2015;18:21:00;312;Acidente com Vítima;523,954;BR-040/MG;Norte;Colisão traseira;1;0;1;1;0;0;0;0;0;0;2;0;1;0;0
27/10/2015;07:46:00;89;Acidente sem Vítima;528,2;BR-040/MG;Sul;Colisão traseira;2;0;0;0;0;0;0;0;0;0;2;0;0;0;0
27/10/2015;19:07:00;336;Acidente sem Vítima;543,5;BR-040/MG;Sul;Choque com objeto fixo;1;0;0;0;0;0;0;0;0;0;2;0;0;0;0
27/10/2015;23:44:00;415;Acidente sem Vítima;544,035;BR-040/MG;Sul;Choque com objeto fixo;1;0;0;0;0;0;0;0;0;0;1;0;0;0;0
27/10/2015;19:02:00;332;Acidente sem Vítima;556,572;BR-040/MG;Sul;Outros;0;0;0;1;0;0;0;0;0;0;1;0;0;0;0
27/10/2015;18:30:00;318;Acidente sem Vítima;557,347;BR-040/MG;Sul;Choque em defensa;1;0;0;0;0;0;0;0;0;0;1;0;0;0;0
27/10/2015;09:28:00;142;Acidente com Vítima;568,2;BR-040/MG;Sul;Capotamento;1;0;0;0;0;0;0;0;0;0;0;1;0;0;0
27/10/2015;04:03:00;35;Acidente sem Vítima;590,8;BR-040/MG;Norte;Choque em defensa;0;0;1;0;0;0;0;0;0;0;1;0;0;0;0
27/10/2015;15:41:00;249;Acidente com Vítima;651,538;BR-040/MG;Sul;Abalroamento - Transversal;2;0;1;0;0;0;0;0;0;0;3;1;0;0;0
27/10/2015;10:09:00;159;Acidente com Vítima;656,3;BR-040/MG;Norte;Choque com objeto fixo;1;0;0;0;0;0;0;0;0;0;0;1;0;0;0
27/10/2015;21:44:00;390;Atropelamento sem Morte;8,3;BR-040/DF;Sul;Atropelamento - Pedestre atravessando;1;0;0;0;0;0;0;0;0;0;1;0;0;1;0
27/10/2015;09:08:00;131;Acidente sem Vítima;717,85;BR-040/MG;Norte;Capotamento;1;0;0;0;0;0;0;0;0;0;1;0;0;0;0
27/10/2015;23:36:00;414;Acidente sem Vítima;740,5;BR-040/MG;Norte;Choque com objeto fixo;0;0;1;0;0;0;0;0;0;0;1;0;0;0;0
27/10/2015;06:46:00;61;Acidente sem Vítima;751,001;BR-040/MG;Sul;Capotamento;0;0;1;0;0;0;0;0;0;0;13;0;0;0;0
28/10/2015;08:17:00;85;Acidente sem Vítima;1,1;BR-040/GO;Norte;Colisão traseira;3;0;0;0;0;0;0;0;0;0;3;0;0;0;0
28/10/2015;09:28:00;116;Acidente sem Vítima;2,8;BR-040/DF;Norte;Colisão traseira;3;0;0;0;0;0;0;0;0;0;3;0;0;0;0
28/10/2015;18:15:00;284;Acidente com Vítima;6,6;BR-040/GO;Sul;Colisão traseira;4;0;0;0;0;0;0;0;0;0;4;1;0;0;0
28/10/2015;20:54:00;351;Atropelamento sem Morte;15,414;BR-040/GO;Sul;Atropelamento - Pedestre atravessando;1;0;0;0;0;1;0;0;0;0;1;0;1;0;0
28/10/2015;08:05:00;77;Acidente com Vítima;23,3;BR-040/GO;Norte;Choque com objeto fixo;1;0;0;0;0;0;0;0;0;0;0;0;0;0;0
28/10/2015;04:30:00;34;Acidente com Vítima;321,7;BR-040/MG;Norte;Capotamento;1;0;0;0;0;0;0;0;0;0;1;2;0;0;0
28/10/2015;05:34:00;40;Acidente sem Vítima;354,9;BR-040/MG;Norte;Atropelamento - Animal;1;0;0;0;0;0;0;0;0;0;2;0;0;0;0
28/10/2015;03:25:00;27;Acidente sem Vítima;373,5;BR-040/MG;Norte;Queda de Carga;0;0;1;0;0;0;0;0;0;0;1;0;0;0;0
28/10/2015;09:45:00;124;Acidente com Vítima;528,2;BR-040/MG;Norte;Choque com objeto fixo;0;0;0;1;0;0;0;0;0;0;0;0;0;0;0
28/10/2015;07:59:00;69;Acidente com Vítima;551,15;BR-040/MG;Norte;Choque com objeto fixo;1;0;0;0;0;0;0;0;0;0;0;0;0;1;0
28/10/2015;08:16:00;84;Acidente sem Vítima;552,3;BR-040/MG;Norte;Colisão traseira;3;0;0;0;0;0;0;0;0;0;4;0;0;0;0
28/10/2015;13:25:00;188;Acidente com Vítima;603,4;BR-040/MG;Norte;Colisão frontal;1;0;0;1;0;0;0;0;0;0;1;0;1;0;0
28/10/2015;19:07:00;306;Acidente com Vítima;611,3;BR-040/MG;Norte;Abalroamento - Longitudinal;1;0;0;0;0;1;0;0;0;0;2;1;0;0;0
28/10/2015;06:16:00;41;Acidente sem Vítima;618,46;BR-040/MG;Norte;Colisão traseira;2;0;0;0;0;0;0;0;0;0;2;0;0;0;0
28/10/2015;14:19:00;210;Acidente sem Vítima;717,9;BR-040/MG;Sul;Queda de Carga;0;0;1;0;0;0;0;0;0;0;1;0;0;0;0
29/10/2015;14:41:00;208;Acidente sem Vítima;1,005;BR-040/GO;Norte;Abalroamento - Transversal;2;0;0;0;0;0;0;0;0;0;2;0;0;0;0
29/10/2015;10:59:00;156;Acidente com Vítima;6,1;BR-040/DF;Norte;Outros;0;0;0;1;0;0;0;0;0;0;0;1;0;0;0
29/10/2015;08:59:00;115;Acidente com Vítima;6,4;BR-040/GO;Norte;Outros;0;0;1;0;0;0;0;0;0;0;0;0;0;1;0
29/10/2015;14:27:00;205;Acidente com Vítima;7,1;BR-040/GO;Sul;Colisão traseira;1;0;0;1;0;0;0;0;0;0;1;1;0;0;0
29/10/2015;11:54:00;168;Acidente com Vítima;18,7;BR-040/GO;Sul;Abalroamento - Transversal;1;0;0;1;0;0;0;0;0;0;1;1;0;0;0
29/10/2015;17:06:00;249;Acidente sem Vítima;448,02;BR-040/MG;Norte;Colisão traseira;0;0;0;1;0;1;0;0;0;0;2;0;0;0;0
29/10/2015;18:29:00;264;Acidente sem Vítima;528,8;BR-040/MG;Norte;Capotamento;2;0;0;0;0;0;0;0;0;0;2;0;0;0;0
29/10/2015;11:22:00;161;Acidente sem Vítima;535,5;BR-040/MG;Norte;Colisão traseira;1;0;1;0;1;0;0;0;0;0;3;0;0;0;0
29/10/2015;18:26:00;262;Acidente sem Vítima;559,8;BR-040/MG;Sul;Outros;1;0;0;0;0;0;0;0;0;0;1;0;0;0;0
29/10/2015;12:01:00;173;Acidente sem Vítima;613,01;BR-040/MG;Norte;Abalroamento - Longitudinal;1;0;1;0;0;0;0;0;0;0;2;0;0;0;0
29/10/2015;11:57:00;169;Acidente com Morte;617,355;BR-040/MG;Sul;Abalroamento - Longitudinal;1;0;1;0;0;0;0;0;0;0;1;0;0;0;1
29/10/2015;20:18:00;308;Acidente com Vítima;670,5;BR-040/MG;Norte;Queda de Carga;0;0;1;0;0;0;0;0;0;0;0;0;1;0;0
30/10/2015;13:34:00;148;Acidente sem Vítima;2,1;BR-040/GO;Sul;Colisão traseira;1;0;0;1;0;0;0;0;0;0;4;0;0;0;0
30/10/2015;16:43:00;203;Acidente sem Vítima;3,6;BR-040/DF;Sul;Colisão traseira;3;0;0;0;0;0;0;0;0;0;3;0;0;0;0
30/10/2015;18:40:00;261;Acidente com Vítima;4,019;BR-040/GO;Sul;Abalroamento - Longitudinal;2;0;1;0;0;0;0;0;0;0;2;0;1;0;0
30/10/2015;21:05:00;313;Acidente sem Vítima;119;BR-040/MG;Norte;Abalroamento - Longitudinal;2;0;0;0;0;0;0;0;0;0;4;0;0;0;0
30/10/2015;10:23:00;99;Acidente sem Vítima;539,9;BR-040/MG;Norte;Queda de Carga;0;0;1;0;0;0;0;0;0;0;1;0;0;0;0
30/10/2015;17:42:00;235;Acidente com Vítima;585,2;BR-040/MG;Sul;Abalroamento - Transversal;1;0;1;0;0;0;0;0;0;0;2;1;1;0;0
30/10/2015;16:40:00;202;Acidente sem Vítima;618,6;BR-040/MG;Norte;Colisão traseira;2;0;0;0;0;0;0;0;0;0;2;0;0;0;0
30/10/2015;16:32:00;199;Acidente com Vítima;82,17;BR-040/GO;Norte;Capotamento;1;0;0;0;0;0;0;0;0;0;1;1;0;1;0
30/10/2015;07:56:00;55;Acidente sem Vítima;730,2;BR-040/MG;Norte;Choque com objeto fixo;1;0;0;0;0;0;0;0;0;0;2;0;0;0;0
31/10/2015;00:24:00;10;Acidente sem Vítima;3,7;BR-040/DF;Sul;Outros;1;0;0;1;0;0;0;0;0;0;2;0;0;0;0
31/10/2015;19:48:00;353;Acidente sem Vítima;3,75;BR-040/GO;Norte;Colisão traseira;3;0;0;1;0;0;0;0;0;0;4;0;0;0;0
31/10/2015;16:34:00;286;Acidente com Vítima;7,8;BR-040/GO;Sul;Colisão traseira;1;0;0;1;0;0;0;0;0;0;2;1;0;0;0
31/10/2015;12:45:00;194;Acidente sem Vítima;18;BR-040/MG;Sul;Colisão traseira;2;0;0;0;0;0;0;0;0;0;3;0;0;0;0
31/10/2015;15:31:00;265;Acidente com Vítima;54,1;BR-040/MG;Sul;Colisão traseira;1;0;1;0;0;0;0;0;0;0;0;2;1;0;0
31/10/2015;04:23:00;39;Acidente sem Vítima;86,19;BR-040/MG;Norte;Capotamento;1;0;0;0;0;0;0;0;0;0;3;0;0;0;0
31/10/2015;00:43:00;14;Acidente com Vítima;302,01;BR-040/MG;Norte;Capotamento;2;0;0;0;0;0;0;0;0;0;1;0;5;0;0
31/10/2015;15:17:00;259;Acidente sem Vítima;405,001;BR-040/MG;Norte;Colisão traseira;0;0;2;0;0;0;0;0;0;0;2;0;0;0;0
31/10/2015;16:11:00;278;Acidente sem Vítima;461,3;BR-040/MG;Norte;Colisão traseira;3;0;0;0;0;0;0;0;0;0;3;0;0;0;0
31/10/2015;16:24:00;283;Acidente com Vítima;461,99;BR-040/MG;Norte;Colisão traseira;1;0;0;1;0;0;0;0;0;0;2;1;0;0;0
31/10/2015;04:51:00;45;Acidente sem Vítima;464,38;BR-040/MG;Norte;Choque com objeto fixo;1;0;0;0;0;0;0;0;0;0;1;0;0;0;0
31/10/2015;07:32:00;76;Acidente sem Vítima;470,001;BR-040/MG;Sul;Colisão traseira;1;0;0;0;0;1;0;0;0;0;3;0;0;0;0
31/10/2015;21:04:00;376;Acidente sem Vítima;504,975;BR-040/MG;Norte;Colisão traseira;3;0;0;0;0;0;0;0;0;0;4;0;0;0;0
31/10/2015;08:12:00;101;Acidente com Vítima;558,662;BR-040/MG;Sul;Capotamento;1;0;0;0;0;0;0;0;0;0;1;1;0;0;0
31/10/2015;17:30:00;303;Acidente sem Vítima;626,3;BR-040/MG;Norte;Colisão traseira;2;0;0;0;0;0;0;0;0;0;2;0;0;0;0
31/10/2015;04:43:00;41;Acidente sem Vítima;651,2;BR-040/MG;Norte;Atropelamento - Animal;0;0;1;0;0;0;0;0;0;0;1;0;0;0;0
31/10/2015;08:50:00;114;Acidente com Vítima;92,02;BR-040/GO;Sul;Abalroamento - Transversal;1;0;0;1;0;0;0;0;0;0;1;1;1;0;0
31/10/2015;09:18:00;127;Acidente sem Vítima;731,5;BR-040/MG;Norte;Outros;1;0;0;0;0;0;0;0;0;0;1;0;0;0;0
31/10/2015;04:48:00;42;Acidente com Vítima;758,088;BR-040/MG;Sul;Colisão traseira;1;0;0;1;0;0;0;0;0;0;17;1;0;0;0
01/11/2015;17:17:00;209;Acidente com Vítima;0,2;BR-040/MG;Norte;Capotamento;1;0;0;0;0;0;0;0;0;0;0;1;1;0;0
01/11/2015;02:18:00;13;Acidente sem Vítima;7,3;BR-040/GO;Sul;Colisão traseira;2;0;0;0;0;0;0;0;0;0;2;0;0;0;0
01/11/2015;11:30:00;121;Atropelamento sem Morte;9,01;BR-040/GO;Norte;Atropelamento - Pedestre caminhando;2;0;0;0;0;0;0;0;0;0;2;1;0;0;0
01/11/2015;07:21:00;54;Acidente sem Vítima;18,1;BR-040/MG;Norte;Colisão traseira;0;0;2;0;0;0;0;0;0;0;2;0;0;0;0
01/11/2015;12:15:00;128;Acidente sem Vítima;12,5;BR-040/GO;Sul;Abalroamento - Longitudinal;1;0;0;0;0;1;0;0;0;0;2;0;0;0;0
01/11/2015;20:38:00;254;Acidente com Vítima;512,9;BR-040/MG;Norte;Capotamento;1;0;0;0;0;0;0;0;0;0;2;1;0;0;0
01/11/2015;23:25:00;291;Acidente com Morte;524,6;BR-040/MG;Norte;Capotamento;1;0;0;0;0;0;0;0;0;0;0;0;0;0;1
01/11/2015;02:55:00;17;Acidente com Vítima;578,38;BR-040/MG;Norte;Outros;0;0;0;1;0;0;0;0;0;0;0;0;2;0;0
01/11/2015;21:05:00;260;Acidente com Vítima;599,04;BR-040/MG;Sul;Outros;0;0;0;1;0;0;0;0;0;0;0;0;1;0;0
01/11/2015;23:34:00;293;Acidente sem Vítima;746,1;BR-040/MG;Norte;Atropelamento - Animal;1;0;0;0;0;0;0;0;0;0;1;0;0;0;0
02/11/2015;06:51:00;46;Acidente sem Vítima;4,2;BR-040/DF;Norte;Capotamento;1;0;0;0;0;0;0;0;0;0;2;0;0;0;0
02/11/2015;17:35:00;255;Acidente com Vítima;18,1;BR-040/MG;Norte;Colisão traseira;2;0;0;0;0;0;0;0;0;0;5;0;1;0;0
02/11/2015;19:59:00;327;Acidente sem Vítima;13,5;BR-040/GO;Sul;Abalroamento - Transversal;1;0;0;1;0;0;0;0;0;0;2;0;0;0;0
02/11/2015;17:38:00;256;Acidente sem Vítima;446,02;BR-040/MG;Sul;Capotamento;1;0;0;0;0;0;0;0;0;0;3;0;0;0;0
02/11/2015;12:01:00;138;Acidente com Vítima;451,8;BR-040/MG;Sul;Capotamento;2;0;0;0;0;0;0;0;0;0;3;2;0;0;0
02/11/2015;13:29:00;162;Acidente sem Vítima;458,002;BR-040/MG;Sul;Colisão traseira;2;0;0;0;0;0;0;0;0;0;2;0;0;0;0
02/11/2015;23:19:00;397;Acidente sem Vítima;481,2;BR-040/MG;Norte;Outros;2;0;0;0;0;0;0;0;0;0;3;0;0;0;0
02/11/2015;16:03:00;220;Acidente sem Vítima;504,002;BR-040/MG;Sul;Colisão traseira;3;0;0;0;0;0;0;0;0;0;3;0;0;0;0
02/11/2015;19:31:00;309;Acidente com Vítima;505,3;BR-040/MG;Sul;Colisão traseira;3;0;0;0;0;0;0;0;0;0;7;1;0;0;0
02/11/2015;23:09:00;395;Acidente sem Vítima;507,4;BR-040/MG;Sul;Atropelamento - Animal;0;0;0;0;1;0;0;0;0;0;24;0;0;0;0
02/11/2015;15:13:00;195;Acidente com Vítima;510,2;BR-040/MG;Norte;Capotamento;1;0;0;0;0;0;0;0;0;0;2;2;0;0;0
02/11/2015;15:51:00;214;Acidente sem Vítima;551,15;BR-040/MG;Norte;Colisão traseira;2;0;0;0;0;0;0;0;0;0;3;0;0;0;0
02/11/2015;17:32:00;254;Acidente sem Vítima;551,2;BR-040/MG;Norte;Colisão traseira;2;0;0;0;0;0;0;0;0;0;2;0;0;0;0
02/11/2015;06:32:00;41;Acidente sem Vítima;587,8;BR-040/MG;Norte;Choque com objeto fixo;0;0;1;0;0;0;0;0;0;0;1;0;0;0;0
02/11/2015;09:48:00;94;Acidente sem Vítima;652,95;BR-040/MG;Sul;Abalroamento - Longitudinal;2;0;0;0;0;0;0;0;0;0;2;0;0;0;0
02/11/2015;00:35:00;4;Acidente com Vítima;678,6;BR-040/MG;Sul;Abalroamento - Longitudinal;0;0;1;1;0;0;0;0;0;0;3;1;0;0;0
02/11/2015;01:56:00;17;Acidente sem Vítima;730,4;BR-040/MG;Norte;Choque em barreira New Jersey;1;0;0;0;0;0;0;0;0;0;2;0;0;0;0
02/11/2015;14:06:00;172;Acidente sem Vítima;749,2;BR-040/MG;Sul;Choque com objeto fixo;1;0;0;0;0;0;0;0;0;0;1;0;0;0;0
03/11/2015;19:03:00;339;Acidente com Vítima;1,7;BR-040/GO;Sul;Abalroamento - Longitudinal;1;0;0;1;0;0;0;0;0;0;2;0;2;0;0
03/11/2015;06:22:00;34;Acidente sem Vítima;2,9;BR-040/DF;Norte;Colisão traseira;2;0;0;0;0;0;0;0;0;0;2;0;0;0;0
03/11/2015;15:46:00;270;Acidente com Vítima;10,2;BR-040/GO;Sul;Abalroamento - Transversal;2;0;0;0;0;0;0;0;0;0;0;4;0;0;0
03/11/2015;10:36:00;160;Acidente sem Vítima;133,8;BR-040/MG;Sul;Capotamento;0;0;1;0;0;0;0;0;0;0;1;0;0;0;0
03/11/2015;15:25:00;261;Acidente sem Vítima;224,309;BR-040/MG;Sul;Queda de Carga;0;0;1;0;0;0;0;0;0;0;1;0;0;0;0
03/11/2015;15:28:00;263;Acidente com Vítima;463,001;BR-040/MG;Sul;Choque com objeto fixo;1;0;0;0;0;0;0;0;0;0;0;1;0;0;0
03/11/2015;05:54:00;29;Acidente com Vítima;510,001;BR-040/MG;Sul;Colisão traseira;1;0;0;1;0;0;0;0;0;0;1;1;0;0;0
03/11/2015;08:44:00;104;Acidente sem Vítima;525,5;BR-040/MG;Sul;Colisão traseira;3;0;0;0;0;0;0;0;0;0;3;0;0;0;0
03/11/2015;17:08:00;298;Acidente sem Vítima;535,9;BR-040/MG;Norte;Colisão traseira;1;0;0;0;0;1;0;0;0;0;2;0;0;0;0
03/11/2015;07:00:00;46;Acidente com Vítima;550,003;BR-040/MG;Sul;Outros;1;0;0;1;0;0;0;0;0;0;1;1;0;0;0
03/11/2015;20:12:00;368;Acidente com Vítima;81,4;BR-040/GO;Norte;Capotamento;1;0;0;0;0;0;0;0;0;0;0;1;0;0;0
03/11/2015;09:43:00;143;Acidente com Vítima;674,3;BR-040/MG;Sul;Abalroamento - Longitudinal;1;0;0;1;0;0;0;0;0;0;1;1;0;0;0
03/11/2015;16:30:00;285;Acidente com Vítima;752,1;BR-040/MG;Norte;Capotamento;1;0;0;0;0;0;0;0;0;0;0;1;0;0;0
04/11/2015;16:11:00;239;Acidente sem Vítima;3,3;BR-040/GO;Sul;Abalroamento - Transversal;1;0;1;0;0;0;0;0;0;0;4;0;0;0;0
04/11/2015;16:04:00;234;Acidente sem Vítima;28,8;BR-040/GO;Norte;Colisão traseira;1;0;0;1;0;0;0;0;0;0;3;0;0;0;0
04/11/2015;21:38:00;339;Acidente sem Vítima;143,312;BR-040/MG;Norte;Abalroamento - Transversal;2;0;0;0;0;0;0;0;0;0;2;0;0;0;0
04/11/2015;20:25:00;316;Acidente com Vítima;511,47;BR-040/MG;Norte;Abalroamento - Transversal;0;0;0;2;0;0;0;0;0;0;1;2;0;0;0
04/11/2015;08:17:00;100;Atropelamento sem Morte;518,384;BR-040/MG;Norte;;1;0;0;0;0;0;0;0;0;0;1;1;0;0;0
04/11/2015;17:43:00;261;Acidente com Vítima;518,95;BR-040/MG;Norte;Capotamento;1;0;0;0;0;0;0;0;0;0;0;0;1;0;0
04/11/2015;07:38:00;80;Acidente sem Vítima;520,002;BR-040/MG;Norte;Colisão traseira;3;0;0;1;0;0;0;0;0;0;4;0;0;0;0
04/11/2015;07:52:00;84;Acidente sem Vítima;525,012;BR-040/MG;Norte;Colisão traseira;1;0;1;0;0;0;0;0;0;0;2;0;0;0;0
04/11/2015;08:28:00;105;Acidente sem Vítima;533,001;BR-040/MG;Sul;Colisão traseira;2;0;0;0;0;0;0;0;0;0;2;0;0;0;0
04/11/2015;16:12:00;240;Acidente sem Vítima;544,001;BR-040/MG;Sul;Abalroamento - Longitudinal;0;0;2;0;0;1;0;0;0;0;3;0;0;0;0
04/11/2015;16:39:00;245;Acidente com Vítima;582,448;BR-040/MG;Norte;Abalroamento - Transversal;1;0;1;0;0;0;0;0;0;0;1;1;0;1;0
04/11/2015;08:06:00;92;Acidente sem Vítima;717,1;BR-040/MG;Norte;Capotamento;1;0;0;0;0;0;0;0;0;0;1;0;0;0;0
04/11/2015;07:28:00;74;Acidente com Vítima;717,4;BR-040/MG;Sul;Capotamento;1;0;0;0;0;0;0;0;0;0;0;1;1;0;0
04/11/2015;01:35:00;13;Acidente sem Vítima;737,191;BR-040/MG;Sul;Choque com objeto fixo;0;0;1;0;0;0;0;0;0;0;1;0;0;0;0
04/11/2015;19:36:00;302;Acidente sem Vítima;751,3;BR-040/MG;Norte;Atropelamento - Animal;0;0;1;0;0;0;0;0;0;0;1;0;0;0;0
05/11/2015;09:33:00;124;Acidente sem Vítima;7,05;BR-040/GO;Sul;Outros;0;0;1;1;0;0;0;0;0;0;2;0;0;0;0
05/11/2015;19:24:00;321;Acidente com Vítima;12,8;BR-040/GO;Sul;Abalroamento - Transversal;3;0;0;0;0;0;0;0;0;0;2;1;0;0;0
05/11/2015;11:33:00;171;Acidente com Vítima;451,02;BR-040/MG;Norte;Capotamento;1;0;0;0;0;0;0;0;0;0;0;0;1;0;0
05/11/2015;07:55:00;80;Acidente sem Vítima;504,7;BR-040/MG;Norte;Queda de Carga;0;0;1;0;0;0;0;0;0;0;1;0;0;0;0
05/11/2015;14:27:00;228;Acidente sem Vítima;507,6;BR-040/MG;Sul;Colisão traseira;2;0;0;0;0;0;0;0;0;0;2;0;0;0;0
05/11/2015;06:45:00;55;Acidente sem Vítima;515,02;BR-040/MG;Sul;Abalroamento - Transversal;1;0;0;1;0;0;0;0;0;0;2;0;0;0;0
05/11/2015;08:00:00;93;Acidente com Vítima;534,7;BR-040/MG;Sul;Abalroamento - Longitudinal;1;0;0;1;0;0;0;0;0;0;1;0;0;0;0
05/11/2015;14:50:00;235;Acidente com Vítima;68,5;BR-040/GO;Norte;Abalroamento - Longitudinal;2;0;0;0;0;0;0;0;0;0;2;0;2;0;0
06/11/2015;15:01:00;209;Acidente sem Vítima;0,3;BR-040/GO;Sul;Colisão traseira;2;0;0;0;0;0;0;0;0;0;2;0;0;0;0
06/11/2015;19:12:00;296;Acidente com Vítima;2,3;BR-040/GO;Norte;Abalroamento - Longitudinal;1;0;0;1;0;0;0;0;0;0;1;1;0;0;0
06/11/2015;06:08:00;57;Acidente com Vítima;6,7;BR-040/DF;Norte;Colisão frontal;3;0;0;0;0;0;0;0;0;0;1;2;0;1;0
06/11/2015;13:13:00;179;Acidente com Vítima;6,3;BR-040/GO;Norte;Colisão traseira;1;0;0;1;0;0;0;0;0;0;2;1;0;0;0
06/11/2015;11:10:00;146;Acidente com Vítima;6,45;BR-040/GO;Sul;Outros;0;0;0;1;0;0;0;0;0;0;1;1;0;0;0
06/11/2015;19:37:00;307;Acidente com Vítima;7,25;BR-040/GO;Sul;Abalroamento - Longitudinal;1;0;0;1;0;0;0;0;0;0;1;0;1;0;0
06/11/2015;07:00:00;77;Acidente sem Vítima;534,6;BR-040/MG;Sul;Colisão traseira;2;0;0;0;0;1;0;0;0;0;3;0;0;0;0
06/11/2015;17:58:00;265;Acidente sem Vítima;615,3;BR-040/MG;Sul;Colisão traseira;1;0;1;0;0;0;0;0;0;0;2;0;0;0;0
06/11/2015;08:20:00;107;Acidente com Vítima;8,1;BR-040/DF;Norte;Outros;0;0;0;1;0;0;0;0;0;0;0;1;0;0;0
07/11/2015;06:21:00;42;Acidente sem Vítima;0,15;BR-040/GO;Norte;Colisão traseira;2;0;0;0;0;0;0;0;0;0;2;0;0;0;0
07/11/2015;21:21:00;350;Acidente com Vítima;0,7;BR-040/GO;Sul;Outros;0;0;0;1;0;0;0;0;0;0;0;0;1;0;0