data;horario;n_da_ocorrencia;tipo_de_ocorrencia;km;trecho;sentido;tipo_de_acidente;automovel;bicicleta;caminhao;moto;onibus;outros;tracao_animal;transporte_de_cargas_especiais;trator_maquinas;utilitarios;ilesos;levemente_feridos;moderadamente_feridos;gravemente_feridos;mortos
29/11/2015;13:31:00;143;Acidente com Vítima;462,3;BR-040/MG;Norte;Queda de Carga;1;0;0;0;0;0;0;0;0;0;0;1;0;0;0
29/11/2015;06:41:00;41;Acidente sem Vítima;487,1;BR-040/MG;Norte;;0;0;0;0;0;0;0;0;0;1;1;0;0;0;0
29/11/2015;07:58:00;64;Acidente com Vítima;495,1;BR-040/MG;Norte;Capotamento;1;0;0;0;0;0;0;0;0;0;0;3;0;0;0
29/11/2015;20:39:00;259;Acidente sem Vítima;506,7;BR-040/MG;Sul;Colisão traseira;2;0;0;0;0;0;0;0;0;0;2;0;0;0;0
29/11/2015;16:30:00;190;Acidente sem Vítima;513,3;BR-040/MG;Sul;Abalroamento - Longitudinal;3;0;0;0;0;0;0;0;0;0;3;0;0;0;0
29/11/2015;15:59:00;177;Acidente sem Vítima;513,3;BR-040/MG;Norte;Colisão traseira;3;0;0;0;0;0;0;0;0;0;3;0;0;0;0
29/11/2015;10:42:00;98;Acidente com Vítima;514,5;BR-040/MG;Sul;Outros;0;0;0;1;0;0;0;0;0;0;1;1;0;0;0
29/11/2015;08:19:00;70;Acidente com Vítima;518,9;BR-040/MG;Sul;Colisão traseira;2;0;0;0;0;0;0;0;0;0;1;2;0;0;0
29/11/2015;13:08:00;133;Acidente sem Vítima;520,1;BR-040/MG;Norte;Abalroamento - Longitudinal;1;0;0;0;1;0;0;0;0;0;4;0;0;0;0
29/11/2015;14:09:00;153;Acidente com Vítima;534,1;BR-040/MG;Norte;Colisão traseira;3;0;0;0;0;0;0;0;0;0;2;1;0;0;0
29/11/2015;14:44:00;161;Acidente com Vítima;543,1;BR-040/MG;Norte;Capotamento;1;0;0;0;0;0;0;0;0;0;0;1;0;0;0
29/11/2015;14:59:00;165;Acidente sem Vítima;544,1;BR-040/MG;Norte;Capotamento;1;0;0;0;0;0;0;0;0;0;1;0;0;0;0
29/11/2015;20:48:00;262;Acidente sem Vítima;603,55;BR-040/MG;Sul;Choque com objeto fixo;1;0;0;0;0;0;0;0;0;0;2;0;0;0;0
29/11/2015;11:00:00;102;Acidente sem Vítima;619,02;BR-040/MG;Norte;Capotamento;1;0;0;0;0;0;0;0;0;0;1;0;0;0;0
29/11/2015;16:03:00;180;Acidente sem Vítima;718,2;BR-040/MG;Norte;Choque em defensa;1;0;0;0;0;0;0;0;0;0;1;0;0;0;0
29/11/2015;12:54:00;126;Acidente sem Vítima;721,02;BR-040/MG;Norte;Choque com objeto fixo;1;0;0;0;0;0;0;0;0;0;1;0;0;0;0
29/11/2015;16:24:00;185;Acidente sem Vítima;721,2;BR-040/MG;Norte;Choque em defensa;1;0;0;0;0;0;0;0;0;0;1;0;0;0;0
29/11/2015;14:57:00;164;Acidente com Vítima;738,2;BR-040/MG;Sul;Outros;0;0;0;1;0;0;0;0;0;0;0;0;0;0;0
29/11/2015;14:20:00;156;Acidente sem Vítima;761,16;BR-040/MG;Sul;Capotamento;1;0;0;0;0;0;0;0;0;0;1;0;0;0;0
30/11/2015;12:54:00;174;Acidente sem Vítima;2,3;BR-040/GO;Sul;Colisão traseira;0;0;1;0;1;0;0;0;0;0;2;0;0;0;0
30/11/2015;20:28:00;304;Acidente sem Vítima;4,5;BR-040/DF;Sul;Abalroamento - Transversal;2;0;0;0;0;0;0;0;0;0;5;0;0;0;0
30/11/2015;18:35:00;263;Acidente com Vítima;6,62;BR-040/DF;Sul;Abalroamento - Transversal;2;0;0;0;0;0;0;0;0;0;2;1;0;0;0
30/11/2015;23:09:00;345;Acidente com Vítima;24,1;BR-040/GO;Sul;Capotamento;1;0;0;1;0;0;0;0;0;0;2;0;0;2;0
30/11/2015;07:02:00;42;Acidente com Vítima;485,3;BR-040/MG;Norte;Outros;0;0;0;1;0;0;0;0;0;0;0;1;0;0;0
30/11/2015;08:12:00;81;Acidente sem Vítima;523,1;BR-040/MG;Sul;Colisão traseira;2;0;0;0;0;0;0;0;0;0;6;0;0;0;0
30/11/2015;08:47:00;96;Acidente sem Vítima;536,1;BR-040/MG;Norte;Colisão traseira;2;0;0;0;0;0;0;0;0;0;2;0;0;0;0
30/11/2015;22:43:00;340;Acidente sem Vítima;537,62;BR-040/MG;Norte;Choque em defensa;1;0;0;0;0;0;0;0;0;0;4;0;0;0;0
30/11/2015;06:49:00;29;Acidente com Vítima;538,1;BR-040/MG;Sul;Queda de Carga;0;0;1;0;0;0;0;0;0;0;0;1;0;0;0
30/11/2015;19:00:00;270;Acidente sem Vítima;540,5;BR-040/MG;Sul;Capotamento;2;0;0;0;0;0;0;0;0;0;2;0;0;0;0
30/11/2015;07:45:00;65;Acidente com Vítima;542,1;BR-040/MG;Sul;Colisão traseira;2;0;0;0;0;0;0;0;0;0;0;0;0;0;0
30/11/2015;08:08:00;78;Acidente sem Vítima;543,1;BR-040/MG;Sul;Colisão traseira;2;0;0;0;0;0;0;0;0;0;2;0;0;0;0
30/11/2015;21:12:00;317;Acidente sem Vítima;546,7;BR-040/MG;Norte;Choque com objeto fixo;1;0;0;0;0;0;0;0;0;0;3;0;0;0;0
30/11/2015;14:14:00;195;Acidente sem Vítima;553,1;BR-040/MG;Sul;Abalroamento - Transversal;1;0;0;0;1;0;0;0;0;0;2;0;0;0;0
30/11/2015;18:51:00;266;Acidente sem Vítima;588,4;BR-040/MG;Norte;Outros;1;0;0;0;0;0;0;0;0;0;3;0;0;0;0
30/11/2015;01:19:00;8;Acidente com Vítima;623,3;BR-040/MG;Norte;Outros;1;0;0;0;0;0;0;0;0;0;0;1;0;0;0
30/11/2015;19:52:00;293;Acidente sem Vítima;694,01;BR-040/MG;Norte;Colisão traseira;2;0;0;0;0;0;0;0;0;0;6;0;0;0;0
30/11/2015;16:03:00;224;Acidente com Vítima;754,157;BR-040/MG;Norte;Abalroamento - Longitudinal;1;0;1;0;0;0;0;0;0;0;1;2;0;0;0
01/12/2015;09:00:00;112;Acidente sem Vítima;2,5;BR-040/DF;Norte;Colisão traseira;2;0;0;0;0;0;0;0;0;0;2;0;0;0;0
01/12/2015;20:37:00;372;Acidente sem Vítima;2,4;BR-040/GO;Sul;Colisão traseira;4;0;0;0;0;0;0;0;0;0;5;0;0;0;0
01/12/2015;07:59:00;75;Acidente sem Vítima;2,5;BR-040/GO;Norte;Abalroamento - Transversal;1;0;0;1;0;0;0;0;0;0;2;0;0;0;0
01/12/2015;11:31:00;185;Acidente sem Vítima;25,8;BR-040/MG;Norte;Abalroamento - Longitudinal;1;0;1;0;0;0;0;0;0;0;4;0;0;0;0
01/12/2015;15:07:00;278;Acidente com Vítima;245,4;BR-040/MG;Norte;Outros;0;0;1;0;0;0;0;0;0;0;1;1;0;0;0
01/12/2015;07:21:00;60;Acidente com Vítima;465,54;BR-040/MG;Norte;Outros;0;0;0;1;0;0;0;0;0;0;0;1;0;0;0
01/12/2015;07:05:00;57;Acidente sem Vítima;510,001;BR-040/MG;Norte;Outros;0;0;1;0;0;0;0;0;0;0;1;0;0;0;0
01/12/2015;22:22:00;401;Acidente com Vítima;512,64;BR-040/MG;Norte;Outros;0;0;0;1;0;0;0;0;0;0;0;1;0;0;0
01/12/2015;06:54:00;42;Acidente sem Vítima;527,228;BR-040/MG;Sul;Queda de Carga;1;0;0;0;0;0;0;0;0;0;1;0;0;0;0
01/12/2015;21:27:00;383;Acidente sem Vítima;533,317;BR-040/MG;Norte;Colisão traseira;2;0;0;0;0;0;0;0;0;0;2;0;0;0;0
01/12/2015;18:51:00;337;Acidente com Vítima;582,32;BR-040/MG;Norte;Outros;0;0;2;0;0;0;0;0;0;0;1;0;1;0;0
01/12/2015;00:15:00;2;Acidente sem Vítima;657,4;BR-040/MG;Norte;Choque com objeto fixo;1;0;0;0;0;0;0;0;0;0;1;0;0;0;0
01/12/2015;11:09:00;174;Acidente sem Vítima;660,442;BR-040/MG;Norte;Colisão traseira;0;0;2;0;0;0;0;0;0;0;2;0;0;0;0
01/12/2015;01:04:00;9;Acidente sem Vítima;717,4;BR-040/MG;Norte;Queda de Carga;0;0;1;0;0;0;0;0;0;0;1;0;0;0;0
01/12/2015;20:01:00;365;Acidente sem Vítima;725,1;BR-040/MG;Norte;Abalroamento - Longitudinal;1;0;1;0;0;0;0;0;0;0;2;0;0;0;0
01/12/2015;09:31:00;125;Acidente sem Vítima;729,01;BR-040/MG;Sul;Colisão traseira;1;0;1;0;0;0;0;0;0;0;2;0;0;0;0
02/12/2015;17:26:00;310;Acidente com Vítima;2,9;BR-040/GO;Sul;Colisão frontal;1;0;0;1;0;0;0;0;0;0;1;1;0;0;0
02/12/2015;10:02:00;147;Acidente com Vítima;16,98;BR-040/GO;Sul;Colisão traseira;1;0;1;0;0;0;0;0;0;0;2;1;0;0;0
02/12/2015;18:17:00;322;Acidente com Vítima;267,8;BR-040/MG;Norte;Abalroamento - Longitudinal;1;0;1;0;0;0;0;0;0;0;1;0;1;0;0
02/12/2015;14:01:00;230;Acidente com Vítima;505,97;BR-040/MG;Sul;Colisão traseira;3;0;0;0;0;0;0;0;0;0;2;2;0;0;0
02/12/2015;13:47:00;224;Acidente com Vítima;506;BR-040/MG;Sul;Capotamento;1;0;0;0;0;0;0;0;0;0;1;1;0;0;0
02/12/2015;13:57:00;228;Acidente com Vítima;510,232;BR-040/MG;Norte;Colisão traseira;1;0;0;0;1;0;0;0;0;0;1;0;1;0;0
02/12/2015;18:09:00;318;Acidente com Vítima;519,2;BR-040/MG;Norte;Colisão traseira;1;0;0;1;0;0;0;0;0;0;1;0;1;0;0
02/12/2015;18:07:00;317;Acidente sem Vítima;523,2;BR-040/MG;Norte;Colisão traseira;2;0;0;0;0;0;0;0;0;0;2;0;0;0;0
02/12/2015;08:40:00;115;Acidente sem Vítima;549,3;BR-040/MG;Sul;Abalroamento - Longitudinal;2;0;0;0;0;0;0;0;0;0;2;0;0;0;0
02/12/2015;02:12:00;18;Acidente com Vítima;614,592;BR-040/MG;Norte;Colisão frontal;0;0;1;1;0;0;0;0;0;0;1;0;0;1;0
02/12/2015;18:28:00;324;Acidente sem Vítima;93;BR-040/GO;Norte;Choque com objeto fixo;0;0;1;0;0;0;0;0;0;0;1;0;0;0;0
02/12/2015;18:16:00;320;Acidente sem Vítima;729,8;BR-040/MG;Sul;Choque em barreira New Jersey;1;0;0;0;0;0;0;0;0;0;3;0;0;0;0
02/12/2015;17:14:00;305;Acidente com Vítima;111,012;BR-040/GO;Sul;Capotamento;1;0;0;0;0;0;0;0;0;0;0;0;1;0;0
03/12/2015;09:31:00;114;Acidente com Vítima;1,17;BR-040/GO;Norte;Outros;0;0;0;1;0;0;0;0;0;0;0;1;0;0;0
03/12/2015;10:37:00;126;Acidente sem Vítima;1,2;BR-040/GO;Sul;Abalroamento - Transversal;2;0;0;0;0;0;0;0;0;0;3;0;0;0;0
03/12/2015;11:13:00;134;Acidente sem Vítima;2,4;BR-040/GO;Norte;Colisão traseira;2;0;0;0;0;0;0;0;0;0;3;0;0;0;0
03/12/2015;23:38:00;341;Acidente sem Vítima;5,9;BR-040/DF;Sul;Colisão traseira;1;0;0;1;0;0;0;0;0;0;4;0;0;0;0
03/12/2015;21:52:00;308;Atropelamento com Morte;6,4;BR-040/DF;Sul;Atropelamento - Pedestre atravessando;4;0;0;0;0;0;0;0;0;0;5;0;0;0;1
03/12/2015;13:28:00;167;Acidente sem Vítima;376,2;BR-040/MG;Sul;Choque em defensa;1;0;0;0;0;0;0;0;0;0;1;0;0;0;0
03/12/2015;13:24:00;165;Acidente com Vítima;515,15;BR-040/MG;Sul;Colisão traseira;0;0;1;1;0;0;0;0;0;0;1;0;2;0;0
03/12/2015;18:39:00;255;Acidente sem Vítima;535,9;BR-040/MG;Norte;Colisão traseira;3;0;0;0;0;0;0;0;0;1;4;0;0;0;0
03/12/2015;11:42:00;140;Acidente sem Vítima;577,5;BR-040/MG;Sul;Colisão traseira;2;0;0;0;0;0;0;0;0;0;2;0;0;0;0
03/12/2015;13:11:00;160;Acidente sem Vítima;586,78;BR-040/MG;Sul;Capotamento;1;0;1;0;0;0;0;0;0;0;2;0;0;0;0
03/12/2015;05:36:00;33;Acidente com Vítima;603,5;BR-040/MG;Sul;Choque em barreira New Jersey;1;0;0;0;0;0;0;0;0;0;0;1;0;0;0
03/12/2015;13:19:00;163;Acidente sem Vítima;610,1;BR-040/MG;Norte;Abalroamento - Longitudinal;2;0;1;0;0;0;0;0;0;0;3;0;0;0;0
03/12/2015;14:03:00;175;Acidente sem Vítima;613,1;BR-040/MG;Norte;Colisão traseira;2;0;0;0;0;0;0;0;0;0;2;0;0;0;0
03/12/2015;19:28:00;274;Acidente sem Vítima;640,6;BR-040/MG;Sul;Choque com objeto fixo;1;0;0;0;0;0;0;0;0;0;2;0;0;0;0
03/12/2015;21:09:00;300;Acidente sem Vítima;643,1;BR-040/MG;Norte;Colisão traseira;0;0;2;0;0;0;0;0;0;0;2;0;0;0;0
03/12/2015;09:38:00;117;Acidente sem Vítima;651,3;BR-040/MG;Norte;Outros;0;0;3;0;0;0;0;0;0;0;3;0;0;0;0
03/12/2015;22:34:00;325;Acidente sem Vítima;95,4;BR-040/GO;Norte;Abalroamento - Longitudinal;2;0;0;0;0;0;0;0;0;0;3;0;0;0;0
03/12/2015;16:21:00;215;Acidente sem Vítima;730,1;BR-040/MG;Sul;Choque em barreira New Jersey;1;0;0;0;0;0;0;0;0;0;1;0;0;0;0
03/12/2015;20:20:00;287;Acidente sem Vítima;731,2;BR-040/MG;Sul;Outros;0;0;0;1;0;0;0;0;0;0;1;0;0;0;0
03/12/2015;17:24:00;229;Acidente sem Vítima;754,5;BR-040/MG;Norte;Outros;1;0;0;0;0;0;0;0;0;0;3;0;0;0;0
04/12/2015;06:12:00;36;Acidente com Vítima;2,3;BR-040/GO;Norte;Colisão traseira;1;0;0;1;0;0;0;0;0;0;1;1;0;0;0
04/12/2015;18:47:00;315;Acidente com Vítima;4,02;BR-040/GO;Sul;Abalroamento - Transversal;1;0;0;1;0;0;0;0;0;0;3;0;1;0;0
04/12/2015;16:08:00;263;Acidente com Vítima;7,1;BR-040/GO;Norte;Colisão traseira;0;0;1;1;0;0;0;0;0;0;2;0;1;0;0
04/12/2015;23:32:00;391;Acidente sem Vítima;376,5;BR-040/MG;Norte;Abalroamento - Transversal;1;0;1;0;0;0;0;0;0;0;6;0;0;0;0
04/12/2015;04:52:00;30;Acidente com Vítima;517,5;BR-040/MG;Norte;Capotamento;2;0;0;0;0;0;0;0;0;0;1;0;1;0;0
04/12/2015;22:49:00;379;Acidente sem Vítima;527,08;BR-040/MG;Sul;Capotamento;1;0;0;0;0;0;0;0;0;0;1;0;0;0;0
04/12/2015;23:52:00;398;Acidente sem Vítima;530,1;BR-040/MG;Sul;Outros;1;0;0;0;0;0;0;0;0;0;1;0;0;0;0
04/12/2015;07:44:00;76;Acidente sem Vítima;536,9;BR-040/MG;Sul;Colisão traseira;2;0;0;0;0;0;0;0;0;0;2;0;0;0;0
04/12/2015;16:25:00;268;Acidente com Vítima;587,1;BR-040/MG;Sul;Choque com objeto fixo;0;0;0;0;0;1;0;0;0;0;0;1;0;0;0
04/12/2015;15:52:00;261;Acidente sem Vítima;630,1;BR-040/MG;Sul;Colisão traseira;0;0;2;0;0;0;0;0;0;0;2;0;0;0;0
04/12/2015;17:19:00;288;Acidente sem Vítima;667,1;BR-040/MG;Sul;Colisão traseira;1;0;1;0;0;0;0;0;0;0;2;0;0;0;0
04/12/2015;19:10:00;321;Acidente sem Vítima;730,9;BR-040/MG;Sul;Outros;1;0;0;0;0;0;0;0;0;0;1;0;0;0;0
05/12/2015;04:42:00;40;Acidente sem Vítima;0,1;BR-040/DF;Sul;Capotamento;1;0;0;0;0;0;0;0;0;0;2;0;0;0;0
05/12/2015;20:40:00;334;Acidente sem Vítima;2,1;BR-040/GO;Sul;Colisão traseira;3;0;0;0;0;0;0;0;0;0;6;0;0;0;0
05/12/2015;15:40:00;217;Acidente sem Vítima;2,5;BR-040/DF;Sul;Abalroamento - Transversal;2;0;0;0;0;0;0;0;0;0;2;0;0;0;0
05/12/2015;07:43:00;80;Acidente com Vítima;2,95;BR-040/DF;Sul;Colisão traseira;2;0;0;0;0;0;0;0;0;0;1;0;0;0;0
05/12/2015;22:37:00;374;Acidente sem Vítima;2,8;BR-040/GO;Sul;Colisão traseira;2;0;0;0;0;0;0;0;0;0;2;0;0;0;0
05/12/2015;15:33:00;214;Acidente sem Vítima;4,8;BR-040/DF;Norte;Choque com objeto fixo;1;0;0;0;0;0;0;0;0;0;1;0;0;0;0
05/12/2015;20:46:00;339;Acidente sem Vítima;7,1;BR-040/GO;Norte;Abalroamento - Longitudinal;1;0;0;1;0;0;0;0;0;0;3;0;0;0;0
05/12/2015;07:16:00;67;Acidente sem Vítima;25;BR-040/GO;Norte;Colisão traseira;2;0;0;0;0;0;0;0;0;0;2;0;0;0;0
05/12/2015;03:27:00;32;Acidente sem Vítima;83,1;BR-040/MG;Sul;Atropelamento - Animal;1;0;0;0;0;0;0;0;0;0;3;0;0;0;0
05/12/2015;22:15:00;368;Acidente sem Vítima;413,35;BR-040/MG;Norte;Abalroamento - Longitudinal;2;0;0;0;0;0;0;0;0;0;3;0;0;0;0
05/12/2015;08:02:00;85;Acidente sem Vítima;451,799;BR-040/MG;Norte;Outros;1;0;0;0;0;0;0;0;0;0;1;0;0;0;0
05/12/2015;20:36:00;329;Acidente sem Vítima;477,67;BR-040/MG;Norte;Outros;1;0;1;0;0;0;0;0;0;0;5;0;0;0;0
05/12/2015;17:33:00;256;Acidente sem Vítima;490,2;BR-040/MG;Norte;Queda de Carga;0;0;1;0;0;0;0;0;0;0;1;0;0;0;0
05/12/2015;00:15:00;4;Acidente sem Vítima;515,02;BR-040/MG;Norte;Colisão traseira;1;0;1;0;0;0;0;0;0;0;2;0;0;0;0
05/12/2015;00:29:00;9;Acidente sem Vítima;517,1;BR-040/MG;Sul;Abalroamento - Longitudinal;2;0;0;0;0;0;0;0;0;0;5;0;0;0;0
05/12/2015;16:27:00;228;Acidente sem Vítima;518,6;BR-040/MG;Norte;Colisão traseira;2;0;0;0;0;0;0;0;0;0;2;0;0;0;0
05/12/2015;04:20:00;39;Acidente sem Vítima;531,5;BR-040/MG;Norte;Outros;1;0;0;0;0;0;0;0;0;0;1;0;0;0;0
05/12/2015;00:16:00;5;Acidente com Vítima;534,3;BR-040/MG;Sul;Choque em barreira New Jersey;1;0;0;0;0;0;0;0;0;0;1;0;1;0;0
05/12/2015;20:03:00;315;Acidente com Vítima;537,01;BR-040/MG;Norte;Choque com objeto fixo;0;0;0;1;0;0;0;0;0;0;0;0;1;0;0
05/12/2015;03:47:00;34;Acidente com Vítima;563,3;BR-040/MG;Sul;Capotamento;1;0;0;0;0;0;0;0;0;0;1;0;0;0;0
05/12/2015;00:22:00;7;Acidente sem Vítima;605,2;BR-040/MG;Sul;Outros;1;0;0;0;0;0;0;0;0;0;3;0;0;0;0
05/12/2015;18:13:00;270;Acidente sem Vítima;611,4;BR-040/MG;Norte;Choque com objeto fixo;1;0;0;0;0;0;0;0;0;0;1;0;0;0;0
05/12/2015;14:03:00;193;Acidente com Vítima;634,9;BR-040/MG;Sul;Colisão frontal;2;0;0;0;0;0;0;0;0;0;0;3;1;0;0
05/12/2015;17:07:00;249;Acidente sem Vítima;635,4;BR-040/MG;Norte;Capotamento;1;0;0;0;0;0;0;0;0;0;1;0;0;0;0
05/12/2015;14:45:00;202;Acidente com Vítima;658,045;BR-040/MG;Sul;Outros;1;0;0;0;0;0;0;0;0;0;0;0;1;0;0
05/12/2015;06:49:00;57;Acidente com Vítima;7,9;BR-040/DF;Sul;Capotamento;1;0;0;0;0;0;0;0;0;0;1;1;0;0;0
05/12/2015;20:14:00;322;Acidente sem Vítima;95,7;BR-040/GO;Sul;Abalroamento - Longitudinal;2;0;0;0;0;0;0;0;0;0;2;0;0;0;0
05/12/2015;01:20:00;18;Acidente sem Vítima;730,4;BR-040/MG;Norte;Queda de Carga;1;0;0;0;0;0;0;0;0;0;1;0;0;0;0
05/12/2015;11:00:00;146;Acidente com Vítima;129,687;BR-040/GO;Norte;Capotamento;0;0;0;1;0;0;0;0;0;0;0;1;0;0;0
05/12/2015;02:24:00;25;Acidente com Vítima;132,08;BR-040/GO;Sul;Outros;0;0;0;1;0;0;0;0;0;0;0;0;1;0;0
06/12/2015;22:17:00;306;Acidente sem Vítima;5,8;BR-040/GO;Sul;Abalroamento - Longitudinal;2;0;0;0;0;0;0;0;0;0;4;0;0;0;0
06/12/2015;00:25:00;9;Acidente com Vítima;7,5;BR-040/GO;Norte;Colisão traseira;1;0;0;1;0;0;0;0;0;0;1;0;1;0;0
06/12/2015;01:38:00;23;Acidente sem Vítima;9,443;BR-040/GO;Sul;Colisão traseira;2;0;0;0;0;0;0;0;0;0;2;0;0;0;0
06/12/2015;14:13:00;161;Acidente sem Vítima;26,7;BR-040/GO;Norte;Outros;1;0;0;0;0;0;0;0;0;0;1;0;0;0;0
06/12/2015;17:15:00;218;Acidente com Vítima;120,116;BR-040/MG;Norte;Capotamento;1;0;0;0;0;0;0;0;0;0;0;0;2;0;0
06/12/2015;23:23:00;319;Acidente sem Vítima;449,95;BR-040/MG;Sul;Colisão traseira;2;0;0;0;0;0;0;0;0;0;5;0;0;0;0
06/12/2015;06:06:00;49;Acidente com Vítima;526,82;BR-040/MG;Sul;Abalroamento - Longitudinal;2;0;0;0;0;0;0;0;0;0;2;1;0;0;0
06/12/2015;18:54:00;248;Acidente sem Vítima;627,71;BR-040/MG;Sul;Colisão traseira;2;0;0;0;0;0;0;0;0;0;4;0;0;0;0
06/12/2015;11:09:00;119;Acidente sem Vítima;692,215;BR-040/MG;Norte;Colisão traseira;2;0;0;0;0;0;0;0;0;0;2;0;0;0;0
06/12/2015;11:52:00;133;Acidente com Vítima;756,8;BR-040/MG;Sul;Outros;0;0;0;1;0;0;0;0;0;0;0;1;0;0;0
07/12/2015;16:45:00;231;Acidente sem Vítima;1,45;BR-040/GO;Sul;Outros;0;0;0;1;0;0;0;0;0;0;1;0;0;0;0
07/12/2015;10:03:00;121;Atropelamento sem Morte;2,45;BR-040/GO;Sul;Atropelamento - Pedestre atravessando;1;0;0;0;0;0;0;0;0;0;0;1;0;0;0
07/12/2015;13:24:00;183;Acidente sem Vítima;2,8;BR-040/GO;Norte;Colisão traseira;0;0;0;1;0;1;0;0;0;0;2;0;0;0;0
07/12/2015;06:27:00;39;Acidente com Vítima;4,7;BR-040/DF;Norte;Outros;0;0;0;1;0;0;0;0;0;0;0;1;0;0;0
07/12/2015;19:07:00;271;Acidente sem Vítima;7,4;BR-040/GO;Sul;Abalroamento - Longitudinal;2;0;0;0;0;0;0;0;0;0;2;0;0;0;0
07/12/2015;20:14:00;303;Atropelamento sem Morte;7,5;BR-040/GO;Sul;Atropelamento - Pedestre atravessando;0;0;0;1;0;0;0;0;0;0;0;0;2;0;0
07/12/2015;06:56:00;53;Acidente sem Vítima;9,1;BR-040/GO;Norte;Colisão traseira;1;0;1;0;0;0;0;0;0;0;2;0;0;0;0
07/12/2015;23:16:00;348;Acidente com Vítima;273,9;BR-040/MG;Sul;Outros;0;0;0;1;0;0;0;0;0;0;0;1;0;0;0
07/12/2015;22:14:00;334;Acidente com Vítima;454,8;BR-040/MG;Sul;Colisão traseira;0;0;2;0;0;0;0;0;0;0;9;1;0;0;0
07/12/2015;13:20:00;182;Acidente sem Vítima;471,7;BR-040/MG;Norte;Colisão traseira;2;0;0;0;0;0;0;0;0;0;2;0;0;0;0
07/12/2015;14:27:00;202;Acidente sem Vítima;478,516;BR-040/MG;Norte;Abalroamento - Longitudinal;1;0;0;0;1;0;0;0;0;0;2;0;0;0;0
07/12/2015;05:53:00;36;Acidente com Vítima;527,32;BR-040/MG;Sul;Choque com objeto fixo;1;0;0;0;0;0;0;0;0;0;2;2;0;0;0
07/12/2015;17:22:00;236;Acidente com Vítima;528,3;BR-040/MG;Sul;Colisão traseira;2;0;0;1;0;0;0;0;0;0;6;1;1;0;0
07/12/2015;09:32:00;108;Acidente sem Vítima;532,7;BR-040/MG;Sul;Colisão traseira;2;0;0;0;0;1;0;0;0;0;3;0;0;0;0
07/12/2015;01:16:00;12;Acidente sem Vítima;535,5;BR-040/MG;Sul;Colisão traseira;2;0;0;0;0;0;0;0;0;0;3;0;0;0;0
07/12/2015;16:16:00;221;Acidente sem Vítima;538,32;BR-040/MG;Norte;Capotamento;1;0;0;0;0;0;0;0;0;0;1;0;0;0;0
07/12/2015;17:49:00;241;Acidente sem Vítima;538,5;BR-040/MG;Sul;Colisão traseira;1;0;0;1;0;0;0;0;0;0;4;0;0;0;0
07/12/2015;12:54:00;176;Acidente com Vítima;553,3;BR-040/MG;Sul;Choque com objeto fixo;1;0;0;0;0;0;0;0;0;0;0;1;0;0;0
07/12/2015;19:10:00;273;Acidente sem Vítima;572,1;BR-040/MG;Norte;Choque em veículo parado na pista;2;0;0;0;0;0;0;0;0;0;2;0;0;0;0
07/12/2015;15:14:00;210;Acidente sem Vítima;582,1;BR-040/MG;Norte;Abalroamento - Longitudinal;2;0;0;0;0;0;0;0;0;0;2;0;0;0;0
07/12/2015;14:11:00;195;Acidente com Vítima;589,1;BR-040/MG;Norte;Colisão frontal;2;0;1;0;0;0;0;0;0;0;3;1;2;0;0
07/12/2015;15:33:00;214;Acidente sem Vítima;632,1;BR-040/MG;Sul;Abalroamento - Transversal;2;0;0;0;0;0;0;0;0;0;2;0;0;0;0
07/12/2015;17:38:00;239;Acidente sem Vítima;42,8;BR-040/GO;Norte;Queda de Carga;0;0;1;0;0;0;0;0;0;0;1;0;0;0;0
07/12/2015;19:57:00;298;Acidente com Vítima;771,05;BR-040/MG;Sul;Abalroamento - Longitudinal;2;0;0;0;0;0;0;0;0;0;2;2;0;0;0
08/12/2015;10:22:00;124;Acidente sem Vítima;0,4;BR-040/DF;Norte;Outros;0;0;0;1;0;0;0;0;0;0;1;0;0;0;0
08/12/2015;03:48:00;16;Acidente sem Vítima;1,5;BR-040/GO;Sul;Colisão traseira;2;0;0;0;0;0;0;0;0;0;2;0;0;0;0
08/12/2015;17:06:00;200;Acidente com Vítima;2,35;BR-040/DF;Sul;Choque em barreira New Jersey;0;0;0;0;0;0;0;0;0;1;0;0;1;0;0
08/12/2015;10:54:00;133;Acidente sem Vítima;3,2;BR-040/GO;Norte;Outros;1;0;0;1;0;0;0;0;0;0;2;0;0;0;0
08/12/2015;13:11:00;154;Atropelamento sem Morte;5,16;BR-040/GO;Norte;Atropelamento - Pedestre atravessando;1;0;0;0;0;0;0;0;0;0;1;1;0;0;0
08/12/2015;16:34:00;194;Acidente sem Vítima;61,68;BR-040/MG;Sul;Colisão traseira;1;0;0;0;0;1;0;0;0;0;2;0;0;0;0
08/12/2015;19:47:00;252;Acidente sem Vítima;125,4;BR-040/MG;Norte;Queda de Carga;1;0;0;0;0;0;0;0;0;0;1;0;0;0;0
08/12/2015;22:56:00;291;Acidente sem Vítima;499,2;BR-040/MG;Sul;Abalroamento - Longitudinal;1;0;0;0;0;0;0;0;0;0;3;0;0;0;0
08/12/2015;02:01:00;9;Acidente sem Vítima;527,1;BR-040/MG;Norte;Capotamento;1;0;0;0;0;0;0;0;0;0;1;0;0;0;0
08/12/2015;14:56:00;175;Acidente com Vítima;530,5;BR-040/MG;Sul;Colisão traseira;4;0;0;1;0;0;0;0;0;0;10;0;1;0;0
08/12/2015;13:46:00;161;Acidente sem Vítima;532,6;BR-040/MG;Norte;Colisão traseira;2;0;0;0;0;0;0;0;0;0;5;0;0;0;0
08/12/2015;02:48:00;14;Acidente sem Vítima;546,5;BR-040/MG;Sul;Choque em barreira New Jersey;1;0;0;0;0;0;0;0;0;0;1;0;0;0;0