data;horario;n_da_ocorrencia;tipo_de_ocorrencia;km;trecho;sentido;tipo_de_acidente;automovel;bicicleta;caminhao;moto;onibus;outros;tracao_animal;transporte_de_cargas_especiais;trator_maquinas;utilitarios;ilesos;levemente_feridos;moderadamente_feridos;gravemente_feridos;mortos
19/12/2015;19:33:00;304;Acidente sem Vítima;460,3;BR-040/MG;Sul;Choque com objeto fixo;1;0;0;0;0;0;0;0;0;0;4;0;0;0;0
19/12/2015;05:00:00;43;Acidente sem Vítima;462,1;BR-040/MG;Norte;Colisão traseira;1;0;1;0;0;0;0;0;0;0;4;0;0;0;0
19/12/2015;11:47:00;168;Acidente com Vítima;489,8;BR-040/MG;Sul;Capotamento;1;0;0;0;0;0;0;0;0;0;0;1;0;0;0
19/12/2015;14:25:00;208;Acidente sem Vítima;502,1;BR-040/MG;Norte;Queda de Carga;1;0;0;0;0;0;0;0;0;0;1;0;0;0;0
19/12/2015;14:20:00;205;Acidente sem Vítima;510,3;BR-040/MG;Norte;Colisão traseira;2;0;0;0;0;0;0;0;0;0;2;0;0;0;0
19/12/2015;21:44:00;338;Acidente sem Vítima;512,5;BR-040/MG;Sul;Capotamento;1;0;0;0;0;0;0;0;0;0;1;0;0;0;0
19/12/2015;11:58:00;171;Acidente sem Vítima;518,01;BR-040/MG;Norte;Colisão frontal;2;0;0;0;0;0;0;0;0;0;5;0;0;0;0
19/12/2015;12:39:00;183;Acidente sem Vítima;520,7;BR-040/MG;Norte;Colisão traseira;4;0;0;0;0;0;0;0;0;0;11;0;0;0;0
19/12/2015;18:57:00;288;Acidente sem Vítima;522,3;BR-040/MG;Sul;Outros;1;0;0;0;0;0;0;0;0;0;3;0;0;0;0
19/12/2015;12:18:00;179;Acidente com Vítima;562,45;BR-040/MG;Sul;Colisão traseira;1;0;0;1;0;0;0;0;0;0;1;1;0;0;0
19/12/2015;11:38:00;166;Acidente sem Vítima;563,3;BR-040/MG;Norte;Capotamento;1;0;0;0;0;0;0;0;0;0;1;0;0;0;0
19/12/2015;11:07:00;155;Acidente com Vítima;663,699;BR-040/MG;Sul;Abalroamento - Transversal;0;0;0;3;0;0;0;0;0;0;2;1;0;0;0
19/12/2015;08:55:00;112;Acidente sem Vítima;704,4;BR-040/MG;Sul;Choque em barreira New Jersey;1;0;0;0;0;0;0;0;0;0;2;0;0;0;0
20/12/2015;21:54:00;301;Acidente sem Vítima;2,8;BR-040/GO;Sul;Capotamento;1;0;0;0;0;0;0;0;0;0;1;0;0;0;0
20/12/2015;20:15:00;279;Acidente sem Vítima;3,1;BR-040/DF;Norte;Capotamento;2;0;0;0;0;0;0;0;0;0;5;0;0;0;0
20/12/2015;17:09:00;215;Acidente sem Vítima;3,1;BR-040/GO;Norte;Colisão traseira;2;0;0;0;0;0;0;0;0;0;2;0;0;0;0
20/12/2015;17:05:00;212;Acidente com Vítima;4,6;BR-040/GO;Sul;Colisão traseira;1;0;0;1;0;0;0;0;0;0;1;2;0;0;0
20/12/2015;17:36:00;223;Acidente sem Vítima;4,9;BR-040/GO;Sul;Colisão traseira;2;0;0;0;0;0;0;0;0;0;3;0;0;0;0
20/12/2015;12:29:00;127;Acidente sem Vítima;21,2;BR-040/GO;Sul;Colisão traseira;1;0;0;1;0;0;0;0;0;0;2;0;0;0;0
20/12/2015;21:12:00;291;Atropelamento sem Morte;343,6;BR-040/MG;Sul;Atropelamento - Pedestre atravessando;0;0;0;0;0;0;0;0;0;0;0;0;1;0;0
20/12/2015;07:15:00;65;Acidente com Vítima;425,37;BR-040/MG;Sul;Outros;1;0;0;0;0;0;0;0;0;0;2;1;0;0;0
20/12/2015;17:04:00;213;Acidente sem Vítima;445,3;BR-040/MG;Norte;Capotamento;1;0;0;0;0;0;0;0;0;0;1;0;0;0;0
20/12/2015;17:36:00;224;Acidente sem Vítima;448,2;BR-040/MG;Norte;Colisão traseira;2;0;0;0;0;0;0;0;0;0;7;0;0;0;0
20/12/2015;17:21:00;219;Acidente com Vítima;449,9;BR-040/MG;Norte;Queda de Carga;0;0;1;0;0;0;0;0;0;0;2;0;1;0;0
20/12/2015;15:43:00;177;Acidente com Vítima;461,14;BR-040/MG;Sul;Colisão traseira;1;0;1;0;0;0;0;0;0;0;3;1;0;0;0
20/12/2015;15:40:00;176;Acidente sem Vítima;473,1;BR-040/MG;Sul;Outros;1;0;0;0;0;0;0;0;0;0;1;0;0;0;0
20/12/2015;17:49:00;232;Acidente sem Vítima;515,2;BR-040/MG;Norte;Colisão traseira;2;0;0;0;0;0;0;0;0;0;4;0;0;0;0
20/12/2015;16:07:00;189;Acidente sem Vítima;515,5;BR-040/MG;Norte;Colisão traseira;2;0;0;0;0;0;0;0;0;0;2;0;0;0;0
20/12/2015;06:54:00;55;Acidente com Vítima;516,37;BR-040/MG;Norte;Outros;1;0;0;0;0;0;0;0;0;0;3;1;0;0;0
20/12/2015;15:28:00;170;Acidente sem Vítima;527,1;BR-040/MG;Sul;Capotamento;1;0;0;0;0;0;0;0;0;0;1;0;0;0;0
20/12/2015;04:06:00;31;Acidente sem Vítima;533,1;BR-040/MG;Norte;Capotamento;1;0;0;0;0;0;0;0;0;0;1;0;0;0;0
20/12/2015;16:04:00;186;Acidente sem Vítima;533,7;BR-040/MG;Sul;Outros;1;0;0;0;0;0;0;0;0;0;3;0;0;0;0
20/12/2015;02:43:00;23;Acidente sem Vítima;534,5;BR-040/MG;Sul;Colisão traseira;2;0;0;0;0;0;0;0;0;0;2;0;0;0;0
20/12/2015;23:45:00;327;Acidente com Vítima;535,5;BR-040/MG;Sul;Choque em barreira New Jersey;1;0;0;0;0;0;0;0;0;0;0;0;1;1;0
20/12/2015;16:05:00;188;Acidente sem Vítima;538,4;BR-040/MG;Norte;Choque em barreira New Jersey;1;0;0;0;0;0;0;0;0;0;1;0;0;0;0
20/12/2015;03:38:00;28;Acidente sem Vítima;549,5;BR-040/MG;Norte;Choque com objeto fixo;1;0;0;0;0;0;0;0;0;0;1;0;0;0;0
20/12/2015;18:49:00;251;Acidente com Morte;570,6;BR-040/MG;Norte;Abalroamento - Longitudinal;1;0;1;0;0;0;0;0;0;0;13;0;3;0;1
20/12/2015;14:46:00;157;Acidente sem Vítima;575,321;BR-040/MG;Sul;Colisão traseira;2;0;0;0;0;0;0;0;0;0;2;0;0;0;0
20/12/2015;04:47:00;33;Acidente sem Vítima;624,9;BR-040/MG;Norte;Outros;1;0;0;0;0;0;0;0;0;0;1;0;0;0;0
20/12/2015;15:58:00;184;Acidente sem Vítima;667,699;BR-040/MG;Norte;Colisão traseira;1;0;1;0;0;0;0;0;0;0;2;0;0;0;0
20/12/2015;22:59:00;316;Acidente sem Vítima;670,2;BR-040/MG;Norte;Choque com objeto fixo;1;0;0;0;0;0;0;0;0;0;1;0;0;0;0
20/12/2015;20:43:00;284;Acidente sem Vítima;681,3;BR-040/MG;Sul;Choque com objeto fixo;1;0;0;0;0;0;0;0;0;0;1;0;0;0;0
20/12/2015;19:27:00;263;Acidente com Vítima;695,3;BR-040/MG;Norte;Capotamento;2;0;0;0;0;0;0;0;0;0;1;0;2;0;0
20/12/2015;19:22:00;261;Acidente com Vítima;715,6;BR-040/MG;Norte;Abalroamento - Longitudinal;1;0;1;0;0;0;0;0;0;0;1;1;0;0;0
20/12/2015;21:23:00;295;Acidente sem Vítima;729,95;BR-040/MG;Norte;Choque com objeto fixo;1;0;0;0;0;0;0;0;0;0;3;0;0;0;0
20/12/2015;19:29:00;264;Acidente sem Vítima;738,7;BR-040/MG;Sul;Choque em barreira New Jersey;1;0;0;0;0;0;0;0;0;0;1;0;0;0;0
21/12/2015;18:11:00;292;Acidente com Vítima;0,6;BR-040/GO;Sul;Abalroamento - Longitudinal;0;0;0;2;0;0;0;0;0;0;1;1;0;0;0
21/12/2015;00:20:00;4;Acidente sem Vítima;6,9;BR-040/GO;Sul;Atropelamento - Animal;1;0;0;0;0;0;0;0;0;0;2;0;0;0;0
21/12/2015;16:55:00;268;Acidente com Morte;345,95;BR-040/MG;Sul;Choque com objeto fixo;1;0;0;0;0;0;0;0;0;0;0;0;1;0;1
21/12/2015;07:59:00;86;Acidente sem Vítima;525,5;BR-040/MG;Norte;Abalroamento - Longitudinal;1;0;1;0;0;0;0;0;0;0;2;0;0;0;0
21/12/2015;15:15:00;239;Acidente com Vítima;564,01;BR-040/MG;Norte;Abalroamento - Longitudinal;2;0;0;0;0;0;0;0;0;0;3;2;0;0;0
21/12/2015;20:34:00;348;Acidente com Vítima;607,873;BR-040/MG;Norte;Abalroamento - Transversal;1;0;1;0;0;0;0;0;0;0;1;1;0;0;0
21/12/2015;11:22:00;174;Acidente sem Vítima;38,3;BR-040/GO;Norte;Abalroamento - Longitudinal;2;0;0;0;0;0;0;0;0;0;2;0;0;0;0
21/12/2015;07:26:00;69;Atropelamento sem Morte;7,4;BR-040/DF;Sul;Atropelamento - Pedestre atravessando;0;0;0;0;0;0;0;0;0;0;0;0;0;0;0
21/12/2015;14:46:00;231;Acidente sem Vítima;705,1;BR-040/MG;Sul;Choque com objeto fixo;1;0;0;0;0;0;0;0;0;0;1;0;0;0;0
21/12/2015;07:16:00;65;Acidente sem Vítima;727,3;BR-040/MG;Sul;Queda de Carga;0;0;1;0;0;0;0;0;0;0;1;0;0;0;0
21/12/2015;08:51:00;110;Acidente sem Vítima;771,5;BR-040/MG;Norte;Abalroamento - Transversal;1;0;1;0;0;0;0;0;0;0;2;0;0;0;0
22/12/2015;00:29:00;7;Acidente com Vítima;1,3;BR-040/GO;Sul;Colisão traseira;4;0;0;0;0;0;0;0;0;0;5;1;0;0;0
22/12/2015;18:39:00;298;Acidente sem Vítima;1,5;BR-040/GO;Sul;Abalroamento - Longitudinal;1;0;1;0;0;0;0;0;0;0;3;0;0;0;0
22/12/2015;22:34:00;349;Acidente com Vítima;11,05;BR-040/GO;Sul;Colisão traseira;4;0;0;0;0;0;0;0;0;0;9;1;0;0;0
22/12/2015;06:48:00;55;Acidente sem Vítima;144;BR-040/MG;Sul;Colisão traseira;2;0;0;0;0;0;0;0;0;0;2;0;0;0;0
22/12/2015;12:12:00;172;Acidente sem Vítima;147;BR-040/MG;Sul;Colisão traseira;1;0;1;0;0;0;0;0;0;0;2;0;0;0;0
22/12/2015;20:09:00;321;Acidente sem Vítima;476,35;BR-040/MG;Sul;Choque com objeto fixo;1;0;1;1;0;0;0;0;0;0;3;0;0;0;0
22/12/2015;15:03:00;221;Acidente sem Vítima;512,6;BR-040/MG;Norte;Colisão traseira;1;0;1;0;0;0;0;0;0;0;2;0;0;0;0
22/12/2015;15:02:00;219;Acidente sem Vítima;522,5;BR-040/MG;Norte;Outros;0;0;0;1;0;0;0;0;0;0;1;0;0;0;0
22/12/2015;09:38:00;117;Acidente sem Vítima;538,7;BR-040/MG;Norte;Abalroamento - Longitudinal;1;0;1;0;0;0;0;0;0;0;2;0;0;0;0
22/12/2015;08:59:00;102;Atropelamento sem Morte;65,5;BR-040/GO;Sul;Atropelamento - Pedestre caminhando;0;0;0;0;0;0;0;0;0;0;0;0;1;0;0
22/12/2015;23:07:00;355;Atropelamento com Morte;733,16;BR-040/MG;Sul;Atropelamento - Pedestre caminhando;0;0;1;0;0;0;0;0;0;0;1;0;0;0;1
23/12/2015;18:27:00;309;Acidente sem Vítima;0,5;BR-040/GO;Norte;Abalroamento - Transversal;1;0;0;1;0;0;0;0;0;0;2;0;0;0;0
23/12/2015;17:00:00;279;Acidente sem Vítima;0,99;BR-040/GO;Sul;Colisão traseira;2;0;0;0;0;0;0;0;0;0;2;0;0;0;0
23/12/2015;16:46:00;273;Atropelamento sem Morte;1,3;BR-040/GO;Sul;Atropelamento - Pedestre atravessando;0;0;0;1;0;0;0;0;0;0;1;0;1;0;0
23/12/2015;11:32:00;176;Acidente com Vítima;2,3;BR-040/MG;Norte;Capotamento;1;0;0;1;0;0;0;0;0;0;1;1;0;0;0
23/12/2015;21:28:00;362;Acidente sem Vítima;2,5;BR-040/MG;Sul;Abalroamento - Transversal;2;0;0;0;0;0;0;0;0;0;3;0;0;0;0
23/12/2015;10:24:00;145;Acidente sem Vítima;3,6;BR-040/GO;Norte;Colisão traseira;2;0;1;0;0;0;0;0;0;0;3;0;0;0;0
23/12/2015;08:00:00;84;Atropelamento com Morte;6,8;BR-040/DF;Sul;Atropelamento - Pedestre atravessando;1;0;0;0;0;0;0;0;0;0;1;1;0;0;1
23/12/2015;08:17:00;92;Acidente sem Vítima;36,1;BR-040/MG;Norte;Colisão traseira;2;0;0;0;0;0;0;0;0;0;2;0;0;0;0
23/12/2015;05:50:00;39;Acidente com Vítima;14,1;BR-040/GO;Norte;Colisão traseira;1;0;1;0;1;0;0;0;0;0;3;2;0;0;0
23/12/2015;20:50:00;353;Acidente sem Vítima;21,5;BR-040/GO;Norte;Colisão frontal;2;0;0;0;0;0;0;0;0;0;2;0;0;0;0
23/12/2015;06:25:00;43;Acidente sem Vítima;108,3;BR-040/MG;Norte;Abalroamento - Longitudinal;2;0;0;0;0;0;0;0;0;0;2;0;0;0;0
23/12/2015;22:32:00;377;Acidente sem Vítima;162,3;BR-040/MG;Norte;Abalroamento - Transversal;3;0;0;0;0;0;0;0;0;0;5;0;0;0;0
23/12/2015;20:09:00;344;Atropelamento sem Morte;278,5;BR-040/MG;Norte;Atropelamento - Pedestre atravessando;1;0;0;0;0;0;0;0;0;0;1;0;1;0;0
23/12/2015;08:09:00;87;Acidente sem Vítima;429,24;BR-040/MG;Norte;Outros;1;0;0;0;0;0;0;0;0;0;1;0;0;0;0
23/12/2015;16:54:00;277;Acidente com Vítima;433,5;BR-040/MG;Norte;Capotamento;1;0;0;0;0;0;0;0;0;0;1;1;1;0;0
23/12/2015;21:27:00;360;Acidente sem Vítima;511,1;BR-040/MG;Norte;Choque com objeto fixo;1;0;0;0;1;0;0;0;0;0;19;0;0;0;0
23/12/2015;13:39:00;215;Acidente com Vítima;513,2;BR-040/MG;Norte;Colisão traseira;3;0;0;0;0;0;0;0;0;0;3;2;0;0;0
23/12/2015;09:32:00;128;Acidente sem Vítima;519,02;BR-040/MG;Norte;Capotamento;1;0;0;0;0;0;0;0;0;0;3;0;0;0;0
23/12/2015;16:35:00;271;Acidente sem Vítima;520,42;BR-040/MG;Norte;Colisão traseira;3;0;0;0;0;0;0;0;0;0;6;0;0;0;0
23/12/2015;06:45:00;56;Acidente sem Vítima;521,17;BR-040/MG;Norte;Outros;0;0;0;1;0;0;0;0;0;0;1;0;0;0;0
23/12/2015;12:50:00;201;Acidente sem Vítima;526,4;BR-040/MG;Norte;Colisão traseira;0;0;2;0;0;0;0;0;0;0;2;0;0;0;0
23/12/2015;11:43:00;180;Acidente sem Vítima;567,15;BR-040/MG;Sul;Colisão traseira;1;0;1;0;0;0;0;0;0;0;2;0;0;0;0
23/12/2015;15:29:00;253;Acidente sem Vítima;618,55;BR-040/MG;Norte;Capotamento;1;0;0;0;0;0;0;0;0;0;1;0;0;0;0
23/12/2015;18:20:00;305;Acidente sem Vítima;626,27;BR-040/MG;Norte;Colisão traseira;2;0;0;0;0;0;0;0;0;0;2;0;0;0;0
23/12/2015;00:53:00;10;Acidente sem Vítima;73,4;BR-040/GO;Norte;Choque em defensa;1;0;0;0;0;0;0;0;0;0;4;0;0;0;0
23/12/2015;13:59:00;223;Acidente com Vítima;706,447;BR-040/MG;Norte;Capotamento;1;0;0;0;0;0;0;0;0;0;0;1;0;0;0
24/12/2015;14:08:00;162;Acidente sem Vítima;0,3;BR-040/GO;Sul;Colisão traseira;2;0;0;0;0;0;0;0;0;0;2;0;0;0;0
24/12/2015;12:42:00;144;Acidente sem Vítima;1,5;BR-040/GO;Sul;Abalroamento - Longitudinal;1;0;0;1;0;0;0;0;0;0;2;0;0;0;0
24/12/2015;20:06:00;279;Acidente com Vítima;2,2;BR-040/GO;Norte;Abalroamento - Longitudinal;2;0;0;0;0;0;0;0;0;0;3;1;0;0;0
24/12/2015;18:55:00;244;Acidente sem Vítima;2,7;BR-040/GO;Norte;Colisão traseira;2;0;0;0;0;0;0;0;0;0;2;0;0;0;0
24/12/2015;13:01:00;149;Acidente sem Vítima;6,6;BR-040/GO;Norte;Abalroamento - Transversal;2;0;0;0;0;0;0;0;0;0;3;0;0;0;0
24/12/2015;09:51:00;105;Acidente sem Vítima;14,7;BR-040/MG;Sul;Capotamento;1;0;0;0;0;0;0;0;0;0;5;0;0;0;0
24/12/2015;16:31:00;203;Acidente sem Vítima;36,8;BR-040/MG;Sul;Colisão traseira;3;0;0;0;0;0;0;0;0;0;3;0;0;0;0
24/12/2015;10:44:00;114;Acidente com Vítima;43,9;BR-040/MG;Norte;Outros;0;0;0;1;0;0;0;0;0;0;0;1;0;0;0
24/12/2015;08:24:00;80;Acidente com Vítima;92,1;BR-040/MG;Sul;Capotamento;1;0;0;0;0;0;0;0;0;0;4;3;0;0;0
24/12/2015;03:30:00;31;Acidente com Vítima;342,6;BR-040/MG;Norte;Choque com objeto fixo;1;0;0;0;0;0;0;0;0;0;2;0;1;1;0
24/12/2015;21:35:00;303;Acidente com Vítima;424,9;BR-040/MG;Sul;Capotamento;1;0;0;0;0;0;0;0;0;0;0;2;0;0;0
24/12/2015;14:34:00;169;Acidente sem Vítima;462,92;BR-040/MG;Norte;Colisão traseira;2;0;0;0;0;0;0;0;0;0;2;0;0;0;0
24/12/2015;21:29:00;301;Acidente sem Vítima;490,5;BR-040/MG;Sul;Outros;1;0;0;0;0;0;0;0;0;0;5;0;0;0;0
24/12/2015;20:00:00;275;Acidente sem Vítima;514,1;BR-040/MG;Norte;Outros;0;0;0;1;0;0;0;0;0;0;1;0;0;0;0
24/12/2015;11:39:00;133;Acidente sem Vítima;615,858;BR-040/MG;Sul;Colisão traseira;3;0;0;0;0;0;0;0;0;0;3;0;0;0;0
24/12/2015;07:35:00;68;Acidente sem Vítima;623,654;BR-040/MG;Sul;Abalroamento - Longitudinal;2;0;0;0;0;0;0;0;0;0;3;0;0;0;0
24/12/2015;12:02:00;138;Acidente com Vítima;765,66;BR-040/MG;Norte;Abalroamento - Transversal;2;0;0;0;0;0;0;0;0;0;2;0;1;0;0
25/12/2015;21:17:00;242;Acidente com Vítima;41,6;BR-040/MG;Sul;Outros;0;0;0;1;0;0;0;0;0;0;0;1;0;0;0
25/12/2015;06:23:00;45;Acidente sem Vítima;17,1;BR-040/GO;Sul;Queda de Carga;1;0;0;0;0;0;0;0;0;0;1;0;0;0;0
25/12/2015;18:55:00;207;Atropelamento sem Morte;343,3;BR-040/MG;Norte;Atropelamento - Pedestre caminhando;1;0;0;0;0;0;0;0;0;0;0;1;0;0;0
25/12/2015;13:31:00;127;Acidente sem Vítima;533,1;BR-040/MG;Sul;Colisão traseira;3;0;0;0;0;0;0;0;0;0;10;0;0;0;0
25/12/2015;15:23:00;150;Acidente com Vítima;533,276;BR-040/MG;Norte;Capotamento;1;0;1;0;0;0;0;0;0;0;1;0;0;0;0
25/12/2015;09:26:00;88;Acidente com Vítima;553,1;BR-040/MG;Sul;Outros;0;0;0;0;0;0;0;1;0;0;0;0;0;0;0
25/12/2015;13:52:00;132;Acidente com Vítima;625,001;BR-040/MG;Sul;Capotamento;1;0;0;0;0;0;0;0;0;0;1;3;0;0;0
25/12/2015;15:50:00;158;Acidente sem Vítima;647,8;BR-040/MG;Norte;Colisão frontal;2;0;0;0;0;0;0;0;0;0;2;0;0;0;0
25/12/2015;11:35:00;113;Acidente sem Vítima;40,1;BR-040/GO;Norte;Outros;1;0;0;0;0;0;0;0;0;0;1;0;0;0;0
25/12/2015;14:53:00;146;Acidente sem Vítima;683,002;BR-040/MG;Norte;Colisão traseira;2;0;0;0;0;0;0;0;0;0;2;0;0;0;0
25/12/2015;19:17:00;213;Acidente sem Vítima;692,8;BR-040/MG;Sul;Colisão traseira;1;0;0;1;0;0;0;0;0;0;3;0;0;0;0
25/12/2015;20:15:00;227;Acidente sem Vítima;722,4;BR-040/MG;Norte;Atropelamento - Animal;1;0;0;0;0;0;0;0;0;0;2;0;0;0;0
26/12/2015;11:25:00;111;Acidente com Vítima;1,3;BR-040/GO;Sul;Outros;0;0;0;1;0;0;0;0;0;0;0;0;1;0;0
26/12/2015;17:47:00;229;Acidente sem Vítima;5,05;BR-040/DF;Sul;Colisão traseira;2;0;0;0;0;0;0;0;0;0;3;0;0;0;0
26/12/2015;06:30:00;30;Acidente com Vítima;7,004;BR-040/GO;Norte;Outros;1;0;0;0;0;0;0;0;0;0;0;2;2;0;0
26/12/2015;00:54:00;7;Acidente com Vítima;26,1;BR-040/GO;Norte;Capotamento;1;0;0;0;0;0;0;0;0;0;1;0;1;0;0
26/12/2015;10:05:00;91;Acidente com Vítima;476,5;BR-040/MG;Norte;Outros;0;0;0;1;0;0;0;0;0;0;1;1;0;0;0
26/12/2015;11:13:00;112;Acidente sem Vítima;487;BR-040/MG;Norte;Colisão traseira;2;0;0;0;0;0;0;0;0;0;5;0;0;0;0
26/12/2015;15:17:00;177;Acidente com Vítima;515,285;BR-040/MG;Sul;Colisão traseira;1;0;0;1;0;0;0;0;0;0;1;1;0;0;0
26/12/2015;05:03:00;20;Acidente sem Vítima;524,32;BR-040/MG;Sul;Abalroamento - Longitudinal;1;0;0;0;1;0;0;0;0;0;3;0;0;0;0
26/12/2015;14:43:00;160;Acidente sem Vítima;560;BR-040/MG;Sul;Colisão traseira;2;0;0;0;0;0;0;0;0;0;2;0;0;0;0
26/12/2015;13:01:00;133;Acidente sem Vítima;562,2;BR-040/MG;Sul;Queda de Carga;1;0;0;0;0;0;0;0;0;0;2;0;0;0;0
26/12/2015;20:27:00;282;Acidente sem Vítima;566,88;BR-040/MG;Sul;Choque com objeto fixo;1;0;0;0;0;0;0;0;0;0;1;0;0;0;0
26/12/2015;12:32:00;128;Acidente sem Vítima;592,5;BR-040/MG;Norte;Choque em barreira New Jersey;1;0;0;0;0;0;0;0;0;0;1;0;0;0;0
26/12/2015;09:47:00;83;Acidente com Vítima;601,001;BR-040/MG;Norte;Abalroamento - Longitudinal;2;0;0;0;0;0;0;0;0;0;3;2;0;0;0
26/12/2015;14:54:00;167;Acidente com Vítima;97,1;BR-040/GO;Norte;Outros;1;0;0;0;0;0;0;0;0;0;0;1;0;0;0
26/12/2015;17:26:00;223;Acidente sem Vítima;727,1;BR-040/MG;Sul;Choque em barreira New Jersey;1;0;0;0;0;0;0;0;0;0;3;0;0;0;0
26/12/2015;16:11:00;197;Acidente com Vítima;728,501;BR-040/MG;Sul;Outros;1;0;0;0;0;0;0;0;0;0;1;1;3;0;0
27/12/2015;23:43:00;334;Acidente com Vítima;0,2;BR-040/GO;Norte;Outros;0;0;0;1;0;0;0;0;0;0;0;1;0;0;0
27/12/2015;16:22:00;209;Acidente sem Vítima;3,2;BR-040/DF;Sul;Outros;0;0;0;1;0;0;0;0;0;0;1;0;0;0;0
27/12/2015;16:37:00;216;Acidente com Vítima;3,1;BR-040/GO;Norte;Colisão traseira;2;0;0;0;0;0;0;0;0;0;2;1;0;0;0
27/12/2015;14:23:00;163;Acidente sem Vítima;18,1;BR-040/MG;Norte;Colisão traseira;2;0;0;0;0;0;0;0;0;0;2;0;0;0;0
27/12/2015;23:38:00;332;Acidente com Vítima;462,51;BR-040/MG;Sul;Capotamento;1;0;0;0;0;0;0;0;0;0;0;0;1;0;0
27/12/2015;06:29:00;36;Acidente com Morte;463,92;BR-040/MG;Norte;Choque com objeto fixo;1;0;0;0;0;0;0;0;0;0;0;0;0;0;1
27/12/2015;15:10:00;182;Acidente sem Vítima;483,05;BR-040/MG;Norte;Capotamento;1;0;0;0;0;0;0;0;0;0;1;0;0;0;0
27/12/2015;19:21:00;270;Acidente sem Vítima;506,9;BR-040/MG;Sul;Colisão traseira;4;0;0;0;0;0;0;0;0;0;13;0;0;0;0
27/12/2015;16:55:00;222;Acidente com Vítima;511,2;BR-040/MG;Sul;Colisão traseira;4;0;0;0;0;0;0;0;0;0;8;1;0;0;0
27/12/2015;16:13:00;204;Acidente sem Vítima;523,4;BR-040/MG;Sul;Outros;0;0;0;1;0;0;0;0;0;0;1;0;0;0;0
27/12/2015;18:27:00;247;Acidente sem Vítima;563,3;BR-040/MG;Norte;Colisão traseira;1;0;0;0;1;0;0;0;0;0;53;0;0;0;0
27/12/2015;09:10:00;75;Acidente com Morte;581,825;BR-040/MG;Sul;Colisão frontal;3;0;0;0;0;0;0;0;0;0;2;2;4;0;1
27/12/2015;17:08:00;229;Acidente sem Vítima;717,523;BR-040/MG;Norte;Choque em barreira New Jersey;1;0;0;0;0;0;0;0;0;0;1;0;0;0;0
27/12/2015;15:12:00;184;Acidente com Vítima;731,1;BR-040/MG;Norte;Capotamento;1;0;0;0;0;0;0;0;0;0;0;1;1;0;0
28/12/2015;21:36:00;323;Acidente sem Vítima;3,8;BR-040/DF;Norte;Choque em barreira New Jersey;1;0;0;0;0;0;0;0;0;0;1;0;0;0;0
28/12/2015;04:34:00;24;Acidente com Vítima;3,7;BR-040/GO;Norte;Outros;0;0;0;1;0;0;0;0;0;0;0;1;0;0;0
28/12/2015;12:37:00;155;Acidente sem Vítima;7,8;BR-040/GO;Norte;Colisão traseira;1;0;0;1;0;0;0;0;0;0;2;0;0;0;0
28/12/2015;07:42:00;66;Acidente sem Vítima;23,3;BR-040/GO;Norte;Outros;0;0;0;1;0;0;0;0;0;0;1;0;0;0;0
28/12/2015;05:21:00;30;Acidente sem Vítima;77,2;BR-040/MG;Sul;Capotamento;1;0;0;0;0;0;0;0;0;0;1;0;0;0;0
28/12/2015;15:06:00;197;Acidente sem Vítima;25,3;BR-040/GO;Norte;Colisão traseira;2;0;1;0;0;0;0;0;0;0;3;0;0;0;0
28/12/2015;07:22:00;56;Acidente sem Vítima;123,1;BR-040/MG;Sul;Capotamento;1;0;0;0;0;0;0;0;0;0;1;0;0;0;0
28/12/2015;09:12:00;92;Acidente sem Vítima;454,55;BR-040/MG;Norte;Abalroamento - Longitudinal;2;0;0;0;0;0;0;0;0;0;5;0;0;0;0
28/12/2015;15:25:00;203;Acidente sem Vítima;476,06;BR-040/MG;Sul;Abalroamento - Longitudinal;1;0;1;0;0;0;0;0;0;0;3;0;0;0;0
28/12/2015;15:14:00;199;Acidente com Vítima;533,05;BR-040/MG;Norte;Abalroamento - Longitudinal;2;0;0;0;0;0;0;0;0;0;1;1;0;0;0
28/12/2015;07:32:00;59;Acidente sem Vítima;551,68;BR-040/MG;Sul;Outros;0;0;0;1;0;0;0;0;0;0;2;0;0;0;0
28/12/2015;20:42:00;307;Atropelamento sem Morte;611,4;BR-040/MG;Sul;Atropelamento - Pedestre atravessando;1;0;0;0;0;0;0;0;0;0;1;0;0;1;0
28/12/2015;08:36:00;80;Acidente sem Vítima;647,188;BR-040/MG;Norte;Outros;0;0;0;1;0;0;0;0;0;0;1;0;0;0;0
28/12/2015;18:55:00;278;Acidente sem Vítima;7,8;BR-040/DF;Sul;Colisão traseira;2;0;0;0;0;0;0;0;0;0;3;0;0;0;0
28/12/2015;03:35:00;19;Acidente com Vítima;671,3;BR-040/MG;Sul;Capotamento;1;0;0;0;0;0;0;0;0;0;0;0;1;0;0
28/12/2015;07:50:00;70;Acidente com Vítima;716,7;BR-040/MG;Norte;Capotamento;1;0;0;0;0;0;0;0;0;0;0;0;0;0;0
28/12/2015;00:29:00;5;Acidente com Vítima;751,1;BR-040/MG;Sul;Choque com objeto fixo;1;0;0;0;0;0;0;0;0;0;1;0;1;0;0
29/12/2015;06:12:00;183;Acidente sem Vítima;4,3;BR-040/DF;Sul;Choque em barreira New Jersey;1;0;0;0;0;0;0;0;0;0;1;0;0;0;0
29/12/2015;15:26:00;427;Acidente sem Vítima;6,8;BR-040/GO;Norte;Colisão traseira;2;0;0;0;0;0;0;0;0;0;2;0;0;0;0