data;horario;n_da_ocorrencia;tipo_de_ocorrencia;km;trecho;sentido;tipo_de_acidente;automovel;bicicleta;caminhao;moto;onibus;outros;tracao_animal;transporte_de_cargas_especiais;trator_maquinas;utilitarios;ilesos;levemente_feridos;moderadamente_feridos;gravemente_feridos;mortos
29/12/2015;09:45:00;272;Acidente sem Vítima;27,3;BR-040/MG;Sul;Atropelamento - Animal;1;0;0;0;0;0;0;0;0;0;1;0;0;0;0
29/12/2015;11:21:00;331;Acidente com Vítima;349,155;BR-040/MG;Norte;Outros;0;0;0;1;0;0;0;0;0;0;1;2;0;0;0
29/12/2015;06:05:00;182;Acidente com Vítima;491,001;BR-040/MG;Norte;Capotamento;1;0;0;0;0;0;0;0;0;0;2;0;1;0;0
29/12/2015;11:54:00;347;Acidente sem Vítima;523,1;BR-040/MG;Norte;Abalroamento - Longitudinal;1;0;0;1;0;0;0;0;0;0;2;0;0;0;0
29/12/2015;11:41:00;342;Acidente sem Vítima;529,1;BR-040/MG;Norte;Colisão traseira;2;0;0;0;0;0;0;0;0;0;3;0;0;0;0
29/12/2015;15:21:00;423;Acidente sem Vítima;530,4;BR-040/MG;Sul;Colisão traseira;3;0;0;0;0;0;0;0;0;0;8;0;0;0;0
29/12/2015;18:38:00;484;Acidente sem Vítima;543,8;BR-040/MG;Norte;Outros;0;0;0;0;0;0;0;0;0;0;0;0;0;0;0
29/12/2015;20:29:00;516;Atropelamento com Morte;741,55;BR-040/MG;Norte;Atropelamento - Pedestre atravessando;0;0;0;0;0;0;0;0;0;0;0;0;0;0;1
30/12/2015;15:30:00;331;Acidente sem Vítima;1,8;BR-040/GO;Sul;Colisão traseira;3;0;0;0;0;0;0;0;0;0;9;0;0;0;0
30/12/2015;17:59:00;401;Acidente sem Vítima;5,5;BR-040/DF;Norte;Colisão traseira;2;0;0;0;0;0;0;0;0;0;3;0;0;0;0
30/12/2015;10:12:00;225;Acidente com Morte;6,3;BR-040/GO;Norte;Queda de Carga;0;0;1;0;0;0;0;0;0;0;1;0;0;0;1
30/12/2015;15:38:00;334;Acidente com Vítima;24,05;BR-040/GO;Sul;Abalroamento - Transversal;1;0;0;1;0;0;0;0;0;0;1;0;2;0;0
30/12/2015;11:04:00;244;Acidente com Vítima;118,8;BR-040/MG;Norte;Abalroamento - Transversal;2;0;0;0;0;0;0;0;0;0;0;2;0;0;0
30/12/2015;12:13:00;268;Acidente com Vítima;264,6;BR-040/MG;Norte;Colisão frontal;2;0;0;0;0;0;0;0;0;0;1;3;3;0;0
30/12/2015;10:01:00;221;Acidente sem Vítima;299,153;BR-040/MG;Norte;Capotamento;1;0;0;0;0;0;0;0;0;0;1;0;0;0;0
30/12/2015;14:39:00;307;Acidente sem Vítima;446,001;BR-040/MG;Sul;Capotamento;1;0;0;0;0;0;0;0;0;0;1;0;0;0;0
30/12/2015;18:15:00;410;Acidente com Vítima;469;BR-040/MG;Sul;Capotamento;1;0;1;0;0;0;0;0;0;0;2;1;0;0;0
30/12/2015;13:15:00;283;Acidente sem Vítima;487,001;BR-040/MG;Norte;Abalroamento - Longitudinal;2;0;0;0;0;0;0;0;0;0;2;0;0;0;0
30/12/2015;11:40:00;256;Acidente com Vítima;511,494;BR-040/MG;Norte;Atropelamento - Animal;0;0;0;1;0;0;0;0;0;0;0;1;0;0;0
30/12/2015;20:48:00;466;Acidente sem Vítima;520,05;BR-040/MG;Norte;Colisão traseira;2;0;1;0;0;0;0;0;0;0;6;0;0;0;0
30/12/2015;19:23:00;439;Acidente sem Vítima;538,2;BR-040/MG;Norte;Choque em barreira New Jersey;1;0;0;0;0;0;0;0;0;0;1;0;0;0;0
30/12/2015;18:40:00;422;Acidente sem Vítima;542,54;BR-040/MG;Norte;Choque com objeto fixo;1;0;0;0;0;0;0;0;0;0;2;0;0;0;0
30/12/2015;19:44:00;451;Acidente com Vítima;548;BR-040/MG;Norte;Capotamento;1;0;0;0;0;0;0;0;0;0;0;3;0;0;0
30/12/2015;17:47:00;393;Acidente sem Vítima;557,5;BR-040/MG;Sul;Abalroamento - Longitudinal;2;0;0;0;0;0;0;0;0;0;2;0;0;0;0
30/12/2015;17:10:00;373;Acidente sem Vítima;557,5;BR-040/MG;Sul;Capotamento;1;0;0;0;0;0;0;0;0;0;1;0;0;0;0
30/12/2015;17:05:00;371;Acidente sem Vítima;580,8;BR-040/MG;Norte;Choque com objeto fixo;0;0;1;0;0;0;0;0;0;0;1;0;0;0;0
30/12/2015;17:27:00;381;Acidente sem Vítima;606,9;BR-040/MG;Sul;Colisão traseira;2;0;0;1;0;0;0;0;0;0;9;0;0;0;0
30/12/2015;15:25:00;326;Acidente sem Vítima;606,9;BR-040/MG;Sul;Colisão traseira;2;0;0;0;0;0;0;0;0;0;2;0;0;0;0
30/12/2015;15:10:00;323;Acidente com Vítima;606,9;BR-040/MG;Sul;Colisão traseira;4;0;0;0;0;0;0;0;0;0;10;2;0;0;0
30/12/2015;18:48:00;426;Acidente sem Vítima;654,5;BR-040/MG;Norte;Choque em defensa;0;0;0;1;0;0;0;0;0;0;2;0;0;0;0
30/12/2015;15:20:00;327;Acidente sem Vítima;95,8;BR-040/GO;Sul;Colisão traseira;1;0;0;1;0;0;0;0;0;0;3;0;0;0;0
30/12/2015;14:45:00;312;Acidente sem Vítima;687;BR-040/MG;Sul;Choque com objeto fixo;1;0;0;0;0;0;0;0;0;0;3;0;0;0;0
30/12/2015;16:36:00;353;Acidente sem Vítima;694,01;BR-040/MG;Norte;Colisão traseira;2;0;0;0;0;0;0;0;0;0;3;0;0;0;0
30/12/2015;22:22:00;490;Acidente com Vítima;695,6;BR-040/MG;Sul;Outros;1;0;0;0;0;0;0;0;0;0;2;0;0;0;0
30/12/2015;15:35:00;333;Acidente sem Vítima;717,8;BR-040/MG;Norte;Outros;1;0;0;0;0;0;0;0;0;0;4;0;0;0;0
30/12/2015;19:16:00;436;Acidente sem Vítima;717,9;BR-040/MG;Norte;Choque com objeto fixo;1;0;0;0;0;0;0;0;0;0;1;0;0;0;0
30/12/2015;17:57:00;400;Acidente com Vítima;718,45;BR-040/MG;Norte;Outros;1;0;0;0;0;0;0;0;0;0;1;0;1;0;0
30/12/2015;13:38:00;288;Acidente sem Vítima;727,225;BR-040/MG;Norte;Choque em barreira New Jersey;1;0;0;0;0;0;0;0;0;0;2;0;0;0;0
30/12/2015;14:43:00;311;Acidente sem Vítima;735,04;BR-040/MG;Sul;Abalroamento - Longitudinal;2;0;0;0;0;0;0;0;0;0;2;0;0;0;0
30/12/2015;18:12:00;406;Acidente sem Vítima;740,5;BR-040/MG;Norte;Choque com objeto fixo;1;0;0;0;0;0;0;0;0;0;2;0;0;0;0
30/12/2015;15:05:00;317;Acidente com Vítima;752,65;BR-040/MG;Sul;Colisão traseira;1;0;0;1;0;0;0;0;0;0;1;0;0;0;0
30/12/2015;16:38:00;354;Acidente sem Vítima;754,613;BR-040/MG;Norte;Capotamento;1;0;0;0;0;0;0;0;0;0;2;0;0;0;0
30/12/2015;19:37:00;446;Acidente sem Vítima;754,614;BR-040/MG;Sul;Choque com objeto fixo;1;0;0;0;0;0;0;0;0;0;4;0;0;0;0
31/12/2015;15:30:00;180;Acidente sem Vítima;2,92;BR-040/GO;Sul;Colisão traseira;1;0;0;0;0;1;0;0;0;0;2;0;0;0;0
31/12/2015;16:12:00;192;Acidente sem Vítima;5,9;BR-040/GO;Sul;Colisão traseira;2;0;0;0;0;0;0;0;0;0;2;0;0;0;0
31/12/2015;16:09:00;191;Acidente sem Vítima;5,9;BR-040/GO;Sul;Colisão traseira;2;0;0;0;0;0;0;0;0;0;2;0;0;0;0
31/12/2015;21:11:00;276;Acidente sem Vítima;43,35;BR-040/MG;Sul;Abalroamento - Longitudinal;1;0;0;1;0;0;0;0;0;0;4;0;0;0;0
31/12/2015;19:54:00;253;Acidente sem Vítima;15,01;BR-040/GO;Sul;Choque com objeto fixo;1;0;0;0;0;0;0;0;0;0;1;0;0;0;0
31/12/2015;21:33:00;283;Acidente sem Vítima;24,05;BR-040/GO;Sul;Abalroamento - Transversal;2;0;0;0;0;0;0;0;0;0;2;0;0;0;0
31/12/2015;04:27:00;23;Acidente com Vítima;91,5;BR-040/MG;Norte;Outros;0;0;1;0;0;0;0;0;0;0;0;1;0;0;0
31/12/2015;17:06:00;206;Acidente com Vítima;442,02;BR-040/MG;Norte;Abalroamento - Transversal;1;0;0;1;0;0;0;0;0;0;1;1;0;0;0
31/12/2015;18:40:00;230;Acidente com Vítima;478,2;BR-040/MG;Norte;Capotamento;1;0;0;0;0;0;0;0;0;0;1;3;1;0;0
31/12/2015;07:20:00;52;Acidente com Vítima;518,65;BR-040/MG;Norte;Atropelamento - Animal;0;0;0;1;0;0;0;0;0;0;0;2;0;0;0
31/12/2015;06:01:00;33;Acidente sem Vítima;527,1;BR-040/MG;Sul;Capotamento;1;0;0;0;0;0;0;0;0;0;1;0;0;0;0
31/12/2015;04:31:00;24;Acidente com Vítima;530,5;BR-040/MG;Sul;Abalroamento - Longitudinal;1;0;0;1;0;0;0;0;0;0;5;1;0;0;0
31/12/2015;21:18:00;279;Acidente com Morte;531,99;BR-040/MG;Norte;Colisão traseira;2;0;0;1;0;0;0;0;0;0;2;0;0;0;1
31/12/2015;17:24:00;211;Acidente sem Vítima;617,3;BR-040/MG;Norte;Colisão traseira;2;0;0;0;0;0;0;0;0;0;2;0;0;0;0
31/12/2015;00:09:00;2;Acidente sem Vítima;632,5;BR-040/MG;Sul;Abalroamento - Longitudinal;2;0;0;0;0;0;0;0;0;0;2;0;0;0;0
31/12/2015;17:08:00;207;Acidente sem Vítima;42,9;BR-040/GO;Norte;Capotamento;1;0;0;0;0;0;0;0;0;0;2;0;0;0;0
31/12/2015;15:22:00;178;Acidente com Vítima;733,08;BR-040/MG;Sul;Capotamento;1;0;0;0;0;0;0;0;0;0;0;1;0;0;0
31/12/2015;10:22:00;89;Acidente sem Vítima;125,1;BR-040/GO;Norte;Outros;0;0;0;1;0;0;0;0;0;0;1;0;0;0;0
31/12/2015;16:32:00;196;Acidente com Vítima;758,37;BR-040/MG;Sul;Queda de Carga;0;0;0;0;1;0;0;0;0;0;0;1;0;0;0
31/12/2015;16:54:00;201;Acidente com Vítima;764,8;BR-040/MG;Norte;Capotamento;1;0;0;0;0;0;0;0;0;0;4;1;0;0;0
01/01/2016;07:25:00;52;Acidente sem Vítima;0;Fora_Rota;Sul;Colisão traseira;2;0;0;0;0;0;0;0;0;0;2;0;0;0;0
01/01/2016;01:55:00;15;Acidente sem Vítima;2,8;BR-040/GO;Sul;Abalroamento - Transversal;3;0;0;0;0;0;0;0;0;0;8;0;0;0;0
01/01/2016;07:37:00;53;Acidente sem Vítima;3,2;BR-040/GO;Norte;Choque em defensa;1;0;0;0;0;0;0;0;0;0;1;0;0;0;0
01/01/2016;12:33:00;99;Acidente sem Vítima;5,9;BR-040/DF;Sul;Abalroamento - Transversal;2;0;0;0;0;0;0;0;0;0;2;0;0;0;0
01/01/2016;20:43:00;212;Atropelamento sem Morte;6,03;BR-040/GO;Norte;Atropelamento - Ciclista;1;0;0;0;0;0;0;0;0;0;1;1;0;1;0
01/01/2016;04:07:00;31;Atropelamento com Morte;20,9;BR-040/GO;Sul;Atropelamento - Ciclista;1;0;0;0;0;0;0;0;0;0;1;0;0;0;1
01/01/2016;15:34:00;139;Acidente com Vítima;126,1;BR-040/MG;Norte;Colisão traseira;2;0;0;0;0;0;0;0;0;0;2;1;1;0;0
01/01/2016;10:42:00;84;Acidente com Vítima;468,77;BR-040/MG;Norte;Abalroamento - Transversal;2;0;0;0;0;0;0;0;0;0;1;3;1;1;0
01/01/2016;18:07:00;169;Acidente com Vítima;501,2;BR-040/MG;Sul;Outros;0;0;0;1;0;0;0;0;0;0;0;2;0;0;0
01/01/2016;20:37:00;211;Acidente sem Vítima;533,3;BR-040/MG;Sul;Capotamento;1;0;0;0;0;0;0;0;0;0;1;0;0;0;0
01/01/2016;06:15:00;43;Atropelamento com Morte;549,03;BR-040/MG;Norte;Atropelamento - Pedestre atravessando;1;0;0;0;0;0;0;0;0;0;1;0;0;0;1
01/01/2016;13:30:00;113;Acidente com Vítima;553,17;BR-040/MG;Norte;Capotamento;1;0;0;0;0;0;0;0;0;0;0;1;3;0;0
01/01/2016;17:28:00;165;Acidente com Vítima;599,121;BR-040/MG;Sul;Outros;0;0;0;1;0;0;0;0;0;0;0;2;0;0;0
01/01/2016;17:40:00;167;Acidente sem Vítima;660,15;BR-040/MG;Sul;Outros;0;0;0;0;0;1;0;0;0;0;1;0;0;0;0
01/01/2016;03:26:00;27;Acidente com Vítima;679,4;BR-040/MG;Sul;Choque com objeto fixo;1;0;0;0;0;0;0;0;0;0;0;0;1;0;0
01/01/2016;03:19:00;26;Acidente sem Vítima;709,5;BR-040/MG;Norte;Atropelamento - Animal;1;0;0;0;0;0;0;0;0;0;4;0;0;0;0
01/01/2016;20:54:00;216;Acidente sem Vítima;717,4;BR-040/MG;Norte;Choque em barreira New Jersey;1;0;0;0;0;0;0;0;0;0;4;0;0;0;0
01/01/2016;21:59:00;234;Acidente sem Vítima;729,7;BR-040/MG;Norte;Choque com objeto fixo;1;0;0;0;0;0;0;0;0;0;1;0;0;0;0
01/01/2016;18:47:00;180;Acidente sem Vítima;749,05;BR-040/MG;Norte;Choque com objeto fixo;1;0;0;0;0;0;0;0;0;0;3;0;0;0;0
02/01/2016;19:54:00;310;Acidente sem Vítima;75,3;BR-040/MG;Norte;Capotamento;1;0;0;0;0;0;0;0;0;0;2;0;0;0;0
02/01/2016;06:40:00;27;Acidente sem Vítima;114;BR-040/MG;Sul;Atropelamento - Animal;0;0;1;0;0;0;0;0;0;0;1;0;0;0;0
02/01/2016;16:04:00;229;Acidente sem Vítima;220,1;BR-040/MG;Norte;Capotamento;1;0;0;0;0;0;0;0;0;0;1;0;0;0;0
02/01/2016;10:47:00;101;Acidente sem Vítima;305,2;BR-040/MG;Norte;Abalroamento - Longitudinal;2;0;0;0;0;0;0;0;0;0;2;0;0;0;0
02/01/2016;06:59:00;31;Acidente com Vítima;424,5;BR-040/MG;Sul;Capotamento;1;0;0;0;0;0;0;0;0;0;2;2;0;0;0
02/01/2016;13:32:00;162;Acidente sem Vítima;513,1;BR-040/MG;Norte;Capotamento;1;0;0;0;0;0;0;0;0;0;1;0;0;0;0
02/01/2016;14:09:00;177;Acidente sem Vítima;514,5;BR-040/MG;Norte;Outros;1;0;0;0;0;0;0;0;0;0;1;0;0;0;0
02/01/2016;17:27:00;259;Acidente sem Vítima;529,1;BR-040/MG;Sul;Colisão traseira;2;0;0;0;0;0;0;0;0;0;5;0;0;0;0
02/01/2016;15:10:00;212;Acidente sem Vítima;533,1;BR-040/MG;Sul;Abalroamento - Longitudinal;1;0;0;0;1;0;0;0;0;0;2;0;0;0;0
02/01/2016;14:22:00;186;Acidente sem Vítima;558,1;BR-040/MG;Sul;Outros;1;0;0;0;0;0;0;0;0;0;1;0;0;0;0
02/01/2016;09:32:00;74;Acidente com Vítima;565,1;BR-040/MG;Sul;Capotamento;1;0;0;0;0;0;0;0;0;0;2;1;0;0;0
02/01/2016;16:17:00;238;Acidente com Vítima;565,2;BR-040/MG;Norte;Colisão traseira;0;0;2;0;0;0;0;0;0;0;2;0;1;0;0
02/01/2016;13:17:00;154;Acidente sem Vítima;598,002;BR-040/MG;Sul;Abalroamento - Longitudinal;2;0;0;0;0;0;0;0;0;0;2;0;0;0;0
02/01/2016;16:13:00;236;Acidente sem Vítima;606,1;BR-040/MG;Norte;Choque em barreira New Jersey;1;0;0;0;0;0;0;0;0;0;1;0;0;0;0
02/01/2016;19:43:00;307;Acidente sem Vítima;609,1;BR-040/MG;Norte;Choque com objeto fixo;1;0;0;0;0;0;0;0;0;0;1;0;0;0;0
02/01/2016;11:34:00;117;Acidente com Vítima;690,1;BR-040/MG;Sul;Outros;0;0;0;1;0;0;0;0;0;0;0;1;0;0;0
02/01/2016;15:14:00;213;Acidente sem Vítima;704,001;BR-040/MG;Sul;Choque em barreira New Jersey;1;0;0;0;0;0;0;0;0;0;1;0;0;0;0
02/01/2016;16:27:00;242;Acidente com Vítima;717,01;BR-040/MG;Norte;Outros;1;0;0;0;0;0;0;0;0;0;0;1;1;0;0
02/01/2016;11:02:00;106;Acidente sem Vítima;717,5;BR-040/MG;Norte;Choque em barreira New Jersey;1;0;0;0;0;0;0;0;0;0;1;0;0;0;0
02/01/2016;15:18:00;216;Acidente sem Vítima;736,001;BR-040/MG;Sul;Capotamento;1;0;0;0;0;0;0;0;0;0;1;0;0;0;0
02/01/2016;12:47:00;138;Acidente com Vítima;752,001;BR-040/MG;Norte;Outros;0;0;1;0;0;0;0;0;0;0;0;1;0;0;0
02/01/2016;16:43:00;247;Acidente com Morte;130,75;BR-040/GO;Sul;Abalroamento - Transversal;2;0;0;0;0;0;0;0;0;0;0;0;1;3;3
03/01/2016;18:54:00;337;Acidente com Vítima;1,4;BR-040/GO;Norte;Colisão traseira;1;0;0;1;0;0;0;0;0;0;2;0;0;0;0
03/01/2016;23:15:00;424;Acidente sem Vítima;8,3;BR-040/GO;Norte;Abalroamento - Longitudinal;1;0;0;0;1;0;0;0;0;0;16;0;0;0;0
03/01/2016;12:41:00;171;Acidente com Vítima;253,3;BR-040/MG;Norte;Capotamento;1;0;0;0;0;0;0;0;0;0;0;0;0;1;0
03/01/2016;18:39:00;328;Acidente com Vítima;392,7;BR-040/MG;Norte;Abalroamento - Longitudinal;2;0;0;0;0;0;0;0;0;0;2;2;2;0;0
03/01/2016;13:15:00;183;Acidente sem Vítima;453,2;BR-040/MG;Norte;Colisão traseira;2;0;0;0;0;0;0;0;0;0;3;0;0;0;0
03/01/2016;14:02:00;197;Acidente sem Vítima;462,001;BR-040/MG;Norte;Colisão traseira;2;0;0;1;0;0;0;0;0;0;4;0;0;0;0
03/01/2016;20:01:00;361;Acidente sem Vítima;462,9;BR-040/MG;Norte;Choque com objeto fixo;1;0;0;0;0;0;0;0;0;0;4;0;0;0;0
03/01/2016;20:31:00;369;Acidente sem Vítima;463,26;BR-040/MG;Sul;Colisão traseira;4;0;0;0;0;0;0;0;0;0;4;0;0;0;0
03/01/2016;16:14:00;263;Acidente sem Vítima;506,1;BR-040/MG;Sul;Colisão traseira;1;0;0;1;0;0;0;0;0;0;2;0;0;0;0
03/01/2016;05:06:00;36;Acidente sem Vítima;523,83;BR-040/MG;Sul;Colisão traseira;2;0;0;0;0;0;0;0;0;0;5;0;0;0;0
03/01/2016;17:00:00;290;Acidente sem Vítima;552,17;BR-040/MG;Norte;Colisão traseira;3;0;0;0;0;0;0;0;0;0;3;0;0;0;0
03/01/2016;16:38:00;275;Acidente sem Vítima;552,17;BR-040/MG;Norte;Colisão traseira;2;0;0;0;0;0;0;0;0;0;3;0;0;0;0
03/01/2016;18:35:00;324;Acidente sem Vítima;558,35;BR-040/MG;Sul;Choque em defensa;1;0;0;0;0;0;0;0;0;0;1;0;0;0;0
03/01/2016;19:12:00;342;Acidente sem Vítima;559,15;BR-040/MG;Norte;Choque com objeto fixo;1;0;0;0;0;0;0;0;0;0;1;0;0;0;0
03/01/2016;20:54:00;379;Acidente sem Vítima;576,6;BR-040/MG;Sul;Colisão traseira;2;0;0;0;0;0;0;0;0;0;2;0;0;0;0
03/01/2016;12:24:00;163;Acidente com Vítima;602,1;BR-040/MG;Sul;Abalroamento - Longitudinal;2;0;0;0;0;0;0;0;0;0;0;2;0;1;0
03/01/2016;18:12:00;316;Acidente sem Vítima;626,5;BR-040/MG;Norte;Colisão traseira;3;0;0;0;0;0;0;0;0;0;14;0;0;0;0
03/01/2016;23:02:00;417;Acidente sem Vítima;633,1;BR-040/MG;Norte;Choque com objeto fixo;1;0;0;0;0;0;0;0;0;0;1;0;0;0;0
03/01/2016;18:05:00;314;Acidente com Vítima;639,71;BR-040/MG;Norte;Choque com objeto fixo;1;0;0;0;0;0;0;0;0;0;0;0;4;0;0
03/01/2016;15:50:00;254;Acidente sem Vítima;48;BR-040/GO;Norte;Abalroamento - Longitudinal;2;0;0;0;0;0;0;0;0;0;2;0;0;0;0
03/01/2016;16:42:00;278;Acidente sem Vítima;667;BR-040/MG;Norte;Colisão traseira;2;0;0;0;0;0;0;0;0;0;2;0;0;0;0
03/01/2016;23:14:00;423;Acidente com Vítima;682,1;BR-040/MG;Sul;Choque com objeto fixo;1;0;0;0;0;0;0;0;0;0;0;1;0;0;0
03/01/2016;16:15:00;265;Acidente com Vítima;689,001;BR-040/MG;Sul;Colisão frontal;2;0;0;0;0;0;0;0;0;0;1;0;1;1;0
03/01/2016;19:03:00;340;Acidente com Vítima;704,8;BR-040/MG;Sul;Outros;1;0;0;0;0;0;0;0;0;0;0;0;1;0;0
03/01/2016;09:28:00;88;Acidente sem Vítima;712,5;BR-040/MG;Norte;Colisão traseira;2;0;0;0;0;0;0;0;0;0;2;0;0;0;0
03/01/2016;08:23:00;67;Acidente com Vítima;718,1;BR-040/MG;Norte;Choque com objeto fixo;1;0;0;0;0;0;0;0;0;0;0;2;0;0;0
03/01/2016;12:10:00;157;Acidente com Vítima;727,1;BR-040/MG;Sul;Capotamento;1;0;0;0;0;0;0;0;0;0;0;4;0;0;0
03/01/2016;08:23:00;68;Acidente com Vítima;730,1;BR-040/MG;Norte;Choque em barreira New Jersey;1;0;0;0;0;0;0;0;0;0;0;2;0;0;0
03/01/2016;10:24:00;111;Acidente sem Vítima;736,5;BR-040/MG;Sul;Atropelamento - Animal;1;0;0;0;0;0;0;0;0;0;1;0;0;0;0
03/01/2016;10:43:00;119;Acidente sem Vítima;755,3;BR-040/MG;Sul;Choque com objeto fixo;1;0;0;0;0;0;0;0;0;0;1;0;0;0;0
03/01/2016;14:57:00;226;Acidente sem Vítima;131,3;BR-040/GO;Norte;Colisão traseira;2;0;0;0;0;0;0;0;0;0;2;0;0;0;0
04/01/2016;09:59:00;130;Acidente com Vítima;2,95;BR-040/GO;Sul;Abalroamento - Longitudinal;1;0;0;1;0;0;0;0;0;0;1;0;1;0;0
04/01/2016;11:40:00;155;Acidente sem Vítima;14,9;BR-040/GO;Norte;Colisão traseira;1;0;1;0;0;0;0;0;0;0;2;0;0;0;0
04/01/2016;19:06:00;273;Acidente sem Vítima;50,15;BR-040/MG;Sul;Capotamento;1;0;0;0;0;0;0;0;0;0;2;0;0;0;0
04/01/2016;20:00:00;291;Acidente sem Vítima;249,6;BR-040/MG;Norte;Outros;1;0;0;0;0;0;0;0;0;0;2;0;0;0;0
04/01/2016;19:46:00;284;Acidente com Vítima;249,6;BR-040/MG;Sul;Choque com objeto fixo;1;0;0;0;0;0;0;0;0;0;3;0;1;0;0
04/01/2016;10:57:00;146;Atropelamento sem Morte;281,8;BR-040/MG;Sul;Atropelamento - Pedestre atravessando;1;0;0;0;0;0;0;0;0;0;1;1;0;0;0
04/01/2016;05:06:00;38;Acidente com Morte;352,4;BR-040/MG;Sul;Colisão frontal;1;0;2;0;0;0;0;0;0;0;4;2;0;0;3
04/01/2016;20:53:00;307;Atropelamento com Morte;446,19;BR-040/MG;Norte;Atropelamento - Pedestre atravessando;1;0;0;0;0;0;0;0;0;0;1;0;0;0;1
04/01/2016;06:43:00;57;Acidente sem Vítima;455,441;BR-040/MG;Sul;Queda de Carga;0;0;1;0;0;0;0;0;0;0;1;0;0;0;0
04/01/2016;08:39:00;97;Acidente com Vítima;456,119;BR-040/MG;Norte;Outros;2;0;1;0;0;0;0;0;0;0;6;1;0;0;0
04/01/2016;15:22:00;206;Acidente sem Vítima;487,02;BR-040/MG;Norte;Colisão traseira;1;0;1;0;0;0;0;0;0;0;2;0;0;0;0
04/01/2016;04:29:00;34;Acidente sem Vítima;514,5;BR-040/MG;Norte;Capotamento;1;0;0;0;0;0;0;0;0;0;1;0;0;0;0
04/01/2016;02:45:00;19;Acidente sem Vítima;521,3;BR-040/MG;Norte;Choque com objeto fixo;1;0;0;0;0;0;0;0;0;0;1;0;0;0;0
04/01/2016;14:38:00;194;Acidente sem Vítima;523,6;BR-040/MG;Sul;Abalroamento - Longitudinal;1;0;1;0;0;0;0;0;0;0;2;0;0;0;0
04/01/2016;07:28:00;75;Acidente com Vítima;539,5;BR-040/MG;Sul;Colisão traseira;1;0;0;1;0;0;0;0;0;0;1;0;1;0;0
04/01/2016;06:31:00;50;Acidente sem Vítima;613,2;BR-040/MG;Norte;Colisão traseira;1;0;2;0;0;0;0;0;0;0;5;0;0;0;0
04/01/2016;07:12:00;68;Acidente com Vítima;652,965;BR-040/MG;Sul;Colisão frontal;2;0;0;0;0;0;0;0;0;0;1;3;0;0;0
04/01/2016;12:32:00;164;Acidente sem Vítima;60,01;BR-040/GO;Sul;Abalroamento - Transversal;2;0;0;0;0;0;0;0;0;0;2;0;0;0;0
04/01/2016;11:10:00;149;Acidente sem Vítima;717,255;BR-040/MG;Norte;Abalroamento - Longitudinal;1;0;1;0;0;0;0;0;0;0;2;0;0;0;0
05/01/2016;19:11:00;280;Acidente sem Vítima;10,2;BR-040/GO;Norte;Atropelamento - Animal;1;0;0;0;0;0;0;0;0;0;1;0;0;0;0
05/01/2016;21:46:00;317;Acidente sem Vítima;36,5;BR-040/MG;Norte;Choque com objeto fixo;1;0;0;0;0;0;0;0;0;0;1;0;0;0;0
05/01/2016;19:59:00;294;Acidente sem Vítima;129,9;BR-040/MG;Norte;Choque com objeto fixo;1;0;0;0;0;0;0;0;0;0;4;0;0;0;0
05/01/2016;12:56:00;180;Acidente sem Vítima;289,1;BR-040/MG;Sul;Choque com objeto fixo;1;0;0;0;0;0;0;0;0;0;2;0;0;0;0
05/01/2016;17:43:00;246;Acidente sem Vítima;513,2;BR-040/MG;Norte;Colisão traseira;3;0;0;0;0;0;0;0;0;0;5;0;0;0;0
05/01/2016;18:12:00;257;Acidente sem Vítima;513,22;BR-040/MG;Sul;Colisão traseira;1;0;1;0;0;0;0;0;0;0;2;0;0;0;0
05/01/2016;18:09:00;252;Acidente sem Vítima;586,85;BR-040/MG;Sul;Choque em veículo parado na pista;0;0;2;0;0;0;0;0;0;0;2;0;0;0;0
05/01/2016;16:50:00;235;Acidente sem Vítima;619,262;BR-040/MG;Norte;Colisão traseira;1;0;1;0;0;0;0;0;0;0;2;0;0;0;0
05/01/2016;21:02:00;308;Acidente sem Vítima;632,4;BR-040/MG;Norte;Colisão traseira;2;0;0;0;0;0;0;0;0;0;2;0;0;0;0
05/01/2016;17:21:00;241;Acidente sem Vítima;74,5;BR-040/GO;Norte;Abalroamento - Transversal;2;0;0;0;0;0;0;0;0;0;2;0;0;0;0
06/01/2016;07:47:00;60;Acidente com Vítima;6,5;BR-040/DF;Norte;Outros;0;0;0;1;0;0;0;0;0;0;0;1;0;0;0
06/01/2016;04:22:00;18;Acidente com Morte;175,5;BR-040/MG;Norte;Capotamento;1;0;0;0;0;0;0;0;0;0;0;0;3;0;1
06/01/2016;14:59:00;196;Acidente sem Vítima;335,6;BR-040/MG;Norte;Colisão traseira;2;0;0;0;0;0;0;0;0;0;2;0;0;0;0
06/01/2016;07:03:00;45;Acidente sem Vítima;480,5;BR-040/MG;Sul;Queda de Carga;0;0;1;0;0;0;0;0;0;0;1;0;0;0;0
06/01/2016;23:19:00;314;Acidente sem Vítima;506,1;BR-040/MG;Norte;Atropelamento - Animal;1;0;0;0;0;0;0;0;0;0;3;0;0;0;0
06/01/2016;13:42:00;179;Acidente sem Vítima;510,1;BR-040/MG;Sul;Colisão traseira;1;0;0;1;0;0;0;0;0;0;2;0;0;0;0