data;horario;n_da_ocorrencia;tipo_de_ocorrencia;km;trecho;sentido;tipo_de_acidente;automovel;bicicleta;caminhao;moto;onibus;outros;tracao_animal;transporte_de_cargas_especiais;trator_maquinas;utilitarios;ilesos;levemente_feridos;moderadamente_feridos;gravemente_feridos;mortos
05/02/2016;12:12:00;178;Acidente sem Vítima;2,2;BR-040/GO;Norte;Abalroamento - Longitudinal;1;0;0;1;0;0;0;0;0;0;2;0;0;0;0
05/02/2016;21:44:00;383;Acidente sem Vítima;2,3;BR-040/GO;Sul;Colisão traseira;2;0;0;0;0;0;0;0;0;0;8;0;0;0;0
05/02/2016;06:57:00;50;Acidente com Vítima;4,1;BR-040/GO;Norte;Colisão traseira;1;0;0;1;0;0;0;0;0;0;1;0;1;0;0
05/02/2016;12:50:00;189;Acidente com Vítima;5,1;BR-040/DF;Sul;Capotamento;2;0;0;0;0;0;0;0;0;0;1;3;0;0;0
05/02/2016;20:45:00;358;Acidente sem Vítima;6,05;BR-040/GO;Sul;Colisão traseira;2;0;0;0;0;0;0;0;0;0;2;0;0;0;0
05/02/2016;22:49:00;410;Acidente com Vítima;22,2;BR-040/GO;Norte;Abalroamento - Longitudinal;1;0;0;1;0;0;0;0;0;0;1;1;0;0;0
05/02/2016;21:32:00;380;Atropelamento com Morte;446,5;BR-040/MG;Norte;Atropelamento - Ciclista;2;0;0;0;0;0;0;0;0;0;8;0;0;0;1
05/02/2016;21:01:00;366;Acidente sem Vítima;490,5;BR-040/MG;Sul;Colisão traseira;1;0;0;0;1;0;0;0;0;0;5;0;0;0;0
05/02/2016;13:04:00;192;Acidente com Vítima;494,1;BR-040/MG;Norte;Colisão traseira;1;0;0;0;1;0;0;0;0;0;1;0;1;0;0
05/02/2016;06:31:00;43;Acidente sem Vítima;497,15;BR-040/MG;Norte;Abalroamento - Longitudinal;0;0;3;0;0;0;0;0;0;0;3;0;0;0;0
05/02/2016;15:42:00;240;Acidente com Vítima;505,485;BR-040/MG;Sul;Outros;0;0;0;1;0;0;0;0;0;0;0;1;0;0;0
05/02/2016;18:45:00;300;Acidente sem Vítima;510,5;BR-040/MG;Norte;Colisão traseira;2;0;0;0;0;0;0;0;0;0;2;0;0;0;0
05/02/2016;16:35:00;252;Acidente sem Vítima;510,8;BR-040/MG;Norte;Colisão traseira;0;0;0;2;0;0;0;0;0;0;2;0;0;0;0
05/02/2016;07:21:00;60;Acidente com Vítima;511,395;BR-040/MG;Norte;Colisão traseira;1;0;0;1;0;0;0;0;0;0;1;0;1;0;0
05/02/2016;07:26:00;64;Acidente sem Vítima;517,6;BR-040/MG;Sul;Colisão traseira;4;0;0;0;0;0;0;0;0;0;4;0;0;0;0
05/02/2016;20:08:00;341;Acidente sem Vítima;521,5;BR-040/MG;Norte;Colisão traseira;2;0;0;0;0;0;0;0;0;0;6;0;0;0;0
05/02/2016;19:24:00;320;Atropelamento sem Morte;523,8;BR-040/MG;Norte;Atropelamento - Pedestre atravessando;0;0;0;0;0;0;0;0;0;0;0;1;0;0;0
05/02/2016;18:26:00;291;Acidente sem Vítima;524,3;BR-040/MG;Norte;Abalroamento - Longitudinal;1;0;0;1;0;0;0;0;0;0;2;0;0;0;0
05/02/2016;09:39:00;136;Acidente sem Vítima;531,1;BR-040/MG;Norte;Colisão traseira;2;0;0;0;0;0;0;0;0;0;2;0;0;0;0
05/02/2016;18:43:00;299;Acidente sem Vítima;548,2;BR-040/MG;Norte;Colisão traseira;0;0;0;1;1;0;0;0;0;0;2;0;0;0;0
05/02/2016;11:51:00;170;Acidente sem Vítima;548,6;BR-040/MG;Sul;Abalroamento - Longitudinal;2;0;0;0;0;0;0;0;0;0;2;0;0;0;0
05/02/2016;08:30:00;111;Acidente sem Vítima;563,15;BR-040/MG;Sul;Abalroamento - Longitudinal;1;0;1;0;0;0;0;0;0;0;2;0;0;0;0
05/02/2016;00:41:00;9;Acidente sem Vítima;611,11;BR-040/MG;Norte;Colisão traseira;2;0;0;0;0;0;0;0;0;0;2;0;0;0;0
05/02/2016;21:48:00;385;Acidente sem Vítima;624,6;BR-040/MG;Norte;Abalroamento - Longitudinal;2;0;0;0;0;0;0;0;0;0;2;0;0;0;0
05/02/2016;10:22:00;145;Acidente com Vítima;695,695;BR-040/MG;Sul;Colisão frontal;2;0;0;0;0;0;0;0;0;0;0;0;2;0;0
05/02/2016;21:03:00;365;Acidente com Vítima;109,9;BR-040/GO;Sul;Capotamento;1;0;0;0;0;0;0;0;0;0;0;1;0;0;0
05/02/2016;14:09:00;212;Acidente sem Vítima;117,1;BR-040/GO;Sul;Outros;0;0;1;0;0;0;0;0;0;0;1;0;0;0;0
05/02/2016;18:48:00;302;Acidente sem Vítima;136,8;BR-040/GO;Norte;Colisão traseira;1;0;1;0;0;0;0;0;0;0;4;0;0;0;0
05/02/2016;19:06:00;312;Acidente com Vítima;765,4;BR-040/MG;Sul;Abalroamento - Longitudinal;1;0;0;1;0;0;0;0;0;0;4;1;0;0;0
06/02/2016;13:27:00;221;Acidente com Vítima;1,4;BR-040/GO;Norte;Abalroamento - Longitudinal;0;0;1;0;0;0;0;0;0;1;1;1;0;0;0
06/02/2016;07:16:00;87;Acidente sem Vítima;4,6;BR-040/DF;Sul;Colisão traseira;2;0;0;0;0;0;0;0;0;0;2;0;0;0;0
06/02/2016;09:15:00;131;Acidente sem Vítima;4,9;BR-040/GO;Norte;Outros;2;0;0;0;0;0;0;0;0;0;2;0;0;0;0
06/02/2016;23:07:00;424;Acidente sem Vítima;10,4;BR-040/GO;Sul;Colisão traseira;2;0;0;0;0;0;0;0;0;0;2;0;0;0;0
06/02/2016;08:52:00;123;Acidente sem Vítima;110,8;BR-040/MG;Sul;Colisão traseira;2;0;0;0;0;0;0;0;0;0;2;0;0;0;0
06/02/2016;21:12:00;390;Acidente sem Vítima;27,7;BR-040/GO;Norte;Colisão traseira;2;0;0;0;0;0;0;0;0;0;2;0;0;0;0
06/02/2016;05:10:00;69;Acidente sem Vítima;138,1;BR-040/MG;Sul;Abalroamento - Transversal;2;0;0;0;0;0;0;0;0;0;3;0;0;0;0
06/02/2016;04:00:00;47;Acidente com Vítima;139,5;BR-040/MG;Norte;Abalroamento - Longitudinal;1;0;0;1;0;0;0;0;0;0;16;0;1;0;0
06/02/2016;02:15:00;30;Acidente sem Vítima;143,1;BR-040/MG;Sul;Atropelamento - Animal;1;0;0;0;0;0;0;0;0;0;2;0;0;0;0
06/02/2016;01:12:00;16;Acidente sem Vítima;213,1;BR-040/MG;Sul;Atropelamento - Animal;1;0;0;0;0;0;0;0;0;0;4;0;0;0;0
06/02/2016;07:50:00;99;Acidente sem Vítima;420,05;BR-040/MG;Sul;Capotamento;1;0;0;0;0;0;0;0;0;0;1;0;0;0;0
06/02/2016;10:15:00;157;Acidente sem Vítima;428,4;BR-040/MG;Norte;Colisão traseira;2;0;0;0;0;0;0;0;0;0;2;0;0;0;0
06/02/2016;13:50:00;226;Acidente sem Vítima;432,8;BR-040/MG;Norte;Capotamento;1;0;0;0;0;0;0;0;0;0;1;0;0;0;0
06/02/2016;12:56:00;208;Acidente com Vítima;434,9;BR-040/MG;Norte;Outros;0;0;0;1;0;0;0;0;0;0;0;2;0;0;0
06/02/2016;11:59:00;193;Acidente com Vítima;448,15;BR-040/MG;Norte;Outros;0;0;0;1;0;0;0;0;0;0;0;1;0;0;0
06/02/2016;15:48:00;275;Acidente sem Vítima;455,9;BR-040/MG;Norte;Outros;0;0;0;1;0;0;0;0;0;0;1;0;0;0;0
06/02/2016;07:17:00;88;Acidente sem Vítima;462,462;BR-040/MG;Norte;Colisão traseira;2;0;0;0;0;0;0;0;0;0;8;0;0;0;0
06/02/2016;10:09:00;153;Acidente sem Vítima;463,15;BR-040/MG;Norte;Colisão traseira;2;0;0;0;0;0;0;0;0;0;2;0;0;0;0
06/02/2016;07:41:00;96;Acidente sem Vítima;471,27;BR-040/MG;Norte;Colisão traseira;2;0;0;0;0;0;0;0;0;0;2;0;0;0;0
06/02/2016;10:36:00;164;Acidente sem Vítima;473,4;BR-040/MG;Norte;Choque com objeto fixo;1;0;0;0;0;0;0;0;0;0;1;0;0;0;0
06/02/2016;15:05:00;254;Acidente sem Vítima;510,15;BR-040/MG;Norte;Colisão traseira;2;0;0;0;0;0;0;0;0;0;2;0;0;0;0
06/02/2016;19:22:00;354;Acidente com Vítima;510,437;BR-040/MG;Sul;Colisão traseira;1;0;0;1;0;0;0;0;0;0;1;0;1;0;0
06/02/2016;10:20:00;158;Acidente sem Vítima;511,1;BR-040/MG;Norte;Colisão traseira;4;0;0;0;0;0;0;0;0;0;9;0;0;0;0
06/02/2016;12:41:00;203;Acidente sem Vítima;518,4;BR-040/MG;Norte;Colisão traseira;4;0;0;0;0;0;0;0;0;0;9;0;0;0;0
06/02/2016;14:27:00;239;Acidente sem Vítima;525,15;BR-040/MG;Norte;Colisão traseira;1;0;0;1;0;0;0;0;0;0;2;0;0;0;0
06/02/2016;02:17:00;31;Acidente sem Vítima;535,4;BR-040/MG;Norte;Abalroamento - Longitudinal;1;0;1;0;0;0;0;0;0;0;3;0;0;0;0
06/02/2016;18:08:00;325;Acidente sem Vítima;537,4;BR-040/MG;Norte;Choque em barreira New Jersey;1;0;0;0;0;0;0;0;0;0;1;0;0;0;0
06/02/2016;02:06:00;28;Acidente sem Vítima;541,3;BR-040/MG;Norte;Capotamento;1;0;0;0;0;0;0;0;0;0;1;0;0;0;0
06/02/2016;05:13:00;64;Acidente sem Vítima;551,56;BR-040/MG;Norte;Choque com objeto fixo;1;0;0;0;0;0;0;0;0;0;1;0;0;0;0
06/02/2016;00:58:00;13;Acidente com Vítima;568,3;BR-040/MG;Sul;Capotamento;1;0;0;0;0;0;0;0;0;0;0;3;1;0;0
06/02/2016;09:54:00;144;Acidente sem Vítima;593,3;BR-040/MG;Sul;Colisão traseira;4;0;0;0;0;0;0;0;0;0;4;0;0;0;0
06/02/2016;05:54:00;73;Acidente sem Vítima;616,5;BR-040/MG;Sul;Colisão traseira;2;0;0;0;0;0;0;0;0;0;3;0;0;0;0
06/02/2016;15:35:00;267;Acidente sem Vítima;632,02;BR-040/MG;Norte;Abalroamento - Longitudinal;1;0;0;1;0;0;0;0;0;0;2;0;0;0;0
06/02/2016;12:39:00;202;Acidente sem Vítima;638,6;BR-040/MG;Norte;Colisão traseira;1;0;0;1;0;0;0;0;0;0;2;0;0;0;0
06/02/2016;07:56:00;102;Acidente com Vítima;60,1;BR-040/GO;Sul;Choque em defensa;2;0;0;0;0;0;0;0;0;0;1;0;2;0;0
06/02/2016;11:03:00;169;Acidente com Vítima;84,9;BR-040/GO;Sul;Outros;0;0;0;1;0;0;0;0;0;0;0;1;0;0;0
06/02/2016;08:25:00;113;Acidente sem Vítima;89,3;BR-040/GO;Sul;Colisão traseira;2;0;0;1;0;0;0;0;0;0;3;0;0;0;0
06/02/2016;09:16:00;132;Acidente sem Vítima;660,27;BR-040/MG;Norte;Outros;0;0;0;1;0;0;0;0;0;0;1;0;0;0;0
07/02/2016;21:49:00;266;Acidente com Vítima;0,5;BR-040/GO;Sul;Abalroamento - Longitudinal;1;0;0;1;0;0;0;0;0;0;1;0;1;0;0
07/02/2016;04:16:00;55;Acidente sem Vítima;2,2;BR-040/GO;Norte;Choque com objeto fixo;1;0;0;0;0;0;0;0;0;0;3;0;0;0;0
07/02/2016;13:55:00;147;Acidente com Vítima;2,3;BR-040/GO;Sul;Abalroamento - Longitudinal;0;1;0;1;0;0;0;0;0;0;1;1;0;0;0
07/02/2016;19:45:00;234;Acidente com Vítima;9,7;BR-040/GO;Norte;Colisão traseira;3;0;0;0;0;0;0;0;0;0;2;0;3;0;0
07/02/2016;19:42:00;231;Acidente com Vítima;503,9;BR-040/MG;Sul;Capotamento;0;0;1;0;0;0;0;0;0;0;2;2;0;0;0
07/02/2016;07:13:00;78;Acidente com Vítima;512,3;BR-040/MG;Sul;Capotamento;1;0;0;0;0;0;0;0;0;0;3;1;1;0;0
07/02/2016;21:03:00;254;Acidente com Vítima;548,44;BR-040/MG;Sul;Capotamento;2;0;0;0;0;0;0;0;0;0;1;0;0;0;0
07/02/2016;19:39:00;227;Acidente sem Vítima;564,867;BR-040/MG;Norte;Abalroamento - Longitudinal;2;0;0;0;0;0;0;0;0;0;3;0;0;0;0
07/02/2016;11:29:00;122;Acidente sem Vítima;88,9;BR-040/GO;Norte;Colisão traseira;1;0;0;1;0;0;0;0;0;0;2;0;0;0;0
07/02/2016;00:16:00;7;Acidente com Vítima;670,9;BR-040/MG;Norte;Capotamento;1;0;0;1;0;0;0;0;0;0;2;1;0;0;0
07/02/2016;07:19:00;81;Acidente com Vítima;674,01;BR-040/MG;Sul;Colisão traseira;1;0;0;1;0;0;0;0;0;0;1;0;1;1;0
07/02/2016;08:27:00;90;Acidente com Vítima;692,01;BR-040/MG;Norte;Outros;1;0;0;0;0;0;0;0;0;0;1;4;0;0;0
07/02/2016;03:21:00;42;Acidente com Vítima;700,1;BR-040/MG;Sul;Capotamento;1;0;0;0;0;0;0;0;0;0;2;3;0;0;0
08/02/2016;16:40:00;181;Acidente com Vítima;0,8;BR-040/GO;Norte;Capotamento;2;0;0;0;0;0;0;0;0;0;1;2;0;0;0
08/02/2016;21:08:00;259;Acidente sem Vítima;7,05;BR-040/GO;Sul;Abalroamento - Transversal;2;0;0;0;0;0;0;0;0;0;2;0;0;0;0
08/02/2016;13:18:00;131;Acidente sem Vítima;7,2;BR-040/GO;Norte;Colisão traseira;2;0;0;0;0;0;0;0;0;0;5;0;0;0;0
08/02/2016;19:35:00;228;Acidente sem Vítima;17,4;BR-040/GO;Norte;Colisão traseira;2;0;0;0;0;0;0;0;0;0;2;0;0;0;0
08/02/2016;12:27:00;120;Acidente com Vítima;118,96;BR-040/MG;Norte;Abalroamento - Longitudinal;2;0;0;0;0;0;0;0;0;0;4;1;1;0;0
08/02/2016;18:47:00;211;Acidente com Vítima;34,014;BR-040/GO;Norte;Colisão traseira;1;0;0;1;0;0;0;0;0;0;1;0;1;0;0
08/02/2016;12:27:00;123;Acidente sem Vítima;486,7;BR-040/MG;Norte;Colisão traseira;0;0;1;0;1;0;0;0;0;0;3;0;0;0;0
08/02/2016;10:42:00;85;Acidente sem Vítima;498;BR-040/MG;Norte;Atropelamento - Animal;1;0;0;0;0;0;0;0;0;0;1;0;0;0;0
08/02/2016;18:10:00;202;Acidente sem Vítima;511,21;BR-040/MG;Sul;Colisão traseira;2;0;0;0;0;0;0;0;0;0;5;0;0;0;0
08/02/2016;14:18:00;146;Acidente sem Vítima;529,5;BR-040/MG;Sul;Outros;0;0;0;1;0;0;0;0;0;0;1;0;0;0;0
08/02/2016;00:56:00;9;Acidente sem Vítima;541,197;BR-040/MG;Norte;Colisão traseira;2;0;0;0;0;0;0;0;0;0;2;0;0;0;0
08/02/2016;14:42:00;151;Acidente com Vítima;556,3;BR-040/MG;Sul;Outros;1;0;0;0;0;0;0;0;0;0;2;2;0;0;0
08/02/2016;11:16:00;94;Acidente sem Vítima;577,1;BR-040/MG;Sul;Colisão traseira;1;0;1;0;0;0;0;0;0;0;5;0;0;0;0
08/02/2016;01:41:00;16;Acidente sem Vítima;614;BR-040/MG;Norte;Choque em defensa;2;0;0;0;0;0;0;0;0;0;5;0;0;0;0
08/02/2016;12:11:00;111;Acidente com Vítima;617,02;BR-040/MG;Norte;Capotamento;1;0;0;0;0;0;0;0;0;0;0;2;0;0;0
08/02/2016;12:23:00;116;Acidente com Vítima;61,5;BR-040/GO;Sul;Outros;0;0;1;0;0;0;0;0;0;0;1;2;0;0;0
08/02/2016;17:29:00;191;Acidente com Vítima;96,5;BR-040/GO;Sul;Colisão frontal;1;0;0;1;0;0;0;0;0;0;1;0;1;0;0
09/02/2016;09:13:00;62;Acidente com Vítima;1,3;BR-040/GO;Norte;Abalroamento - Longitudinal;1;0;0;1;0;0;0;0;0;0;1;1;0;0;0
09/02/2016;07:41:00;47;Acidente com Vítima;39,3;BR-040/MG;Norte;Colisão traseira;1;0;0;1;0;0;0;0;0;0;1;1;0;0;0
09/02/2016;12:00:00;101;Acidente com Vítima;28,701;BR-040/GO;Norte;Capotamento;1;0;0;0;0;0;0;0;0;0;2;0;0;0;0
09/02/2016;15:19:00;164;Acidente com Vítima;504,02;BR-040/MG;Norte;Outros;0;0;0;1;0;0;0;0;0;0;0;2;0;0;0
09/02/2016;17:57:00;235;Acidente sem Vítima;504,8;BR-040/MG;Sul;Colisão traseira;3;0;0;0;0;0;0;0;0;0;3;0;0;0;0
09/02/2016;20:07:00;293;Acidente com Vítima;510,4;BR-040/MG;Sul;Colisão traseira;2;0;0;0;0;0;0;0;0;0;4;1;0;0;0
09/02/2016;23:52:00;355;Acidente sem Vítima;512,8;BR-040/MG;Norte;Outros;4;0;0;0;0;0;0;0;0;0;13;0;0;0;0
09/02/2016;17:03:00;212;Acidente sem Vítima;520,02;BR-040/MG;Norte;Colisão traseira;2;0;0;1;0;0;0;0;0;0;3;0;0;0;0
09/02/2016;16:32:00;198;Acidente com Vítima;520,3;BR-040/MG;Norte;Colisão traseira;1;0;1;0;0;0;0;0;0;0;3;1;0;0;0
09/02/2016;18:33:00;254;Acidente com Vítima;588,09;BR-040/MG;Norte;Colisão frontal;2;0;0;0;0;0;0;0;0;0;0;0;5;2;0
09/02/2016;15:49:00;179;Acidente sem Vítima;608,15;BR-040/MG;Norte;Abalroamento - Longitudinal;1;0;1;0;0;0;0;0;0;0;2;0;0;0;0
09/02/2016;00:05:00;1;Acidente sem Vítima;617;BR-040/MG;Sul;Colisão traseira;2;0;0;0;0;0;0;0;0;0;2;0;0;0;0
10/02/2016;19:12:00;326;Acidente sem Vítima;1,4;BR-040/GO;Sul;Colisão traseira;2;0;0;0;0;0;0;0;0;0;5;0;0;0;0
10/02/2016;21:54:00;386;Acidente sem Vítima;18,3;BR-040/MG;Norte;Choque com objeto fixo;1;0;0;0;0;0;0;0;0;0;6;0;0;0;0
10/02/2016;22:20:00;398;Acidente sem Vítima;20,3;BR-040/MG;Sul;Outros;1;0;0;1;0;0;0;0;0;0;2;0;0;0;0
10/02/2016;18:33:00;307;Acidente sem Vítima;69,5;BR-040/MG;Norte;Colisão traseira;0;0;2;0;0;0;0;0;0;0;2;0;0;0;0
10/02/2016;23:43:00;415;Acidente sem Vítima;209,01;BR-040/MG;Sul;Capotamento;0;0;0;1;0;0;0;0;0;0;1;0;0;0;0
10/02/2016;13:41:00;225;Acidente com Vítima;317,5;BR-040/MG;Sul;Capotamento;2;0;0;0;0;0;0;0;0;0;1;1;0;0;0
10/02/2016;07:43:00;84;Acidente sem Vítima;508,9;BR-040/MG;Norte;Colisão traseira;2;0;0;0;0;0;0;0;0;0;2;0;0;0;0
10/02/2016;19:04:00;323;Acidente sem Vítima;518,1;BR-040/MG;Norte;Outros;1;0;0;0;0;0;0;0;0;0;1;0;0;0;0
10/02/2016;09:09:00;114;Acidente com Vítima;523,6;BR-040/MG;Sul;Choque com objeto fixo;1;0;0;0;0;0;0;0;0;0;0;1;0;0;0
10/02/2016;09:11:00;115;Atropelamento com Morte;527,15;BR-040/MG;Sul;Atropelamento - Pedestre atravessando;0;0;1;0;0;0;0;0;0;0;0;0;0;0;1
10/02/2016;12:27:00;196;Acidente sem Vítima;529,214;BR-040/MG;Sul;Abalroamento - Longitudinal;1;0;0;1;0;0;0;0;0;0;4;0;0;0;0
10/02/2016;05:25:00;53;Acidente com Vítima;551,8;BR-040/MG;Norte;Choque com objeto fixo;1;0;0;0;0;0;0;0;0;0;0;4;1;0;0
10/02/2016;07:53:00;88;Acidente sem Vítima;608,5;BR-040/MG;Norte;Abalroamento - Longitudinal;1;0;1;0;0;0;0;0;0;0;2;0;0;0;0
10/02/2016;15:58:00;268;Acidente com Vítima;669,4;BR-040/MG;Norte;Abalroamento - Longitudinal;2;0;0;0;0;0;0;0;0;0;1;0;1;0;0
11/02/2016;21:40:00;376;Atropelamento sem Morte;0,67;BR-040/GO;Sul;Atropelamento - Pedestre atravessando;0;0;0;1;0;0;0;0;0;0;1;1;0;0;0
11/02/2016;21:04:00;367;Acidente sem Vítima;1,2;BR-040/GO;Norte;Colisão traseira;2;0;0;0;0;0;0;0;0;0;3;0;0;0;0
11/02/2016;15:37:00;251;Acidente com Vítima;7,2;BR-040/GO;Sul;Colisão traseira;1;0;1;0;0;0;0;0;0;0;1;2;0;0;0
11/02/2016;14:47:00;231;Acidente com Vítima;44,001;BR-040/MG;Sul;Colisão traseira;1;0;0;1;0;0;0;0;0;0;1;0;1;0;0
11/02/2016;09:55:00;137;Acidente sem Vítima;525,803;BR-040/MG;Sul;Outros;0;0;0;1;0;0;0;0;0;0;2;0;0;0;0
11/02/2016;05:29:00;51;Acidente sem Vítima;527,4;BR-040/MG;Sul;Choque com objeto fixo;1;0;0;0;0;0;0;0;0;0;1;0;0;0;0
11/02/2016;23:30:00;410;Acidente sem Vítima;538,254;BR-040/MG;Norte;Colisão traseira;2;0;0;0;0;0;0;0;0;0;2;0;0;0;0
11/02/2016;18:43:00;308;Acidente sem Vítima;656,3;BR-040/MG;Norte;Choque em barreira New Jersey;1;0;0;0;0;0;0;0;0;0;1;0;0;0;0
11/02/2016;17:54:00;289;Acidente com Vítima;659,259;BR-040/MG;Norte;Capotamento;1;0;0;0;0;0;0;0;0;0;0;0;1;0;0
11/02/2016;15:04:00;236;Acidente sem Vítima;729,9;BR-040/MG;Norte;Choque em barreira New Jersey;1;0;0;0;0;0;0;0;0;0;3;0;0;0;0
11/02/2016;15:57:00;260;Acidente sem Vítima;730,7;BR-040/MG;Sul;Choque em barreira New Jersey;1;0;0;0;0;0;0;0;0;0;5;0;0;0;0
11/02/2016;07:11:00;64;Acidente sem Vítima;738,5;BR-040/MG;Norte;Queda de Carga;0;0;1;0;0;0;0;0;0;0;1;0;0;0;0
11/02/2016;10:07:00;144;Acidente sem Vítima;766;BR-040/MG;Norte;Colisão traseira;2;0;0;0;0;0;0;0;0;0;2;0;0;0;0
12/02/2016;16:32:00;267;Acidente sem Vítima;3,15;BR-040/GO;Norte;Colisão traseira;6;0;0;0;0;0;0;0;0;0;8;0;0;0;0
12/02/2016;10:31:00;153;Acidente com Vítima;3,25;BR-040/GO;Norte;Outros;0;0;0;1;0;0;0;0;0;0;1;1;0;0;0
12/02/2016;19:52:00;352;Acidente sem Vítima;44,038;BR-040/MG;Norte;Colisão traseira;3;0;0;0;0;0;0;0;0;0;4;0;0;0;0
12/02/2016;13:45:00;215;Atropelamento sem Morte;144,01;BR-040/MG;Norte;Atropelamento - Ciclista;1;1;0;0;0;0;0;0;0;0;1;0;0;1;0
12/02/2016;18:52:00;319;Acidente sem Vítima;413,43;BR-040/MG;Sul;Colisão traseira;0;0;2;0;0;0;0;0;0;0;2;0;0;0;0
12/02/2016;18:12:00;307;Acidente sem Vítima;519,54;BR-040/MG;Norte;Colisão traseira;2;0;0;0;0;0;0;0;0;0;2;0;0;0;0
12/02/2016;18:52:00;320;Acidente sem Vítima;527,508;BR-040/MG;Sul;Colisão traseira;2;0;0;0;0;0;0;0;0;0;2;0;0;0;0
12/02/2016;18:00:00;299;Acidente com Vítima;527,508;BR-040/MG;Sul;Choque com objeto fixo;0;0;0;1;0;0;0;0;0;0;2;2;0;0;0
12/02/2016;19:15:00;336;Acidente sem Vítima;533,6;BR-040/MG;Norte;Abalroamento - Longitudinal;2;0;0;1;0;0;0;0;0;0;3;0;0;0;0
12/02/2016;18:23:00;309;Acidente sem Vítima;536,05;BR-040/MG;Norte;Choque em barreira New Jersey;1;0;0;0;0;0;0;0;0;0;1;0;0;0;0
12/02/2016;19:47:00;347;Acidente sem Vítima;544,24;BR-040/MG;Sul;Choque em barreira New Jersey;1;0;0;0;0;0;0;0;0;0;1;0;0;0;0
12/02/2016;18:46:00;317;Acidente sem Vítima;560,517;BR-040/MG;Norte;Colisão traseira;2;0;0;0;0;0;0;0;0;0;2;0;0;0;0
12/02/2016;18:09:00;306;Acidente sem Vítima;562,95;BR-040/MG;Norte;Capotamento;1;0;0;0;0;0;0;0;0;0;1;0;0;0;0
12/02/2016;16:25:00;264;Acidente sem Vítima;585,99;BR-040/MG;Sul;Abalroamento - Longitudinal;2;0;0;0;0;0;0;0;0;0;4;0;0;0;0
12/02/2016;06:09:00;34;Acidente com Vítima;598,5;BR-040/MG;Norte;Outros;0;0;0;1;0;0;0;0;0;0;0;1;0;0;0
13/02/2016;14:58:00;199;Acidente com Vítima;0,4;BR-040/DF;Norte;Capotamento;1;0;0;0;0;0;0;0;0;0;1;0;0;0;0
13/02/2016;13:23:00;182;Acidente com Vítima;4,3;BR-040/DF;Sul;Colisão traseira;3;0;0;0;0;0;0;0;0;0;2;0;0;0;0
13/02/2016;13:03:00;176;Acidente com Vítima;5,014;BR-040/DF;Norte;Colisão traseira;1;0;0;1;0;0;0;0;0;0;2;0;0;0;0
13/02/2016;12:41:00;168;Acidente com Vítima;5,5;BR-040/DF;Norte;Capotamento;2;0;0;0;0;0;0;0;0;0;1;3;0;0;0
13/02/2016;23:49:00;344;Acidente sem Vítima;9,7;BR-040/GO;Norte;Outros;1;0;0;0;0;0;0;0;0;0;1;0;0;0;0
13/02/2016;20:28:00;300;Acidente sem Vítima;122,5;BR-040/MG;Sul;Choque com objeto fixo;1;0;0;0;0;0;0;0;0;0;1;0;0;0;0
13/02/2016;10:48:00;144;Acidente com Vítima;451,45;BR-040/MG;Sul;Capotamento;1;0;0;0;0;0;0;0;0;0;0;0;2;0;0
13/02/2016;13:44:00;186;Acidente sem Vítima;483,53;BR-040/MG;Sul;Choque com objeto fixo;1;0;0;0;0;0;0;0;0;0;1;0;0;0;0
13/02/2016;02:32:00;17;Acidente sem Vítima;487,02;BR-040/MG;Norte;Colisão traseira;0;0;2;0;0;0;0;0;0;0;47;0;0;0;0
13/02/2016;15:06:00;203;Acidente sem Vítima;496,3;BR-040/MG;Norte;Outros;0;0;0;1;0;0;0;0;0;0;1;0;0;0;0
13/02/2016;15:33:00;209;Acidente sem Vítima;505,8;BR-040/MG;Sul;Colisão traseira;2;0;0;0;0;0;0;0;0;0;2;0;0;0;0
13/02/2016;18:34:00;260;Acidente sem Vítima;506,1;BR-040/MG;Norte;Choque com objeto fixo;0;0;1;0;0;0;0;0;0;0;1;0;0;0;0
13/02/2016;18:56:00;268;Acidente sem Vítima;531,95;BR-040/MG;Norte;Choque com objeto fixo;1;0;0;0;0;0;0;0;0;0;1;0;0;0;0
13/02/2016;15:58:00;216;Acidente sem Vítima;557,3;BR-040/MG;Sul;Outros;1;0;0;0;0;0;0;0;0;0;2;0;0;0;0
13/02/2016;22:37:00;332;Acidente sem Vítima;566,4;BR-040/MG;Sul;Choque com objeto fixo;1;0;0;0;0;0;0;0;0;0;2;0;0;0;0
13/02/2016;19:40:00;285;Acidente sem Vítima;622,73;BR-040/MG;Norte;Colisão traseira;2;0;0;0;0;0;0;0;0;0;3;0;0;0;0
13/02/2016;16:25:00;224;Acidente sem Vítima;714,1;BR-040/MG;Norte;Colisão traseira;1;0;1;0;0;0;0;0;0;0;2;0;0;0;0
13/02/2016;18:08:00;249;Acidente sem Vítima;752,9;BR-040/MG;Sul;Outros;0;0;0;1;0;0;0;0;0;0;1;0;0;0;0
14/02/2016;01:42:00;8;Acidente sem Vítima;5,01;BR-040/GO;Norte;Outros;1;0;0;0;0;0;0;0;0;0;1;0;0;0;0
14/02/2016;22:36:00;287;Acidente com Vítima;6,1;BR-040/DF;Norte;Choque com objeto fixo;1;0;0;0;0;0;0;0;0;0;1;1;0;0;0
14/02/2016;05:46:00;23;Acidente sem Vítima;7,05;BR-040/GO;Sul;Colisão traseira;2;0;0;0;0;0;0;0;0;0;3;0;0;0;0