data;horario;n_da_ocorrencia;tipo_de_ocorrencia;km;trecho;sentido;tipo_de_acidente;automovel;bicicleta;caminhao;moto;onibus;outros;tracao_animal;transporte_de_cargas_especiais;trator_maquinas;utilitarios;ilesos;levemente_feridos;moderadamente_feridos;gravemente_feridos;mortos
26/02/2016;17:11:00;243;Acidente sem Vítima;7,5;BR-040/GO;Sul;Abalroamento - Longitudinal;1;0;0;0;1;0;0;0;0;0;3;0;0;0;0
26/02/2016;05:06:00;23;Acidente sem Vítima;353,9;BR-040/MG;Sul;Colisão traseira;0;0;1;0;1;0;0;0;0;0;2;0;0;0;0
26/02/2016;06:19:00;33;Acidente sem Vítima;519,1;BR-040/MG;Sul;Colisão traseira;1;0;0;1;0;0;0;0;0;0;2;0;0;0;0
26/02/2016;07:23:00;51;Acidente com Vítima;527,5;BR-040/MG;Sul;Colisão traseira;0;0;0;1;1;0;0;0;0;0;1;1;0;0;0
26/02/2016;09:00:00;94;Acidente sem Vítima;533,1;BR-040/MG;Sul;Colisão traseira;2;0;0;0;0;0;0;0;0;0;2;0;0;0;0
26/02/2016;21:02:00;318;Acidente sem Vítima;614,15;BR-040/MG;Norte;Capotamento;1;0;0;0;0;0;0;0;0;0;1;0;0;0;0
26/02/2016;07:43:00;61;Acidente sem Vítima;619,25;BR-040/MG;Norte;Abalroamento - Transversal;3;0;1;0;0;0;0;0;0;0;4;0;0;0;0
26/02/2016;17:41:00;250;Acidente com Vítima;677,15;BR-040/MG;Norte;Colisão frontal;3;0;0;0;0;0;0;0;0;0;0;0;3;7;0
26/02/2016;18:39:00;264;Acidente sem Vítima;713,23;BR-040/MG;Norte;Colisão traseira;1;0;0;0;1;0;0;0;0;0;3;0;0;0;0
26/02/2016;20:14:00;302;Acidente sem Vítima;726,3;BR-040/MG;Sul;Choque em barreira New Jersey;1;0;0;0;0;0;0;0;0;0;1;0;0;0;0
26/02/2016;15:08:00;198;Acidente sem Vítima;750,2;BR-040/MG;Sul;Capotamento;1;0;0;0;0;0;0;0;0;0;2;0;0;0;0
26/02/2016;14:52:00;195;Acidente sem Vítima;758,2;BR-040/MG;Norte;Colisão traseira;1;0;0;1;0;0;0;0;0;0;4;0;0;0;0
27/02/2016;18:53:00;275;Acidente sem Vítima;0,2;BR-040/DF;Norte;Choque com objeto fixo;1;0;0;0;0;0;0;0;0;0;1;0;0;0;0
27/02/2016;13:19:00;170;Acidente com Vítima;6,9;BR-040/GO;Sul;Colisão traseira;1;0;0;1;0;0;0;0;0;0;1;0;1;0;0
27/02/2016;20:42:00;294;Acidente sem Vítima;39,8;BR-040/MG;Norte;Abalroamento - Transversal;2;0;0;0;0;0;0;0;0;0;3;0;0;0;0
27/02/2016;23:21:00;319;Acidente com Vítima;280,25;BR-040/MG;Norte;Capotamento;1;0;0;0;0;0;0;0;0;0;0;1;0;0;0
27/02/2016;03:07:00;26;Atropelamento com Morte;435,4;BR-040/MG;Norte;Atropelamento - Ciclista;0;1;0;0;0;0;0;0;0;0;1;0;0;0;1
27/02/2016;19:15:00;279;Acidente sem Vítima;449,82;BR-040/MG;Norte;Choque em defensa;0;0;0;0;0;0;0;0;0;1;3;0;0;0;0
27/02/2016;18:06:00;266;Acidente com Vítima;466,422;BR-040/MG;Norte;Capotamento;1;0;0;0;0;0;0;0;0;0;1;0;1;0;0
27/02/2016;09:36:00;114;Acidente sem Vítima;520,001;BR-040/MG;Norte;Colisão traseira;2;0;0;0;0;0;0;0;0;0;2;0;0;0;0
27/02/2016;20:10:00;289;Atropelamento sem Morte;524,6;BR-040/MG;Norte;Atropelamento - Pedestre atravessando;1;0;0;0;0;0;0;0;0;0;1;0;0;1;0
27/02/2016;23:38:00;323;Acidente sem Vítima;562,1;BR-040/MG;Sul;Choque com objeto fixo;1;0;0;0;0;0;0;0;0;0;1;0;0;0;0
27/02/2016;22:27:00;308;Acidente sem Vítima;564,44;BR-040/MG;Norte;Choque com objeto fixo;1;0;0;0;0;0;0;0;0;0;5;0;0;0;0
27/02/2016;10:29:00;126;Acidente com Vítima;566,01;BR-040/MG;Sul;Outros;1;0;0;0;0;0;0;0;0;0;1;0;1;0;0
27/02/2016;07:29:00;68;Acidente sem Vítima;577,1;BR-040/MG;Sul;Colisão traseira;1;0;1;0;0;0;0;0;0;0;2;0;0;0;0
27/02/2016;18:52:00;274;Acidente sem Vítima;587,282;BR-040/MG;Sul;Choque com objeto fixo;0;0;1;0;0;0;0;0;0;0;1;0;0;0;0
27/02/2016;07:16:00;64;Acidente com Vítima;622,42;BR-040/MG;Sul;Capotamento;1;0;0;0;0;0;0;0;0;0;0;1;1;0;0
27/02/2016;17:25:00;258;Acidente com Morte;628,2;BR-040/MG;Sul;Abalroamento - Transversal;2;0;0;0;0;0;0;0;0;0;0;0;2;0;1
27/02/2016;17:36:00;261;Acidente sem Vítima;64,008;BR-040/GO;Sul;Capotamento;1;0;0;0;0;0;0;0;0;0;2;0;0;0;0
27/02/2016;05:39:00;41;Acidente com Vítima;717,8;BR-040/MG;Sul;Queda de Carga;0;0;1;0;0;0;0;0;0;0;0;0;1;0;0
27/02/2016;14:19:00;190;Acidente sem Vítima;728,8;BR-040/MG;Sul;Colisão frontal;2;0;0;0;0;0;0;0;0;0;6;0;0;0;0
28/02/2016;18:09:00;234;Acidente sem Vítima;2,3;BR-040/GO;Norte;Abalroamento - Longitudinal;1;0;0;1;0;0;0;0;0;0;3;0;0;0;0
28/02/2016;15:46:00;178;Acidente com Vítima;7;BR-040/GO;Sul;Abalroamento - Transversal;1;0;0;1;0;0;0;0;0;0;1;0;0;0;0
28/02/2016;20:25:00;290;Acidente com Vítima;144,06;BR-040/MG;Norte;Abalroamento - Longitudinal;1;0;0;1;0;0;0;0;0;0;2;1;0;0;0
28/02/2016;11:11:00;100;Acidente sem Vítima;388;BR-040/MG;Norte;Choque com objeto fixo;1;0;0;0;0;0;0;0;0;0;1;0;0;0;0
28/02/2016;05:54:00;31;Acidente com Vítima;446,23;BR-040/MG;Sul;Choque com objeto fixo;1;0;0;0;0;0;0;0;0;0;1;2;0;0;0
28/02/2016;11:37:00;110;Acidente sem Vítima;461,163;BR-040/MG;Sul;Colisão traseira;2;0;0;0;0;0;0;0;0;0;2;0;0;0;0
28/02/2016;02:15:00;14;Acidente sem Vítima;464,7;BR-040/MG;Norte;Queda de Carga;0;0;1;0;0;0;0;0;0;0;1;0;0;0;0
28/02/2016;15:35:00;172;Acidente com Vítima;505,5;BR-040/MG;Norte;Capotamento;1;0;0;0;0;0;0;0;0;0;2;2;0;0;0
28/02/2016;19:33:00;266;Acidente sem Vítima;510,273;BR-040/MG;Sul;Colisão traseira;3;0;0;0;0;0;0;0;0;0;3;0;0;0;0
28/02/2016;16:15:00;187;Acidente sem Vítima;512,01;BR-040/MG;Norte;Choque com objeto fixo;1;0;0;0;0;0;0;0;0;0;1;0;0;0;0
28/02/2016;17:36:00;218;Acidente com Vítima;527,01;BR-040/MG;Sul;Capotamento;1;0;0;0;0;0;0;0;0;0;1;0;1;0;0
28/02/2016;04:27:00;22;Acidente com Vítima;547,89;BR-040/MG;Sul;Choque com objeto fixo;1;0;0;0;0;0;0;0;0;0;0;0;0;1;0
28/02/2016;17:16:00;204;Acidente sem Vítima;618,3;BR-040/MG;Norte;Choque com objeto fixo;1;0;0;0;0;0;0;0;0;0;2;0;0;0;0
28/02/2016;06:01:00;34;Acidente sem Vítima;656;BR-040/MG;Sul;Choque em barreira New Jersey;1;0;0;0;0;0;0;0;0;0;1;0;0;0;0
28/02/2016;10:13:00;85;Acidente com Vítima;64,9;BR-040/GO;Norte;Outros;0;0;0;1;0;0;0;0;0;0;0;1;0;0;0
28/02/2016;17:57:00;227;Acidente sem Vítima;758,364;BR-040/MG;Sul;Abalroamento - Longitudinal;1;0;1;0;0;0;0;0;0;0;2;0;0;0;0
29/02/2016;06:20:00;37;Atropelamento sem Morte;3,5;BR-040/DF;Sul;Atropelamento - Pedestre atravessando;1;0;0;0;0;0;0;0;0;0;1;0;1;0;0
29/02/2016;08:34:00;100;Acidente com Vítima;3,2;BR-040/GO;Norte;Colisão traseira;2;0;0;1;0;0;0;0;0;0;2;1;0;0;0
29/02/2016;06:54:00;53;Atropelamento sem Morte;4,2;BR-040/GO;Norte;Atropelamento - Pedestre atravessando;1;0;0;0;0;0;0;0;0;0;1;1;0;0;0
29/02/2016;09:32:00;127;Atropelamento sem Morte;7,2;BR-040/GO;Norte;Atropelamento - Ciclista;1;0;0;0;0;0;0;0;0;0;1;1;0;0;0
29/02/2016;09:56:00;133;Acidente sem Vítima;12,2;BR-040/GO;Norte;Colisão traseira;2;0;0;0;0;0;0;0;0;0;6;0;0;0;0
29/02/2016;23:30:00;332;Acidente sem Vítima;494,4;BR-040/MG;Norte;Choque com objeto fixo;1;0;0;0;0;0;0;0;0;0;1;0;0;0;0
29/02/2016;00:12:00;2;Acidente com Vítima;502,05;BR-040/MG;Sul;Abalroamento - Longitudinal;2;0;0;0;0;0;0;0;0;0;2;0;1;0;0
29/02/2016;15:02:00;207;Acidente sem Vítima;513,05;BR-040/MG;Sul;Colisão traseira;1;0;1;0;0;0;0;0;0;0;2;0;0;0;0
29/02/2016;08:27:00;95;Acidente sem Vítima;539,2;BR-040/MG;Norte;Choque com objeto fixo;0;0;1;0;0;0;0;0;0;0;1;0;0;0;0
29/02/2016;06:59:00;55;Acidente sem Vítima;540,7;BR-040/MG;Sul;Colisão traseira;2;0;0;0;0;0;0;0;0;0;3;0;0;0;0
29/02/2016;16:07:00;228;Acidente sem Vítima;559,9;BR-040/MG;Sul;Choque com objeto fixo;0;0;1;0;0;0;0;0;0;0;1;0;0;0;0
29/02/2016;15:35:00;220;Acidente sem Vítima;562,8;BR-040/MG;Norte;Capotamento;1;0;0;0;0;0;0;0;0;0;1;0;0;0;0
29/02/2016;15:19:00;217;Acidente com Vítima;562,8;BR-040/MG;Sul;Capotamento;2;0;0;0;0;0;0;0;0;0;2;0;2;0;0
29/02/2016;15:16:00;215;Acidente com Vítima;53,8;BR-040/GO;Norte;Capotamento;1;0;0;0;0;0;0;0;0;0;0;0;1;0;0
01/03/2016;14:18:00;212;Acidente sem Vítima;1,3;BR-040/GO;Sul;Colisão traseira;2;0;0;0;0;0;0;0;0;0;2;0;0;0;0
01/03/2016;09:34:00;145;Acidente sem Vítima;5,2;BR-040/GO;Sul;Colisão traseira;2;0;0;0;0;0;0;0;0;0;2;0;0;0;0
01/03/2016;00:26:00;3;Acidente sem Vítima;5,4;BR-040/GO;Sul;Choque com objeto fixo;2;0;0;0;0;0;0;0;0;0;3;0;0;0;0
01/03/2016;19:26:00;303;Acidente sem Vítima;7,6;BR-040/GO;Norte;Abalroamento - Longitudinal;2;0;0;0;0;0;0;0;0;0;3;0;0;0;0
01/03/2016;20:00:00;318;Atropelamento sem Morte;12,4;BR-040/GO;Sul;Atropelamento - Pedestre atravessando;1;0;0;0;0;0;0;0;0;0;2;1;0;0;0
01/03/2016;19:23:00;301;Acidente com Vítima;448,3;BR-040/MG;Sul;Abalroamento - Longitudinal;1;0;0;1;0;0;0;0;0;0;1;1;0;0;0
01/03/2016;13:01:00;193;Acidente com Vítima;465,18;BR-040/MG;Sul;Outros;0;0;0;1;0;0;0;0;0;0;1;1;0;0;0
01/03/2016;13:41:00;206;Acidente com Vítima;501,93;BR-040/MG;Sul;Outros;0;0;0;1;0;0;0;0;0;0;1;0;1;0;0
01/03/2016;06:56:00;42;Acidente sem Vítima;528,1;BR-040/MG;Norte;Colisão traseira;2;0;0;0;0;0;0;0;0;0;6;0;0;0;0
01/03/2016;07:33:00;60;Acidente com Vítima;532,3;BR-040/MG;Sul;Colisão traseira;2;0;0;0;0;0;0;0;0;0;2;1;0;0;0
01/03/2016;09:44:00;146;Acidente sem Vítima;555,37;BR-040/MG;Norte;Colisão traseira;2;0;0;0;0;0;0;0;0;0;5;0;0;0;0
01/03/2016;11:54:00;182;Acidente sem Vítima;583,8;BR-040/MG;Norte;Choque em defensa;0;0;1;0;0;0;0;0;0;0;1;0;0;0;0
01/03/2016;08:06:00;90;Acidente com Morte;603,92;BR-040/MG;Norte;Abalroamento - Longitudinal;1;0;1;0;0;0;0;0;0;0;1;0;0;0;1
01/03/2016;18:05:00;273;Acidente sem Vítima;614,6;BR-040/MG;Sul;Choque com objeto fixo;1;0;0;0;0;0;0;0;0;0;1;0;0;0;0
01/03/2016;08:55:00;124;Acidente com Vítima;699,1;BR-040/MG;Sul;Outros;0;0;0;1;0;0;0;0;0;0;0;1;0;0;0
01/03/2016;01:58:00;10;Acidente sem Vítima;754,5;BR-040/MG;Sul;Capotamento;1;0;0;0;0;0;0;0;0;0;1;0;0;0;0
02/03/2016;17:03:00;268;Acidente sem Vítima;2,5;BR-040/GO;Sul;Abalroamento - Longitudinal;1;0;0;0;1;0;0;0;0;0;22;0;0;0;0
02/03/2016;06:12:00;39;Atropelamento sem Morte;5,295;BR-040/DF;Norte;Atropelamento - Pedestre atravessando;0;0;0;1;0;0;0;0;0;0;1;0;0;0;0
02/03/2016;07:52:00;64;Atropelamento sem Morte;6,7;BR-040/GO;Norte;Atropelamento - Pedestre atravessando;0;0;0;1;0;0;0;0;0;0;1;1;1;0;0
02/03/2016;09:37:00;130;Acidente com Vítima;7,4;BR-040/GO;Norte;Colisão traseira;4;0;0;0;0;0;0;0;0;0;6;3;0;0;0
02/03/2016;08:01:00;69;Acidente com Morte;8,15;BR-040/GO;Norte;Colisão traseira;0;0;0;2;0;0;0;0;0;0;1;0;0;0;1
02/03/2016;18:00:00;279;Acidente com Vítima;44;BR-040/MG;Sul;Abalroamento - Longitudinal;1;0;0;1;0;0;0;0;0;0;1;0;0;1;0
02/03/2016;15:15:00;231;Acidente sem Vítima;328,1;BR-040/MG;Sul;Outros;1;0;0;0;0;0;0;0;0;0;1;0;0;0;0
02/03/2016;22:31:00;340;Acidente sem Vítima;448,4;BR-040/MG;Sul;Atropelamento - Animal;0;0;1;0;0;0;0;0;0;0;1;0;0;0;0
02/03/2016;18:38:00;294;Acidente com Vítima;509,67;BR-040/MG;Norte;Colisão traseira;1;0;0;1;0;0;0;0;0;0;1;1;0;0;0
02/03/2016;07:21:00;56;Acidente com Vítima;515,3;BR-040/MG;Sul;Colisão traseira;1;0;0;1;0;0;0;0;0;0;1;0;1;1;0
02/03/2016;22:32:00;341;Acidente sem Vítima;515,791;BR-040/MG;Sul;Choque com objeto fixo;1;0;0;0;0;0;0;0;0;0;1;0;0;0;0
02/03/2016;19:51:00;315;Acidente sem Vítima;535,2;BR-040/MG;Norte;Abalroamento - Longitudinal;1;0;1;0;0;0;0;0;0;0;2;0;0;0;0
02/03/2016;08:13:00;75;Acidente sem Vítima;538,235;BR-040/MG;Sul;Abalroamento - Longitudinal;1;0;1;0;0;0;0;0;0;0;2;0;0;0;0
02/03/2016;06:49:00;45;Acidente sem Vítima;541,001;BR-040/MG;Sul;Colisão traseira;3;0;0;0;0;0;0;0;0;0;4;0;0;0;0
02/03/2016;11:29:00;165;Acidente sem Vítima;544,001;BR-040/MG;Norte;Colisão traseira;2;0;0;0;0;0;0;0;0;0;2;0;0;0;0
02/03/2016;18:54:00;297;Acidente sem Vítima;558,1;BR-040/MG;Sul;Colisão traseira;2;0;0;0;0;0;0;0;0;0;2;0;0;0;0
02/03/2016;06:39:00;42;Acidente sem Vítima;62,7;BR-040/GO;Sul;Abalroamento - Longitudinal;2;0;0;0;0;0;0;0;0;0;2;0;0;0;0
02/03/2016;17:23:00;273;Acidente com Vítima;679,01;BR-040/MG;Norte;Choque com objeto fixo;2;0;0;0;0;0;0;0;0;0;2;0;1;0;0
03/03/2016;17:39:00;314;Atropelamento sem Morte;0,9;BR-040/GO;Sul;Atropelamento - Pedestre atravessando;1;0;0;0;0;0;0;0;0;0;1;0;1;0;0
03/03/2016;19:02:00;333;Atropelamento com Morte;1,3;BR-040/GO;Norte;Atropelamento - Pedestre atravessando;0;0;0;1;0;0;0;0;0;0;1;0;0;0;1
03/03/2016;16:02:00;289;Acidente com Vítima;2,5;BR-040/GO;Sul;Colisão traseira;1;0;0;1;0;0;0;0;0;0;3;1;0;0;0
03/03/2016;04:21:00;27;Acidente com Vítima;472,3;BR-040/MG;Norte;Capotamento;1;0;0;0;0;0;0;0;0;0;0;1;1;0;0
03/03/2016;17:57:00;316;Acidente sem Vítima;476,67;BR-040/MG;Sul;Choque com objeto fixo;1;0;0;0;0;1;0;0;0;0;2;0;0;0;0
03/03/2016;06:46:00;49;Acidente sem Vítima;513;BR-040/MG;Sul;Abalroamento - Longitudinal;1;0;0;1;0;0;0;0;0;0;2;0;0;0;0
03/03/2016;06:48:00;52;Acidente sem Vítima;528,4;BR-040/MG;Sul;Abalroamento - Longitudinal;1;0;0;1;0;0;0;0;0;0;2;0;0;0;0
03/03/2016;08:11:00;108;Acidente sem Vítima;533,2;BR-040/MG;Norte;Colisão traseira;1;0;1;0;0;0;0;0;0;0;3;0;0;0;0
03/03/2016;17:37:00;313;Acidente sem Vítima;533,78;BR-040/MG;Norte;Colisão traseira;2;0;0;0;0;0;0;0;0;0;2;0;0;0;0
03/03/2016;08:43:00;128;Acidente com Vítima;543,1;BR-040/MG;Sul;Colisão traseira;0;0;0;2;0;0;0;0;0;0;1;1;0;0;0
03/03/2016;15:07:00;271;Acidente sem Vítima;544,1;BR-040/MG;Sul;Abalroamento - Longitudinal;1;0;0;1;0;0;0;0;0;0;2;0;0;0;0
03/03/2016;16:16:00;294;Acidente sem Vítima;49,5;BR-040/GO;Sul;Colisão traseira;1;0;0;0;1;1;0;0;0;0;4;0;0;0;0
03/03/2016;13:43:00;242;Acidente com Vítima;90,3;BR-040/GO;Sul;Queda de Carga;1;0;0;0;0;0;0;0;0;0;0;1;0;0;0
03/03/2016;18:57:00;331;Acidente com Vítima;97,1;BR-040/GO;Norte;Abalroamento - Longitudinal;2;0;0;1;0;0;0;0;0;0;2;0;1;0;0
03/03/2016;11:12:00;195;Acidente sem Vítima;707,713;BR-040/MG;Sul;Outros;1;0;0;0;0;0;0;0;0;0;2;0;0;0;0
04/03/2016;18:06:00;253;Acidente sem Vítima;4,9;BR-040/DF;Sul;Abalroamento - Transversal;1;0;0;1;0;0;0;0;0;0;3;0;0;0;0
04/03/2016;19:32:00;276;Acidente com Vítima;7,5;BR-040/GO;Norte;Colisão traseira;2;0;0;0;0;0;0;0;0;0;2;0;1;0;0
04/03/2016;17:42:00;246;Acidente com Vítima;462,2;BR-040/MG;Sul;Colisão traseira;1;0;1;0;0;0;0;0;0;0;1;0;1;0;0
04/03/2016;20:45:00;292;Acidente sem Vítima;468,3;BR-040/MG;Sul;Outros;1;0;0;0;0;0;0;0;0;0;3;0;0;0;0
04/03/2016;18:40:00;264;Acidente sem Vítima;474,6;BR-040/MG;Norte;Outros;1;0;0;0;0;0;0;0;0;0;3;0;0;0;0
04/03/2016;21:00:00;297;Acidente sem Vítima;493,7;BR-040/MG;Norte;Choque com objeto fixo;1;0;0;0;0;0;0;0;0;0;1;0;0;0;0
04/03/2016;17:27:00;242;Acidente sem Vítima;504,3;BR-040/MG;Norte;Colisão traseira;0;0;2;0;0;0;0;0;0;0;2;0;0;0;0
04/03/2016;18:32:00;259;Acidente sem Vítima;509,3;BR-040/MG;Sul;Colisão traseira;2;0;0;0;0;0;0;0;0;0;2;0;0;0;0
04/03/2016;16:01:00;219;Acidente sem Vítima;511,02;BR-040/MG;Norte;Colisão traseira;5;0;2;0;0;0;0;0;0;0;7;0;0;0;0
04/03/2016;03:39:00;23;Acidente sem Vítima;512,94;BR-040/MG;Sul;Capotamento;1;0;0;0;0;0;0;0;0;0;2;0;0;0;0
04/03/2016;21:36:00;307;Acidente sem Vítima;514,1;BR-040/MG;Norte;Colisão traseira;3;0;0;0;0;0;0;0;0;0;3;0;0;0;0
04/03/2016;21:23:00;303;Acidente sem Vítima;515,5;BR-040/MG;Norte;Colisão traseira;4;0;0;0;0;0;0;0;0;0;6;0;0;0;0
04/03/2016;13:47:00;194;Acidente sem Vítima;532,15;BR-040/MG;Sul;Colisão traseira;3;0;0;0;0;0;0;0;0;0;3;0;0;0;0
04/03/2016;10:15:00;138;Acidente com Vítima;538,5;BR-040/MG;Norte;Colisão traseira;2;0;0;0;0;0;0;0;0;0;3;1;0;0;0
04/03/2016;15:05:00;208;Acidente sem Vítima;539,8;BR-040/MG;Norte;Choque com objeto fixo;0;0;1;0;0;0;0;0;0;0;1;0;0;0;0
04/03/2016;16:42:00;229;Acidente com Vítima;566,9;BR-040/MG;Norte;Colisão traseira;1;0;0;0;0;0;0;0;0;1;1;1;1;0;0
04/03/2016;15:35:00;211;Acidente com Vítima;614,45;BR-040/MG;Sul;Colisão frontal;2;0;0;0;0;0;0;0;0;0;0;1;0;0;0
04/03/2016;13:43:00;192;Acidente com Vítima;618,5;BR-040/MG;Norte;Outros;0;0;0;1;0;0;0;0;0;0;0;1;0;0;0
04/03/2016;10:54:00;150;Acidente com Vítima;638,75;BR-040/MG;Norte;Capotamento;1;0;0;0;0;0;0;0;0;0;1;1;0;0;0
04/03/2016;18:25:00;257;Acidente com Vítima;664,3;BR-040/MG;Sul;Colisão frontal;4;0;1;0;0;0;0;0;0;0;42;0;2;0;0
04/03/2016;12:02:00;169;Acidente com Vítima;704,85;BR-040/MG;Sul;Choque com objeto fixo;1;0;0;0;0;0;0;0;0;0;0;2;0;0;0
04/03/2016;13:57:00;197;Acidente sem Vítima;739,3;BR-040/MG;Sul;Colisão traseira;2;0;0;0;0;0;0;0;0;0;2;0;0;0;0
05/03/2016;04:45:00;38;Acidente com Vítima;2,036;BR-040/GO;Sul;Colisão traseira;2;0;0;0;0;0;0;0;0;0;4;1;0;0;0
05/03/2016;19:13:00;235;Acidente sem Vítima;2,15;BR-040/GO;Norte;Colisão traseira;2;0;0;0;0;0;0;0;0;0;3;0;0;0;0
05/03/2016;19:27:00;241;Acidente sem Vítima;3,65;BR-040/GO;Norte;Colisão traseira;2;0;0;0;0;0;0;0;0;0;3;0;0;0;0
05/03/2016;01:41:00;22;Acidente sem Vítima;342,1;BR-040/MG;Sul;Choque com objeto fixo;1;0;0;0;0;0;0;0;0;0;3;0;0;0;0
05/03/2016;00:33:00;11;Acidente sem Vítima;508,1;BR-040/MG;Norte;Choque com objeto fixo;1;0;0;0;0;0;0;0;0;0;1;0;0;0;0
05/03/2016;10:24:00;122;Acidente sem Vítima;509,8;BR-040/MG;Norte;Colisão traseira;3;0;0;0;0;0;0;0;0;0;3;0;0;0;0
05/03/2016;00:04:00;3;Acidente sem Vítima;516,6;BR-040/MG;Sul;Choque com objeto fixo;1;0;0;0;0;0;0;0;0;0;1;0;0;0;0
05/03/2016;22:22:00;288;Acidente com Vítima;518,2;BR-040/MG;Sul;Outros;1;0;0;0;0;0;0;0;0;0;1;0;1;0;0
05/03/2016;15:40:00;182;Acidente com Vítima;518,4;BR-040/MG;Norte;Colisão traseira;1;0;0;1;0;0;0;0;0;0;1;0;1;0;0
05/03/2016;14:14:00;157;Acidente sem Vítima;528,5;BR-040/MG;Norte;Colisão traseira;1;0;1;0;0;0;0;0;0;0;2;0;0;0;0
05/03/2016;18:25:00;218;Acidente com Vítima;563,1;BR-040/MG;Sul;Outros;0;0;0;1;0;0;0;0;0;0;0;0;1;0;0
05/03/2016;00:54:00;16;Acidente sem Vítima;583,3;BR-040/MG;Norte;Abalroamento - Longitudinal;2;0;0;0;0;0;0;0;0;0;2;0;0;0;0
05/03/2016;08:37:00;96;Acidente com Vítima;699,2;BR-040/MG;Sul;Outros;0;0;0;1;0;0;0;0;0;0;0;0;1;0;0
06/03/2016;01:49:00;13;Acidente com Vítima;4,1;BR-040/GO;Norte;Outros;0;0;0;1;0;0;0;0;0;0;0;0;1;1;0
06/03/2016;10:14:00;66;Acidente sem Vítima;19,01;BR-040/GO;Norte;Colisão traseira;2;0;0;0;0;0;0;0;0;0;5;0;0;0;0
06/03/2016;11:45:00;89;Acidente com Vítima;129,9;BR-040/MG;Norte;Colisão traseira;2;0;0;0;0;0;0;0;0;0;1;0;2;0;0
06/03/2016;06:08:00;32;Acidente sem Vítima;486,415;BR-040/MG;Norte;Colisão traseira;1;0;1;0;0;0;0;0;0;0;4;0;0;0;0
06/03/2016;20:07:00;228;Acidente sem Vítima;508,24;BR-040/MG;Norte;Abalroamento - Longitudinal;2;0;0;0;0;0;0;0;0;0;2;0;0;0;0
06/03/2016;13:26:00;115;Acidente com Vítima;519,8;BR-040/MG;Norte;Outros;0;0;0;1;0;0;0;0;0;0;0;2;0;0;0
06/03/2016;10:33:00;70;Acidente sem Vítima;592;BR-040/MG;Norte;Choque com objeto fixo;1;0;0;0;0;0;0;0;0;0;3;0;0;0;0
06/03/2016;11:34:00;86;Acidente com Vítima;593,6;BR-040/MG;Sul;Colisão frontal;1;0;1;0;0;0;0;0;0;0;2;0;1;0;0
06/03/2016;16:53:00;171;Acidente com Morte;641,6;BR-040/MG;Sul;Abalroamento - Longitudinal;0;0;2;0;0;0;0;0;0;0;1;0;1;0;1
06/03/2016;16:41:00;163;Acidente com Vítima;7,8;BR-040/DF;Norte;Outros;2;0;0;0;0;0;0;0;0;0;1;0;1;0;0
06/03/2016;14:49:00;128;Acidente sem Vítima;694,744;BR-040/MG;Sul;Choque com objeto fixo;1;0;0;0;0;0;0;0;0;0;1;0;0;0;0
06/03/2016;07:47:00;40;Acidente com Vítima;711,624;BR-040/MG;Sul;Capotamento;1;0;0;0;0;0;0;0;0;0;0;1;0;0;0
06/03/2016;15:20:00;141;Acidente com Vítima;723,098;BR-040/MG;Sul;Capotamento;1;0;0;0;0;0;0;0;0;0;3;1;0;0;0
06/03/2016;21:18:00;253;Acidente sem Vítima;140,29;BR-040/GO;Norte;Atropelamento - Animal;1;0;0;0;0;0;0;0;0;0;2;0;0;0;0
06/03/2016;13:16:00;111;Acidente sem Vítima;766;BR-040/MG;Sul;Outros;1;0;0;0;0;0;0;0;0;0;4;0;0;0;0
06/03/2016;12:52:00;105;Acidente sem Vítima;766;BR-040/MG;Norte;Abalroamento - Longitudinal;1;0;0;0;1;0;0;0;0;0;5;0;0;0;0
07/03/2016;15:43:00;235;Acidente sem Vítima;0,15;BR-040/GO;Sul;Colisão traseira;1;0;2;0;0;0;0;0;0;0;3;0;0;0;0
07/03/2016;20:10:00;326;Acidente com Vítima;1,1;BR-040/DF;Sul;Abalroamento - Longitudinal;2;0;0;1;0;0;0;0;0;0;2;1;0;0;0
07/03/2016;17:47:00;281;Acidente com Vítima;9;BR-040/GO;Sul;Colisão traseira;1;0;0;1;0;0;0;0;0;0;2;1;0;0;0
07/03/2016;17:39:00;279;Acidente sem Vítima;447,5;BR-040/MG;Sul;Abalroamento - Longitudinal;2;0;0;0;0;0;0;0;0;0;3;0;0;0;0
07/03/2016;16:40:00;250;Acidente sem Vítima;463,3;BR-040/MG;Sul;Choque com objeto fixo;0;0;0;1;0;0;0;0;0;0;1;0;0;0;0
07/03/2016;06:13:00;35;Acidente com Vítima;477,68;BR-040/MG;Sul;Capotamento;1;0;0;0;0;0;0;0;0;0;1;0;1;0;0
07/03/2016;08:45:00;124;Acidente com Vítima;544,695;BR-040/MG;Sul;Outros;0;0;0;1;0;0;0;0;0;0;1;1;0;0;0
07/03/2016;10:25:00;152;Acidente sem Vítima;556;BR-040/MG;Sul;Colisão traseira;2;0;0;0;0;0;0;0;0;0;6;0;0;0;0
07/03/2016;16:04:00;241;Acidente sem Vítima;557,6;BR-040/MG;Sul;Choque com objeto fixo;1;0;0;0;0;0;0;0;0;0;5;0;0;0;0
07/03/2016;23:18:00;373;Acidente com Vítima;743,79;BR-040/MG;Norte;Choque em defensa;0;0;1;0;0;0;0;0;0;0;1;0;1;0;0