data;horario;n_da_ocorrencia;tipo_de_ocorrencia;km;trecho;sentido;tipo_de_acidente;automovel;bicicleta;caminhao;moto;onibus;outros;tracao_animal;transporte_de_cargas_especiais;trator_maquinas;utilitarios;ilesos;levemente_feridos;moderadamente_feridos;gravemente_feridos;mortos
07/03/2016;15:46:00;237;Acidente com Vítima;111,05;BR-040/GO;Sul;Capotamento;1;0;0;0;0;0;0;0;0;0;0;1;0;0;0
08/03/2016;12:32:00;150;Acidente sem Vítima;2,1;BR-040/GO;Norte;Colisão traseira;3;0;0;1;0;0;0;0;0;0;4;0;0;0;0
08/03/2016;19:14:00;254;Acidente sem Vítima;524,2;BR-040/MG;Sul;Abalroamento - Longitudinal;1;0;1;0;0;0;0;0;0;0;5;0;0;0;0
08/03/2016;17:14:00;208;Acidente sem Vítima;532,7;BR-040/MG;Sul;Abalroamento - Longitudinal;1;0;0;1;0;0;0;0;0;0;2;0;0;0;0
08/03/2016;11:09:00;134;Acidente com Vítima;535,1;BR-040/MG;Norte;Capotamento;2;0;0;0;0;0;0;0;0;0;2;1;0;0;0
08/03/2016;07:00:00;42;Acidente sem Vítima;541,1;BR-040/MG;Sul;Colisão traseira;2;0;0;0;0;0;0;0;0;0;2;0;0;0;0
08/03/2016;11:00:00;132;Acidente com Vítima;608,02;BR-040/MG;Sul;Abalroamento - Longitudinal;1;0;0;0;0;1;0;0;0;0;4;1;0;0;0
08/03/2016;09:06:00;108;Acidente sem Vítima;621,5;BR-040/MG;Norte;Colisão frontal;2;0;0;0;0;0;0;0;0;0;2;0;0;0;0
08/03/2016;19:05:00;252;Acidente sem Vítima;642,4;BR-040/MG;Norte;Colisão traseira;2;0;0;0;0;0;0;0;0;0;2;0;0;0;0
08/03/2016;18:36:00;240;Acidente sem Vítima;36,9;BR-040/GO;Sul;Outros;0;0;0;1;0;0;0;0;0;0;1;0;0;0;0
08/03/2016;18:41:00;243;Acidente sem Vítima;8,01;BR-040/DF;Sul;Colisão traseira;2;0;0;0;0;0;0;0;0;0;2;0;0;0;0
08/03/2016;21:47:00;290;Acidente sem Vítima;65,7;BR-040/GO;Sul;Abalroamento - Longitudinal;1;0;1;0;0;0;0;0;0;0;2;0;0;0;0
08/03/2016;06:22:00;25;Acidente sem Vítima;711,3;BR-040/MG;Norte;Capotamento;1;0;0;0;0;0;0;0;0;0;1;0;0;0;0
08/03/2016;08:25:00;91;Acidente sem Vítima;718,8;BR-040/MG;Norte;Colisão traseira;2;0;0;0;0;0;0;0;0;0;38;0;0;0;0
09/03/2016;17:23:00;218;Acidente sem Vítima;1,5;BR-040/GO;Norte;Colisão traseira;2;0;0;0;0;0;0;0;0;0;2;0;0;0;0
09/03/2016;16:30:00;206;Acidente sem Vítima;1,8;BR-040/GO;Norte;Colisão traseira;2;0;0;0;0;0;0;0;0;0;2;0;0;0;0
09/03/2016;06:50:00;37;Acidente com Vítima;3,9;BR-040/DF;Norte;Abalroamento - Longitudinal;1;0;0;1;0;0;0;0;0;0;1;1;0;0;0
09/03/2016;19:50:00;275;Atropelamento sem Morte;12,99;BR-040/GO;Sul;Atropelamento - Ciclista;0;0;0;1;0;0;0;0;0;0;0;2;0;0;0
09/03/2016;07:13:00;43;Acidente sem Vítima;14,9;BR-040/GO;Norte;Outros;0;0;0;1;0;0;0;0;0;0;2;0;0;0;0
09/03/2016;22:58:00;316;Acidente sem Vítima;273,8;BR-040/MG;Sul;Colisão traseira;0;0;2;0;0;0;0;0;0;0;2;0;0;0;0
09/03/2016;06:12:00;26;Acidente sem Vítima;509,5;BR-040/MG;Sul;Colisão traseira;2;0;0;0;0;0;0;0;0;0;2;0;0;0;0
09/03/2016;10:01:00;130;Atropelamento sem Morte;511,15;BR-040/MG;Sul;Atropelamento - Pedestre atravessando;0;0;0;1;0;0;0;0;0;0;0;1;0;1;0
09/03/2016;18:00:00;228;Acidente sem Vítima;511,4;BR-040/MG;Norte;Colisão traseira;3;0;0;0;0;0;0;0;0;0;3;0;0;0;0
09/03/2016;12:25:00;165;Atropelamento sem Morte;523,498;BR-040/MG;Norte;Atropelamento - Pedestre atravessando;0;0;1;0;0;0;0;0;0;0;1;0;0;1;0
09/03/2016;14:40:00;187;Acidente sem Vítima;525,15;BR-040/MG;Sul;Colisão traseira;1;0;1;0;0;0;0;0;0;0;2;0;0;0;0
09/03/2016;09:15:00;116;Acidente sem Vítima;530,8;BR-040/MG;Norte;Abalroamento - Longitudinal;1;0;0;1;0;0;0;0;0;0;2;0;0;0;0
09/03/2016;05:56:00;23;Acidente com Vítima;546,1;BR-040/MG;Sul;Choque com objeto fixo;0;0;1;0;0;0;0;0;0;0;0;1;0;0;0
09/03/2016;17:44:00;223;Atropelamento sem Morte;553,15;BR-040/MG;Norte;Atropelamento - Abrigo de ônibus;1;0;0;0;0;0;0;0;0;0;1;1;0;0;0
10/03/2016;10:47:00;151;Acidente sem Vítima;2,8;BR-040/GO;Sul;Colisão traseira;2;0;0;0;0;0;0;0;0;0;2;0;0;0;0
10/03/2016;12:23:00;183;Acidente sem Vítima;127,3;BR-040/MG;Norte;Outros;0;0;0;0;0;1;0;0;0;0;2;0;0;0;0
10/03/2016;12:45:00;189;Acidente sem Vítima;129,9;BR-040/MG;Norte;Colisão traseira;2;0;0;0;0;0;0;0;0;0;2;0;0;0;0
10/03/2016;19:01:00;319;Acidente sem Vítima;537,28;BR-040/MG;Norte;Colisão traseira;3;0;0;0;0;0;0;0;0;0;3;0;0;0;0
10/03/2016;23:08:00;375;Acidente sem Vítima;597,976;BR-040/MG;Norte;Colisão traseira;0;0;2;0;0;0;0;0;0;0;2;0;0;0;0
10/03/2016;18:15:00;305;Acidente sem Vítima;8,3;BR-040/DF;Sul;Colisão traseira;2;0;0;0;0;0;0;0;0;0;2;0;0;0;0
10/03/2016;06:52:00;34;Acidente com Vítima;758,2;BR-040/MG;Norte;Outros;0;1;0;0;0;0;0;0;0;0;0;1;0;0;0
11/03/2016;15:02:00;261;Acidente sem Vítima;1,001;BR-040/GO;Sul;Colisão traseira;2;0;0;0;0;0;0;0;0;0;2;0;0;0;0
11/03/2016;20:03:00;373;Acidente sem Vítima;5,2;BR-040/DF;Norte;Abalroamento - Longitudinal;2;0;0;0;0;0;0;0;0;0;2;0;0;0;0
11/03/2016;20:12:00;376;Acidente sem Vítima;42,01;BR-040/MG;Norte;Abalroamento - Longitudinal;2;0;0;0;0;0;0;0;0;0;2;0;0;0;0
11/03/2016;06:09:00;45;Acidente com Vítima;48,05;BR-040/MG;Norte;Queda de Carga;0;0;1;0;0;0;0;0;0;0;0;0;1;0;0
11/03/2016;12:06:00;204;Acidente sem Vítima;503,29;BR-040/MG;Sul;Outros;0;0;0;0;0;1;0;0;0;0;2;0;0;0;0
11/03/2016;15:51:00;278;Acidente sem Vítima;528,4;BR-040/MG;Sul;Colisão traseira;2;0;0;0;0;0;0;0;0;0;2;0;0;0;0
11/03/2016;16:05:00;285;Acidente sem Vítima;532,4;BR-040/MG;Norte;Colisão traseira;1;0;1;1;0;0;0;0;0;0;3;0;0;0;0
11/03/2016;12:46:00;215;Acidente sem Vítima;534,2;BR-040/MG;Norte;Abalroamento - Longitudinal;2;0;0;0;0;0;0;0;0;0;2;0;0;0;0
11/03/2016;14:05:00;237;Acidente sem Vítima;537,8;BR-040/MG;Sul;Outros;1;0;1;0;0;0;0;0;0;0;2;0;0;0;0
11/03/2016;17:21:00;314;Acidente sem Vítima;594,8;BR-040/MG;Sul;Colisão traseira;3;0;0;0;0;0;0;0;0;0;8;0;0;0;0
11/03/2016;16:57:00;301;Acidente sem Vítima;42,75;BR-040/GO;Sul;Capotamento;2;0;0;0;0;0;0;0;0;0;2;0;0;0;0
11/03/2016;19:20:00;351;Acidente sem Vítima;71,146;BR-040/GO;Sul;Atropelamento - Animal;1;0;0;0;0;0;0;0;0;0;1;0;0;0;0
11/03/2016;07:44:00;96;Acidente com Vítima;90,3;BR-040/GO;Sul;Colisão traseira;4;0;0;0;0;0;0;0;0;0;9;2;0;0;0
11/03/2016;11:10:00;181;Acidente com Vítima;93,1;BR-040/GO;Sul;Colisão traseira;0;0;1;1;0;0;0;0;0;0;1;0;1;0;0
11/03/2016;11:31:00;187;Acidente sem Vítima;682;BR-040/MG;Norte;Colisão traseira;2;0;0;0;0;0;0;0;0;0;5;0;0;0;0
11/03/2016;15:48:00;276;Acidente sem Vítima;729;BR-040/MG;Norte;Capotamento;1;0;0;0;0;0;0;0;0;0;1;0;0;0;0
12/03/2016;12:59:00;126;Atropelamento sem Morte;1,25;BR-040/GO;Norte;Atropelamento - Pedestre atravessando;1;0;0;0;0;0;0;0;0;0;0;1;0;1;0
12/03/2016;04:58:00;24;Acidente sem Vítima;1,33;BR-040/DF;Norte;Choque em defensa;1;0;0;0;0;0;0;0;0;0;1;0;0;0;0
12/03/2016;23:38:00;263;Acidente sem Vítima;4,2;BR-040/GO;Sul;Abalroamento - Longitudinal;2;0;0;0;0;0;0;0;0;0;2;0;0;0;0
12/03/2016;00:52:00;8;Acidente sem Vítima;6,5;BR-040/DF;Sul;Choque com objeto fixo;1;0;0;0;0;0;0;0;0;0;1;0;0;0;0
12/03/2016;12:32:00;119;Acidente sem Vítima;62,8;BR-040/MG;Sul;Outros;0;0;1;0;0;0;0;0;0;0;2;0;0;0;0
12/03/2016;19:19:00;209;Acidente sem Vítima;143,1;BR-040/MG;Norte;Capotamento;1;0;0;0;0;0;0;0;0;0;1;0;0;0;0
12/03/2016;09:33:00;80;Acidente sem Vítima;299,7;BR-040/MG;Sul;Choque com objeto fixo;1;0;0;0;0;0;0;0;0;0;1;0;0;0;0
12/03/2016;07:51:00;60;Acidente sem Vítima;447,3;BR-040/MG;Norte;Colisão traseira;2;0;0;0;0;0;0;0;0;0;2;0;0;0;0
12/03/2016;10:06:00;86;Acidente com Vítima;455,5;BR-040/MG;Norte;Colisão traseira;1;0;1;0;0;0;0;0;0;0;1;1;0;0;0
12/03/2016;09:13:00;75;Acidente sem Vítima;455,564;BR-040/MG;Sul;Queda de Carga;0;0;1;0;0;0;0;0;0;0;1;0;0;0;0
12/03/2016;02:15:00;13;Acidente com Vítima;464,2;BR-040/MG;Sul;Choque em defensa;1;0;0;0;0;0;0;0;0;0;4;2;0;0;0
12/03/2016;19:18:00;207;Atropelamento sem Morte;526,5;BR-040/MG;Sul;Atropelamento - Pedestre atravessando;0;0;0;1;0;0;0;0;0;0;0;0;1;1;0
12/03/2016;07:32:00;54;Acidente com Vítima;527,5;BR-040/MG;Sul;Outros;0;0;0;1;0;0;0;0;0;0;0;1;0;0;0
12/03/2016;20:37:00;236;Acidente sem Vítima;652,5;BR-040/MG;Sul;Capotamento;1;0;0;0;0;0;0;0;0;0;4;0;0;0;0
12/03/2016;17:14:00;165;Acidente com Vítima;94,012;BR-040/GO;Sul;Abalroamento - Transversal;2;0;0;0;0;0;0;0;0;0;3;0;2;0;0
12/03/2016;07:43:00;58;Acidente com Vítima;697,15;BR-040/MG;Sul;Colisão traseira;1;0;1;0;0;0;0;0;0;0;2;3;4;1;0
13/03/2016;22:14:00;258;Acidente sem Vítima;0,4;BR-040/GO;Sul;Colisão traseira;2;0;0;0;0;0;0;0;0;0;3;0;0;0;0
13/03/2016;22:29:00;261;Acidente sem Vítima;1,6;BR-040/GO;Sul;Colisão traseira;2;0;0;0;0;0;0;0;0;0;5;0;0;0;0
13/03/2016;12:57:00;99;Acidente sem Vítima;2,2;BR-040/GO;Sul;Abalroamento - Longitudinal;1;0;0;1;0;0;0;0;0;0;2;0;0;0;0
13/03/2016;18:13:00;176;Acidente sem Vítima;3,7;BR-040/GO;Norte;Colisão traseira;2;0;0;0;0;0;0;0;0;0;6;0;0;0;0
13/03/2016;20:58:00;230;Acidente sem Vítima;5,8;BR-040/DF;Sul;Outros;1;0;0;0;0;0;0;0;0;0;1;0;0;0;0
13/03/2016;17:51:00;169;Acidente sem Vítima;44,07;BR-040/MG;Sul;Outros;2;0;0;0;0;0;0;0;0;0;2;0;0;0;0
13/03/2016;14:56:00;122;Acidente sem Vítima;130,2;BR-040/MG;Norte;Choque com objeto fixo;1;0;0;0;0;0;0;0;0;0;1;0;0;0;0
13/03/2016;14:33:00;118;Acidente com Vítima;521,106;BR-040/MG;Norte;Colisão traseira;2;0;0;0;0;0;0;0;0;0;1;1;0;0;0
13/03/2016;18:48:00;186;Acidente com Vítima;559,7;BR-040/MG;Norte;Choque em defensa;1;0;0;0;0;0;0;0;0;0;3;2;0;0;0
13/03/2016;11:43:00;89;Acidente com Vítima;574,6;BR-040/MG;Norte;Capotamento;1;0;0;0;0;0;0;0;0;0;0;0;1;0;0
13/03/2016;11:55:00;91;Acidente sem Vítima;589,9;BR-040/MG;Norte;Choque com objeto fixo;1;0;0;0;0;0;0;0;0;0;1;0;0;0;0
13/03/2016;12:49:00;98;Acidente com Vítima;669,2;BR-040/MG;Norte;Abalroamento - Longitudinal;1;0;0;1;0;0;0;0;0;0;1;0;1;0;0
13/03/2016;15:53:00;135;Acidente sem Vítima;683,2;BR-040/MG;Sul;Colisão traseira;1;0;0;1;0;0;0;0;0;0;2;0;0;0;0
13/03/2016;15:18:00;129;Acidente com Vítima;132,01;BR-040/GO;Sul;Choque com objeto fixo;1;0;0;0;0;0;0;0;0;0;0;0;1;1;0
14/03/2016;13:11:00;209;Acidente sem Vítima;3;BR-040/DF;Norte;Colisão traseira;2;0;0;1;0;0;0;0;0;0;7;0;0;0;0
14/03/2016;01:45:00;10;Acidente sem Vítima;2,9;BR-040/GO;Sul;Abalroamento - Transversal;3;0;0;0;0;0;0;0;0;0;4;0;0;0;0
14/03/2016;07:39:00;87;Acidente sem Vítima;7,9;BR-040/GO;Norte;Capotamento;1;0;0;0;0;0;0;0;0;0;1;0;0;0;0
14/03/2016;13:07:00;208;Acidente sem Vítima;485,1;BR-040/MG;Norte;Colisão traseira;1;0;1;0;0;0;0;0;0;0;4;0;0;0;0
14/03/2016;05:27:00;29;Atropelamento sem Morte;509,5;BR-040/MG;Sul;Atropelamento - Pedestre caminhando;1;0;0;0;0;0;0;0;0;0;1;0;0;1;0
14/03/2016;11:37:00;180;Acidente com Vítima;570,112;BR-040/MG;Sul;Outros;0;0;0;1;0;0;0;0;0;0;1;1;0;0;0
14/03/2016;06:19:00;38;Acidente sem Vítima;587,8;BR-040/MG;Norte;Colisão traseira;1;0;1;0;0;0;0;0;0;0;2;0;0;0;0
14/03/2016;00:19:00;4;Acidente com Vítima;665,1;BR-040/MG;Sul;Outros;0;0;0;1;0;0;0;0;0;0;1;1;0;0;0
14/03/2016;21:56:00;371;Acidente sem Vítima;751,5;BR-040/MG;Sul;Choque com objeto fixo;1;0;0;0;0;0;0;0;0;0;1;0;0;0;0
14/03/2016;06:00:00;36;Acidente sem Vítima;765,01;BR-040/MG;Sul;Capotamento;0;0;1;0;0;0;0;0;0;0;1;0;0;0;0
15/03/2016;19:06:00;328;Acidente com Vítima;3,8;BR-040/DF;Sul;Outros;0;1;0;1;0;0;0;0;0;0;1;0;1;0;0
15/03/2016;21:56:00;374;Acidente sem Vítima;5,5;BR-040/DF;Sul;Abalroamento - Longitudinal;1;0;1;0;0;0;0;0;0;0;2;0;0;0;0
15/03/2016;20:17:00;352;Acidente sem Vítima;10,14;BR-040/GO;Sul;Capotamento;1;0;0;0;0;0;0;0;0;0;1;0;0;0;0
15/03/2016;10:41:00;166;Acidente com Vítima;230,1;BR-040/MG;Norte;Outros;0;0;0;1;0;0;0;0;0;0;0;0;1;0;0
15/03/2016;15:12:00;257;Acidente sem Vítima;468,2;BR-040/MG;Sul;Colisão traseira;1;0;1;0;0;0;0;0;0;0;2;0;0;0;0
15/03/2016;14:04:00;238;Acidente sem Vítima;517,9;BR-040/MG;Sul;Abalroamento - Longitudinal;1;0;0;0;0;1;0;0;0;0;2;0;0;0;0
15/03/2016;20:10:00;348;Acidente com Vítima;524,89;BR-040/MG;Norte;Outros;1;0;0;1;0;0;0;0;0;0;1;0;1;0;0
15/03/2016;08:42:00;123;Acidente sem Vítima;533,1;BR-040/MG;Norte;Abalroamento - Longitudinal;2;0;0;0;0;0;0;0;0;0;2;0;0;0;0
15/03/2016;10:56:00;175;Acidente sem Vítima;550,001;BR-040/MG;Sul;Atropelamento - Animal;3;0;0;0;0;0;0;0;0;0;4;0;0;0;0
15/03/2016;11:20:00;188;Acidente sem Vítima;565,361;BR-040/MG;Sul;Colisão traseira;2;0;0;0;0;0;0;0;0;0;2;0;0;0;0
15/03/2016;13:32:00;227;Acidente com Vítima;602,634;BR-040/MG;Sul;Colisão frontal;0;0;2;0;0;1;0;0;0;0;3;1;1;0;0
15/03/2016;16:39:00;283;Acidente com Vítima;607,001;BR-040/MG;Norte;Outros;0;0;0;1;0;0;0;0;0;0;0;1;0;0;0
15/03/2016;15:50:00;267;Acidente com Vítima;735,01;BR-040/MG;Norte;Abalroamento - Longitudinal;2;0;0;0;0;0;0;0;0;0;1;0;1;0;0
16/03/2016;00:00:00;197;Acidente com Vítima;2,3;BR-040/GO;Sul;Colisão traseira;1;0;0;1;0;0;0;0;0;0;1;1;0;0;0
16/03/2016;04:01:00;29;Acidente sem Vítima;94,9;BR-040/MG;Norte;Atropelamento - Animal;1;0;0;0;0;0;0;0;0;0;2;0;0;0;0
16/03/2016;10:49:00;157;Acidente sem Vítima;368,4;BR-040/MG;Sul;Queda de Carga;0;0;1;0;0;0;0;0;0;0;1;0;0;0;0
16/03/2016;14:59:00;216;Acidente sem Vítima;449,1;BR-040/MG;Norte;Capotamento;1;0;0;0;0;0;0;0;0;0;1;0;0;0;0
16/03/2016;16:32:00;244;Acidente sem Vítima;455,3;BR-040/MG;Sul;Queda de Carga;2;0;0;0;0;0;0;0;0;0;2;0;0;0;0
16/03/2016;16:30:00;242;Acidente com Vítima;462,8;BR-040/MG;Sul;Capotamento;1;0;0;0;0;0;0;0;0;0;0;1;0;0;0
16/03/2016;16:31:00;243;Acidente com Vítima;467,02;BR-040/MG;Sul;Choque com objeto fixo;1;0;0;0;0;0;0;0;0;0;0;0;2;0;0
16/03/2016;18:42:00;283;Acidente sem Vítima;513,2;BR-040/MG;Norte;Colisão traseira;3;0;0;0;0;0;0;0;0;0;6;0;0;0;0
16/03/2016;17:40:00;268;Acidente sem Vítima;516,2;BR-040/MG;Sul;Abalroamento - Longitudinal;1;0;1;0;0;0;0;0;0;0;2;0;0;0;0
16/03/2016;14:18:00;202;Acidente com Vítima;525,47;BR-040/MG;Sul;Capotamento;2;0;0;0;0;0;0;0;0;0;2;1;0;0;0
16/03/2016;15:44:00;228;Acidente sem Vítima;532,8;BR-040/MG;Sul;Colisão traseira;5;0;0;0;0;0;0;0;0;0;5;0;0;0;0
17/03/2016;20:45:00;284;Acidente com Vítima;0,7;BR-040/GO;Sul;Outros;1;0;0;0;0;0;0;0;0;0;1;1;0;0;0
17/03/2016;01:06:00;5;Acidente sem Vítima;5,55;BR-040/GO;Sul;Choque com objeto fixo;1;0;0;0;0;0;0;0;0;0;1;0;0;0;0
17/03/2016;17:47:00;222;Acidente com Vítima;5,8;BR-040/GO;Sul;Outros;0;0;0;1;0;0;0;0;0;0;1;1;0;0;0
17/03/2016;19:50:00;260;Acidente com Vítima;6,03;BR-040/GO;Norte;Abalroamento - Longitudinal;2;0;0;0;0;0;0;0;0;0;1;0;1;0;0
17/03/2016;20:06:00;267;Acidente sem Vítima;7,8;BR-040/GO;Norte;Abalroamento - Longitudinal;1;0;0;1;0;0;0;0;0;0;2;0;0;0;0
17/03/2016;19:39:00;256;Acidente sem Vítima;437,02;BR-040/MG;Sul;Atropelamento - Animal;1;0;0;0;0;0;0;0;0;0;2;0;0;0;0
17/03/2016;07:34:00;73;Acidente sem Vítima;499,4;BR-040/MG;Norte;Outros;1;0;0;0;0;0;0;0;0;0;12;0;0;0;0
17/03/2016;17:49:00;224;Acidente com Vítima;511,5;BR-040/MG;Norte;Colisão traseira;0;0;0;0;2;0;0;0;0;0;146;4;0;0;0
17/03/2016;17:54:00;226;Acidente com Vítima;525,5;BR-040/MG;Norte;Abalroamento - Longitudinal;1;0;0;1;0;0;0;0;0;0;1;1;1;0;0
17/03/2016;16:44:00;208;Acidente sem Vítima;533,4;BR-040/MG;Sul;Abalroamento - Longitudinal;1;0;0;0;0;1;0;0;0;0;2;0;0;0;0
17/03/2016;16:10:00;198;Acidente sem Vítima;534,99;BR-040/MG;Sul;Colisão traseira;1;0;0;0;0;1;0;0;0;0;2;0;0;0;0
17/03/2016;19:56:00;264;Acidente com Vítima;544,3;BR-040/MG;Sul;Abalroamento - Longitudinal;1;0;0;1;0;0;0;0;0;0;2;1;0;0;0
17/03/2016;19:23:00;254;Acidente sem Vítima;608,2;BR-040/MG;Sul;Colisão traseira;1;0;0;0;1;0;0;0;0;0;4;0;0;0;0
18/03/2016;07:47:00;94;Acidente com Vítima;0,001;BR-040/GO;Norte;Colisão traseira;1;0;0;1;0;0;0;0;0;0;1;1;0;0;0
18/03/2016;07:24:00;80;Acidente com Vítima;2,5;BR-040/DF;Norte;Colisão traseira;1;0;0;0;1;0;0;0;0;0;32;0;0;0;0
18/03/2016;15:07:00;243;Acidente com Vítima;3,01;BR-040/GO;Sul;Abalroamento - Longitudinal;1;0;0;1;0;0;0;0;0;0;2;1;0;0;0
18/03/2016;06:06:00;43;Atropelamento com Morte;4,3;BR-040/DF;Norte;Atropelamento - Pedestre atravessando;1;0;0;0;0;0;0;0;0;0;1;0;0;0;1
18/03/2016;19:29:00;343;Acidente sem Vítima;4,6;BR-040/DF;Sul;Colisão traseira;2;0;0;0;0;0;0;0;0;0;2;0;0;0;0
18/03/2016;18:52:00;332;Acidente com Vítima;6,9;BR-040/DF;Norte;Abalroamento - Longitudinal;1;0;0;1;0;0;0;0;0;0;2;0;1;0;0
18/03/2016;18:03:00;310;Acidente com Vítima;7,5;BR-040/GO;Sul;Abalroamento - Transversal;1;0;0;1;0;0;0;0;0;0;2;1;0;0;0
18/03/2016;19:45:00;348;Acidente sem Vítima;15,3;BR-040/MG;Sul;Outros;4;0;0;0;0;0;0;0;0;0;4;0;0;0;0
18/03/2016;06:11:00;44;Acidente sem Vítima;308,8;BR-040/MG;Norte;Abalroamento - Longitudinal;0;0;2;0;0;0;0;0;0;0;2;0;0;0;0
18/03/2016;18:15:00;313;Acidente sem Vítima;516,78;BR-040/MG;Norte;Abalroamento - Transversal;2;0;0;0;0;0;0;0;0;0;6;0;0;0;0
18/03/2016;17:35:00;296;Acidente sem Vítima;519,3;BR-040/MG;Norte;Colisão traseira;3;0;0;0;0;0;0;0;0;0;7;0;0;0;0
18/03/2016;14:40:00;234;Acidente com Vítima;526,7;BR-040/MG;Sul;Abalroamento - Transversal;0;0;1;1;0;0;0;0;0;0;1;1;0;0;0
18/03/2016;00:45:00;9;Acidente com Vítima;548,4;BR-040/MG;Norte;Choque em barreira New Jersey;0;0;0;1;0;0;0;0;0;0;0;1;0;0;0
18/03/2016;15:14:00;247;Acidente com Vítima;591,174;BR-040/MG;Norte;Choque com objeto fixo;1;0;0;0;0;0;0;0;0;0;0;1;0;0;0
18/03/2016;22:28:00;399;Acidente sem Vítima;599,059;BR-040/MG;Sul;Choque com objeto fixo;2;0;0;0;0;0;0;0;0;0;2;0;0;0;0
18/03/2016;15:39:00;256;Acidente sem Vítima;615,8;BR-040/MG;Norte;Colisão traseira;1;0;0;0;1;0;0;0;0;0;2;0;0;0;0
18/03/2016;02:32:00;18;Acidente sem Vítima;81,7;BR-040/GO;Norte;Atropelamento - Animal;0;0;1;0;0;0;0;0;0;0;2;0;0;0;0
18/03/2016;18:40:00;325;Acidente com Vítima;96,02;BR-040/GO;Norte;Abalroamento - Transversal;1;0;0;1;0;0;0;0;0;0;1;1;2;0;0
18/03/2016;01:04:00;12;Atropelamento sem Morte;694,6;BR-040/MG;Sul;Atropelamento - Pedestre caminhando;1;0;0;0;0;0;0;0;0;0;0;0;1;0;0
18/03/2016;07:28:00;85;Acidente sem Vítima;718;BR-040/MG;Sul;Capotamento;1;0;0;0;0;0;0;0;0;0;1;0;0;0;0
18/03/2016;14:00:00;220;Acidente sem Vítima;738,001;BR-040/MG;Norte;Choque com objeto fixo;1;0;0;0;0;0;0;0;0;0;1;0;0;0;0
18/03/2016;19:39:00;346;Acidente sem Vítima;750,2;BR-040/MG;Sul;Outros;0;0;1;0;0;0;0;0;0;0;1;0;0;0;0
19/03/2016;11:12:00;128;Acidente sem Vítima;1,7;BR-040/GO;Sul;Colisão traseira;2;0;0;0;0;0;0;0;0;0;2;0;0;0;0
19/03/2016;09:02:00;97;Acidente sem Vítima;5,85;BR-040/DF;Sul;Colisão traseira;3;0;0;0;0;0;0;0;0;0;3;0;0;0;0
19/03/2016;02:40:00;20;Acidente com Vítima;8,7;BR-040/GO;Sul;Colisão traseira;3;0;0;0;0;0;0;0;0;0;3;2;0;0;0
19/03/2016;17:14:00;237;Acidente com Vítima;15,001;BR-040/GO;Sul;Abalroamento - Longitudinal;1;0;0;1;0;0;0;0;0;0;1;1;0;0;0
19/03/2016;22:49:00;303;Acidente sem Vítima;71,8;BR-040/MG;Sul;Outros;1;0;0;0;0;0;0;0;0;0;1;0;0;0;0
19/03/2016;04:36:00;26;Acidente com Vítima;104,9;BR-040/MG;Sul;Outros;1;0;0;0;0;0;0;0;0;0;1;3;0;0;0
19/03/2016;20:33:00;282;Acidente sem Vítima;31;BR-040/GO;Norte;Colisão traseira;0;0;0;1;1;0;0;0;0;0;20;0;0;0;0
19/03/2016;14:29:00;184;Acidente sem Vítima;462,914;BR-040/MG;Norte;Colisão traseira;0;0;1;0;0;1;0;0;0;0;2;0;0;0;0
19/03/2016;15:10:00;196;Acidente com Vítima;518,5;BR-040/MG;Norte;Abalroamento - Longitudinal;1;0;0;1;0;0;0;0;0;0;1;1;1;0;0
19/03/2016;08:34:00;86;Acidente com Vítima;536,5;BR-040/MG;Norte;Colisão traseira;0;0;1;1;0;0;0;0;0;0;1;1;1;0;0
19/03/2016;08:59:00;96;Acidente com Vítima;540;BR-040/MG;Sul;Outros;0;0;0;1;0;0;0;0;0;0;0;1;0;0;0
19/03/2016;00:16:00;4;Acidente sem Vítima;544,94;BR-040/MG;Norte;Abalroamento - Longitudinal;3;0;0;0;0;0;0;0;0;0;4;0;0;0;0
19/03/2016;10:13:00;114;Acidente sem Vítima;552,077;BR-040/MG;Norte;Colisão traseira;3;0;0;0;0;0;0;0;0;0;3;0;0;0;0
19/03/2016;05:35:00;37;Acidente sem Vítima;553;BR-040/MG;Sul;Colisão traseira;1;0;1;0;0;0;0;0;0;0;2;0;0;0;0
19/03/2016;00:49:00;8;Atropelamento sem Morte;682,28;BR-040/MG;Sul;Atropelamento - Pedestre caminhando;0;0;1;0;0;0;0;0;0;0;1;0;0;1;0
19/03/2016;16:07:00;214;Acidente com Vítima;702,721;BR-040/MG;Norte;Outros;0;0;0;1;0;0;0;0;0;0;0;1;0;0;0
19/03/2016;17:33:00;242;Acidente com Vítima;747,5;BR-040/MG;Sul;Choque com objeto fixo;0;0;0;1;0;0;0;0;0;0;0;0;1;0;0
20/03/2016;22:51:00;256;Acidente sem Vítima;3,7;BR-040/GO;Norte;Choque com objeto fixo;1;0;0;0;0;0;0;0;0;0;2;0;0;0;0
20/03/2016;04:53:00;29;Acidente com Vítima;4;BR-040/GO;Norte;Colisão traseira;2;0;0;0;0;0;0;0;0;0;1;1;0;0;0
20/03/2016;18:00:00;173;Acidente com Vítima;5,8;BR-040/DF;Norte;Outros;0;0;0;1;0;0;0;0;0;0;0;1;0;0;0
20/03/2016;15:47:00;133;Acidente com Vítima;14,01;BR-040/GO;Norte;Abalroamento - Longitudinal;1;0;0;1;0;0;0;0;0;0;1;0;1;0;0