data;horario;n_da_ocorrencia;tipo_de_ocorrencia;km;trecho;sentido;tipo_de_acidente;automovel;bicicleta;caminhao;moto;onibus;outros;tracao_animal;transporte_de_cargas_especiais;trator_maquinas;utilitarios;ilesos;levemente_feridos;moderadamente_feridos;gravemente_feridos;mortos
17/05/2016;23:19:00;316;Acidente com Vítima;3,107;BR-040/GO;Norte;Capotamento;1;0;0;0;0;0;0;0;0;0;1;1;0;0;0
17/05/2016;18:41:00;257;Acidente sem Vítima;7,59;BR-040/GO;Norte;Colisão traseira;3;0;0;0;0;0;0;0;0;0;5;0;0;0;0
17/05/2016;18:08:00;251;Acidente sem Vítima;474,085;BR-040/MG;Norte;Capotamento;1;0;0;0;0;0;0;0;0;0;2;0;0;0;0
17/05/2016;23:20:00;317;Acidente sem Vítima;495,913;BR-040/MG;Sul;Choque com objeto fixo;1;0;0;0;0;0;0;0;0;0;1;0;0;0;0
17/05/2016;23:32:00;319;Acidente com Morte;505,01;BR-040/MG;Sul;Capotamento;0;0;1;0;0;0;0;0;0;0;0;0;0;0;1
17/05/2016;12:22:00;152;Acidente com Vítima;525,3;BR-040/MG;Sul;Colisão traseira;0;0;1;1;0;0;0;0;0;0;1;1;0;0;0
17/05/2016;17:57:00;248;Acidente sem Vítima;535,5;BR-040/MG;Norte;Outros;1;0;0;1;0;0;0;0;0;0;2;0;0;0;0
17/05/2016;19:27:00;271;Acidente sem Vítima;536,9;BR-040/MG;Norte;Colisão traseira;1;0;0;1;0;0;0;0;0;0;2;0;0;0;0
17/05/2016;11:17:00;140;Acidente sem Vítima;550;BR-040/MG;Sul;Abalroamento - Longitudinal;1;0;1;0;0;0;0;0;0;0;2;0;0;0;0
17/05/2016;17:19:00;241;Acidente sem Vítima;748,1;BR-040/MG;Norte;Queda de Carga;0;0;1;0;0;0;0;0;0;0;1;0;0;0;0
18/05/2016;08:25:00;116;Acidente sem Vítima;2,3;BR-040/GO;Sul;Colisão traseira;3;0;0;0;0;0;0;0;0;0;5;0;0;0;0
18/05/2016;09:05:00;125;Acidente sem Vítima;4,7;BR-040/GO;Sul;Abalroamento - Transversal;1;0;1;0;0;0;0;0;0;0;2;0;0;0;0
18/05/2016;18:28:00;305;Atropelamento sem Morte;7,44;BR-040/GO;Norte;Atropelamento - Ciclista;1;1;0;0;0;0;0;0;0;0;1;0;1;1;0
18/05/2016;09:53:00;141;Acidente sem Vítima;9,5;BR-040/GO;Sul;Outros;0;0;0;1;0;0;0;0;0;0;1;0;0;0;0
18/05/2016;23:57:00;372;Acidente com Vítima;510,292;BR-040/MG;Norte;Abalroamento - Longitudinal;1;0;1;0;0;0;0;0;0;0;2;4;0;0;0
18/05/2016;09:37:00;137;Acidente sem Vítima;528,5;BR-040/MG;Sul;Colisão traseira;2;0;0;0;0;0;0;0;0;0;2;0;0;0;0
18/05/2016;07:34:00;82;Acidente com Vítima;529,5;BR-040/MG;Sul;Colisão traseira;1;0;0;1;0;0;0;0;0;0;1;1;0;0;0
18/05/2016;19:05:00;314;Acidente sem Vítima;536,1;BR-040/MG;Norte;Abalroamento - Longitudinal;1;0;0;0;0;1;0;0;0;0;2;0;0;0;0
18/05/2016;17:51:00;289;Acidente sem Vítima;541,5;BR-040/MG;Norte;Colisão traseira;1;0;0;1;0;0;0;0;0;0;3;0;0;0;0
18/05/2016;17:25:00;279;Acidente sem Vítima;541,2;BR-040/MG;Norte;Colisão traseira;2;0;0;0;0;0;0;0;0;0;3;0;0;0;0
18/05/2016;09:57:00;144;Acidente com Vítima;547,1;BR-040/MG;Norte;Abalroamento - Longitudinal;1;0;0;1;0;0;0;0;0;0;1;2;0;0;0
18/05/2016;13:45:00;214;Acidente sem Vítima;573,3;BR-040/MG;Norte;Choque com objeto fixo;0;0;1;0;0;0;0;0;0;0;1;0;0;0;0
18/05/2016;12:35:00;189;Acidente com Vítima;575,1;BR-040/MG;Norte;Colisão traseira;1;0;1;0;0;0;0;0;0;0;1;0;1;0;0
18/05/2016;09:35:00;135;Acidente sem Vítima;631,1;BR-040/MG;Norte;Colisão traseira;2;0;0;0;0;0;0;0;0;0;3;0;0;0;0
18/05/2016;13:58:00;220;Acidente sem Vítima;656,1;BR-040/MG;Sul;Capotamento;1;0;0;0;0;0;0;0;0;0;1;0;0;0;0
18/05/2016;08:45:00;120;Acidente sem Vítima;706,01;BR-040/MG;Norte;Choque com objeto fixo;1;0;0;0;0;0;0;0;0;0;1;0;0;0;0
18/05/2016;15:38:00;255;Acidente sem Vítima;750,1;BR-040/MG;Norte;Choque em defensa;1;0;0;0;0;0;0;0;0;0;1;0;0;0;0
18/05/2016;08:01:00;106;Acidente com Vítima;2;BR-040/DF;Norte;Abalroamento - Longitudinal;1;0;1;1;0;0;0;0;0;0;2;0;1;0;0
19/05/2016;07:10:00;53;Acidente com Vítima;1,2;BR-040/GO;Norte;Abalroamento - Longitudinal;1;0;0;1;0;0;0;0;0;0;2;1;0;0;0
19/05/2016;11:01:00;148;Acidente com Vítima;174,8;BR-040/MG;Norte;Capotamento;1;0;0;0;0;0;0;0;0;0;0;0;1;0;0
19/05/2016;18:28:00;277;Acidente sem Vítima;224,4;BR-040/MG;Norte;Outros;0;0;1;0;0;0;0;0;0;0;1;0;0;0;0
19/05/2016;17:03:00;249;Acidente sem Vítima;405,2;BR-040/MG;Sul;Colisão traseira;1;0;1;0;0;0;0;0;0;0;2;0;0;0;0
19/05/2016;18:22:00;273;Acidente sem Vítima;534,9;BR-040/MG;Sul;Colisão traseira;4;0;0;0;0;0;0;0;0;0;4;0;0;0;0
19/05/2016;09:19:00;115;Acidente sem Vítima;540,995;BR-040/MG;Norte;Colisão traseira;2;0;0;0;0;0;0;0;0;0;2;0;0;0;0
19/05/2016;18:14:00;269;Acidente sem Vítima;557,65;BR-040/MG;Sul;Choque em defensa;1;0;0;0;0;0;0;0;0;0;1;0;0;0;0
19/05/2016;17:58:00;263;Acidente sem Vítima;557,6;BR-040/MG;Sul;Choque em defensa;1;0;0;0;0;0;0;0;0;0;1;0;0;0;0
19/05/2016;13:07:00;189;Acidente com Vítima;603,97;BR-040/MG;Sul;Colisão traseira;1;0;1;0;0;0;0;0;0;0;2;1;0;1;0
19/05/2016;17:01:00;248;Acidente sem Vítima;694,5;BR-040/MG;Norte;Choque com objeto fixo;0;0;0;0;0;1;0;0;0;0;1;0;0;0;0
19/05/2016;12:56:00;183;Acidente com Vítima;730,07;BR-040/MG;Norte;Capotamento;1;0;0;0;0;0;0;0;0;0;0;1;0;0;0
19/05/2016;23:14:00;356;Acidente com Vítima;0,5;BR-040/DF;Norte;Capotamento;1;0;0;0;0;0;0;0;0;0;0;1;1;0;0
19/05/2016;07:48:00;82;Acidente sem Vítima;2,2;BR-040/DF;Norte;Colisão traseira;2;0;0;0;0;0;0;0;0;0;7;0;0;0;0
19/05/2016;20:30:00;316;Acidente com Vítima;7,1;BR-040/DF;Sul;Capotamento;1;0;0;0;0;0;0;0;0;0;0;1;1;0;0
20/05/2016;10:12:00;128;Atropelamento sem Morte;1,5;BR-040/GO;Sul;Atropelamento - Pedestre atravessando;1;0;0;0;0;0;0;0;0;0;2;1;0;0;0
20/05/2016;06:14:00;25;Acidente sem Vítima;2,65;BR-040/GO;Sul;Abalroamento - Longitudinal;2;0;0;0;0;0;0;0;0;0;3;0;0;0;0
20/05/2016;00:26:00;1;Acidente sem Vítima;5,1;BR-040/GO;Norte;Capotamento;1;0;0;0;0;0;0;0;0;0;2;0;0;0;0
20/05/2016;21:33:00;345;Acidente sem Vítima;507,6;BR-040/MG;Norte;Colisão traseira;2;0;0;0;0;0;0;0;0;0;4;0;0;0;0
20/05/2016;18:53:00;290;Atropelamento com Morte;514,4;BR-040/MG;Norte;Atropelamento - Pedestre atravessando;1;0;0;0;0;0;0;0;0;0;1;0;0;0;1
20/05/2016;19:31:00;305;Acidente sem Vítima;535,5;BR-040/MG;Norte;Abalroamento - Longitudinal;2;0;0;1;0;0;0;0;0;0;3;0;0;0;0
20/05/2016;15:20:00;223;Acidente sem Vítima;577,1;BR-040/MG;Sul;Colisão traseira;0;0;2;0;0;0;0;0;0;0;2;0;0;0;0
20/05/2016;06:47:00;33;Acidente sem Vítima;609,7;BR-040/MG;Sul;Atropelamento - Animal;1;0;0;0;0;0;0;0;0;0;1;0;0;0;0
20/05/2016;18:36:00;282;Acidente com Vítima;672,5;BR-040/MG;Sul;Colisão traseira;2;0;0;0;0;0;0;0;0;0;2;1;0;0;0
20/05/2016;18:36:00;283;Acidente sem Vítima;683,5;BR-040/MG;Norte;Colisão traseira;2;0;0;0;0;0;0;0;0;0;6;0;0;0;0
20/05/2016;17:26:00;263;Atropelamento com Morte;693,8;BR-040/MG;Sul;Atropelamento - Pedestre caminhando;0;0;0;0;0;1;0;0;0;0;1;0;0;0;1
20/05/2016;17:37:00;270;Acidente sem Vítima;694,5;BR-040/MG;Sul;Colisão traseira;0;0;1;0;0;1;0;0;0;0;2;0;0;0;0
20/05/2016;11:23:00;160;Acidente sem Vítima;732,371;BR-040/MG;Sul;Capotamento;1;0;0;0;0;0;0;0;0;0;1;0;0;0;0
20/05/2016;10:16:00;130;Acidente com Vítima;752,232;BR-040/MG;Sul;Capotamento;1;0;0;0;0;0;0;0;0;0;0;1;0;0;0
21/05/2016;12:46:00;146;Acidente sem Vítima;1,8;BR-040/GO;Norte;Colisão traseira;2;0;0;0;0;0;0;0;0;0;2;0;0;0;0
21/05/2016;04:28:00;28;Acidente sem Vítima;2,8;BR-040/GO;Sul;Colisão traseira;2;0;0;0;0;0;0;0;0;0;5;0;0;0;0
21/05/2016;21:08:00;262;Acidente sem Vítima;3,98;BR-040/GO;Norte;Capotamento;2;0;0;0;0;0;0;0;0;0;2;0;0;0;0
21/05/2016;08:03:00;56;Acidente com Vítima;6,7;BR-040/GO;Norte;Abalroamento - Longitudinal;1;0;0;1;0;0;0;0;0;0;2;1;0;0;0
21/05/2016;10:41:00;113;Acidente com Vítima;419,001;BR-040/MG;Norte;Colisão traseira;3;0;0;0;0;0;0;0;0;0;3;1;4;0;0
21/05/2016;10:23:00;107;Acidente sem Vítima;419,001;BR-040/MG;Norte;Colisão traseira;2;0;0;0;0;0;0;0;0;0;2;0;0;0;0
21/05/2016;05:36:00;30;Acidente com Morte;452,5;BR-040/MG;Sul;Queda de Carga;0;0;1;0;0;0;0;0;0;0;0;0;0;0;1
21/05/2016;19:53:00;250;Acidente sem Vítima;517,1;BR-040/MG;Norte;Outros;0;0;0;1;0;0;0;0;0;0;1;0;0;0;0
21/05/2016;21:19:00;266;Acidente com Vítima;522,1;BR-040/MG;Sul;Capotamento;2;0;0;0;0;0;0;0;0;0;1;1;0;0;0
21/05/2016;13:17:00;149;Acidente com Vítima;527,8;BR-040/MG;Sul;Colisão traseira;1;0;0;1;0;0;0;0;0;0;1;1;0;0;0
21/05/2016;09:27:00;84;Atropelamento sem Morte;527,1;BR-040/MG;Sul;Atropelamento - Pedestre atravessando;0;0;0;0;0;0;0;0;0;0;1;1;0;0;0
21/05/2016;13:00:00;147;Acidente com Vítima;530,9;BR-040/MG;Sul;Outros;0;0;0;1;0;0;0;0;0;0;0;1;0;0;0
21/05/2016;10:04:00;103;Acidente com Vítima;543,657;BR-040/MG;Norte;Outros;0;0;0;1;0;0;0;0;0;0;0;1;0;0;0
21/05/2016;21:22:00;268;Acidente sem Vítima;615,493;BR-040/MG;Sul;Abalroamento - Transversal;1;0;1;0;0;0;0;0;0;0;2;0;0;0;0
21/05/2016;10:32:00;111;Acidente sem Vítima;619,6;BR-040/MG;Sul;Colisão traseira;1;0;1;0;0;0;0;0;0;0;4;0;0;0;0
21/05/2016;12:05:00;138;Acidente com Vítima;662;BR-040/MG;Sul;Abalroamento - Longitudinal;2;0;0;0;0;0;0;0;0;0;1;1;2;0;0
21/05/2016;06:54:00;39;Acidente sem Vítima;699,4;BR-040/MG;Sul;Abalroamento - Longitudinal;1;0;1;0;0;0;0;0;0;0;2;0;0;0;0
22/05/2016;10:06:00;102;Acidente sem Vítima;279,9;BR-040/MG;Norte;Choque com objeto fixo;0;0;1;0;0;0;0;0;0;0;1;0;0;0;0
22/05/2016;20:48:00;287;Acidente sem Vítima;489,1;BR-040/MG;Sul;Outros;2;0;0;0;0;0;0;0;0;0;2;0;0;0;0
22/05/2016;18:22:00;235;Acidente sem Vítima;509,1;BR-040/MG;Norte;Colisão traseira;2;0;0;0;0;0;0;0;0;0;2;0;0;0;0
22/05/2016;17:02:00;210;Acidente sem Vítima;510,3;BR-040/MG;Sul;Colisão traseira;2;0;0;0;0;0;0;0;0;0;2;0;0;0;0
22/05/2016;01:36:00;16;Acidente com Vítima;510,1;BR-040/MG;Norte;Outros;0;0;0;1;0;0;0;0;0;0;0;0;1;0;0
22/05/2016;18:55:00;250;Acidente sem Vítima;511,1;BR-040/MG;Sul;Outros;0;0;0;1;0;0;0;0;0;0;1;0;0;0;0
22/05/2016;17:56:00;226;Acidente com Vítima;511,1;BR-040/MG;Sul;Capotamento;3;0;0;0;0;0;0;0;0;0;2;0;3;0;0
22/05/2016;04:01:00;37;Acidente sem Vítima;522,1;BR-040/MG;Sul;Capotamento;1;0;0;0;0;0;0;0;0;0;1;0;0;0;0
22/05/2016;01:37:00;18;Acidente sem Vítima;524,1;BR-040/MG;Norte;Choque com objeto fixo;1;0;0;0;0;0;0;0;0;0;1;0;0;0;0
22/05/2016;15:08:00;186;Acidente sem Vítima;526,7;BR-040/MG;Sul;Outros;0;0;0;1;0;0;0;0;0;0;1;0;0;0;0
22/05/2016;08:05:00;75;Acidente sem Vítima;547,989;BR-040/MG;Sul;Outros;1;0;0;0;0;0;0;0;0;0;1;0;0;0;0
22/05/2016;15:05:00;184;Acidente com Vítima;656,99;BR-040/MG;Sul;Capotamento;1;0;1;0;0;0;0;0;0;0;2;3;0;0;0
22/05/2016;21:00:00;290;Acidente sem Vítima;660,306;BR-040/MG;Norte;Colisão traseira;2;0;0;0;0;0;0;0;0;0;5;0;0;0;0
22/05/2016;14:03:00;169;Acidente com Vítima;0,5;BR-040/DF;Norte;Abalroamento - Longitudinal;2;0;0;0;0;0;0;0;0;0;3;0;1;0;0
22/05/2016;17:38:00;217;Acidente com Vítima;755,978;BR-040/MG;Norte;Capotamento;1;0;0;0;0;0;0;0;0;0;0;0;1;0;0
23/05/2016;18:12:00;280;Acidente sem Vítima;2,8;BR-040/GO;Sul;Colisão traseira;1;0;0;1;0;0;0;0;0;0;2;0;0;0;0
23/05/2016;21:16:00;339;Acidente sem Vítima;274,378;BR-040/MG;Sul;Atropelamento - Animal;1;0;0;0;0;0;0;0;0;0;1;0;0;0;0
23/05/2016;07:56:00;89;Acidente com Vítima;483;BR-040/MG;Norte;Choque com objeto fixo;1;0;0;0;0;0;0;0;0;0;0;1;0;0;0
23/05/2016;01:51:00;13;Acidente com Vítima;485,1;BR-040/MG;Sul;Abalroamento - Longitudinal;0;0;2;0;0;0;0;0;0;0;2;1;0;0;0
23/05/2016;02:10:00;16;Acidente sem Vítima;486,1;BR-040/MG;Sul;Colisão traseira;1;0;1;0;0;0;0;0;0;0;2;0;0;0;0
23/05/2016;15:18:00;224;Acidente sem Vítima;487,4;BR-040/MG;Norte;Colisão traseira;1;0;1;0;0;0;0;0;0;0;3;0;0;0;0
23/05/2016;02:31:00;19;Acidente sem Vítima;508,3;BR-040/MG;Norte;Choque com objeto fixo;1;0;0;0;0;0;0;0;0;0;1;0;0;0;0
23/05/2016;06:18:00;39;Acidente com Vítima;511,6;BR-040/MG;Sul;Colisão traseira;1;0;0;1;0;0;0;0;0;0;1;1;0;0;0
23/05/2016;11:01:00;160;Acidente sem Vítima;522,4;BR-040/MG;Sul;Outros;0;0;0;1;0;0;0;0;0;0;1;0;0;0;0
23/05/2016;13:46:00;205;Acidente com Vítima;548,5;BR-040/MG;Norte;Colisão traseira;1;0;1;0;0;0;0;0;0;0;2;2;0;0;0
23/05/2016;11:02:00;161;Acidente com Vítima;694;BR-040/MG;Sul;Outros;0;0;0;1;0;0;0;0;0;0;0;0;1;0;0
24/05/2016;12:31:00;181;Acidente com Vítima;515,5;BR-040/MG;Sul;Colisão traseira;0;0;0;1;0;1;0;0;0;0;1;0;1;0;0
24/05/2016;17:13:00;249;Acidente com Morte;525,305;BR-040/MG;Norte;Abalroamento - Longitudinal;0;0;1;1;0;0;0;0;0;0;1;0;0;0;1
24/05/2016;20:36:00;303;Acidente sem Vítima;527,2;BR-040/MG;Norte;Abalroamento - Longitudinal;2;0;0;0;0;0;0;0;0;0;2;0;0;0;0
24/05/2016;09:27:00;121;Acidente sem Vítima;586,13;BR-040/MG;Norte;Queda de Carga;0;0;1;0;0;0;0;0;0;0;1;0;0;0;0
24/05/2016;14:02:00;200;Acidente com Vítima;655,3;BR-040/MG;Norte;Queda de Carga;0;0;1;0;0;0;0;0;0;0;0;1;0;0;0
24/05/2016;07:02:00;52;Acidente com Vítima;77,8;BR-040/GO;Sul;Colisão frontal;2;0;0;0;0;0;0;0;0;0;0;1;2;0;0
24/05/2016;18:44:00;273;Acidente sem Vítima;735,1;BR-040/MG;Sul;Abalroamento - Longitudinal;2;0;0;0;0;0;0;0;0;0;2;0;0;0;0
25/05/2016;05:38:00;17;Acidente com Vítima;1,4;BR-040/GO;Norte;Colisão traseira;1;0;0;1;0;0;0;0;0;0;1;0;0;0;0
25/05/2016;17:23:00;255;Acidente sem Vítima;3;BR-040/GO;Norte;Colisão traseira;2;0;0;0;0;0;0;0;0;0;2;0;0;0;0
25/05/2016;08:55:00;103;Acidente sem Vítima;3,2;BR-040/GO;Sul;Abalroamento - Longitudinal;0;0;1;1;0;0;0;0;0;0;2;0;0;0;0
25/05/2016;06:21:00;22;Acidente sem Vítima;3,2;BR-040/GO;Norte;Colisão traseira;1;0;0;1;0;0;0;0;0;0;2;0;0;0;0
25/05/2016;18:56:00;285;Acidente sem Vítima;6,7;BR-040/GO;Sul;Colisão traseira;2;0;0;0;0;0;0;0;0;0;2;0;0;0;0
25/05/2016;13:24:00;183;Acidente com Vítima;39,069;BR-040/MG;Sul;Abalroamento - Longitudinal;1;0;0;1;0;0;0;0;0;0;1;1;0;0;0
25/05/2016;17:36:00;259;Atropelamento sem Morte;25,009;BR-040/GO;Norte;Atropelamento - Ciclista;1;0;0;0;0;0;0;0;0;0;2;1;0;0;0
25/05/2016;18:54:00;283;Acidente sem Vítima;109,119;BR-040/MG;Sul;Abalroamento - Transversal;2;0;0;0;0;0;0;0;0;0;2;0;0;0;0
25/05/2016;13:33:00;186;Acidente sem Vítima;141,049;BR-040/MG;Sul;Queda de Carga;1;0;1;0;0;0;0;0;0;0;2;0;0;0;0
25/05/2016;10:41:00;139;Acidente com Vítima;183,3;BR-040/MG;Norte;Outros;1;0;0;0;0;0;0;0;0;0;0;2;1;0;0
25/05/2016;08:13:00;93;Acidente com Vítima;360,2;BR-040/MG;Norte;Choque com objeto fixo;1;0;0;0;0;0;0;0;0;0;0;0;0;0;0
25/05/2016;14:14:00;195;Acidente sem Vítima;451,1;BR-040/MG;Norte;Abalroamento - Longitudinal;2;0;0;0;0;0;0;0;0;0;7;0;0;0;0
25/05/2016;07:54:00;76;Acidente com Vítima;481,5;BR-040/MG;Sul;Outros;0;0;0;1;0;0;0;0;0;0;0;1;0;0;0
25/05/2016;19:19:00;291;Atropelamento sem Morte;509,7;BR-040/MG;Sul;Atropelamento - Pedestre atravessando;0;0;0;1;0;0;0;0;0;0;0;0;2;0;0
25/05/2016;18:36:00;277;Acidente sem Vítima;510,98;BR-040/MG;Norte;Abalroamento - Longitudinal;1;0;1;0;0;0;0;0;0;0;2;0;0;0;0
25/05/2016;15:50:00;225;Acidente sem Vítima;529,8;BR-040/MG;Sul;Colisão traseira;1;0;0;0;1;0;0;0;0;0;2;0;0;0;0
25/05/2016;10:27:00;133;Acidente sem Vítima;534,1;BR-040/MG;Norte;Colisão traseira;2;0;0;0;0;0;0;0;0;0;2;0;0;0;0
25/05/2016;15:52:00;226;Acidente sem Vítima;542,1;BR-040/MG;Sul;Colisão traseira;3;0;0;0;0;0;0;0;0;0;4;0;0;0;0
25/05/2016;15:07:00;212;Acidente com Vítima;544,042;BR-040/MG;Sul;Outros;0;0;0;1;0;0;0;0;0;0;0;0;1;0;0
25/05/2016;15:14:00;214;Acidente sem Vítima;563,2;BR-040/MG;Sul;Capotamento;2;0;0;0;0;0;0;0;0;0;2;0;0;0;0
25/05/2016;04:21:00;11;Acidente com Vítima;599,25;BR-040/MG;Norte;Choque com objeto fixo;0;0;0;1;0;0;0;0;0;0;0;1;0;0;0
25/05/2016;19:40:00;299;Acidente com Vítima;693,1;BR-040/MG;Norte;Capotamento;1;0;0;0;0;0;0;0;0;0;5;2;1;0;0
25/05/2016;16:02:00;230;Acidente com Vítima;739;BR-040/MG;Norte;Outros;0;0;0;1;0;0;0;0;0;0;0;1;0;0;0
25/05/2016;08:25:00;98;Acidente com Vítima;0,876;BR-040/DF;Norte;Outros;0;0;0;1;0;0;0;0;0;0;0;1;0;0;0
26/05/2016;23:10:00;316;Acidente sem Vítima;8,2;BR-040/GO;Sul;Capotamento;2;0;0;0;0;0;0;0;0;0;3;0;0;0;0
26/05/2016;22:50:00;307;Acidente sem Vítima;9,05;BR-040/GO;Sul;Choque com objeto fixo;0;0;0;1;0;0;0;0;0;0;1;0;0;0;0
26/05/2016;07:54:00;68;Acidente sem Vítima;13,5;BR-040/GO;Norte;Abalroamento - Longitudinal;1;0;1;0;0;0;0;0;0;0;3;0;0;0;0
26/05/2016;08:25:00;79;Acidente sem Vítima;261,1;BR-040/MG;Norte;Colisão traseira;1;0;0;1;0;0;0;0;0;0;3;0;0;0;0
26/05/2016;09:30:00;97;Acidente sem Vítima;417,7;BR-040/MG;Norte;Abalroamento - Longitudinal;2;0;0;0;0;0;0;0;0;0;4;0;0;0;0
26/05/2016;16:49:00;239;Acidente com Vítima;536,353;BR-040/MG;Norte;Outros;2;0;0;2;0;0;0;0;0;0;2;0;2;0;0
26/05/2016;12:42:00;168;Acidente sem Vítima;537;BR-040/MG;Sul;Capotamento;1;0;0;0;0;0;0;0;0;0;1;0;0;0;0
26/05/2016;20:33:00;282;Acidente com Vítima;548,32;BR-040/MG;Norte;Choque em barreira New Jersey;1;0;0;0;0;0;0;0;0;0;3;1;0;0;0
26/05/2016;16:58:00;240;Acidente com Vítima;586,1;BR-040/MG;Sul;Colisão frontal;1;0;1;0;0;0;0;0;0;0;1;1;0;1;0
26/05/2016;18:52:00;269;Acidente com Vítima;618,01;BR-040/MG;Norte;Capotamento;1;0;0;0;0;0;0;0;0;0;0;1;1;0;0
26/05/2016;09:25:00;96;Acidente com Vítima;618;BR-040/MG;Sul;Outros;0;0;0;1;0;0;0;0;0;0;0;1;0;0;0
26/05/2016;12:16:00;157;Acidente sem Vítima;715,001;BR-040/MG;Norte;Abalroamento - Transversal;1;0;1;0;0;0;0;0;0;0;2;0;0;0;0
26/05/2016;22:00:00;295;Acidente sem Vítima;730,3;BR-040/MG;Norte;Choque com objeto fixo;1;0;0;0;0;0;0;0;0;0;1;0;0;0;0
26/05/2016;14:55:00;205;Acidente sem Vítima;730,6;BR-040/MG;Norte;Outros;1;0;0;0;0;0;0;0;0;0;5;0;0;0;0
27/05/2016;18:42:00;224;Acidente sem Vítima;13,013;BR-040/GO;Sul;Colisão traseira;2;0;0;0;0;0;0;0;0;0;2;0;0;0;0
27/05/2016;20:09:00;252;Acidente sem Vítima;15,5;BR-040/GO;Sul;Abalroamento - Longitudinal;1;0;1;0;0;0;0;0;0;0;25;0;0;0;0
27/05/2016;11:02:00;117;Acidente com Vítima;26,2;BR-040/GO;Sul;Outros;0;0;0;1;0;0;0;0;0;0;1;1;0;0;0
27/05/2016;05:43:00;49;Acidente sem Vítima;449;BR-040/MG;Sul;Atropelamento - Animal;0;0;1;0;0;0;0;0;0;0;1;0;0;0;0
27/05/2016;16:36:00;189;Atropelamento com Morte;455,925;BR-040/MG;Norte;Atropelamento - Pedestre caminhando;1;0;1;0;0;0;0;0;0;0;2;0;0;0;1
27/05/2016;08:57:00;85;Acidente com Vítima;463,5;BR-040/MG;Norte;Choque com objeto fixo;1;0;0;0;0;0;0;0;0;0;4;0;1;0;0
27/05/2016;19:27:00;240;Acidente com Vítima;478,7;BR-040/MG;Norte;Colisão traseira;1;0;0;0;0;1;0;0;0;0;1;2;0;0;0
27/05/2016;19:22:00;237;Acidente sem Vítima;504,2;BR-040/MG;Norte;Colisão traseira;2;0;0;0;0;0;0;0;0;0;6;0;0;0;0
27/05/2016;18:38:00;222;Acidente sem Vítima;504,2;BR-040/MG;Norte;Abalroamento - Longitudinal;1;0;1;0;0;0;0;0;0;0;4;0;0;0;0
27/05/2016;20:26:00;260;Acidente sem Vítima;506,2;BR-040/MG;Sul;Abalroamento - Longitudinal;1;0;1;0;0;0;0;0;0;0;3;0;0;0;0
27/05/2016;07:28:00;68;Acidente com Vítima;516,77;BR-040/MG;Norte;Capotamento;1;0;0;0;0;0;0;0;0;0;2;0;0;0;0
27/05/2016;08:01:00;78;Acidente sem Vítima;517,1;BR-040/MG;Sul;Colisão traseira;2;0;0;0;0;0;0;0;0;0;2;0;0;0;0
27/05/2016;18:21:00;218;Acidente sem Vítima;528,5;BR-040/MG;Sul;Abalroamento - Longitudinal;1;0;0;0;0;1;0;0;0;0;4;0;0;0;0
27/05/2016;19:51:00;250;Acidente sem Vítima;587,03;BR-040/MG;Sul;Outros;2;0;0;0;0;0;0;0;0;0;5;0;0;0;0
27/05/2016;06:23:00;54;Acidente com Vítima;629,15;BR-040/MG;Norte;Atropelamento - Animal;0;0;0;1;0;0;0;0;0;0;0;0;0;1;0
27/05/2016;09:04:00;87;Acidente com Vítima;700,5;BR-040/MG;Norte;Outros;0;0;0;1;0;0;0;0;0;0;0;0;1;0;0
27/05/2016;17:47:00;208;Acidente sem Vítima;1,8;BR-040/DF;Sul;Choque em barreira New Jersey;0;0;0;0;0;1;0;0;0;0;1;0;0;0;0
28/05/2016;07:18:00;30;Acidente com Vítima;40,06;BR-040/MG;Sul;Abalroamento - Transversal;1;0;0;1;0;0;0;0;0;0;1;1;0;0;0
28/05/2016;22:09:00;215;Acidente sem Vítima;23,92;BR-040/GO;Norte;Abalroamento - Transversal;1;0;0;1;0;0;0;0;0;0;3;0;0;0;0
28/05/2016;08:49:00;46;Acidente sem Vítima;509,8;BR-040/MG;Norte;Capotamento;1;0;0;0;0;0;0;0;0;0;1;0;0;0;0
28/05/2016;18:47:00;171;Acidente com Vítima;511,1;BR-040/MG;Norte;Abalroamento - Longitudinal;3;0;0;0;0;0;0;0;0;0;5;2;0;0;0
28/05/2016;11:44:00;79;Acidente sem Vítima;541,7;BR-040/MG;Norte;Abalroamento - Longitudinal;1;0;1;0;0;0;0;0;0;0;2;0;0;0;0
28/05/2016;11:56:00;86;Acidente com Vítima;605,3;BR-040/MG;Norte;Capotamento;1;0;0;0;0;0;0;0;0;0;0;2;0;0;0
28/05/2016;06:22:00;22;Acidente sem Vítima;739,05;BR-040/MG;Sul;Choque com objeto fixo;0;0;0;1;0;0;0;0;0;0;1;0;0;0;0
28/05/2016;06:12:00;21;Acidente sem Vítima;0;Fora_Rota;Sul;Outros;0;0;0;0;0;0;0;0;0;0;0;0;0;0;0
28/05/2016;18:17:00;157;Acidente sem Vítima;2,5;BR-040/DF;Sul;Colisão traseira;2;0;0;0;0;0;0;0;0;0;3;0;0;0;0
29/05/2016;04:11:00;28;Acidente sem Vítima;1,026;BR-040/GO;Norte;Choque com objeto fixo;2;0;0;0;0;0;0;0;0;0;5;0;0;0;0
29/05/2016;15:54:00;192;Acidente sem Vítima;4,8;BR-040/GO;Norte;Colisão traseira;2;0;0;0;0;0;0;0;0;0;2;0;0;0;0