data;horario;n_da_ocorrencia;tipo_de_ocorrencia;km;trecho;sentido;tipo_de_acidente;automovel;bicicleta;caminhao;moto;onibus;outros;tracao_animal;transporte_de_cargas_especiais;trator_maquinas;utilitarios;ilesos;levemente_feridos;moderadamente_feridos;gravemente_feridos;mortos
13/07/2016;13:11:00;193;Acidente sem Vítima;43,6;BR-040/MG;Sul;Colisão frontal;1;0;0;1;0;0;0;0;0;0;2;0;0;0;0
13/07/2016;09:42:00;134;Acidente com Vítima;656;BR-040/MG;Norte;Capotamento;1;0;0;0;0;0;0;0;0;0;0;0;1;0;0
13/07/2016;07:24:00;52;Acidente sem Vítima;751,8;BR-040/MG;Norte;Capotamento;1;0;0;0;0;0;0;0;0;0;1;0;0;0;0
14/07/2016;21:13:00;331;Acidente com Vítima;695,085;BR-040/MG;Norte;Queda de Carga;0;0;1;0;0;0;0;0;0;0;0;1;0;0;0
14/07/2016;20:48:00;322;Atropelamento sem Morte;93,945;BR-040/GO;Sul;Atropelamento de pedestre atravessando;0;0;1;0;0;0;0;0;0;0;2;0;0;1;0
14/07/2016;20:39:00;318;Acidente sem Vítima;69,4;BR-040/GO;Sul;Colisão traseira;2;0;0;0;0;0;0;0;0;0;5;0;0;0;0
14/07/2016;20:16:00;310;Acidente com Vítima;424,1;BR-040/MG;Norte;Capotamento;1;0;0;0;0;0;0;0;0;0;0;0;1;0;0
14/07/2016;18:09:00;267;Acidente sem Vítima;666,01;BR-040/MG;Norte;Abalroamento longitudinal;2;0;0;0;0;0;0;0;0;0;2;0;0;0;0
14/07/2016;17:45:00;262;Acidente com Vítima;10,9;BR-040/GO;Sul;Abalroamento transversal;2;0;0;0;0;0;0;0;0;0;1;1;1;0;0
14/07/2016;13:32:00;206;Atropelamento sem Morte;436,221;BR-040/MG;Norte;Atropelamento de pedestre atravessando;0;0;1;0;0;0;0;0;0;0;1;0;0;1;0
14/07/2016;10:02:00;136;Acidente sem Vítima;542;BR-040/MG;Sul;Abalroamento longitudinal;2;0;0;0;0;0;0;0;0;0;2;0;0;0;0
14/07/2016;09:55:00;131;Acidente sem Vítima;533,082;BR-040/MG;Sul;Colisão traseira;2;0;0;0;0;0;0;0;0;0;2;0;0;0;0
14/07/2016;09:36:00;126;Acidente sem Vítima;538,2;BR-040/MG;Sul;Abalroamento longitudinal;2;0;0;0;0;0;0;0;0;0;2;0;0;0;0
14/07/2016;08:36:00;104;Acidente sem Vítima;515,6;BR-040/MG;Sul;Colisão traseira;1;0;0;1;0;0;0;0;0;0;2;0;0;0;0
14/07/2016;07:22:00;60;Acidente sem Vítima;517,792;BR-040/MG;Sul;Abalroamento longitudinal;0;0;0;1;1;0;0;0;0;0;2;0;0;0;0
14/07/2016;02:28:00;16;Acidente sem Vítima;520,128;BR-040/MG;Sul;Atropelamento de animal;1;0;0;0;0;0;0;0;0;0;2;0;0;0;0
15/07/2016;23:15:00;380;Acidente sem Vítima;751,2;BR-040/MG;Sul;Atropelamento de animal;2;0;0;0;0;0;0;0;0;0;5;0;0;0;0
15/07/2016;22:45:00;368;Acidente sem Vítima;751,1;BR-040/MG;Sul;Atropelamento de animal;1;0;0;0;0;0;0;0;0;0;2;0;0;0;0
15/07/2016;22:07:00;361;Acidente com Vítima;9,3;BR-040/GO;Norte;Abalroamento transversal;0;0;1;0;0;1;0;0;0;0;1;0;1;0;0
15/07/2016;21:58:00;358;Acidente sem Vítima;372,5;BR-040/MG;Norte;Outros;1;0;0;0;0;0;0;0;0;0;4;0;0;0;0
15/07/2016;19:42:00;316;Atropelamento com Morte;669,23;BR-040/MG;Sul;Atropelamento de ciclista;0;0;1;0;0;0;0;0;0;0;1;0;0;0;1
15/07/2016;18:32:00;277;Acidente sem Vítima;539,1;BR-040/MG;Norte;Abalroamento longitudinal;0;0;0;1;1;0;0;0;0;0;2;0;0;0;0
15/07/2016;18:30:00;275;Acidente com Vítima;25,5;BR-040/MG;Sul;Choque com objeto fixo;1;0;0;0;0;0;0;0;0;0;0;0;1;0;0
15/07/2016;18:07:00;264;Atropelamento sem Morte;509,95;BR-040/MG;Sul;Atropelamento de pedestre atravessando;1;0;0;0;0;0;0;0;0;0;2;0;1;0;0
15/07/2016;16:23:00;229;Acidente sem Vítima;508,9;BR-040/MG;Sul;Colisão traseira;2;0;0;0;0;0;0;0;0;0;2;0;0;0;0
15/07/2016;16:02:00;222;Acidente com Vítima;10,9;BR-040/GO;Sul;Colisão traseira;1;0;0;1;0;0;0;0;0;0;3;1;0;0;0
15/07/2016;15:31:00;211;Acidente sem Vítima;1,3;BR-040/GO;Sul;Colisão traseira;2;0;0;1;0;0;0;0;0;0;5;0;0;0;0
15/07/2016;15:11:00;205;Acidente sem Vítima;536,373;BR-040/MG;Norte;Colisão traseira;4;0;0;0;0;0;0;0;0;0;4;0;0;0;0
15/07/2016;15:07:00;204;Acidente sem Vítima;531,1;BR-040/MG;Sul;Colisão traseira;1;0;0;1;0;0;0;0;0;0;2;0;0;0;0
15/07/2016;14:11:00;185;Acidente sem Vítima;487,5;BR-040/MG;Norte;Colisão traseira;2;0;0;0;0;0;0;0;0;0;2;0;0;0;0
15/07/2016;13:31:00;174;Acidente sem Vítima;509,299;BR-040/MG;Sul;Outros;0;0;0;1;0;0;0;0;0;0;1;0;0;0;0
15/07/2016;10:56:00;133;Acidente sem Vítima;529,1;BR-040/MG;Sul;Colisão traseira;4;0;0;0;0;0;0;0;0;0;5;0;0;0;0
15/07/2016;10:34:00;126;Acidente sem Vítima;413,2;BR-040/MG;Sul;Abalroamento transversal;2;0;0;0;0;0;0;0;0;0;2;0;0;0;0
15/07/2016;10:20:00;122;Acidente sem Vítima;12,2;BR-040/GO;Sul;Abalroamento longitudinal;1;0;1;0;0;0;0;0;0;0;2;0;0;0;0
15/07/2016;10:09:00;119;Acidente sem Vítima;544,2;BR-040/MG;Norte;Colisão traseira;3;0;0;0;0;0;0;0;0;0;3;0;0;0;0
15/07/2016;10:07:00;118;Acidente sem Vítima;544,2;BR-040/MG;Norte;Colisão traseira;1;0;0;1;0;0;0;0;0;0;2;0;0;0;0
15/07/2016;09:14:00;101;Acidente sem Vítima;569,8;BR-040/MG;Norte;Abalroamento longitudinal;1;0;1;0;0;0;0;0;0;0;2;0;0;0;0
15/07/2016;08:55:00;97;Acidente com Vítima;92,11;BR-040/GO;Norte;Abalroamento transversal;2;0;0;0;0;0;0;0;0;0;4;3;0;0;0
15/07/2016;08:20:00;82;Acidente sem Vítima;512,112;BR-040/MG;Norte;Abalroamento longitudinal;1;0;0;1;0;0;0;0;0;0;2;0;0;0;0
15/07/2016;08:03:00;75;Acidente sem Vítima;544,8;BR-040/MG;Norte;Capotamento;1;0;0;0;0;0;0;0;0;0;1;0;0;0;0
15/07/2016;07:55:00;71;Acidente com Vítima;2,7;BR-040/GO;Sul;Colisão traseira;1;0;0;1;0;0;0;0;0;0;2;1;0;0;0
15/07/2016;06:34:00;40;Acidente sem Vítima;512,001;BR-040/MG;Sul;Colisão traseira;3;0;0;0;0;0;0;0;0;0;3;0;0;0;0
15/07/2016;06:26:00;35;Acidente com Vítima;2,5;BR-040/GO;Norte;Colisão traseira;2;0;0;0;0;0;0;0;0;0;2;1;0;0;0
16/07/2016;23:49:00;404;Acidente sem Vítima;518,55;BR-040/MG;Norte;Colisão traseira;3;0;0;0;0;0;0;0;0;0;4;0;0;0;0
16/07/2016;23:19:00;398;Acidente sem Vítima;3,316;BR-040/GO;Sul;Choque com objeto fixo;1;0;0;0;0;0;0;0;0;0;1;0;0;0;0
16/07/2016;23:14:00;397;Acidente sem Vítima;518,443;BR-040/MG;Norte;Atropelamento de animal;1;0;0;0;0;0;0;0;0;0;3;0;0;0;0
16/07/2016;22:51:00;393;Acidente com Morte;0,074;BR-040/GO;Sul;Colisão traseira;1;0;0;1;0;0;0;0;0;0;2;0;0;0;1
16/07/2016;21:57:00;384;Acidente sem Vítima;464,901;BR-040/MG;Norte;Choque com objeto fixo;1;0;0;0;0;0;0;0;0;0;1;0;0;0;0
16/07/2016;19:33:00;336;Acidente sem Vítima;600,15;BR-040/MG;Norte;Choque com objeto fixo;1;0;0;0;0;0;0;0;0;0;1;0;0;0;0
16/07/2016;18:50:00;322;Acidente com Vítima;5;BR-040/DF;Sul;Colisão traseira;2;0;0;0;0;0;0;0;0;0;1;2;0;0;0
16/07/2016;18:25:00;313;Acidente sem Vítima;508,217;BR-040/MG;Sul;Colisão traseira;2;0;0;0;0;0;0;0;0;0;4;0;0;0;0
16/07/2016;17:38:00;295;Acidente sem Vítima;501,9;BR-040/MG;Sul;Abalroamento longitudinal;1;0;0;0;0;1;0;0;0;0;2;0;0;0;0
16/07/2016;12:03:00;157;Acidente sem Vítima;594,4;BR-040/MG;Norte;Colisão traseira;2;0;0;0;0;0;0;0;0;0;2;0;0;0;0
16/07/2016;11:23:00;140;Acidente sem Vítima;595,033;BR-040/MG;Sul;Colisão traseira;2;0;0;0;0;0;0;0;0;0;2;0;0;0;0
16/07/2016;10:43:00;125;Acidente sem Vítima;594,5;BR-040/MG;Norte;Colisão traseira;2;0;0;0;0;0;0;0;0;0;2;0;0;0;0
16/07/2016;09:20:00;100;Acidente sem Vítima;538,334;BR-040/MG;Norte;Colisão traseira;2;0;0;0;0;0;0;0;0;0;2;0;0;0;0
16/07/2016;08:59:00;92;Acidente sem Vítima;556,566;BR-040/MG;Sul;Colisão traseira;2;0;0;0;0;0;0;0;0;0;4;0;0;0;0
16/07/2016;08:18:00;81;Acidente sem Vítima;600,01;BR-040/MG;Sul;Colisão traseira;1;0;1;0;0;0;0;0;0;0;2;0;0;0;0
16/07/2016;08:06:00;75;Acidente sem Vítima;557,451;BR-040/MG;Sul;Capotamento;1;0;0;0;0;0;0;0;0;0;1;0;0;0;0
16/07/2016;07:44:00;69;Acidente com Vítima;586,5;BR-040/MG;Norte;Outros;0;0;0;1;0;0;0;0;0;0;0;0;1;0;0
16/07/2016;03:46:00;28;Acidente sem Vítima;583,67;BR-040/MG;Sul;Choque em defensa;1;0;0;0;0;0;0;0;0;0;1;0;0;0;0
16/07/2016;01:44:00;11;Acidente com Vítima;7,21;BR-040/DF;Sul;Outros;0;0;0;1;0;1;0;0;0;0;1;1;0;0;0
17/07/2016;21:25:00;321;Acidente com Vítima;16,796;BR-040/GO;Norte;Outros;0;0;0;1;0;0;0;0;0;0;0;2;0;0;0
17/07/2016;19:00:00;275;Acidente com Vítima;541,85;BR-040/MG;Norte;Colisão traseira;2;0;0;0;0;0;0;0;0;0;2;1;0;0;0
17/07/2016;18:44:00;268;Atropelamento sem Morte;509,319;BR-040/MG;Sul;Atropelamento de pedestre atravessando;1;0;0;0;0;0;0;0;0;0;1;1;0;0;0
17/07/2016;18:34:00;264;Acidente sem Vítima;540,94;BR-040/MG;Norte;Colisão traseira;4;0;0;0;0;0;0;0;0;0;5;0;0;0;0
17/07/2016;18:23:00;258;Acidente sem Vítima;561,6;BR-040/MG;Norte;Colisão traseira;2;0;0;0;0;0;0;0;0;0;6;0;0;0;0
17/07/2016;18:05:00;247;Acidente sem Vítima;660,44;BR-040/MG;Sul;Abalroamento transversal;2;0;0;0;0;0;0;0;0;0;2;0;0;0;0
17/07/2016;17:20:00;230;Acidente com Vítima;504,9;BR-040/MG;Sul;Colisão traseira;2;0;0;0;0;0;0;0;0;0;5;1;0;0;0
17/07/2016;16:43:00;217;Acidente sem Vítima;519,4;BR-040/MG;Sul;Colisão traseira;2;0;0;0;0;0;0;0;0;0;6;0;0;0;0
17/07/2016;16:26:00;210;Acidente sem Vítima;2,1;BR-040/GO;Norte;Colisão traseira;3;0;0;0;0;0;0;0;0;0;5;0;0;0;0
17/07/2016;16:15:00;204;Acidente sem Vítima;475,467;BR-040/MG;Norte;Capotamento;1;0;0;0;0;0;0;0;0;0;1;0;0;0;0
17/07/2016;16:07:00;201;Acidente com Vítima;603;BR-040/MG;Sul;Abalroamento transversal;1;0;1;0;0;0;0;0;0;0;1;0;2;0;0
17/07/2016;15:39:00;188;Acidente sem Vítima;739,001;BR-040/MG;Norte;Choque em defensa;1;0;0;0;0;0;0;0;0;0;1;0;0;0;0
17/07/2016;15:26:00;187;Acidente com Vítima;502,7;BR-040/MG;Sul;Abalroamento longitudinal;1;0;0;1;0;0;0;0;0;0;4;1;0;0;0
17/07/2016;13:58:00;161;Acidente com Vítima;12;BR-040/GO;Sul;Colisão traseira;1;0;0;1;0;0;0;0;0;0;2;0;1;0;0
17/07/2016;13:17:00;144;Acidente com Vítima;531,03;BR-040/MG;Norte;Outros;0;0;0;1;0;0;0;0;0;0;0;2;0;0;0
17/07/2016;12:45:00;138;Acidente com Vítima;551,06;BR-040/MG;Norte;Capotamento;1;0;0;0;0;0;0;0;0;0;2;2;0;0;0
17/07/2016;11:39:00;121;Acidente sem Vítima;444,9;BR-040/MG;Sul;Capotamento;1;0;0;0;0;0;0;0;0;0;4;0;0;0;0
17/07/2016;09:08:00;82;Acidente sem Vítima;549,489;BR-040/MG;Norte;Outros;1;1;0;0;0;0;0;0;0;0;2;0;0;0;0
17/07/2016;08:30:00;70;Acidente com Vítima;13,2;BR-040/GO;Norte;Outros;0;0;0;1;0;0;0;0;0;0;0;2;0;0;0
17/07/2016;07:20:00;54;Acidente sem Vítima;1,7;BR-040/GO;Sul;Colisão traseira;2;0;0;0;0;0;0;0;0;0;4;0;0;0;0
17/07/2016;06:39:00;43;Acidente sem Vítima;646;BR-040/MG;Norte;Choque com objeto fixo;1;0;0;0;0;0;0;0;0;0;5;0;0;0;0
17/07/2016;05:32:00;40;Acidente com Vítima;6,2;BR-040/GO;Sul;Capotamento;1;0;0;0;0;0;0;0;0;0;0;2;0;0;0
17/07/2016;04:14:00;35;Acidente sem Vítima;285,127;BR-040/MG;Norte;Capotamento;1;0;0;0;0;0;0;0;0;0;3;0;0;0;0
17/07/2016;00:17:00;2;Acidente sem Vítima;450,3;BR-040/MG;Sul;Choque com objeto fixo;1;0;0;0;0;0;0;0;0;0;2;0;0;0;0
18/07/2016;23:48:00;348;Acidente sem Vítima;30,015;BR-040/GO;Norte;Choque com objeto fixo;1;0;0;0;0;0;0;0;0;0;3;0;0;0;0
18/07/2016;18:41:00;280;Acidente sem Vítima;413,7;BR-040/MG;Norte;Colisão traseira;2;0;0;0;0;0;0;0;0;0;6;0;0;0;0
18/07/2016;10:33:00;133;Acidente sem Vítima;22,1;BR-040/GO;Norte;Abalroamento transversal;2;0;0;0;0;0;0;0;0;0;4;0;0;0;0
18/07/2016;10:05:00;127;Acidente sem Vítima;530,24;BR-040/MG;Norte;Colisão traseira;2;0;0;0;0;0;0;0;0;0;3;0;0;0;0
18/07/2016;08:18:00;88;Acidente sem Vítima;510,5;BR-040/MG;Sul;Colisão traseira;2;0;0;0;0;0;0;0;0;0;2;0;0;0;0
18/07/2016;07:43:00;71;Acidente com Vítima;511,4;BR-040/MG;Sul;Abalroamento transversal;1;0;0;1;0;0;0;0;0;0;1;1;0;0;0
18/07/2016;07:30:00;66;Acidente sem Vítima;511,1;BR-040/MG;Norte;Colisão traseira;4;0;0;0;0;0;0;0;0;0;6;0;0;0;0
18/07/2016;06:39:00;51;Acidente com Vítima;509,47;BR-040/MG;Sul;Colisão traseira;0;0;1;1;0;0;0;0;0;0;1;0;1;0;0
18/07/2016;01:23:00;13;Acidente sem Vítima;752,5;BR-040/MG;Norte;Choque em barreira New Jersey;1;0;0;0;0;0;0;0;0;0;1;0;0;0;0
19/07/2016;23:24:00;333;Atropelamento com Morte;668,001;BR-040/MG;Norte;Atropelamento de pedestre caminhando;1;0;0;0;0;0;0;0;0;0;1;0;0;0;1
19/07/2016;21:46:00;316;Acidente sem Vítima;514,133;BR-040/MG;Sul;Capotamento;1;0;0;0;0;0;0;0;0;0;2;0;0;0;0
19/07/2016;20:04:00;287;Acidente sem Vítima;551;BR-040/MG;Sul;Outros;0;0;0;1;0;0;0;0;0;0;2;0;0;0;0
19/07/2016;19:58:00;285;Acidente com Vítima;649,95;BR-040/MG;Sul;Colisão traseira;2;0;0;0;0;0;0;0;0;0;2;1;0;0;0
19/07/2016;19:38:00;281;Acidente sem Vítima;429,4;BR-040/MG;Sul;Atropelamento de animal;1;0;0;0;0;0;0;0;0;0;2;0;0;0;0
19/07/2016;19:32:00;279;Acidente sem Vítima;707,5;BR-040/MG;Sul;Choque com objeto fixo;1;0;0;0;0;0;0;0;0;0;1;0;0;0;0
19/07/2016;18:46:00;268;Acidente com Vítima;415,393;BR-040/MG;Norte;Abalroamento longitudinal;1;0;0;1;0;0;0;0;0;0;2;1;0;0;0
19/07/2016;18:31:00;264;Acidente sem Vítima;594,1;BR-040/MG;Norte;Abalroamento longitudinal;1;0;1;0;0;0;0;0;0;0;2;0;0;0;0
19/07/2016;18:12:00;256;Atropelamento sem Morte;771,5;BR-040/MG;Norte;Atropelamento de pedestre atravessando;0;0;1;0;0;0;0;0;0;0;1;1;0;0;0
19/07/2016;17:43:00;243;Atropelamento sem Morte;523,65;BR-040/MG;Sul;Atropelamento de pedestre atravessando;0;0;0;1;0;0;0;0;0;0;1;1;1;0;0
19/07/2016;16:03:00;217;Acidente sem Vítima;0,3;BR-040/DF;Norte;Capotamento;1;0;1;0;0;0;0;0;0;0;2;0;0;0;0
19/07/2016;12:17:00;158;Atropelamento sem Morte;1,358;BR-040/GO;Norte;Atropelamento de ciclista;1;0;0;0;0;0;0;0;0;0;1;1;0;0;0
19/07/2016;12:11:00;155;Acidente sem Vítima;532,1;BR-040/MG;Norte;Colisão traseira;1;0;0;1;0;0;0;0;0;0;6;0;0;0;0
19/07/2016;11:32:00;147;Acidente sem Vítima;17,15;BR-040/MG;Norte;Abalroamento transversal;1;0;1;0;0;0;0;0;0;0;2;0;0;0;0
19/07/2016;11:25:00;145;Acidente com Morte;544,01;BR-040/MG;Sul;Choque em barreira New Jersey;0;0;1;1;0;0;0;0;0;0;2;0;0;0;1
19/07/2016;00:09:00;2;Acidente com Vítima;44,05;BR-040/MG;Sul;Outros;0;0;0;1;0;0;0;0;0;0;1;0;1;0;0
20/07/2016;21:29:00;337;Acidente sem Vítima;582,848;BR-040/MG;Norte;Capotamento;1;0;0;0;0;0;0;0;0;0;3;0;0;0;0
20/07/2016;20:04:00;319;Acidente com Morte;458,63;BR-040/MG;Sul;Colisão traseira;0;0;2;0;0;0;0;0;0;0;1;0;0;0;1
20/07/2016;16:23:00;250;Acidente sem Vítima;524,5;BR-040/MG;Sul;Choque em defensa;1;0;0;0;0;0;0;0;0;0;1;0;0;0;0
20/07/2016;13:23:00;196;Acidente sem Vítima;528,5;BR-040/MG;Sul;Colisão traseira;2;0;0;0;0;0;0;0;0;0;2;0;0;0;0
20/07/2016;12:22:00;177;Acidente com Vítima;31,7;BR-040/GO;Sul;Queda de Carga;0;0;1;0;0;0;0;0;0;0;0;1;0;0;0
20/07/2016;12:09:00;175;Acidente com Vítima;42,001;BR-040/MG;Norte;Outros;0;0;0;1;0;0;0;0;0;0;1;1;0;0;0
20/07/2016;11:37:00;163;Acidente com Vítima;528,5;BR-040/MG;Norte;Colisão traseira;1;0;0;0;0;1;0;0;0;0;1;1;0;0;0
20/07/2016;11:21:00;158;Acidente sem Vítima;532;BR-040/MG;Norte;Colisão traseira;0;0;1;1;0;0;0;0;0;0;2;0;0;0;0
20/07/2016;09:26:00;119;Acidente com Vítima;466,8;BR-040/MG;Sul;Abalroamento longitudinal;1;0;1;0;0;0;0;0;0;0;2;2;0;0;0
20/07/2016;07:52:00;82;Acidente sem Vítima;5,9;BR-040/DF;Norte;Outros;0;0;0;1;0;0;0;0;0;0;1;0;0;0;0
20/07/2016;02:08:00;14;Acidente sem Vítima;521,5;BR-040/MG;Sul;Atropelamento de animal;0;0;1;0;0;0;0;0;0;0;1;0;0;0;0
21/07/2016;21:42:00;376;Acidente sem Vítima;728,1;BR-040/MG;Sul;Outros;1;0;0;0;0;0;0;0;0;0;2;0;0;0;0
21/07/2016;20:15:00;352;Acidente com Vítima;5,8;BR-040/DF;Sul;Outros;1;0;0;1;0;0;0;0;0;0;2;0;0;0;0
21/07/2016;19:30:00;335;Acidente sem Vítima;13,45;BR-040/GO;Sul;Abalroamento longitudinal;2;0;0;0;0;0;0;0;0;0;4;0;0;0;0
21/07/2016;19:20:00;329;Acidente sem Vítima;606,1;BR-040/MG;Norte;Colisão traseira;2;0;0;0;0;0;0;0;0;0;2;0;0;0;0
21/07/2016;19:20:00;331;Atropelamento sem Morte;435,7;BR-040/MG;Norte;Atropelamento de ciclista;1;1;0;0;0;0;0;0;0;0;1;1;0;0;0
21/07/2016;18:29:00;312;Acidente com Vítima;664,5;BR-040/MG;Sul;Abalroamento longitudinal;1;0;0;1;0;0;0;0;0;0;1;1;0;0;0
21/07/2016;17:47:00;300;Acidente sem Vítima;617,1;BR-040/MG;Norte;Colisão traseira;0;0;1;0;1;0;0;0;0;0;2;0;0;0;0
21/07/2016;16:02:00;266;Acidente sem Vítima;523;BR-040/MG;Norte;Colisão traseira;2;0;0;0;0;0;0;0;0;0;2;0;0;0;0
21/07/2016;12:03:00;195;Acidente sem Vítima;4;BR-040/GO;Sul;Colisão traseira;2;0;0;0;0;0;0;0;0;0;2;0;0;0;0
21/07/2016;08:27:00;109;Acidente com Vítima;516;BR-040/MG;Norte;Outros;0;0;0;1;0;0;0;0;0;0;0;0;1;0;0
21/07/2016;07:38:00;86;Acidente sem Vítima;534;BR-040/MG;Norte;Capotamento;1;0;0;0;0;0;0;0;0;0;4;0;0;0;0
21/07/2016;06:45:00;45;Acidente sem Vítima;712,461;BR-040/MG;Sul;Choque em barreira New Jersey;1;0;0;0;0;0;0;0;0;0;3;0;0;0;0
22/07/2016;22:47:00;343;Acidente com Vítima;660,2;BR-040/MG;Norte;Colisão traseira;1;0;0;1;0;0;0;0;0;0;1;1;0;0;0
22/07/2016;21:39:00;325;Acidente com Vítima;72,9;BR-040/GO;Norte;Abalroamento transversal;1;0;0;1;0;0;0;0;0;0;6;1;0;0;0
22/07/2016;21:32:00;323;Acidente sem Vítima;449,294;BR-040/MG;Norte;Colisão traseira;1;0;0;0;0;1;0;0;0;0;2;0;0;0;0
22/07/2016;20:09:00;303;Acidente sem Vítima;8,1;BR-040/DF;Norte;Colisão traseira;1;0;0;1;0;0;0;0;0;0;2;0;0;0;0
22/07/2016;19:08:00;278;Acidente sem Vítima;2,4;BR-040/GO;Sul;Abalroamento longitudinal;1;0;0;1;0;0;0;0;0;0;2;0;0;0;0
22/07/2016;19:04:00;275;Acidente com Vítima;5,03;BR-040/GO;Sul;Colisão traseira;2;0;0;0;0;0;0;0;0;0;5;0;1;0;0
22/07/2016;18:38:00;262;Acidente sem Vítima;406,191;BR-040/MG;Sul;Colisão traseira;2;0;0;0;0;0;0;0;0;0;6;0;0;0;0
22/07/2016;18:13:00;254;Acidente sem Vítima;524,8;BR-040/MG;Norte;Atropelamento de animal;0;0;0;0;1;0;0;0;0;0;52;0;0;0;0
22/07/2016;17:12:00;237;Atropelamento sem Morte;0,6;BR-040/GO;Sul;Atropelamento de pedestre atravessando;1;0;0;0;0;0;0;0;0;0;1;0;0;0;0
22/07/2016;15:06:00;200;Acidente com Vítima;632,29;BR-040/MG;Norte;Abalroamento longitudinal;1;0;0;1;0;0;0;0;0;1;1;0;0;0;0
22/07/2016;14:10:00;184;Acidente com Vítima;532,563;BR-040/MG;Sul;Colisão traseira;3;0;0;0;0;0;0;0;0;0;2;2;0;0;0
22/07/2016;12:40:00;157;Acidente sem Vítima;539,8;BR-040/MG;Sul;Abalroamento longitudinal;1;0;1;0;0;0;0;0;0;0;2;0;0;0;0
22/07/2016;09:57:00;127;Acidente com Vítima;42,1;BR-040/GO;Sul;Colisão frontal;2;0;0;0;0;0;0;0;0;0;5;1;0;0;0
22/07/2016;01:12:00;13;Acidente sem Vítima;731,1;BR-040/MG;Norte;Choque em barreira New Jersey;1;0;0;0;0;0;0;0;0;0;1;0;0;0;0
22/07/2016;00:51:00;10;Acidente com Vítima;623,1;BR-040/MG;Sul;Abalroamento longitudinal;1;0;1;0;0;0;0;0;0;0;1;1;0;0;0
22/07/2016;00:00:00;119;Acidente com Vítima;531,45;BR-040/MG;Sul;Outros;1;0;0;1;0;0;0;0;0;0;1;0;1;0;0
23/07/2016;23:18:00;316;Acidente sem Vítima;7,3;BR-040/GO;Sul;Capotamento;1;0;0;0;0;0;0;0;0;0;1;0;0;0;0
23/07/2016;22:10:00;300;Acidente sem Vítima;473,046;BR-040/MG;Norte;Colisão traseira;1;0;1;0;0;0;0;0;0;0;3;0;0;0;0
23/07/2016;20:19:00;275;Atropelamento sem Morte;43,1;BR-040/MG;Sul;Atropelamento de ciclista;1;0;0;0;0;0;0;0;0;0;1;1;0;0;0
23/07/2016;19:59:00;269;Atropelamento sem Morte;567,5;BR-040/MG;Sul;Atropelamento de pedestre atravessando;1;0;0;0;0;0;0;0;0;0;1;0;1;0;0
23/07/2016;18:57:00;244;Acidente com Vítima;648,8;BR-040/MG;Norte;Colisão traseira;1;0;0;1;0;0;0;0;0;0;1;0;1;0;0
23/07/2016;18:48:00;241;Acidente sem Vítima;509,5;BR-040/MG;Sul;Abalroamento longitudinal;2;0;0;0;0;0;0;0;0;0;5;0;0;0;0
23/07/2016;18:26:00;237;Acidente sem Vítima;509,1;BR-040/MG;Sul;Colisão traseira;3;0;0;0;0;0;0;0;0;0;7;0;0;0;0
23/07/2016;18:11:00;230;Acidente com Vítima;545,5;BR-040/MG;Sul;Abalroamento longitudinal;3;0;0;0;0;0;0;0;0;0;2;1;0;0;0
23/07/2016;18:07:00;228;Acidente com Vítima;413,1;BR-040/MG;Norte;Abalroamento longitudinal;1;0;1;0;0;0;0;0;0;0;4;0;0;0;0
23/07/2016;15:42:00;189;Acidente com Vítima;277,2;BR-040/MG;Sul;Outros;1;0;1;0;0;0;0;0;0;0;1;1;0;0;0
23/07/2016;15:12:00;180;Acidente com Vítima;527,15;BR-040/MG;Norte;Outros;0;0;0;1;0;0;0;0;0;0;0;1;0;0;0
23/07/2016;15:05:00;177;Acidente sem Vítima;507,2;BR-040/MG;Norte;Choque em defensa;0;0;2;0;0;0;0;0;0;0;2;0;0;0;0
23/07/2016;15:05:00;178;Acidente sem Vítima;714,2;BR-040/MG;Norte;Colisão traseira;1;0;1;0;0;0;0;0;0;0;3;0;0;0;0
23/07/2016;13:30:00;159;Acidente sem Vítima;549,15;BR-040/MG;Sul;Abalroamento longitudinal;2;0;0;0;0;0;0;0;0;0;4;0;0;0;0
23/07/2016;10:52:00;130;Acidente sem Vítima;727,05;BR-040/MG;Sul;Choque em barreira New Jersey;1;0;0;0;0;0;0;0;0;0;4;0;0;0;0
23/07/2016;10:06:00;116;Acidente com Vítima;465,2;BR-040/MG;Norte;Outros;0;0;0;1;0;0;0;0;0;0;0;0;1;0;0
23/07/2016;09:56:00;110;Acidente sem Vítima;730,05;BR-040/MG;Norte;Outros;2;0;0;0;0;0;0;0;0;0;2;0;0;0;0
23/07/2016;09:52:00;108;Acidente sem Vítima;661,02;BR-040/MG;Norte;Choque em defensa;1;0;0;0;0;0;0;0;0;0;2;0;0;0;0
23/07/2016;08:32:00;86;Acidente com Vítima;1,155;BR-040/GO;Norte;Colisão traseira;0;0;0;2;0;0;0;0;0;0;1;1;0;0;0
23/07/2016;05:54:00;49;Acidente sem Vítima;744,5;BR-040/MG;Norte;Outros;0;0;1;0;0;0;0;0;0;0;1;0;0;0;0