data;horario;n_da_ocorrencia;tipo_de_ocorrencia;km;trecho;sentido;tipo_de_acidente;automovel;bicicleta;caminhao;moto;onibus;outros;tracao_animal;transporte_de_cargas_especiais;trator_maquinas;utilitarios;ilesos;levemente_feridos;moderadamente_feridos;gravemente_feridos;mortos
03/08/2016;13:04:00;192;Acidente com Vítima;1,8;BR-040/GO;Sul;Colisão traseira;1;0;0;1;0;0;0;0;0;0;1;2;0;0;0
03/08/2016;07:48:00;95;Acidente com Vítima;532,5;BR-040/MG;Sul;Outros;0;0;0;1;0;0;0;0;0;0;0;0;2;0;0
03/08/2016;07:33:00;76;Acidente sem Vítima;2,6;BR-040/DF;Sul;Colisão traseira;1;0;0;1;0;0;0;0;0;0;2;0;0;0;0
04/08/2016;22:13:00;358;Acidente sem Vítima;371,6;BR-040/MG;Sul;Choque com objeto fixo;1;0;0;0;0;0;0;0;0;0;4;0;0;0;0
04/08/2016;20:30:00;333;Acidente com Vítima;728,3;BR-040/MG;Sul;Outros;0;0;0;0;0;0;0;0;0;1;2;1;0;0;0
04/08/2016;20:12:00;330;Acidente com Vítima;529,1;BR-040/MG;Norte;Outros;1;0;0;2;0;0;0;0;0;0;2;1;0;0;0
04/08/2016;17:50:00;279;Acidente sem Vítima;526,15;BR-040/MG;Sul;Abalroamento longitudinal;1;0;1;0;0;0;0;0;0;0;3;0;0;0;0
04/08/2016;17:03:00;274;Acidente com Vítima;541,55;BR-040/MG;Norte;Outros;0;0;0;1;0;0;0;0;0;0;0;1;0;0;0
04/08/2016;16:34:00;268;Acidente com Vítima;541,55;BR-040/MG;Norte;Outros;0;0;0;1;0;0;0;0;0;0;0;1;0;0;0
04/08/2016;12:12:00;194;Acidente sem Vítima;533,01;BR-040/MG;Sul;Colisão traseira;1;0;0;0;0;0;0;0;0;1;2;0;0;0;0
04/08/2016;10:15:00;154;Acidente com Vítima;5,1;BR-040/GO;Norte;Outros;0;0;0;1;0;0;0;0;0;0;1;1;0;0;0
04/08/2016;10:02:00;149;Acidente sem Vítima;6,85;BR-040/GO;Sul;Colisão traseira;2;0;0;0;0;0;0;0;0;0;2;0;0;0;0
04/08/2016;09:34:00;142;Acidente sem Vítima;115,1;BR-040/GO;Sul;Capotamento;2;0;0;0;0;0;0;0;0;0;4;0;0;0;0
04/08/2016;09:33:00;141;Acidente sem Vítima;730,584;BR-040/MG;Norte;Choque em barreira New Jersey;1;0;0;0;0;0;0;0;0;0;4;0;0;0;0
04/08/2016;08:43:00;121;Acidente sem Vítima;565,08;BR-040/MG;Norte;Colisão traseira;3;0;1;0;0;0;0;0;0;0;4;0;0;0;0
04/08/2016;07:20:00;53;Acidente com Vítima;10,1;BR-040/GO;Norte;Colisão traseira;1;0;0;1;0;0;0;0;0;0;1;1;0;0;0
04/08/2016;06:27:00;24;Acidente sem Vítima;737,115;BR-040/MG;Sul;Choque em defensa;1;0;0;0;0;0;0;0;0;0;1;0;0;0;0
04/08/2016;04:32:00;15;Acidente com Vítima;4,05;BR-040/DF;Sul;Choque com objeto fixo;1;0;0;0;0;0;0;0;0;0;0;0;1;0;0
05/08/2016;23:44:00;428;Acidente com Vítima;467,63;BR-040/MG;Sul;Queda de Carga;1;0;0;0;0;1;0;0;0;0;1;0;1;0;0
05/08/2016;23:30:00;427;Acidente sem Vítima;112,8;BR-040/MG;Sul;Choque com objeto fixo;0;0;0;0;1;0;0;0;0;0;1;0;0;0;0
05/08/2016;21:25:00;399;Acidente sem Vítima;727,2;BR-040/MG;Sul;Choque com objeto fixo;1;0;0;0;0;0;0;0;0;0;1;0;0;0;0
05/08/2016;21:04:00;391;Acidente com Vítima;510,432;BR-040/MG;Norte;Colisão traseira;1;0;0;1;0;0;0;0;0;0;2;1;0;0;0
05/08/2016;20:38:00;382;Acidente sem Vítima;509,473;BR-040/MG;Norte;Colisão traseira;2;0;1;1;0;0;0;0;0;0;4;0;0;0;0
05/08/2016;18:41:00;328;Acidente com Vítima;5,2;BR-040/GO;Sul;Abalroamento longitudinal;1;0;0;1;0;0;0;0;0;0;1;0;1;0;0
05/08/2016;18:36:00;326;Acidente com Vítima;714,1;BR-040/MG;Norte;Abalroamento transversal;2;0;0;0;0;0;0;0;0;0;8;3;1;0;0
05/08/2016;17:02:00;287;Acidente sem Vítima;1,9;BR-040/GO;Sul;Colisão traseira;2;0;0;0;0;0;0;0;0;0;4;0;0;0;0
05/08/2016;14:59:00;237;Acidente com Vítima;588;BR-040/MG;Norte;Colisão traseira;0;0;1;1;0;0;0;0;0;0;2;1;0;0;0
05/08/2016;13:29:00;203;Acidente sem Vítima;718;BR-040/MG;Sul;Capotamento;1;0;0;0;0;0;0;0;0;0;1;0;0;0;0
05/08/2016;12:37:00;188;Atropelamento sem Morte;98,8;BR-040/GO;Norte;Atropelamento de pedestre atravessando;1;0;0;0;0;0;0;0;0;0;4;0;0;1;0
05/08/2016;12:28:00;186;Acidente sem Vítima;43,8;BR-040/GO;Norte;Abalroamento longitudinal;1;0;1;0;0;0;0;0;0;0;4;0;0;0;0
05/08/2016;04:35:00;24;Atropelamento com Morte;13,7;BR-040/GO;Sul;Atropelamento de pedestre atravessando;0;0;0;1;0;0;0;0;0;0;0;1;0;1;1
06/08/2016;23:04:00;345;Acidente com Vítima;556,2;BR-040/MG;Sul;Colisão traseira;2;0;0;0;0;0;0;0;0;0;1;2;0;1;0
06/08/2016;20:43:00;310;Acidente sem Vítima;7;BR-040/GO;Sul;Capotamento;1;0;0;0;0;0;0;0;0;0;2;0;0;0;0
06/08/2016;20:18:00;303;Acidente com Vítima;142,7;BR-040/MG;Norte;Choque com objeto fixo;1;0;0;0;0;0;0;0;0;0;0;0;1;0;0
06/08/2016;20:07:00;300;Acidente sem Vítima;4,5;BR-040/GO;Sul;Colisão traseira;2;0;0;0;0;0;0;0;0;0;7;0;0;0;0
06/08/2016;19:28:00;291;Acidente com Vítima;280,8;BR-040/MG;Sul;Capotamento;1;0;0;0;0;0;0;0;0;0;1;0;1;0;0
06/08/2016;17:01:00;245;Acidente com Vítima;9,3;BR-040/GO;Sul;Choque com objeto fixo;1;0;0;0;0;0;0;0;0;0;0;1;1;0;0
06/08/2016;11:59:00;166;Acidente sem Vítima;1,207;BR-040/GO;Sul;Colisão traseira;2;0;0;0;0;0;0;0;0;0;5;0;0;0;0
06/08/2016;11:24:00;152;Acidente sem Vítima;1,5;BR-040/GO;Sul;Colisão traseira;2;0;0;0;0;0;0;0;0;0;7;0;0;0;0
06/08/2016;10:58:00;146;Acidente com Vítima;633,5;BR-040/MG;Norte;Abalroamento longitudinal;2;0;0;0;0;0;0;0;0;0;1;1;0;0;0
06/08/2016;09:50:00;127;Acidente com Vítima;135,2;BR-040/MG;Sul;Outros;0;0;0;1;0;0;0;0;0;0;0;2;0;0;0
06/08/2016;06:35:00;57;Acidente sem Vítima;4,2;BR-040/GO;Sul;Choque com objeto fixo;1;0;0;0;0;0;0;0;0;0;2;0;0;0;0
06/08/2016;06:02:00;51;Acidente sem Vítima;528,15;BR-040/MG;Sul;Abalroamento longitudinal;2;0;0;0;0;0;0;0;0;0;2;0;0;0;0
06/08/2016;05:51:00;49;Acidente sem Vítima;2,4;BR-040/GO;Norte;Colisão traseira;2;0;0;0;0;0;0;0;0;0;4;0;0;0;0
06/08/2016;04:34:00;41;Acidente com Vítima;42,8;BR-040/MG;Sul;Capotamento;1;0;0;0;0;0;0;0;0;0;4;1;0;0;0
06/08/2016;04:33:00;40;Acidente sem Vítima;5,4;BR-040/GO;Sul;Outros;0;0;0;1;0;0;0;0;0;0;1;0;0;0;0
07/08/2016;23:06:00;305;Acidente sem Vítima;44,049;BR-040/MG;Sul;Abalroamento longitudinal;2;0;0;0;0;0;0;0;0;0;3;0;0;0;0
07/08/2016;20:38:00;276;Acidente com Vítima;44,5;BR-040/MG;Sul;Abalroamento longitudinal;2;0;0;0;0;0;0;0;0;0;1;2;0;0;0
07/08/2016;20:20:00;271;Acidente sem Vítima;515,2;BR-040/MG;Norte;Colisão traseira;2;0;0;0;0;0;0;0;0;0;2;0;0;0;0
07/08/2016;20:05:00;266;Acidente sem Vítima;35,5;BR-040/GO;Norte;Atropelamento de animal;1;0;0;0;0;0;0;0;0;0;3;0;0;0;0
07/08/2016;19:44:00;255;Acidente com Vítima;5,5;BR-040/DF;Norte;Colisão traseira;0;0;0;1;0;2;0;0;0;0;2;1;0;0;0
07/08/2016;19:08:00;236;Acidente sem Vítima;487,2;BR-040/MG;Sul;Abalroamento longitudinal;1;0;0;0;0;0;0;0;0;1;7;0;0;0;0
07/08/2016;19:05:00;233;Acidente sem Vítima;117,32;BR-040/MG;Sul;Atropelamento de animal;1;0;0;0;0;0;0;0;0;0;4;0;0;0;0
07/08/2016;19:03:00;231;Acidente sem Vítima;510,8;BR-040/MG;Sul;Colisão traseira;2;0;0;0;0;0;0;0;0;0;2;0;0;0;0
07/08/2016;18:40:00;221;Atropelamento sem Morte;700,1;BR-040/MG;Sul;Atropelamento de pedestre atravessando;1;0;0;0;0;0;0;0;0;0;1;1;0;1;0
07/08/2016;18:36:00;220;Atropelamento com Morte;540,65;BR-040/MG;Sul;Atropelamento de pedestre atravessando;1;0;0;0;0;0;0;0;0;0;1;0;0;0;1
07/08/2016;18:28:00;214;Acidente sem Vítima;650,1;BR-040/MG;Norte;Abalroamento longitudinal;1;0;1;0;0;0;0;0;0;0;6;0;0;0;0
07/08/2016;18:24:00;212;Acidente com Vítima;2,5;BR-040/GO;Sul;Abalroamento longitudinal;1;0;0;1;0;0;0;0;0;0;1;0;0;0;0
07/08/2016;17:31:00;188;Acidente sem Vítima;516,1;BR-040/MG;Norte;Outros;2;0;0;0;0;0;0;0;0;0;2;0;0;0;0
07/08/2016;17:20:00;184;Acidente com Vítima;342,2;BR-040/MG;Sul;Choque com objeto fixo;1;0;0;0;0;0;0;0;0;0;0;0;1;0;0
07/08/2016;17:17:00;182;Atropelamento com Morte;10,4;BR-040/GO;Norte;Atropelamento de ciclista;1;1;0;0;0;0;0;0;0;0;2;0;0;0;1
07/08/2016;17:05:00;176;Acidente sem Vítima;6,4;BR-040/GO;Sul;Colisão traseira;2;0;0;0;0;0;0;0;0;0;3;0;0;0;0
07/08/2016;16:49:00;169;Acidente sem Vítima;109,7;BR-040/GO;Norte;Capotamento;1;0;0;0;0;0;0;0;0;0;2;0;0;0;0
07/08/2016;16:41:00;165;Acidente sem Vítima;5,7;BR-040/GO;Norte;Colisão traseira;4;0;0;0;0;0;0;0;0;0;6;0;0;0;0
07/08/2016;11:30:00;90;Acidente com Vítima;491,001;BR-040/MG;Norte;Outros;0;0;0;1;0;0;0;0;0;0;0;1;0;0;0
07/08/2016;11:16:00;86;Acidente sem Vítima;575,7;BR-040/MG;Sul;Colisão traseira;2;0;0;0;0;0;0;0;0;0;2;0;0;0;0
07/08/2016;09:34:00;66;Acidente com Vítima;209,45;BR-040/MG;Sul;Outros;0;0;0;1;0;0;0;0;0;0;0;0;1;0;0
07/08/2016;08:00:00;41;Acidente com Vítima;618,8;BR-040/MG;Norte;Queda de Carga;1;0;0;0;0;0;0;0;0;0;0;1;0;0;0
07/08/2016;06:59:00;30;Acidente com Vítima;458,1;BR-040/MG;Sul;Capotamento;1;0;0;0;0;0;0;0;0;0;1;0;1;0;0
07/08/2016;05:16:00;17;Acidente sem Vítima;509,1;BR-040/MG;Sul;Capotamento;1;0;0;0;0;0;0;0;0;0;1;0;0;0;0
07/08/2016;00:40:00;2;Acidente com Vítima;541,819;BR-040/MG;Sul;Capotamento;1;0;0;0;0;0;0;0;0;0;0;0;1;0;0
08/08/2016;23:17:00;341;Acidente sem Vítima;1,1;BR-040/GO;Norte;Abalroamento transversal;2;0;0;0;0;0;0;0;0;0;4;0;0;0;0
08/08/2016;19:34:00;294;Acidente sem Vítima;724,5;BR-040/MG;Norte;Choque com objeto fixo;2;0;0;0;0;0;0;0;0;0;2;0;0;0;0
08/08/2016;19:00:00;282;Acidente sem Vítima;19,2;BR-040/GO;Norte;Abalroamento longitudinal;2;0;0;0;0;0;0;0;0;0;3;0;0;0;0
08/08/2016;17:00:00;252;Acidente sem Vítima;537,1;BR-040/MG;Norte;Colisão traseira;3;0;0;0;0;0;0;0;0;0;3;0;0;0;0
08/08/2016;16:27:00;242;Acidente sem Vítima;536,7;BR-040/MG;Sul;Colisão traseira;1;0;1;0;1;0;0;0;0;0;5;0;0;0;0
08/08/2016;15:49:00;229;Acidente com Vítima;12,01;BR-040/GO;Sul;Abalroamento longitudinal;1;0;0;1;0;0;0;0;0;0;2;1;0;0;0
08/08/2016;15:43:00;228;Acidente sem Vítima;536,1;BR-040/MG;Sul;Colisão traseira;1;0;2;0;0;0;0;0;0;0;3;0;0;0;0
08/08/2016;12:30:00;180;Acidente sem Vítima;530,5;BR-040/MG;Sul;Colisão traseira;2;0;0;0;0;0;0;0;0;0;2;0;0;0;0
08/08/2016;11:27:00;164;Acidente sem Vítima;2,1;BR-040/GO;Sul;Abalroamento longitudinal;2;0;0;0;0;0;0;0;0;0;2;0;0;0;0
08/08/2016;11:13:00;159;Acidente sem Vítima;2,1;BR-040/GO;Sul;Choque em defensa;0;0;1;0;0;0;0;0;0;0;1;0;0;0;0
08/08/2016;10:46:00;151;Acidente sem Vítima;575,01;BR-040/MG;Norte;Colisão traseira;2;0;0;0;0;0;0;0;0;0;2;0;0;0;0
08/08/2016;07:28:00;93;Acidente sem Vítima;476,1;BR-040/MG;Sul;Abalroamento longitudinal;1;0;1;0;0;0;0;0;0;0;2;0;0;0;0
08/08/2016;06:59:00;52;Acidente com Vítima;41,5;BR-040/MG;Norte;Colisão traseira;1;0;0;1;0;0;0;0;0;0;2;1;0;0;0
08/08/2016;06:46:00;39;Acidente com Vítima;688,15;BR-040/MG;Sul;Capotamento;1;0;0;0;0;0;0;0;0;0;0;0;3;0;0
08/08/2016;02:31:00;23;Acidente sem Vítima;11,5;BR-040/GO;Norte;Abalroamento longitudinal;0;0;0;1;0;1;0;0;0;0;3;0;0;0;0
09/08/2016;20:08:00;359;Acidente com Vítima;7,567;BR-040/GO;Norte;Colisão traseira;2;0;0;0;0;0;0;0;0;0;2;1;0;0;0
09/08/2016;19:37:00;350;Acidente com Vítima;530,55;BR-040/MG;Norte;Colisão traseira;1;0;0;1;0;0;0;0;0;0;2;1;0;0;0
09/08/2016;18:53:00;338;Acidente sem Vítima;76,01;BR-040/MG;Sul;Outros;1;0;0;0;0;0;0;0;0;0;2;0;0;0;0
09/08/2016;16:13:00;277;Acidente sem Vítima;1,5;BR-040/GO;Sul;Colisão traseira;4;0;0;0;0;0;0;0;0;0;7;0;0;0;0
09/08/2016;10:35:00;151;Acidente sem Vítima;525,5;BR-040/MG;Norte;Colisão traseira;2;0;0;0;0;0;0;0;0;0;2;0;0;0;0
09/08/2016;09:17:00;122;Acidente com Vítima;7,6;BR-040/DF;Norte;Outros;0;0;0;1;0;0;0;0;0;0;0;1;0;0;0
09/08/2016;08:32:00;105;Acidente sem Vítima;3,2;BR-040/MG;Norte;Colisão traseira;0;0;0;2;0;0;0;0;0;0;2;0;0;0;0
09/08/2016;07:40:00;73;Acidente com Vítima;5,5;BR-040/DF;Norte;Colisão traseira;1;0;0;1;0;0;0;0;0;0;1;1;0;0;0
09/08/2016;07:23:00;50;Acidente com Vítima;18,7;BR-040/GO;Norte;Abalroamento longitudinal;1;0;0;1;0;0;0;0;0;0;1;1;0;0;0
09/08/2016;06:11:00;19;Acidente com Vítima;522,15;BR-040/MG;Sul;Outros;0;0;0;1;0;0;0;0;0;0;1;1;0;0;0
09/08/2016;01:33:00;8;Acidente sem Vítima;672,15;BR-040/MG;Sul;Capotamento;1;0;0;0;0;0;0;0;0;0;1;0;0;0;0
10/08/2016;22:48:00;401;Acidente com Vítima;5,001;BR-040/GO;Sul;Colisão traseira;3;0;0;0;0;0;0;0;0;0;2;1;1;0;0
10/08/2016;19:27:00;367;Acidente com Vítima;520,6;BR-040/MG;Sul;Colisão traseira;1;0;1;0;0;0;0;0;0;0;1;0;1;0;0
10/08/2016;16:42:00;311;Acidente sem Vítima;640,4;BR-040/MG;Norte;Colisão traseira;1;0;1;0;0;0;0;0;0;0;2;0;0;0;0
10/08/2016;15:50:00;292;Acidente sem Vítima;475,567;BR-040/MG;Norte;Colisão traseira;0;0;2;0;0;0;0;0;0;0;2;0;0;0;0
10/08/2016;14:56:00;271;Acidente sem Vítima;7,6;BR-040/DF;Norte;Abalroamento longitudinal;1;0;1;0;0;0;0;0;0;0;3;0;0;0;0
10/08/2016;07:57:00;108;Atropelamento sem Morte;10,9;BR-040/GO;Sul;Atropelamento de ciclista;0;1;1;0;0;0;0;0;0;0;1;0;1;0;0
10/08/2016;07:29:00;80;Acidente com Vítima;42;BR-040/MG;Norte;Abalroamento longitudinal;1;0;0;1;0;0;0;0;0;0;2;1;0;0;0
10/08/2016;00:05:00;1;Acidente sem Vítima;482,8;BR-040/MG;Sul;Capotamento;1;0;0;0;0;0;0;0;0;0;1;0;0;0;0
11/08/2016;22:59:00;315;Acidente sem Vítima;499,2;BR-040/MG;Sul;Choque com objeto fixo;1;0;0;0;0;1;0;0;0;0;2;0;0;0;0
11/08/2016;22:53:00;313;Acidente sem Vítima;603,04;BR-040/MG;Norte;Abalroamento longitudinal;0;0;2;0;0;0;0;0;0;0;2;0;0;0;0
11/08/2016;22:52:00;314;Acidente com Vítima;53,5;BR-040/GO;Norte;Choque com objeto fixo;1;0;0;0;0;0;0;0;0;0;1;1;0;0;0
11/08/2016;19:42:00;272;Atropelamento sem Morte;737,5;BR-040/MG;Norte;Atropelamento de pedestre atravessando;1;0;0;0;0;0;0;0;0;0;3;1;0;0;0
11/08/2016;19:18:00;265;Acidente sem Vítima;536,561;BR-040/MG;Norte;Colisão traseira;2;0;0;0;0;0;0;0;0;0;2;0;0;0;0
11/08/2016;19:01:00;258;Acidente com Vítima;0,5;BR-040/GO;Sul;Outros;1;0;0;1;0;0;0;0;0;0;1;0;1;0;0
11/08/2016;18:44:00;247;Acidente com Vítima;2,8;BR-040/GO;Sul;Abalroamento longitudinal;1;0;0;1;0;0;0;0;0;0;3;1;0;0;0
11/08/2016;18:37:00;243;Acidente com Vítima;288,7;BR-040/MG;Norte;Abalroamento longitudinal;1;0;0;1;0;0;0;0;0;0;1;1;0;0;0
11/08/2016;17:50:00;230;Acidente com Vítima;6,22;BR-040/GO;Sul;Colisão traseira;1;0;1;0;0;0;0;0;0;0;3;1;1;0;0
11/08/2016;17:15:00;225;Atropelamento sem Morte;1,1;BR-040/GO;Sul;Atropelamento de pedestre atravessando;1;0;0;0;0;0;0;0;0;0;1;1;0;0;0
11/08/2016;16:27:00;216;Acidente com Vítima;535,5;BR-040/MG;Norte;Colisão traseira;1;0;0;1;0;0;0;0;0;0;1;1;0;0;0
11/08/2016;13:15:00;184;Acidente com Vítima;533,844;BR-040/MG;Norte;Outros;0;0;0;1;0;0;0;0;0;0;0;1;0;0;0
11/08/2016;08:30:00;118;Acidente sem Vítima;1,6;BR-040/GO;Sul;Colisão traseira;2;0;0;0;0;0;0;0;0;0;2;0;0;0;0
11/08/2016;07:51:00;99;Acidente com Vítima;4,1;BR-040/GO;Norte;Colisão traseira;2;0;0;0;0;0;0;0;0;0;2;1;0;0;0
11/08/2016;07:34:00;86;Acidente com Vítima;632,1;BR-040/MG;Norte;Abalroamento transversal;1;0;0;1;0;0;0;0;0;0;1;0;0;0;0
11/08/2016;07:32:00;81;Acidente sem Vítima;533,764;BR-040/MG;Sul;Colisão traseira;3;0;0;0;0;0;0;0;0;0;3;0;0;0;0
11/08/2016;00:02:00;1;Acidente com Vítima;9,153;BR-040/GO;Sul;Choque com objeto fixo;1;0;0;0;0;0;0;0;0;0;1;1;0;0;0
12/08/2016;21:54:00;380;Acidente com Vítima;17,9;BR-040/GO;Norte;Colisão traseira;2;0;0;0;0;0;0;0;0;0;1;1;0;0;0
12/08/2016;21:33:00;374;Acidente sem Vítima;510,5;BR-040/MG;Norte;Queda de Carga;1;0;0;0;0;1;0;0;0;0;4;0;0;0;0
12/08/2016;20:54:00;365;Acidente com Vítima;277,3;BR-040/MG;Norte;Colisão traseira;2;0;0;0;0;0;0;0;0;0;2;0;1;0;0
12/08/2016;20:38:00;359;Acidente sem Vítima;533,9;BR-040/MG;Norte;Colisão traseira;3;0;0;0;0;0;0;0;0;0;3;0;0;0;0
12/08/2016;19:22:00;332;Acidente sem Vítima;29,03;BR-040/GO;Norte;Choque com objeto fixo;1;0;0;0;0;0;0;0;0;0;1;0;0;0;0
12/08/2016;18:35:00;312;Acidente sem Vítima;129,4;BR-040/GO;Sul;Outros;0;0;0;1;0;0;0;0;0;0;1;0;0;0;0
12/08/2016;17:46:00;279;Atropelamento sem Morte;7,4;BR-040/GO;Norte;Atropelamento de pedestre atravessando;0;0;0;1;0;0;0;0;0;0;2;1;0;0;0
12/08/2016;17:26:00;270;Acidente sem Vítima;545,932;BR-040/MG;Norte;Abalroamento longitudinal;1;0;0;0;1;0;0;0;0;0;45;0;0;0;0
12/08/2016;17:09:00;265;Acidente sem Vítima;1,24;BR-040/GO;Sul;Colisão traseira;3;0;0;0;0;0;0;0;0;0;3;0;0;0;0
12/08/2016;16:05:00;236;Acidente com Vítima;738,1;BR-040/MG;Norte;Abalroamento longitudinal;0;0;1;1;0;0;0;0;0;0;1;0;1;0;0
12/08/2016;13:50:00;196;Acidente sem Vítima;519,5;BR-040/MG;Norte;Colisão traseira;2;0;0;0;0;0;0;0;0;0;2;0;0;0;0
12/08/2016;12:48:00;180;Acidente sem Vítima;511,25;BR-040/MG;Norte;Abalroamento longitudinal;1;0;1;0;0;0;0;0;0;0;2;0;0;0;0
12/08/2016;12:33:00;176;Acidente com Vítima;511,15;BR-040/MG;Norte;Colisão traseira;2;0;0;1;0;0;0;0;0;0;2;1;0;0;0
12/08/2016;10:40:00;150;Acidente sem Vítima;445,5;BR-040/MG;Norte;Choque em defensa;1;0;0;0;0;0;0;0;0;0;4;0;0;0;0
12/08/2016;08:20:00;108;Acidente sem Vítima;692,1;BR-040/MG;Sul;Colisão traseira;2;0;0;0;0;0;0;0;0;0;2;0;0;0;0
12/08/2016;08:01:00;98;Atropelamento sem Morte;4,1;BR-040/GO;Sul;Atropelamento de ciclista;0;1;0;1;0;0;0;0;0;0;2;1;0;0;0
12/08/2016;07:56:00;95;Acidente sem Vítima;8,2;BR-040/GO;Norte;Choque com objeto fixo;1;0;0;0;0;0;0;0;0;0;2;0;0;0;0
12/08/2016;07:46:00;79;Acidente com Vítima;527,44;BR-040/MG;Norte;Outros;0;0;0;1;0;0;0;0;0;0;0;1;0;0;0
12/08/2016;06:10:00;28;Acidente sem Vítima;579,1;BR-040/MG;Sul;Choque em barreira New Jersey;1;0;0;0;0;0;0;0;0;0;1;0;0;0;0
12/08/2016;04:01:00;21;Acidente sem Vítima;17,5;BR-040/MG;Norte;Atropelamento de animal;1;0;0;0;0;0;0;0;0;0;3;0;0;0;0
12/08/2016;01:50:00;9;Acidente com Vítima;5,8;BR-040/GO;Sul;Abalroamento longitudinal;1;0;0;1;0;0;0;0;0;0;2;1;0;0;0
12/08/2016;01:18:00;5;Acidente sem Vítima;2,8;BR-040/GO;Norte;Choque com objeto fixo;2;0;0;0;0;0;0;0;0;0;3;0;0;0;0
13/08/2016;23:16:00;331;Acidente com Vítima;3;BR-040/DF;Sul;Choque com objeto fixo;1;0;0;0;1;0;0;0;0;0;17;0;0;0;0
13/08/2016;23:10:00;328;Atropelamento sem Morte;1,21;BR-040/GO;Sul;Atropelamento de ciclista;1;1;0;0;0;0;0;0;0;0;1;0;0;1;0
13/08/2016;19:35:00;274;Acidente com Vítima;5;BR-040/GO;Sul;Choque com objeto fixo;1;0;0;0;0;0;0;0;0;0;1;1;0;0;0
13/08/2016;18:10:00;248;Acidente sem Vítima;273,013;BR-040/MG;Sul;Choque com objeto fixo;0;0;1;0;0;0;0;0;0;0;1;0;0;0;0
13/08/2016;17:39:00;235;Acidente com Vítima;130;BR-040/MG;Norte;Outros;0;0;0;1;0;0;0;0;0;0;0;0;1;0;0
13/08/2016;17:05:00;229;Acidente sem Vítima;511;BR-040/MG;Norte;Colisão traseira;2;0;0;0;0;0;0;0;0;0;4;0;0;0;0
13/08/2016;16:38:00;216;Acidente com Vítima;6,001;BR-040/DF;Norte;Abalroamento longitudinal;3;0;0;0;0;0;0;0;0;0;2;0;4;0;0
13/08/2016;16:33:00;214;Acidente sem Vítima;543;BR-040/MG;Sul;Colisão traseira;3;0;0;0;0;0;0;0;0;0;3;0;0;0;0
13/08/2016;16:30:00;213;Acidente com Vítima;2,5;BR-040/GO;Norte;Abalroamento transversal;0;0;0;2;0;0;0;0;0;0;4;1;0;0;0
13/08/2016;16:26:00;211;Acidente sem Vítima;3,8;BR-040/GO;Norte;Abalroamento longitudinal;1;0;0;1;0;0;0;0;0;0;2;0;0;0;0
13/08/2016;15:52:00;205;Acidente sem Vítima;549,1;BR-040/MG;Sul;Outros;0;0;0;1;0;0;0;0;0;0;1;0;0;0;0
13/08/2016;14:56:00;185;Acidente com Vítima;510,15;BR-040/MG;Norte;Colisão traseira;2;0;0;0;0;0;0;0;0;0;2;1;0;0;0
13/08/2016;14:11:00;171;Acidente com Vítima;27,001;BR-040/GO;Norte;Outros;1;0;1;0;0;0;0;0;0;0;1;0;0;0;0
13/08/2016;12:56:00;149;Acidente sem Vítima;17,1;BR-040/MG;Norte;Choque em barreira New Jersey;1;0;0;0;0;0;0;0;0;0;1;0;0;0;0
13/08/2016;12:40:00;145;Acidente com Vítima;56,1;BR-040/GO;Norte;Capotamento;1;0;0;0;0;0;0;0;0;0;0;2;2;0;0
13/08/2016;12:39:00;144;Acidente sem Vítima;6,8;BR-040/GO;Norte;Outros;1;0;0;0;0;0;0;0;0;0;1;0;0;0;0
13/08/2016;12:31:00;141;Acidente sem Vítima;522;BR-040/MG;Norte;Outros;0;0;0;1;0;0;0;0;0;0;2;0;0;0;0
13/08/2016;11:56:00;132;Acidente com Vítima;10,8;BR-040/GO;Sul;Outros;1;0;0;0;0;0;0;0;0;0;3;2;0;0;0
13/08/2016;10:31:00;108;Acidente com Vítima;765,2;BR-040/MG;Norte;Capotamento;1;0;0;0;0;0;0;0;0;0;1;1;1;0;0
13/08/2016;07:08:00;36;Acidente sem Vítima;12,8;BR-040/GO;Sul;Colisão traseira;1;0;0;0;1;0;0;0;0;0;4;0;0;0;0
13/08/2016;07:05:00;35;Acidente sem Vítima;2;BR-040/DF;Norte;Choque em defensa;1;0;0;0;0;0;0;0;0;0;1;0;0;0;0
13/08/2016;06:48:00;25;Acidente sem Vítima;511;BR-040/MG;Sul;Abalroamento longitudinal;2;0;0;0;0;0;0;0;0;0;2;0;0;0;0
13/08/2016;04:16:00;13;Acidente sem Vítima;5,3;BR-040/DF;Sul;Capotamento;1;0;0;0;0;0;0;0;0;0;1;0;0;0;0
14/08/2016;20:40:00;298;Acidente com Vítima;276,8;BR-040/MG;Norte;Abalroamento longitudinal;0;0;0;2;0;0;0;0;0;0;0;2;0;0;0
14/08/2016;20:06:00;289;Acidente sem Vítima;7,553;BR-040/GO;Norte;Abalroamento longitudinal;2;0;0;0;0;0;0;0;0;0;3;0;0;0;0
14/08/2016;19:44:00;283;Acidente com Vítima;533,5;BR-040/MG;Sul;Outros;1;0;0;1;0;0;0;0;0;0;1;0;0;0;0
14/08/2016;19:24:00;274;Acidente sem Vítima;1,4;BR-040/GO;Sul;Colisão traseira;3;0;0;0;0;0;0;0;0;0;3;0;0;0;0
14/08/2016;18:32:00;240;Acidente com Vítima;511,157;BR-040/MG;Sul;Colisão traseira;0;0;0;1;0;1;0;0;0;0;1;1;1;0;0