data;horario;n_da_ocorrencia;tipo_de_ocorrencia;km;trecho;sentido;tipo_de_acidente;automovel;bicicleta;caminhao;moto;onibus;outros;tracao_animal;transporte_de_cargas_especiais;trator_maquinas;utilitarios;ilesos;levemente_feridos;moderadamente_feridos;gravemente_feridos;mortos
03/09/2016;18:11:00;270;Acidente sem Vítima;53,1;BR-040/GO;Sul;Colisão frontal;2;0;0;0;0;0;0;0;0;0;5;0;0;0;0
03/09/2016;17:03:00;250;Acidente sem Vítima;474,08;BR-040/MG;Norte;Capotamento;1;0;0;0;0;0;0;0;0;0;1;0;0;0;0
03/09/2016;16:26:00;242;Acidente sem Vítima;633;BR-040/MG;Norte;Abalroamento transversal;1;0;1;0;0;0;0;0;0;0;4;0;0;0;0
03/09/2016;12:47:00;189;Acidente sem Vítima;615,9;BR-040/MG;Sul;Choque com objeto fixo;1;0;0;0;0;0;0;0;0;0;1;0;0;0;0
03/09/2016;10:52:00;153;Acidente sem Vítima;510;BR-040/MG;Norte;Colisão traseira;4;0;0;0;0;0;0;0;0;0;8;0;0;0;0
03/09/2016;10:30:00;148;Acidente sem Vítima;1,8;BR-040/GO;Sul;Colisão traseira;3;0;0;0;0;0;0;0;0;0;4;0;0;0;0
03/09/2016;07:17:00;84;Acidente sem Vítima;535,001;BR-040/MG;Norte;Outros;1;0;0;0;0;0;0;0;0;0;1;0;0;0;0
03/09/2016;04:28:00;37;Atropelamento sem Morte;6,7;BR-040/GO;Sul;Atropelamento de pedestre caminhando;0;0;0;1;0;0;0;0;0;0;0;1;1;0;0
03/09/2016;02:58:00;22;Acidente com Vítima;638,5;BR-040/MG;Norte;Choque com objeto fixo;1;0;0;0;0;0;0;0;0;0;1;1;0;0;0
04/09/2016;21:38:00;295;Acidente sem Vítima;533,2;BR-040/MG;Norte;Colisão traseira;2;0;0;0;0;0;0;0;0;0;4;0;0;0;0
04/09/2016;20:07:00;273;Acidente com Vítima;281,404;BR-040/MG;Sul;Abalroamento longitudinal;1;0;1;1;0;0;0;0;0;0;1;2;1;0;0
04/09/2016;17:56:00;213;Acidente sem Vítima;6,6;BR-040/GO;Norte;Colisão traseira;4;0;0;0;0;0;0;0;0;0;17;0;0;0;0
04/09/2016;17:35:00;202;Acidente sem Vítima;511,15;BR-040/MG;Sul;Colisão traseira;2;0;0;0;0;0;0;0;0;0;2;0;0;0;0
04/09/2016;17:23:00;199;Acidente com Vítima;510,26;BR-040/MG;Sul;Colisão traseira;3;0;1;1;0;0;0;0;0;0;13;1;0;0;0
04/09/2016;16:50:00;182;Acidente sem Vítima;4,3;BR-040/GO;Norte;Colisão traseira;3;0;0;0;0;0;0;0;0;0;3;0;0;0;0
04/09/2016;14:12:00;140;Acidente com Vítima;520,08;BR-040/MG;Norte;Capotamento;1;0;0;0;0;0;0;0;0;0;0;0;4;1;0
04/09/2016;12:38:00;122;Acidente sem Vítima;590,2;BR-040/MG;Norte;Choque em barreira New Jersey;1;0;0;0;0;0;0;0;0;0;2;0;0;0;0
04/09/2016;07:58:00;65;Acidente sem Vítima;5,9;BR-040/GO;Sul;Capotamento;1;0;0;0;1;0;0;0;0;0;2;0;0;0;0
04/09/2016;06:53:00;50;Acidente com Vítima;4,8;BR-040/DF;Sul;Outros;0;0;0;1;0;0;0;0;0;0;0;1;0;0;0
04/09/2016;06:34:00;45;Acidente sem Vítima;709,9;BR-040/MG;Sul;Capotamento;1;0;0;0;0;0;0;0;0;0;1;0;0;0;0
04/09/2016;03:56:00;29;Acidente sem Vítima;712,356;BR-040/MG;Norte;Choque em barreira New Jersey;1;0;0;0;0;0;0;0;0;0;6;0;0;0;0
04/09/2016;02:12:00;19;Acidente sem Vítima;503,8;BR-040/MG;Norte;Colisão traseira;2;0;0;0;0;0;0;0;0;0;2;0;0;0;0
04/09/2016;01:50:00;17;Acidente com Vítima;518,794;BR-040/MG;Norte;Colisão traseira;1;0;0;1;0;0;0;0;0;0;1;1;0;0;0
05/09/2016;23:32:00;385;Acidente sem Vítima;658,9;BR-040/MG;Sul;Outros;0;0;2;0;0;0;0;0;0;0;2;0;0;0;0
05/09/2016;22:56:00;382;Acidente sem Vítima;4,5;BR-040/GO;Norte;Abalroamento transversal;2;0;0;0;0;0;0;0;0;0;8;0;0;0;0
05/09/2016;18:11:00;308;Acidente sem Vítima;525,6;BR-040/MG;Sul;Abalroamento transversal;1;0;1;0;0;0;0;0;0;0;3;0;0;0;0
05/09/2016;17:29:00;298;Acidente sem Vítima;536,12;BR-040/MG;Sul;Abalroamento longitudinal;1;0;0;1;0;0;0;0;0;0;2;0;0;0;0
05/09/2016;17:26:00;297;Acidente sem Vítima;513,15;BR-040/MG;Sul;Colisão traseira;3;0;0;0;0;0;0;0;0;0;3;0;0;0;0
05/09/2016;17:25:00;296;Acidente sem Vítima;40,1;BR-040/MG;Norte;Abalroamento longitudinal;1;0;0;1;0;0;0;0;0;0;3;0;0;0;0
05/09/2016;16:30:00;283;Acidente com Vítima;523,52;BR-040/MG;Norte;Colisão traseira;1;0;0;1;0;0;0;0;0;0;1;0;1;0;0
05/09/2016;14:52:00;257;Acidente sem Vítima;129,126;BR-040/MG;Norte;Colisão traseira;2;0;0;0;0;0;0;0;0;0;2;0;0;0;0
05/09/2016;09:12:00;156;Acidente sem Vítima;439,5;BR-040/MG;Sul;Atropelamento de animal;1;0;0;0;0;0;0;0;0;0;1;0;0;0;0
05/09/2016;07:45:00;107;Acidente sem Vítima;5,8;BR-040/DF;Norte;Colisão traseira;0;0;0;3;0;0;0;0;0;0;3;0;0;0;0
05/09/2016;07:41:00;95;Acidente com Vítima;519,625;BR-040/MG;Sul;Colisão traseira;1;0;1;1;0;0;0;0;0;0;2;0;2;0;0
05/09/2016;06:42:00;41;Acidente com Vítima;545,05;BR-040/MG;Sul;Colisão traseira;0;0;1;1;0;0;0;0;0;0;1;1;0;0;0
05/09/2016;06:40:00;39;Acidente com Vítima;349,1;BR-040/MG;Norte;Capotamento;1;0;0;0;0;0;0;0;0;0;0;0;0;1;0
05/09/2016;06:37:00;38;Acidente com Vítima;545,213;BR-040/MG;Sul;Outros;0;0;0;1;0;0;0;0;0;0;0;0;2;0;0
06/09/2016;22:00:00;440;Acidente sem Vítima;724;BR-040/MG;Norte;Atropelamento de animal;0;0;1;0;0;0;0;0;0;0;1;0;0;0;0
06/09/2016;18:41:00;383;Acidente com Vítima;617,5;BR-040/MG;Sul;Capotamento;1;0;0;0;0;0;0;0;0;0;0;2;0;0;0
06/09/2016;17:28:00;355;Acidente com Vítima;527,5;BR-040/MG;Norte;Outros;0;0;0;1;0;0;0;0;0;0;0;1;0;0;0
06/09/2016;10:10:00;214;Acidente sem Vítima;532,001;BR-040/MG;Sul;Colisão traseira;0;0;2;0;0;0;0;0;0;0;2;0;0;0;0
06/09/2016;08:55:00;180;Acidente sem Vítima;4,001;BR-040/GO;Norte;Colisão traseira;2;0;0;0;0;0;0;0;0;0;5;0;0;0;0
06/09/2016;07:25:00;116;Acidente sem Vítima;0,5;BR-040/DF;Norte;Atropelamento de animal;0;0;0;1;0;0;0;0;0;0;1;0;0;0;0
06/09/2016;06:35:00;48;Acidente sem Vítima;3,2;BR-040/GO;Norte;Colisão frontal;2;0;0;1;0;0;0;0;0;0;3;0;0;0;0
06/09/2016;03:19:00;30;Acidente sem Vítima;515,807;BR-040/MG;Norte;Choque com objeto fixo;1;0;0;0;0;0;0;0;0;0;1;0;0;0;0
06/09/2016;01:21:00;17;Acidente sem Vítima;11,5;BR-040/MG;Norte;Atropelamento de animal;0;0;1;0;0;0;0;0;0;0;1;0;0;0;0
07/09/2016;23:51:00;289;Acidente com Vítima;732;BR-040/MG;Norte;Colisão traseira;1;0;1;0;0;0;0;0;0;0;2;0;1;0;0
07/09/2016;23:48:00;288;Acidente sem Vítima;695;BR-040/MG;Sul;Capotamento;1;0;0;0;0;0;0;0;0;0;2;0;0;0;0
07/09/2016;20:22:00;264;Acidente com Vítima;569,169;BR-040/MG;Sul;Colisão frontal;2;0;0;0;0;0;0;0;0;0;1;1;0;1;0
07/09/2016;16:39:00;213;Acidente sem Vítima;559,95;BR-040/MG;Norte;Choque em defensa;1;0;0;0;0;0;0;0;0;0;1;0;0;0;0
07/09/2016;16:29:00;209;Acidente com Vítima;697,8;BR-040/MG;Sul;Abalroamento transversal;1;0;1;0;0;0;0;0;0;0;1;1;0;0;0
07/09/2016;15:46:00;195;Acidente com Vítima;544,3;BR-040/MG;Norte;Abalroamento longitudinal;0;0;0;2;0;0;0;0;0;0;2;1;0;0;0
07/09/2016;14:34:00;176;Acidente sem Vítima;2,5;BR-040/GO;Norte;Abalroamento transversal;2;0;0;0;0;0;0;0;0;0;2;0;0;0;0
07/09/2016;13:27:00;159;Acidente sem Vítima;91,02;BR-040/MG;Norte;Colisão traseira;2;0;0;0;0;0;0;0;0;0;3;0;0;0;0
07/09/2016;13:19:00;157;Acidente sem Vítima;523,6;BR-040/MG;Norte;Abalroamento longitudinal;1;0;1;0;0;0;0;0;0;0;2;0;0;0;0
07/09/2016;13:01:00;148;Acidente com Vítima;509;BR-040/MG;Norte;Colisão traseira;1;0;0;1;0;0;0;0;0;0;1;2;0;0;0
07/09/2016;09:41:00;79;Acidente sem Vítima;643;BR-040/MG;Norte;Colisão traseira;1;0;0;1;0;0;0;0;0;0;3;0;0;0;0
07/09/2016;09:33:00;78;Acidente sem Vítima;632,1;BR-040/MG;Sul;Abalroamento longitudinal;2;0;0;0;0;0;0;0;0;0;2;0;0;0;0
07/09/2016;09:16:00;73;Acidente sem Vítima;729;BR-040/MG;Norte;Choque com objeto fixo;1;0;0;0;0;0;0;0;0;0;4;0;0;0;0
07/09/2016;08:49:00;67;Acidente sem Vítima;46,6;BR-040/MG;Norte;Colisão traseira;3;0;0;0;0;0;0;0;0;0;3;0;0;0;0
07/09/2016;08:38:00;62;Acidente sem Vítima;750,001;BR-040/MG;Norte;Choque com objeto fixo;1;0;0;0;0;0;0;0;0;0;1;0;0;0;0
07/09/2016;06:53:00;35;Acidente sem Vítima;747,95;BR-040/MG;Sul;Atropelamento de animal;0;0;1;0;0;0;0;0;0;0;1;0;0;0;0
07/09/2016;05:34:00;27;Acidente sem Vítima;700;BR-040/MG;Norte;Choque com objeto fixo;1;0;0;0;0;0;0;0;0;0;3;0;0;0;0
07/09/2016;05:25:00;25;Acidente sem Vítima;413,5;BR-040/MG;Sul;Queda de Carga;0;0;1;0;0;0;0;0;0;0;1;0;0;0;0
07/09/2016;02:53:00;17;Acidente com Vítima;16,4;BR-040/GO;Norte;Choque com objeto fixo;1;0;0;0;0;0;0;0;0;0;0;2;0;0;0
07/09/2016;00:33:00;5;Acidente sem Vítima;603;BR-040/MG;Norte;Choque em barreira New Jersey;1;0;0;0;0;0;0;0;0;0;5;0;0;0;0
07/09/2016;00:14:00;3;Acidente sem Vítima;517,3;BR-040/MG;Sul;Colisão traseira;2;0;0;1;0;0;0;0;0;0;4;0;0;0;0
07/09/2016;00:10:00;2;Atropelamento sem Morte;613,662;BR-040/MG;Norte;Atropelamento de pedestre atravessando;0;0;0;0;0;0;0;0;0;1;3;1;0;0;0
08/09/2016;23:20:00;374;Atropelamento sem Morte;526,86;BR-040/MG;Sul;Atropelamento de pedestre atravessando;0;0;0;1;0;0;0;0;0;0;1;0;1;1;0
08/09/2016;20:53:00;353;Acidente sem Vítima;714,2;BR-040/MG;Norte;Colisão traseira;2;0;0;0;0;0;0;0;0;0;3;0;0;0;0
08/09/2016;20:33:00;348;Acidente com Vítima;533,44;BR-040/MG;Sul;Outros;1;0;0;1;0;0;0;0;0;0;2;0;1;0;0
08/09/2016;19:03:00;321;Acidente sem Vítima;18,154;BR-040/MG;Sul;Outros;2;0;0;0;0;0;0;0;0;0;4;0;0;0;0
08/09/2016;15:24:00;263;Acidente sem Vítima;525,8;BR-040/MG;Norte;Abalroamento longitudinal;1;0;1;0;0;0;0;0;0;0;2;0;0;0;0
08/09/2016;14:20:00;245;Acidente sem Vítima;13,05;BR-040/GO;Sul;Outros;1;0;0;0;0;0;0;0;0;0;1;0;0;0;0
08/09/2016;14:08:00;241;Acidente sem Vítima;495,8;BR-040/MG;Sul;Abalroamento longitudinal;2;0;0;0;0;0;0;0;0;0;2;0;0;0;0
08/09/2016;13:58:00;236;Acidente sem Vítima;656,01;BR-040/MG;Norte;Choque com objeto fixo;1;0;0;0;0;0;0;0;0;0;1;0;0;0;0
08/09/2016;13:43:00;231;Acidente sem Vítima;541,1;BR-040/MG;Norte;Colisão traseira;1;0;1;0;0;0;0;0;0;0;2;0;0;0;0
08/09/2016;09:31:00;165;Acidente com Vítima;650,15;BR-040/MG;Norte;Colisão frontal;1;0;0;1;0;0;0;0;0;0;1;0;1;0;0
08/09/2016;08:15:00;131;Acidente sem Vítima;5,15;BR-040/DF;Norte;Abalroamento longitudinal;1;0;0;1;0;0;0;0;0;0;2;0;0;0;0
08/09/2016;06:50:00;45;Acidente com Vítima;510,1;BR-040/MG;Sul;Abalroamento longitudinal;2;0;0;0;0;0;0;0;0;0;1;1;0;0;0
08/09/2016;05:34:00;23;Acidente sem Vítima;209,5;BR-040/MG;Sul;Atropelamento de animal;0;0;1;0;0;0;0;0;0;0;1;0;0;0;0
08/09/2016;05:09:00;19;Acidente com Vítima;448,5;BR-040/MG;Sul;Colisão traseira;0;0;2;0;0;0;0;0;0;0;1;0;1;0;0
08/09/2016;03:20:00;14;Acidente com Morte;0,02;BR-040/DF;Norte;Colisão frontal;0;0;0;2;0;0;0;0;0;0;0;0;0;0;2
08/09/2016;02:43:00;11;Acidente sem Vítima;515,1;BR-040/MG;Sul;Capotamento;1;0;0;0;0;0;0;0;0;0;2;0;0;0;0
09/09/2016;23:13:00;439;Acidente sem Vítima;734,9;BR-040/MG;Norte;Capotamento;1;0;0;0;0;0;0;0;0;0;2;0;0;0;0
09/09/2016;21:43:00;417;Acidente sem Vítima;617,5;BR-040/MG;Sul;Abalroamento transversal;2;0;0;0;0;0;0;0;0;0;2;0;0;0;0
09/09/2016;20:16:00;394;Acidente sem Vítima;2,15;BR-040/GO;Sul;Abalroamento longitudinal;1;0;0;0;0;1;0;0;0;0;2;0;0;0;0
09/09/2016;19:08:00;368;Acidente com Vítima;339,5;BR-040/MG;Norte;Outros;0;0;0;1;0;0;0;0;0;0;0;0;1;0;0
09/09/2016;17:52:00;330;Acidente sem Vítima;7,141;BR-040/GO;Norte;Abalroamento longitudinal;2;0;0;0;0;0;0;0;0;0;2;0;0;0;0
09/09/2016;17:29:00;325;Acidente sem Vítima;694,3;BR-040/MG;Sul;Abalroamento longitudinal;1;0;1;0;0;0;0;0;0;0;2;0;0;0;0
09/09/2016;16:02:00;298;Acidente sem Vítima;538,1;BR-040/MG;Sul;Queda de Carga;0;0;1;0;0;0;0;0;0;0;1;0;0;0;0
09/09/2016;15:50:00;294;Acidente sem Vítima;3,7;BR-040/GO;Sul;Colisão traseira;3;0;0;0;0;0;0;0;0;0;9;0;0;0;0
09/09/2016;15:31:00;283;Acidente com Vítima;662,15;BR-040/MG;Norte;Queda de Carga;0;0;1;0;0;0;0;0;0;0;0;0;1;0;0
09/09/2016;15:15:00;279;Acidente sem Vítima;529,1;BR-040/MG;Sul;Colisão traseira;2;0;0;0;0;0;0;0;0;0;2;0;0;0;0
09/09/2016;14:55:00;272;Acidente sem Vítima;710,21;BR-040/MG;Norte;Colisão traseira;1;0;0;0;0;0;0;0;0;1;2;0;0;0;0
09/09/2016;14:01:00;251;Acidente com Vítima;4,1;BR-040/GO;Sul;Abalroamento longitudinal;1;0;0;1;0;0;0;0;0;0;1;1;0;0;0
09/09/2016;13:45:00;241;Acidente sem Vítima;533,1;BR-040/MG;Sul;Colisão traseira;3;0;0;0;0;0;0;0;0;0;3;0;0;0;0
09/09/2016;13:34:00;237;Acidente sem Vítima;533,1;BR-040/MG;Sul;Colisão traseira;2;0;0;0;0;0;0;0;0;0;2;0;0;0;0
09/09/2016;10:56:00;202;Acidente com Vítima;668,8;BR-040/MG;Norte;Capotamento;1;0;0;0;0;0;0;0;0;0;0;2;0;0;0
09/09/2016;10:02:00;193;Acidente com Vítima;526,1;BR-040/MG;Sul;Outros;0;0;0;1;0;0;0;0;0;0;0;0;1;0;0
09/09/2016;09:40:00;185;Acidente sem Vítima;531,1;BR-040/MG;Norte;Colisão traseira;2;0;0;0;0;0;0;0;0;0;2;0;0;0;0
09/09/2016;08:17:00;135;Acidente com Vítima;1,456;BR-040/GO;Sul;Abalroamento longitudinal;1;0;0;1;0;0;0;0;0;0;2;0;1;0;0
09/09/2016;07:55:00;121;Acidente sem Vítima;739,2;BR-040/MG;Sul;Queda de Carga;1;0;0;0;0;0;0;0;0;0;1;0;0;0;0
10/09/2016;23:23:00;388;Acidente com Vítima;543,325;BR-040/MG;Norte;Outros;2;0;0;0;0;0;0;0;0;0;1;1;0;0;0
10/09/2016;22:51:00;380;Acidente sem Vítima;507,998;BR-040/MG;Sul;Atropelamento de animal;1;0;0;0;0;0;0;0;0;0;4;0;0;0;0
10/09/2016;21:38:00;364;Acidente com Vítima;522,5;BR-040/MG;Norte;Colisão traseira;1;0;0;1;0;0;0;0;0;0;3;1;0;0;0
10/09/2016;17:14:00;286;Acidente sem Vítima;617,053;BR-040/MG;Norte;Colisão frontal;2;0;0;0;0;0;0;0;0;0;6;0;0;0;0
10/09/2016;16:48:00;274;Acidente com Vítima;632,5;BR-040/MG;Norte;Abalroamento longitudinal;1;0;0;1;0;0;0;0;0;0;1;0;1;0;0
10/09/2016;14:10:00;227;Acidente sem Vítima;649,014;BR-040/MG;Sul;Colisão traseira;2;0;0;0;0;0;0;0;0;0;2;0;0;0;0
10/09/2016;12:34:00;187;Acidente sem Vítima;273,8;BR-040/MG;Sul;Colisão traseira;1;0;0;0;0;0;0;0;0;1;8;0;0;0;0
10/09/2016;10:39:00;146;Acidente sem Vítima;524,939;BR-040/MG;Norte;Abalroamento longitudinal;1;0;1;0;0;1;0;0;0;0;3;0;0;0;0
10/09/2016;03:50:00;27;Acidente sem Vítima;628,65;BR-040/MG;Norte;Choque em barreira New Jersey;2;0;0;0;0;0;0;0;0;0;2;0;0;0;0
11/09/2016;22:58:00;356;Acidente sem Vítima;533,5;BR-040/MG;Sul;Colisão traseira;2;0;0;0;0;0;0;0;0;0;4;0;0;0;0
11/09/2016;19:51:00;316;Acidente sem Vítima;7,351;BR-040/GO;Norte;Colisão traseira;2;0;0;0;0;0;0;0;0;0;8;0;0;0;0
11/09/2016;19:49:00;312;Acidente sem Vítima;411,15;BR-040/MG;Sul;Atropelamento de animal;1;0;0;0;0;0;0;0;0;0;3;0;0;0;0
11/09/2016;17:25:00;252;Acidente sem Vítima;506,2;BR-040/MG;Sul;Colisão traseira;4;0;0;0;0;0;0;0;0;0;8;0;0;0;0
11/09/2016;17:23:00;251;Acidente sem Vítima;6,4;BR-040/GO;Norte;Colisão traseira;2;0;0;0;0;0;0;0;0;0;4;0;0;0;0
11/09/2016;16:43:00;234;Acidente sem Vítima;6,7;BR-040/GO;Norte;Colisão traseira;4;0;0;0;0;0;0;0;0;0;10;0;0;0;0
11/09/2016;16:12:00;215;Acidente sem Vítima;515;BR-040/MG;Sul;Colisão traseira;3;0;0;0;0;0;0;0;0;0;4;0;0;0;0
11/09/2016;15:59:00;210;Acidente com Vítima;738,4;BR-040/MG;Sul;Outros;0;0;0;1;0;0;0;0;0;0;1;1;0;0;0
11/09/2016;14:23:00;180;Acidente com Vítima;475,3;BR-040/MG;Sul;Colisão traseira;1;0;1;0;0;0;0;0;0;0;1;1;1;0;0
11/09/2016;14:11:00;174;Acidente com Vítima;518,362;BR-040/MG;Sul;Capotamento;1;0;0;0;0;0;0;0;0;0;1;1;0;0;0
11/09/2016;13:29:00;156;Acidente sem Vítima;740;BR-040/MG;Norte;Queda de Carga;0;0;1;0;0;0;0;0;0;0;1;0;0;0;0
11/09/2016;12:56:00;149;Acidente sem Vítima;507,9;BR-040/MG;Sul;Colisão traseira;2;0;0;0;0;0;0;0;0;0;4;0;0;0;0
11/09/2016;11:35:00;122;Acidente sem Vítima;510,057;BR-040/MG;Sul;Capotamento;1;0;0;0;0;0;0;0;0;0;1;0;0;0;0
11/09/2016;11:09:00;113;Acidente sem Vítima;185,5;BR-040/MG;Norte;Outros;2;0;0;0;0;0;0;0;0;0;4;0;0;0;0
11/09/2016;09:28:00;92;Acidente sem Vítima;437,681;BR-040/MG;Norte;Choque com objeto fixo;1;0;1;0;0;0;0;0;0;0;5;0;0;0;0
11/09/2016;09:15:00;89;Acidente sem Vítima;452,8;BR-040/MG;Sul;Choque com objeto fixo;1;0;0;0;0;0;0;0;0;0;5;0;0;0;0
11/09/2016;08:52:00;84;Acidente sem Vítima;643,5;BR-040/MG;Norte;Colisão traseira;2;0;0;0;0;0;0;0;0;0;2;0;0;0;0
11/09/2016;08:30:00;77;Acidente sem Vítima;425,2;BR-040/MG;Norte;Queda de Carga;0;0;1;0;0;0;0;0;0;0;1;0;0;0;0
11/09/2016;07:42:00;67;Acidente sem Vítima;3,5;BR-040/GO;Sul;Outros;0;0;0;2;0;0;0;0;0;0;2;0;0;0;0
11/09/2016;04:06:00;34;Acidente sem Vítima;611,3;BR-040/MG;Sul;Choque em defensa;1;0;0;0;0;0;0;0;0;0;3;0;0;0;0
11/09/2016;03:25:00;31;Acidente sem Vítima;41,5;BR-040/MG;Sul;Choque com objeto fixo;1;0;0;0;0;0;0;0;0;0;1;0;0;0;0
11/09/2016;02:48:00;20;Acidente sem Vítima;724,05;BR-040/MG;Norte;Choque em barreira New Jersey;0;0;1;0;0;0;0;0;0;0;3;0;0;0;0
11/09/2016;00:02:00;1;Acidente sem Vítima;524,6;BR-040/MG;Sul;Capotamento;1;0;0;0;0;0;0;0;0;0;1;0;0;0;0
12/09/2016;23:03:00;418;Acidente com Vítima;8,1;BR-040/DF;Sul;Choque com objeto fixo;1;0;0;0;0;0;0;0;0;0;0;1;2;1;0
12/09/2016;22:17:00;406;Acidente sem Vítima;491,436;BR-040/MG;Sul;Queda de Carga;0;0;1;0;0;0;0;0;0;0;1;0;0;0;0
12/09/2016;19:27:00;359;Acidente com Vítima;536,5;BR-040/MG;Sul;Outros;0;0;0;1;0;0;0;0;0;0;0;1;0;0;0
12/09/2016;19:14:00;355;Acidente com Vítima;421,032;BR-040/MG;Norte;Capotamento;1;0;0;0;0;0;0;0;0;0;4;1;0;0;0
12/09/2016;18:28:00;336;Acidente com Vítima;523,267;BR-040/MG;Sul;Outros;0;0;0;1;0;0;0;0;0;0;0;1;0;0;0
12/09/2016;17:49:00;322;Acidente com Vítima;449,5;BR-040/MG;Norte;Outros;0;0;0;1;0;0;0;0;0;0;0;1;1;0;0
12/09/2016;15:03:00;265;Acidente sem Vítima;538,88;BR-040/MG;Sul;Colisão traseira;1;0;0;1;0;0;0;0;0;0;2;0;0;0;0
12/09/2016;13:55:00;248;Acidente com Vítima;458,5;BR-040/MG;Norte;Outros;0;0;0;1;0;0;0;0;0;0;0;1;0;0;0
12/09/2016;13:09:00;233;Acidente com Vítima;147,8;BR-040/GO;Sul;Choque com objeto fixo;1;0;0;0;0;0;0;0;0;0;0;2;2;0;0
12/09/2016;12:18:00;225;Acidente com Vítima;206,83;BR-040/MG;Norte;Choque com objeto fixo;2;0;0;0;0;0;0;0;0;0;0;4;0;0;0
12/09/2016;11:34:00;208;Acidente com Vítima;731,1;BR-040/MG;Sul;Outros;1;0;0;1;0;0;0;0;0;0;1;0;0;1;0
12/09/2016;11:28:00;206;Acidente com Vítima;553,3;BR-040/MG;Sul;Capotamento;1;0;0;0;0;0;0;0;0;0;1;1;0;0;0
12/09/2016;11:06:00;197;Acidente sem Vítima;8,41;BR-040/GO;Sul;Abalroamento longitudinal;1;0;0;1;0;0;0;0;0;0;2;0;0;0;0
12/09/2016;09:35:00;172;Acidente com Morte;607,87;BR-040/MG;Sul;Abalroamento transversal;1;0;1;0;0;0;0;0;0;0;1;0;0;0;1
12/09/2016;08:08:00;127;Acidente sem Vítima;541,5;BR-040/MG;Sul;Colisão traseira;1;0;1;0;0;0;0;0;0;0;2;0;0;0;0
12/09/2016;08:07:00;125;Acidente sem Vítima;3,4;BR-040/DF;Norte;Colisão traseira;2;0;0;0;0;0;0;0;0;0;2;0;0;0;0
12/09/2016;07:59:00;121;Acidente sem Vítima;587,1;BR-040/MG;Sul;Queda de Carga;0;0;1;0;0;0;0;0;0;0;1;0;0;0;0
12/09/2016;06:55:00;64;Atropelamento sem Morte;529,5;BR-040/MG;Sul;Atropelamento de pedestre atravessando;0;0;0;1;0;0;0;0;0;0;1;0;1;0;0
12/09/2016;06:48:00;54;Acidente sem Vítima;510,023;BR-040/MG;Sul;Colisão traseira;3;0;0;0;0;0;0;0;0;0;3;0;0;0;0
12/09/2016;05:39:00;34;Acidente sem Vítima;660,3;BR-040/MG;Norte;Colisão traseira;2;0;0;0;0;0;0;0;0;0;2;0;0;0;0
12/09/2016;00:20:00;4;Acidente com Vítima;6,7;BR-040/GO;Norte;Choque com objeto fixo;1;0;0;0;0;0;0;0;0;0;2;1;0;0;0
12/09/2016;00:18:00;2;Acidente com Vítima;308,95;BR-040/MG;Sul;Choque com objeto fixo;1;0;0;0;0;0;0;0;0;0;0;1;0;0;0
12/09/2016;00:00:00;1;Acidente sem Vítima;14,072;BR-040/GO;Sul;Atropelamento de animal;1;0;0;0;0;0;0;0;0;0;3;0;0;0;0
13/09/2016;22:40:00;380;Acidente sem Vítima;7,8;BR-040/GO;Norte;Outros;0;0;0;1;0;0;0;0;0;0;1;0;0;0;0
13/09/2016;17:47:00;291;Acidente sem Vítima;520,2;BR-040/MG;Norte;Colisão traseira;1;0;1;0;0;0;0;0;0;0;2;0;0;0;0
13/09/2016;16:15:00;275;Acidente sem Vítima;543,8;BR-040/MG;Norte;Colisão traseira;4;0;0;0;0;0;0;0;0;0;4;0;0;0;0
13/09/2016;14:22:00;246;Acidente com Morte;20,7;BR-040/GO;Sul;Abalroamento transversal;2;0;0;0;0;0;0;0;0;0;0;0;0;0;1
13/09/2016;08:07:00;120;Acidente com Vítima;529,058;BR-040/MG;Sul;Abalroamento longitudinal;1;0;0;1;0;0;0;0;0;0;2;0;1;0;0
13/09/2016;07:04:00;40;Acidente sem Vítima;303,8;BR-040/MG;Sul;Capotamento;1;0;0;0;0;0;0;0;0;0;1;0;0;0;0
13/09/2016;01:21:00;12;Acidente sem Vítima;439,3;BR-040/MG;Sul;Atropelamento de animal;0;0;1;0;0;0;0;0;0;0;1;0;0;0;0
13/09/2016;00:22:00;6;Acidente sem Vítima;515,82;BR-040/MG;Norte;Atropelamento de animal;0;0;0;0;1;0;0;0;0;0;4;0;0;0;0
14/09/2016;21:50:00;398;Acidente com Vítima;9,3;BR-040/GO;Sul;Abalroamento longitudinal;1;0;0;1;0;0;0;0;0;0;1;2;0;0;0
14/09/2016;19:43:00;371;Acidente sem Vítima;682,375;BR-040/MG;Norte;Abalroamento longitudinal;1;0;1;0;0;0;0;0;0;0;3;0;0;0;0
14/09/2016;18:46:00;352;Acidente com Vítima;584,971;BR-040/MG;Sul;Abalroamento transversal;1;0;0;0;0;1;0;0;0;0;1;1;0;0;0
14/09/2016;16:39:00;311;Acidente com Vítima;1,3;BR-040/GO;Sul;Outros;0;0;0;1;0;0;0;0;0;0;0;1;0;0;0
14/09/2016;14:56:00;276;Acidente sem Vítima;2,5;BR-040/GO;Sul;Colisão traseira;2;0;0;0;0;0;0;0;0;0;3;0;0;0;0