data;horario;n_da_ocorrencia;tipo_de_ocorrencia;km;trecho;sentido;tipo_de_acidente;automovel;bicicleta;caminhao;moto;onibus;outros;tracao_animal;transporte_de_cargas_especiais;trator_maquinas;utilitarios;ilesos;levemente_feridos;moderadamente_feridos;gravemente_feridos;mortos
25/09/2016;15:27:00;124;Acidente sem Vítima;10,8;BR-040/GO;Norte;Choque com objeto fixo;1;0;0;0;0;0;0;0;0;0;1;0;0;0;0
25/09/2016;15:13:00;116;Acidente sem Vítima;577;BR-040/MG;Sul;Colisão traseira;2;0;0;0;0;0;0;0;0;0;2;0;0;0;0
25/09/2016;14:51:00;107;Acidente sem Vítima;522,1;BR-040/MG;Sul;Capotamento;1;0;0;0;0;0;0;0;0;0;1;0;0;0;0
25/09/2016;14:38:00;102;Acidente sem Vítima;495,186;BR-040/MG;Norte;Colisão traseira;0;0;2;0;0;0;0;0;0;0;2;0;0;0;0
25/09/2016;07:25:00;22;Acidente sem Vítima;10,761;BR-040/GO;Norte;Colisão traseira;2;0;0;0;0;0;0;0;0;0;8;0;0;0;0
25/09/2016;04:19:00;245;Acidente com Vítima;534,3;BR-040/MG;Norte;Abalroamento longitudinal;1;0;0;1;0;0;0;0;0;0;1;0;1;0;0
25/09/2016;04:11:00;261;Acidente com Morte;533,15;BR-040/MG;Sul;Capotamento;1;0;0;0;0;0;0;0;0;0;0;0;2;0;1
25/09/2016;03:56:00;294;Acidente sem Vítima;614,7;BR-040/MG;Sul;Choque em defensa;1;0;0;0;0;0;0;0;0;0;2;0;0;0;0
25/09/2016;02:28:00;303;Acidente sem Vítima;0;Fora_Rota;Sul;Capotamento;1;0;0;0;0;0;0;0;0;0;2;0;0;0;0
25/09/2016;01:55:00;316;Acidente com Vítima;1,95;BR-040/GO;Sul;Atropelamento de animal;2;0;0;0;0;0;0;0;0;0;2;1;0;0;0
26/09/2016;22:10:00;388;Acidente com Vítima;464,972;BR-040/MG;Norte;Capotamento;1;0;1;0;0;0;0;0;0;0;2;1;2;0;0
26/09/2016;19:17:00;346;Acidente sem Vítima;0,124;BR-040/DF;Sul;Abalroamento longitudinal;2;0;0;1;0;0;0;0;0;0;4;0;0;0;0
26/09/2016;15:01:00;272;Acidente com Vítima;520,028;BR-040/MG;Norte;Abalroamento longitudinal;1;0;0;1;0;0;0;0;0;0;1;0;1;0;0
26/09/2016;13:57:00;254;Acidente sem Vítima;512,624;BR-040/MG;Norte;Colisão traseira;2;0;0;0;0;0;0;0;0;0;2;0;0;0;0
26/09/2016;13:08:00;237;Acidente sem Vítima;511,95;BR-040/MG;Norte;Choque com objeto fixo;1;0;0;0;0;0;0;0;0;0;1;0;0;0;0
26/09/2016;10:56:00;197;Acidente sem Vítima;643,1;BR-040/MG;Norte;Colisão traseira;1;0;1;0;0;0;0;0;0;0;2;0;0;0;0
26/09/2016;10:00:00;181;Acidente sem Vítima;91;BR-040/MG;Sul;Colisão traseira;0;0;2;0;0;0;0;0;0;0;2;0;0;0;0
26/09/2016;07:48:00;92;Acidente sem Vítima;91;BR-040/GO;Norte;Abalroamento longitudinal;0;0;2;0;0;0;0;0;0;0;2;0;0;0;0
26/09/2016;06:13:00;35;Acidente sem Vítima;739,339;BR-040/MG;Sul;Abalroamento transversal;2;0;0;0;0;0;0;0;0;0;4;0;0;0;0
26/09/2016;04:52:00;17;Acidente sem Vítima;521,5;BR-040/MG;Sul;Colisão traseira;1;0;1;0;0;0;0;0;0;0;2;0;0;0;0
26/09/2016;01:53:00;9;Acidente sem Vítima;523,8;BR-040/MG;Norte;Choque com objeto fixo;1;0;0;0;0;0;0;0;0;0;1;0;0;0;0
27/09/2016;23:31:00;417;Acidente com Vítima;4,074;BR-040/GO;Sul;Outros;0;0;0;1;0;0;0;0;0;0;1;1;0;0;0
27/09/2016;21:16:00;396;Acidente sem Vítima;510,2;BR-040/MG;Norte;Outros;1;0;0;0;0;0;0;0;0;0;3;0;0;0;0
27/09/2016;17:13:00;342;Acidente sem Vítima;537,037;BR-040/MG;Norte;Colisão traseira;2;0;0;0;0;0;0;0;0;0;3;0;0;0;0
27/09/2016;16:31:00;328;Acidente sem Vítima;541,03;BR-040/MG;Norte;Colisão traseira;2;0;0;0;0;0;0;0;0;0;4;0;0;0;0
27/09/2016;15:22:00;309;Acidente sem Vítima;664,1;BR-040/MG;Norte;Choque com objeto fixo;0;0;1;0;0;0;0;0;0;0;1;0;0;0;0
27/09/2016;13:42:00;270;Acidente sem Vítima;521,001;BR-040/MG;Sul;Outros;0;0;0;1;0;0;0;0;0;0;1;0;0;0;0
27/09/2016;08:41:00;145;Acidente com Vítima;5,2;BR-040/DF;Norte;Choque com objeto fixo;1;0;0;0;0;0;0;0;0;0;0;0;0;1;0
27/09/2016;07:11:00;63;Acidente com Vítima;531,5;BR-040/MG;Sul;Colisão traseira;1;0;0;1;0;0;0;0;0;0;1;0;0;0;0
27/09/2016;07:04:00;60;Acidente sem Vítima;768,5;BR-040/MG;Sul;Abalroamento longitudinal;2;0;0;0;0;0;0;0;0;0;2;0;0;0;0
27/09/2016;06:21:00;43;Acidente com Vítima;508,145;BR-040/MG;Sul;Colisão traseira;2;0;1;0;0;0;0;0;0;0;2;3;0;0;0
27/09/2016;04:07:00;30;Acidente sem Vítima;500,3;BR-040/MG;Norte;Atropelamento de animal;0;0;1;0;0;0;0;0;0;0;1;0;0;0;0
28/09/2016;21:29:00;369;Acidente sem Vítima;18,4;BR-040/GO;Norte;Colisão traseira;0;0;1;1;0;0;0;0;0;0;9;0;0;0;0
28/09/2016;17:15:00;283;Acidente sem Vítima;520,9;BR-040/MG;Norte;Outros;1;0;1;0;0;0;0;0;0;0;2;0;0;0;0
28/09/2016;15:21:00;262;Acidente sem Vítima;571,1;BR-040/MG;Sul;Queda de Carga;0;0;1;0;0;0;0;0;0;0;1;0;0;0;0
28/09/2016;13:38:00;239;Acidente com Vítima;633,1;BR-040/MG;Norte;Capotamento;1;0;0;0;0;0;0;0;0;0;0;1;0;0;0
28/09/2016;11:57:00;219;Acidente com Vítima;656,15;BR-040/MG;Norte;Capotamento;0;0;0;1;0;0;0;0;0;0;0;1;0;0;0
28/09/2016;09:51:00;181;Acidente com Vítima;544,7;BR-040/MG;Sul;Abalroamento transversal;1;0;0;1;0;0;0;0;0;0;1;1;0;0;0
28/09/2016;09:15:00;171;Acidente sem Vítima;3,07;BR-040/GO;Norte;Abalroamento longitudinal;1;0;0;1;0;0;0;0;0;0;3;0;0;0;0
28/09/2016;07:58:00;123;Acidente com Vítima;5,1;BR-040/GO;Norte;Outros;1;0;0;1;0;0;0;0;0;0;1;1;1;0;0
28/09/2016;07:54:00;118;Acidente sem Vítima;717,1;BR-040/MG;Norte;Choque em defensa;1;0;0;0;0;0;0;0;0;0;1;0;0;0;0
28/09/2016;07:16:00;90;Acidente com Vítima;15,85;BR-040/GO;Norte;Choque com objeto fixo;0;0;0;1;0;0;0;0;0;0;0;1;0;0;0
28/09/2016;07:02:00;70;Acidente sem Vítima;735,1;BR-040/MG;Sul;Capotamento;1;0;0;0;0;0;0;0;0;0;1;0;0;0;0
28/09/2016;06:06:00;35;Acidente com Vítima;3,1;BR-040/GO;Norte;Abalroamento longitudinal;1;0;0;1;0;0;0;0;0;0;2;1;0;0;0
29/09/2016;22:50:00;368;Acidente sem Vítima;547,4;BR-040/MG;Norte;Capotamento;1;0;0;0;0;0;0;0;0;0;1;0;0;0;0
29/09/2016;22:25:00;366;Acidente com Vítima;279,1;BR-040/MG;Sul;Outros;1;0;0;0;0;1;0;0;0;0;2;0;1;0;0
29/09/2016;18:50:00;312;Acidente com Vítima;536,3;BR-040/MG;Norte;Abalroamento longitudinal;1;0;0;1;0;0;0;0;0;0;1;1;0;0;0
29/09/2016;17:24:00;293;Acidente com Vítima;7,8;BR-040/GO;Sul;Abalroamento longitudinal;0;0;0;1;0;1;0;0;0;0;2;1;0;0;0
29/09/2016;17:09:00;289;Acidente sem Vítima;543,02;BR-040/MG;Norte;Abalroamento longitudinal;1;0;0;0;0;1;0;0;0;0;2;0;0;0;0
29/09/2016;16:19:00;278;Acidente com Vítima;543,5;BR-040/MG;Norte;Abalroamento longitudinal;1;0;0;0;0;1;0;0;0;0;1;1;2;0;0
29/09/2016;15:14:00;260;Acidente sem Vítima;461,85;BR-040/MG;Sul;Choque em defensa;1;0;0;0;0;0;0;0;0;0;4;0;0;0;0
29/09/2016;13:52:00;228;Atropelamento sem Morte;748,4;BR-040/MG;Sul;Atropelamento de pedestre atravessando;1;0;0;0;0;0;0;0;0;0;1;1;0;0;0
29/09/2016;11:10:00;187;Acidente sem Vítima;6,8;BR-040/GO;Norte;Colisão traseira;2;0;0;0;0;0;0;0;0;0;2;0;0;0;0
29/09/2016;10:58:00;182;Acidente sem Vítima;577,15;BR-040/MG;Norte;Colisão traseira;3;0;0;0;0;0;0;0;0;0;3;0;0;0;0
29/09/2016;08:05:00;113;Acidente sem Vítima;333,15;BR-040/MG;Norte;Abalroamento longitudinal;1;0;1;0;0;0;0;0;0;0;3;0;0;0;0
29/09/2016;07:06:00;64;Acidente com Vítima;123,175;BR-040/MG;Norte;Capotamento;1;0;0;0;0;0;0;0;0;0;1;0;1;0;0
29/09/2016;06:22:00;28;Acidente sem Vítima;515,2;BR-040/MG;Sul;Outros;0;0;0;2;0;1;0;0;0;0;3;0;0;0;0
30/09/2016;23:40:00;481;Acidente sem Vítima;717,2;BR-040/MG;Norte;Choque em defensa;1;0;0;0;0;0;0;0;0;0;2;0;0;0;0
30/09/2016;21:38:00;456;Acidente sem Vítima;300,2;BR-040/MG;Norte;Outros;1;0;0;0;0;0;0;0;0;0;3;0;0;0;0
30/09/2016;20:12:00;430;Acidente sem Vítima;5,3;BR-040/DF;Sul;Abalroamento transversal;2;0;0;0;0;0;0;0;0;0;5;0;0;0;0
30/09/2016;19:57:00;425;Acidente sem Vítima;551,488;BR-040/MG;Sul;Capotamento;2;0;0;0;0;1;0;0;0;0;5;0;0;0;0
30/09/2016;19:28:00;411;Acidente sem Vítima;2,8;BR-040/DF;Norte;Colisão traseira;2;0;0;0;0;0;0;0;0;0;4;0;0;0;0
30/09/2016;19:19:00;409;Acidente sem Vítima;3,8;BR-040/GO;Sul;Colisão traseira;2;0;0;0;0;0;0;0;0;0;3;0;0;0;0
30/09/2016;18:59:00;403;Acidente com Vítima;2,9;BR-040/DF;Norte;Outros;0;0;0;1;0;0;0;0;0;0;0;0;1;0;0
30/09/2016;18:51:00;398;Acidente sem Vítima;484,05;BR-040/MG;Norte;Choque em barreira New Jersey;1;0;0;0;0;0;0;0;0;0;2;0;0;0;0
30/09/2016;17:22:00;360;Acidente sem Vítima;11;BR-040/GO;Norte;Colisão traseira;2;0;0;0;0;0;0;0;0;0;4;0;0;0;0
30/09/2016;16:51:00;340;Acidente sem Vítima;767,631;BR-040/MG;Norte;Abalroamento longitudinal;1;0;1;0;0;0;0;0;0;0;2;0;0;0;0
30/09/2016;16:44:00;337;Acidente com Vítima;615,27;BR-040/MG;Sul;Outros;0;0;0;1;0;0;0;0;0;0;0;1;0;0;0
30/09/2016;13:54:00;275;Acidente sem Vítima;643;BR-040/MG;Norte;Choque com objeto fixo;0;0;1;0;0;0;0;0;0;0;1;0;0;0;0
30/09/2016;12:30:00;251;Acidente com Vítima;558;BR-040/MG;Sul;;1;0;0;0;0;0;0;0;0;0;0;0;1;1;0
30/09/2016;11:48:00;240;Acidente com Vítima;527;BR-040/MG;Norte;Outros;0;0;0;1;0;0;0;0;0;0;0;0;1;0;0
30/09/2016;11:25:00;228;Acidente sem Vítima;43;BR-040/GO;Norte;Abalroamento longitudinal;1;0;1;0;0;0;0;0;0;0;2;0;0;0;0
30/09/2016;10:27:00;203;Acidente sem Vítima;431,5;BR-040/MG;Norte;Colisão traseira;1;0;0;1;0;0;0;0;0;0;2;0;0;0;0
30/09/2016;09:15:00;174;Acidente sem Vítima;537,8;BR-040/MG;Norte;Colisão traseira;4;0;1;0;0;0;0;0;0;0;6;0;0;0;0
30/09/2016;08:25:00;139;Acidente sem Vítima;516,3;BR-040/MG;Sul;Colisão traseira;2;0;0;0;0;0;0;0;0;0;2;0;0;0;0
30/09/2016;07:51:00;104;Acidente com Vítima;517,6;BR-040/MG;Sul;Abalroamento longitudinal;1;0;0;1;0;0;0;0;0;0;1;0;1;0;0
30/09/2016;07:38:00;93;Acidente sem Vítima;7,8;BR-040/DF;Norte;Abalroamento longitudinal;1;0;0;0;0;1;0;0;0;0;2;0;0;0;0
30/09/2016;06:11:00;44;Acidente com Vítima;726,873;BR-040/MG;Sul;Choque em barreira New Jersey;1;0;0;0;0;0;0;0;0;0;2;1;1;0;0
30/09/2016;04:47:00;23;Acidente sem Vítima;95,5;BR-040/GO;Sul;Colisão traseira;2;0;0;0;0;0;0;0;0;0;5;0;0;0;0
30/09/2016;03:36:00;18;Acidente sem Vítima;558,9;BR-040/MG;Sul;Choque com objeto fixo;1;0;0;0;0;0;0;0;0;0;1;0;0;0;0
30/09/2016;01:21:00;6;Acidente sem Vítima;740,3;BR-040/MG;Norte;Outros;0;0;0;1;0;0;0;0;0;0;1;0;0;0;0
01/10/2016;21:46:00;330;Acidente sem Vítima;748,2;BR-040/MG;Sul;Atropelamento de animal;1;0;0;0;0;0;0;0;0;0;1;0;0;0;0
01/10/2016;20:52:00;317;Acidente sem Vítima;712,2;BR-040/MG;Sul;Choque em barreira New Jersey;1;0;0;0;0;0;0;0;0;0;1;0;0;0;0
01/10/2016;20:43:00;314;Acidente sem Vítima;18,407;BR-040/GO;Norte;Capotamento;1;0;0;0;0;0;0;0;0;0;1;0;0;0;0
01/10/2016;20:02:00;307;Acidente sem Vítima;513,385;BR-040/MG;Sul;Abalroamento longitudinal;2;0;0;0;0;0;0;0;0;0;2;0;0;0;0
01/10/2016;18:58:00;289;Acidente sem Vítima;590,1;BR-040/MG;Norte;Colisão traseira;2;0;0;0;0;0;0;0;0;0;2;0;0;0;0
01/10/2016;18:57:00;288;Acidente com Vítima;772,2;BR-040/MG;Sul;Colisão traseira;2;0;0;0;0;0;0;0;0;0;5;0;1;0;0
01/10/2016;18:40:00;284;Acidente com Vítima;700,07;BR-040/MG;Sul;Outros;0;0;0;1;0;0;0;0;0;0;0;0;1;0;0
01/10/2016;18:25:00;279;Acidente com Vítima;527,7;BR-040/MG;Sul;Choque em veículo parado na pista;1;0;1;0;0;0;0;0;0;0;1;0;1;0;0
01/10/2016;18:14:00;271;Acidente sem Vítima;428,2;BR-040/MG;Norte;Choque em defensa;1;0;0;0;0;0;0;0;0;0;3;0;0;0;0
01/10/2016;17:58:00;269;Acidente sem Vítima;768,2;BR-040/MG;Sul;Outros;0;0;0;0;0;0;0;0;0;0;0;0;0;0;0
01/10/2016;17:00:00;249;Acidente com Vítima;527,2;BR-040/MG;Norte;Capotamento;1;0;0;0;0;0;0;0;0;0;0;1;1;0;0
01/10/2016;15:44:00;222;Acidente com Vítima;458,1;BR-040/MG;Norte;Capotamento;1;0;0;0;0;0;0;0;0;0;1;0;1;0;0
01/10/2016;15:10:00;209;Acidente com Vítima;479,9;BR-040/MG;Norte;Capotamento;1;0;0;0;0;0;0;0;0;0;3;1;0;0;0
01/10/2016;14:16:00;189;Acidente com Vítima;5,2;BR-040/DF;Sul;Abalroamento longitudinal;1;0;0;1;0;0;0;0;0;0;4;1;0;0;0
01/10/2016;14:13:00;188;Acidente com Vítima;508,5;BR-040/MG;Norte;Choque em veículo parado na pista;1;0;1;0;0;0;0;0;0;0;2;1;0;0;0
01/10/2016;11:15:00;155;Acidente com Vítima;730,012;BR-040/MG;Norte;Outros;1;0;0;0;0;0;0;0;0;0;7;2;0;0;0
01/10/2016;10:27:00;138;Acidente sem Vítima;554,5;BR-040/MG;Sul;Colisão traseira;3;0;0;0;0;0;0;0;0;0;3;0;0;0;0
01/10/2016;09:28:00;116;Acidente sem Vítima;736,596;BR-040/MG;Sul;Choque com objeto fixo;1;0;0;0;0;0;0;0;0;0;2;0;0;0;0
01/10/2016;08:36:00;94;Acidente sem Vítima;717,2;BR-040/MG;Norte;Choque em barreira New Jersey;1;0;0;0;0;0;0;0;0;0;2;0;0;0;0
01/10/2016;08:20:00;88;Acidente sem Vítima;741,5;BR-040/MG;Sul;Choque com objeto fixo;1;0;0;0;0;0;0;0;0;0;3;0;0;0;0
01/10/2016;07:27:00;74;Acidente com Vítima;739,563;BR-040/MG;Sul;Choque com objeto fixo;1;0;0;0;0;0;0;0;0;0;0;2;0;0;0
01/10/2016;04:59:00;40;Acidente com Morte;234,5;BR-040/MG;Sul;Choque com objeto fixo;1;0;0;0;0;0;0;0;0;0;1;2;1;0;1
01/10/2016;04:53:00;39;Acidente sem Vítima;557,39;BR-040/MG;Norte;Choque em defensa;2;0;0;0;0;0;0;0;0;0;2;0;0;0;0
01/10/2016;03:53:00;36;Acidente sem Vítima;119,3;BR-040/GO;Sul;Choque com objeto fixo;0;0;1;0;0;0;0;0;0;0;2;0;0;0;0
01/10/2016;03:07:00;31;Acidente sem Vítima;4,7;BR-040/GO;Norte;Choque com objeto fixo;1;0;0;0;0;0;0;0;0;0;1;0;0;0;0
02/10/2016;23:17:00;285;Acidente com Vítima;667,2;BR-040/MG;Norte;Capotamento;1;0;0;0;0;0;0;0;0;0;0;1;0;0;0
02/10/2016;22:17:00;276;Acidente sem Vítima;506,035;BR-040/MG;Sul;Atropelamento de animal;1;0;0;0;0;0;0;0;0;0;3;0;0;0;0
02/10/2016;22:17:00;279;Acidente com Vítima;506,035;BR-040/MG;Sul;Atropelamento de animal;1;0;0;0;0;0;0;0;0;0;2;0;1;0;0
02/10/2016;22:17:00;280;Acidente com Vítima;506,035;BR-040/MG;Sul;Colisão traseira;2;0;0;1;0;0;0;0;0;0;2;0;1;0;0
02/10/2016;20:13:00;240;Acidente sem Vítima;660,35;BR-040/MG;Sul;Colisão traseira;2;0;0;0;0;0;0;0;0;0;4;0;0;0;0
02/10/2016;20:13:00;241;Acidente sem Vítima;477,265;BR-040/MG;Sul;Atropelamento de animal;1;0;0;0;0;0;0;0;0;0;1;0;0;0;0
02/10/2016;20:05:00;237;Acidente com Vítima;69,6;BR-040/GO;Norte;Choque com objeto fixo;0;0;1;0;0;0;0;0;0;0;1;1;0;0;0
02/10/2016;19:43:00;228;Acidente sem Vítima;534,05;BR-040/MG;Sul;Colisão traseira;2;0;0;0;0;0;0;0;0;0;7;0;0;0;0
02/10/2016;19:25:00;221;Acidente sem Vítima;728,2;BR-040/MG;Sul;Choque em barreira New Jersey;1;0;0;0;0;0;0;0;0;0;1;0;0;0;0
02/10/2016;18:12:00;195;Acidente sem Vítima;3,4;BR-040/GO;Norte;Abalroamento longitudinal;1;0;0;1;0;0;0;0;0;0;5;0;0;0;0
02/10/2016;15:30:00;158;Acidente com Vítima;94,2;BR-040/GO;Sul;Outros;0;0;0;0;0;0;0;0;0;0;0;1;0;0;0
02/10/2016;15:21:00;153;Acidente com Vítima;562,1;BR-040/MG;Norte;Capotamento;1;0;0;0;0;0;0;0;0;0;0;1;1;0;0
02/10/2016;13:47:00;134;Acidente com Vítima;718,2;BR-040/MG;Norte;Choque em barreira New Jersey;1;0;0;0;0;1;0;0;0;0;1;0;1;0;0
02/10/2016;12:51:00;114;Acidente sem Vítima;718,5;BR-040/MG;Norte;Choque em barreira New Jersey;1;0;0;0;0;0;0;0;0;0;1;0;0;0;0
02/10/2016;11:10:00;86;Acidente com Vítima;97,534;BR-040/GO;Sul;Abalroamento transversal;1;0;0;1;0;0;0;0;0;0;1;2;0;0;0
02/10/2016;10:24:00;82;Acidente sem Vítima;530,4;BR-040/MG;Sul;Choque com objeto fixo;1;0;0;1;0;0;0;0;0;0;2;0;0;0;0
02/10/2016;10:09:00;80;Acidente sem Vítima;643,5;BR-040/MG;Sul;Colisão traseira;2;0;0;0;0;0;0;0;0;0;2;0;0;0;0
02/10/2016;09:59:00;77;Acidente com Vítima;718,5;BR-040/MG;Norte;Capotamento;1;0;0;0;0;0;0;0;0;0;0;2;0;0;0
02/10/2016;06:19:00;40;Acidente sem Vítima;0,2;BR-040/GO;Norte;Abalroamento transversal;2;0;0;0;0;0;0;0;0;0;2;0;0;0;0
02/10/2016;02:37:00;25;Acidente sem Vítima;360,5;BR-040/MG;Norte;Choque com objeto fixo;1;0;0;0;0;0;0;0;0;0;2;0;0;0;0
02/10/2016;02:35:00;24;Acidente sem Vítima;503,868;BR-040/MG;Sul;Choque em defensa;0;0;1;0;0;0;0;0;0;0;1;0;0;0;0
02/10/2016;02:21:00;23;Acidente sem Vítima;523,825;BR-040/MG;Norte;Colisão traseira;1;0;0;1;0;0;0;0;0;0;8;0;0;0;0
02/10/2016;00:35:00;5;Acidente com Vítima;580,2;BR-040/MG;Norte;Choque em defensa;1;0;0;0;0;0;0;0;0;0;0;1;0;0;0
03/10/2016;23:53:00;367;Acidente com Vítima;462,93;BR-040/MG;Norte;Colisão traseira;0;0;2;0;0;0;0;0;0;0;1;1;0;0;0
03/10/2016;21:20:00;341;Acidente sem Vítima;633,015;BR-040/MG;Sul;Abalroamento longitudinal;1;0;0;0;0;1;0;0;0;0;3;0;0;0;0
03/10/2016;19:43:00;311;Acidente sem Vítima;652,4;BR-040/MG;Norte;Choque com objeto fixo;2;0;0;0;0;0;0;0;0;0;3;0;0;0;0
03/10/2016;19:08:00;295;Acidente sem Vítima;3,2;BR-040/GO;Norte;Abalroamento longitudinal;2;0;0;0;0;0;0;0;0;0;2;0;0;0;0
03/10/2016;17:50:00;265;Acidente com Vítima;452,67;BR-040/MG;Norte;Outros;0;0;0;1;0;0;0;0;0;0;0;0;1;0;0
03/10/2016;17:24:00;254;Acidente sem Vítima;697,01;BR-040/MG;Norte;Colisão traseira;2;0;0;0;0;0;0;0;0;0;3;0;0;0;0
03/10/2016;16:40:00;239;Acidente sem Vítima;695,144;BR-040/MG;Sul;Queda de Carga;1;0;0;0;0;0;0;0;0;0;12;0;0;0;0
03/10/2016;16:00:00;228;Acidente sem Vítima;539,5;BR-040/MG;Norte;Queda de Carga;0;0;1;0;0;0;0;0;0;0;1;0;0;0;0
03/10/2016;14:05:00;198;Acidente sem Vítima;92,5;BR-040/GO;Sul;Colisão traseira;2;0;0;0;0;1;0;0;0;0;5;0;0;0;0
03/10/2016;09:47:00;135;Acidente sem Vítima;532,44;BR-040/MG;Sul;Colisão traseira;2;0;1;0;0;0;0;0;0;0;6;0;0;0;0
03/10/2016;08:33:00;110;Acidente sem Vítima;700,1;BR-040/MG;Norte;Outros;1;0;0;0;0;0;0;0;0;0;1;0;0;0;0
03/10/2016;08:21:00;106;Acidente sem Vítima;537,3;BR-040/MG;Norte;Abalroamento longitudinal;1;0;1;0;0;0;0;0;0;0;2;0;0;0;0
03/10/2016;07:55:00;92;Acidente com Vítima;26,474;BR-040/MG;Norte;Colisão frontal;0;0;0;2;0;0;0;0;0;0;0;0;5;0;0
03/10/2016;07:40:00;85;Acidente com Vítima;537,2;BR-040/MG;Norte;Colisão traseira;4;0;0;0;0;0;0;0;0;0;7;0;0;0;0
03/10/2016;07:33:00;79;Acidente sem Vítima;695,4;BR-040/MG;Norte;Colisão traseira;2;0;0;0;0;0;0;0;0;0;2;0;0;0;0
03/10/2016;07:26:00;69;Acidente sem Vítima;562,58;BR-040/MG;Sul;Choque com objeto fixo;2;0;0;0;0;0;0;0;0;0;2;0;0;0;0
03/10/2016;01:14:00;9;Acidente sem Vítima;700,15;BR-040/MG;Sul;Capotamento;1;0;0;0;0;0;0;0;0;0;2;0;0;0;0
03/10/2016;00:13:00;1;Acidente sem Vítima;535,025;BR-040/MG;Norte;Abalroamento longitudinal;2;0;0;0;0;0;0;0;0;0;2;0;0;0;0
04/10/2016;19:17:00;365;Acidente com Vítima;566,6;BR-040/MG;Sul;Queda de Carga;0;0;1;0;0;0;0;0;0;0;0;1;0;0;0
04/10/2016;19:14:00;364;Acidente sem Vítima;463,2;BR-040/MG;Norte;Queda de Carga;0;0;2;0;0;0;0;0;0;0;2;0;0;0;0
04/10/2016;19:00:00;359;Acidente sem Vítima;532,3;BR-040/MG;Norte;Colisão traseira;4;0;0;0;0;0;0;0;0;0;4;0;0;0;0
04/10/2016;18:34:00;347;Acidente sem Vítima;716,1;BR-040/MG;Norte;Choque em barreira New Jersey;1;0;0;0;0;0;0;0;0;0;1;0;0;0;0
04/10/2016;18:20:00;339;Acidente sem Vítima;514,087;BR-040/MG;Norte;Colisão traseira;1;0;0;1;0;0;0;0;0;0;2;0;0;0;0
04/10/2016;17:46:00;320;Acidente sem Vítima;514,15;BR-040/MG;Norte;Colisão traseira;1;0;0;0;0;1;0;0;0;0;6;0;0;0;0
04/10/2016;16:53:00;304;Acidente sem Vítima;577;BR-040/MG;Norte;Choque com objeto fixo;0;0;1;0;0;0;0;0;0;0;1;0;0;0;0
04/10/2016;16:12:00;292;Acidente com Vítima;462,638;BR-040/MG;Norte;Capotamento;1;0;0;0;0;0;0;0;0;0;1;2;1;0;0
04/10/2016;15:02:00;272;Acidente sem Vítima;544,9;BR-040/MG;Sul;Choque em barreira New Jersey;0;0;1;0;0;0;0;0;0;0;1;0;0;0;0
04/10/2016;14:04:00;252;Acidente sem Vítima;612,102;BR-040/MG;Sul;Colisão traseira;3;0;0;0;0;0;0;0;0;0;4;0;0;0;0
04/10/2016;13:53:00;245;Acidente sem Vítima;720,575;BR-040/MG;Norte;Colisão traseira;0;0;0;0;0;2;0;0;0;0;2;0;0;0;0
04/10/2016;11:48:00;203;Acidente sem Vítima;545;BR-040/MG;Sul;Choque com objeto fixo;0;0;1;0;0;0;0;0;0;0;3;0;0;0;0
04/10/2016;11:39:00;200;Acidente sem Vítima;695;BR-040/MG;Norte;Choque em defensa;1;0;0;0;0;0;0;0;0;0;2;0;0;0;0
04/10/2016;11:36:00;198;Acidente sem Vítima;749,2;BR-040/MG;Sul;Queda de Carga;3;0;0;0;0;0;0;0;0;0;5;0;0;0;0
04/10/2016;09:28:00;132;Acidente sem Vítima;510,258;BR-040/MG;Sul;Colisão traseira;3;0;0;1;0;0;0;0;0;0;6;0;0;0;0
04/10/2016;09:15:00;123;Acidente sem Vítima;474,594;BR-040/MG;Norte;Choque com objeto fixo;1;0;0;0;0;0;0;0;0;0;1;0;0;0;0
04/10/2016;09:06:00;116;Acidente com Vítima;524,525;BR-040/MG;Norte;Outros;0;0;0;1;0;0;0;0;0;0;1;0;1;0;0
04/10/2016;08:26:00;103;Acidente sem Vítima;461,1;BR-040/MG;Norte;Capotamento;1;0;0;0;0;0;0;0;0;0;4;0;0;0;0
04/10/2016;08:12:00;96;Acidente com Vítima;451,2;BR-040/MG;Sul;Capotamento;1;0;0;0;0;0;0;0;0;0;1;0;0;0;0
04/10/2016;08:02:00;92;Acidente sem Vítima;519,162;BR-040/MG;Norte;Queda de Carga;0;0;1;0;0;0;0;0;0;0;2;0;0;0;0
04/10/2016;07:52:00;87;Acidente com Vítima;18,5;BR-040/GO;Norte;Colisão traseira;1;0;0;0;1;0;0;0;0;0;2;2;0;0;0
04/10/2016;07:34:00;76;Acidente sem Vítima;462,105;BR-040/MG;Sul;Outros;1;0;0;0;0;0;0;0;0;0;1;0;0;0;0
04/10/2016;06:55:00;54;Acidente com Vítima;515,755;BR-040/MG;Sul;Outros;0;0;0;1;0;0;0;0;0;0;0;1;0;0;0
04/10/2016;06:21:00;42;Acidente sem Vítima;462,1;BR-040/MG;Norte;Abalroamento longitudinal;2;0;0;0;0;0;0;0;0;0;2;0;0;0;0
04/10/2016;06:10:00;36;Acidente sem Vítima;527,08;BR-040/MG;Norte;Outros;1;0;0;0;0;0;0;0;0;0;1;0;0;0;0