data;horario;n_da_ocorrencia;tipo_de_ocorrencia;km;trecho;sentido;tipo_de_acidente;automovel;bicicleta;caminhao;moto;onibus;outros;tracao_animal;transporte_de_cargas_especiais;trator_maquinas;utilitarios;ilesos;levemente_feridos;moderadamente_feridos;gravemente_feridos;mortos
04/10/2016;05:50:00;30;Acidente sem Vítima;557,484;BR-040/MG;Sul;Choque em barreira New Jersey;1;0;0;0;0;0;0;0;0;0;1;0;0;0;0
04/10/2016;05:19:00;24;Acidente sem Vítima;1,3;BR-040/DF;Sul;Choque em barreira New Jersey;1;0;0;0;0;0;0;0;0;0;1;0;0;0;0
05/10/2016;20:29:00;363;Acidente sem Vítima;64,05;BR-040/GO;Norte;Colisão traseira;1;0;0;0;0;1;0;0;0;0;2;0;0;0;0
05/10/2016;19:10:00;340;Acidente sem Vítima;725,5;BR-040/MG;Sul;Choque com objeto fixo;1;0;0;0;0;1;0;0;0;0;4;0;0;0;0
05/10/2016;18:55:00;332;Acidente sem Vítima;642,9;BR-040/MG;Sul;Colisão traseira;0;0;1;0;0;1;0;0;0;0;2;0;0;0;0
05/10/2016;18:48:00;329;Acidente com Vítima;95,8;BR-040/GO;Norte;Abalroamento transversal;2;0;0;0;0;0;0;0;0;0;3;1;0;0;0
05/10/2016;18:40:00;326;Acidente sem Vítima;528,1;BR-040/MG;Sul;Abalroamento longitudinal;0;0;0;1;1;0;0;0;0;0;49;0;0;0;0
05/10/2016;17:05:00;297;Acidente com Vítima;568,569;BR-040/MG;Norte;Outros;0;0;1;0;0;0;0;0;0;0;1;0;1;0;0
05/10/2016;17:04:00;296;Acidente sem Vítima;540,8;BR-040/MG;Norte;Abalroamento longitudinal;2;0;0;0;0;0;0;0;0;0;2;0;0;0;0
05/10/2016;14:33:00;253;Acidente sem Vítima;745,8;BR-040/MG;Sul;Abalroamento longitudinal;1;0;0;0;0;1;0;0;0;0;2;0;0;0;0
05/10/2016;13:16:00;232;Acidente com Vítima;297,759;BR-040/MG;Sul;Colisão traseira;2;0;1;0;0;0;0;0;0;0;2;1;0;0;0
05/10/2016;12:42:00;227;Acidente com Vítima;729,2;BR-040/MG;Sul;Choque com objeto fixo;0;0;0;0;0;1;0;0;0;0;1;0;1;0;0
05/10/2016;10:07:00;188;Acidente sem Vítima;528,8;BR-040/MG;Sul;Abalroamento longitudinal;2;0;0;0;0;0;0;0;0;0;2;0;0;0;0
05/10/2016;07:36:00;86;Acidente sem Vítima;539,093;BR-040/MG;Norte;Choque em barreira New Jersey;1;0;0;0;0;0;0;0;0;0;1;0;0;0;0
05/10/2016;07:22:00;74;Acidente sem Vítima;759,5;BR-040/MG;Norte;Capotamento;1;0;0;0;0;0;0;0;0;0;1;0;0;0;0
05/10/2016;02:20:00;17;Acidente com Vítima;754,583;BR-040/MG;Sul;Capotamento;2;0;0;0;0;0;0;0;0;0;3;2;1;0;0
05/10/2016;01:02:00;8;Acidente sem Vítima;503,38;BR-040/MG;Sul;Atropelamento de animal;1;0;0;0;0;0;0;0;0;0;5;0;0;0;0
06/10/2016;20:54:00;360;Acidente com Vítima;516,5;BR-040/MG;Norte;Outros;1;0;0;0;0;0;0;0;0;0;0;1;0;1;0
06/10/2016;20:30:00;356;Atropelamento sem Morte;3,9;BR-040/GO;Sul;Atropelamento de pedestre caminhando;1;0;0;0;0;0;0;0;0;0;1;0;1;0;0
06/10/2016;19:31:00;336;Acidente sem Vítima;511,6;BR-040/MG;Norte;Colisão traseira;2;0;0;0;0;0;0;0;0;0;3;0;0;0;0
06/10/2016;18:46:00;317;Atropelamento sem Morte;765,4;BR-040/MG;Sul;Atropelamento de pedestre atravessando;1;0;0;0;0;0;0;0;0;0;1;0;0;1;0
06/10/2016;18:29:00;307;Acidente com Vítima;538,2;BR-040/MG;Norte;Abalroamento longitudinal;1;0;0;1;0;0;0;0;0;0;1;2;0;0;0
06/10/2016;17:28:00;292;Acidente sem Vítima;730,012;BR-040/MG;Norte;Abalroamento longitudinal;2;0;0;0;0;0;0;0;0;0;2;0;0;0;0
06/10/2016;16:42:00;282;Acidente com Vítima;538,9;BR-040/MG;Sul;Choque com objeto fixo;1;0;0;0;0;0;0;0;0;0;0;1;0;0;0
06/10/2016;16:07:00;273;Atropelamento sem Morte;2,8;BR-040/GO;Sul;Atropelamento de pedestre atravessando;1;0;0;0;0;0;0;0;0;0;1;0;0;0;0
06/10/2016;15:00:00;253;Acidente com Vítima;532,15;BR-040/MG;Sul;Outros;0;0;1;1;0;0;0;0;0;0;1;0;1;0;0
06/10/2016;13:52:00;238;Atropelamento sem Morte;16,14;BR-040/GO;Sul;Atropelamento de pedestre atravessando;0;0;0;1;0;0;0;0;0;0;0;2;0;0;0
06/10/2016;11:19:00;208;Acidente sem Vítima;538,01;BR-040/MG;Norte;Abalroamento longitudinal;1;0;0;1;0;0;0;0;0;0;2;0;0;0;0
06/10/2016;11:09:00;204;Acidente com Vítima;727,2;BR-040/MG;Norte;Choque com objeto fixo;1;0;0;0;0;0;0;0;0;0;0;1;0;0;0
06/10/2016;10:33:00;189;Acidente sem Vítima;647,78;BR-040/MG;Sul;Choque com objeto fixo;1;0;1;0;0;0;0;0;0;0;2;0;0;0;0
06/10/2016;10:17:00;184;Acidente sem Vítima;717,44;BR-040/MG;Norte;Capotamento;1;0;0;0;0;0;0;0;0;0;2;0;0;0;0
06/10/2016;07:57:00;116;Acidente sem Vítima;594,78;BR-040/MG;Norte;Choque em defensa;1;0;0;0;0;0;0;0;0;0;2;0;0;0;0
06/10/2016;06:33:00;38;Acidente sem Vítima;369,1;BR-040/MG;Norte;Choque com objeto fixo;1;0;0;0;0;0;0;0;0;0;1;0;0;0;0
06/10/2016;05:55:00;30;Acidente com Vítima;587,8;BR-040/MG;Norte;Queda de Carga;0;0;1;0;0;0;0;0;0;0;0;2;1;0;0
07/10/2016;22:52:00;425;Acidente com Vítima;730,036;BR-040/MG;Norte;Outros;1;0;0;0;0;0;0;0;0;0;4;0;1;0;0
07/10/2016;22:42:00;421;Atropelamento sem Morte;509,7;BR-040/MG;Norte;Atropelamento de ciclista;1;1;0;0;0;0;0;0;0;0;2;0;1;0;0
07/10/2016;20:58:00;391;Acidente sem Vítima;538,3;BR-040/MG;Sul;Colisão traseira;1;0;0;0;0;2;0;0;0;0;3;0;0;0;0
07/10/2016;19:47:00;371;Acidente sem Vítima;642,86;BR-040/MG;Norte;Colisão traseira;1;0;1;0;0;0;0;0;0;0;2;0;0;0;0
07/10/2016;17:50:00;333;Acidente sem Vítima;504,2;BR-040/MG;Norte;Capotamento;1;0;0;0;0;0;0;0;0;0;1;0;0;0;0
07/10/2016;16:10:00;300;Acidente com Vítima;484,1;BR-040/MG;Norte;Abalroamento longitudinal;1;0;0;0;0;0;0;0;0;1;1;0;1;0;0
07/10/2016;15:43:00;294;Acidente sem Vítima;530,15;BR-040/MG;Sul;Colisão traseira;3;0;0;0;0;0;0;0;0;0;3;0;0;0;0
07/10/2016;15:40:00;288;Acidente sem Vítima;516,15;BR-040/MG;Norte;Colisão traseira;2;0;0;0;0;0;0;0;0;0;2;0;0;0;0
07/10/2016;15:40:00;289;Acidente sem Vítima;4,7;BR-040/DF;Sul;Capotamento;1;0;0;0;0;1;0;0;0;0;2;0;0;0;0
07/10/2016;15:06:00;270;Acidente sem Vítima;605,06;BR-040/MG;Sul;Colisão traseira;3;0;0;0;0;0;0;0;0;0;6;0;0;0;0
07/10/2016;14:37:00;266;Acidente sem Vítima;501,05;BR-040/MG;Norte;Abalroamento longitudinal;0;0;2;0;0;0;0;0;0;0;2;0;0;0;0
07/10/2016;13:57:00;253;Acidente sem Vítima;673,43;BR-040/MG;Sul;Abalroamento longitudinal;1;0;0;1;0;0;0;0;0;0;5;0;0;0;0
07/10/2016;11:35:00;215;Acidente com Vítima;7,44;BR-040/GO;Norte;Abalroamento longitudinal;1;0;0;1;0;0;0;0;0;0;2;0;1;0;0
07/10/2016;09:08:00;160;Acidente sem Vítima;542,15;BR-040/MG;Sul;Colisão traseira;3;0;0;0;0;0;0;0;0;0;3;0;0;0;0
07/10/2016;08:44:00;150;Atropelamento com Morte;436,19;BR-040/MG;Sul;Atropelamento de ciclista;1;0;0;0;0;0;0;0;0;0;1;0;0;0;1
07/10/2016;08:06:00;133;Acidente sem Vítima;93,1;BR-040/GO;Norte;Colisão traseira;2;0;0;0;0;0;0;0;0;0;2;0;0;0;0
07/10/2016;07:55:00;110;Acidente sem Vítima;0,05;BR-040/DF;Norte;Colisão traseira;2;0;0;0;0;0;0;0;0;0;3;0;0;0;0
07/10/2016;07:19:00;74;Acidente com Vítima;627,3;BR-040/MG;Sul;Colisão traseira;1;0;0;1;0;0;0;0;0;0;1;0;0;0;0
07/10/2016;07:14:00;71;Acidente sem Vítima;513,528;BR-040/MG;Sul;Colisão traseira;2;0;0;0;0;0;0;0;0;0;2;0;0;0;0
07/10/2016;06:37:00;36;Acidente com Vítima;515,15;BR-040/MG;Sul;Abalroamento longitudinal;1;0;0;1;0;0;0;0;0;0;1;1;0;0;0
07/10/2016;06:13:00;29;Acidente sem Vítima;44,1;BR-040/MG;Sul;Abalroamento longitudinal;1;0;0;1;0;0;0;0;0;0;2;0;0;0;0
07/10/2016;00:40:00;3;Acidente sem Vítima;66,5;BR-040/GO;Norte;Capotamento;1;0;0;0;0;0;0;0;0;0;1;0;0;0;0
08/10/2016;23:13:00;388;Acidente sem Vítima;9,056;BR-040/GO;Sul;Choque com objeto fixo;2;0;0;0;0;0;0;0;0;0;2;0;0;0;0
08/10/2016;20:49:00;356;Acidente com Vítima;509,3;BR-040/MG;Norte;Capotamento;1;0;0;0;0;0;0;0;0;0;4;0;1;0;0
08/10/2016;19:40:00;351;Acidente sem Vítima;538,3;BR-040/MG;Norte;Colisão traseira;2;0;0;0;0;0;0;0;0;0;2;0;0;0;0
08/10/2016;19:39:00;325;Acidente com Vítima;538,3;BR-040/MG;Norte;Colisão traseira;1;0;0;1;0;0;0;0;0;0;3;0;1;0;0
08/10/2016;19:21:00;333;Acidente sem Vítima;566,3;BR-040/MG;Sul;Colisão traseira;2;0;0;0;0;0;0;0;0;0;2;0;0;0;0
08/10/2016;19:21:00;384;Atropelamento sem Morte;566,5;BR-040/MG;Sul;Atropelamento de pedestre caminhando;1;0;0;0;0;0;0;0;0;0;1;1;0;0;0
08/10/2016;19:19:00;319;Acidente com Vítima;566,5;BR-040/MG;Sul;Choque com objeto fixo;1;0;0;0;0;0;0;0;0;0;0;0;1;0;0
08/10/2016;19:05:00;312;Acidente sem Vítima;487,4;BR-040/MG;Norte;Colisão traseira;3;0;0;0;0;0;0;0;0;0;3;0;0;0;0
08/10/2016;18:24:00;299;Acidente sem Vítima;4,027;BR-040/GO;Norte;Colisão traseira;2;0;0;0;0;0;0;0;0;0;2;0;0;0;0
08/10/2016;18:00:00;291;Acidente sem Vítima;4,027;BR-040/GO;Norte;Abalroamento longitudinal;1;0;0;1;0;0;0;0;0;0;2;0;0;0;0
08/10/2016;16:36:00;260;Acidente sem Vítima;8,8;BR-040/GO;Sul;Colisão traseira;2;0;0;0;0;0;0;0;0;0;4;0;0;0;0
08/10/2016;15:35:00;240;Acidente com Vítima;557,9;BR-040/MG;Sul;Outros;0;0;0;1;0;0;0;0;0;0;0;0;1;0;0
08/10/2016;15:34:00;239;Acidente com Vítima;733,087;BR-040/MG;Norte;Outros;0;0;0;1;0;0;0;0;0;0;0;1;0;0;0
08/10/2016;14:39:00;222;Acidente sem Vítima;592,1;BR-040/MG;Sul;Choque com objeto fixo;1;0;0;0;0;0;0;0;0;0;1;0;0;0;0
08/10/2016;14:06:00;208;Acidente com Vítima;4,125;BR-040/GO;Norte;Colisão traseira;1;0;0;1;0;1;0;0;0;0;3;1;0;0;0
08/10/2016;12:49:00;185;Acidente sem Vítima;112,065;BR-040/GO;Sul;Capotamento;1;0;0;0;0;0;0;0;0;0;4;0;0;0;0
08/10/2016;12:41:00;181;Acidente sem Vítima;571;BR-040/MG;Sul;Abalroamento transversal;2;0;0;0;0;0;0;0;0;0;2;0;0;0;0
08/10/2016;11:36:00;162;Acidente sem Vítima;686;BR-040/MG;Norte;Capotamento;1;0;0;0;0;0;0;0;0;0;2;0;0;0;0
08/10/2016;10:05:00;125;Acidente sem Vítima;594;BR-040/MG;Sul;Colisão traseira;1;0;0;1;0;0;0;0;0;0;2;0;0;0;0
08/10/2016;09:03:00;109;Acidente sem Vítima;510,15;BR-040/MG;Norte;Colisão traseira;0;0;2;0;0;0;0;0;0;0;2;0;0;0;0
08/10/2016;08:29:00;98;Acidente sem Vítima;7,9;BR-040/GO;Sul;Colisão traseira;1;0;0;1;0;0;0;0;0;0;2;0;0;0;0
08/10/2016;07:35:00;73;Acidente sem Vítima;720,4;BR-040/MG;Sul;Colisão traseira;1;0;1;0;0;0;0;0;0;0;2;0;0;0;0
08/10/2016;06:57:00;54;Acidente sem Vítima;3,034;BR-040/DF;Norte;Colisão traseira;5;0;0;0;0;0;0;0;0;0;5;0;0;0;0
08/10/2016;06:11:00;38;Acidente com Vítima;3,044;BR-040/DF;Norte;Abalroamento longitudinal;1;0;0;1;0;0;0;0;0;0;1;1;0;0;0
09/10/2016;23:49:00;348;Acidente sem Vítima;458,5;BR-040/MG;Norte;Capotamento;1;0;0;0;0;0;0;0;0;0;1;0;0;0;0
09/10/2016;19:02:00;272;Acidente sem Vítima;507,9;BR-040/MG;Sul;Colisão traseira;2;0;0;0;0;0;0;0;0;0;6;0;0;0;0
09/10/2016;18:55:00;261;Acidente sem Vítima;1,3;BR-040/GO;Norte;Colisão traseira;3;0;0;0;0;0;0;0;0;0;4;0;0;0;0
09/10/2016;18:53:00;260;Acidente sem Vítima;510,5;BR-040/MG;Sul;Colisão traseira;2;0;0;0;0;0;0;0;0;0;4;0;0;0;0
09/10/2016;18:50:00;259;Acidente sem Vítima;552,6;BR-040/MG;Norte;Colisão traseira;3;0;0;0;0;0;0;0;0;0;5;0;0;0;0
09/10/2016;18:45:00;257;Acidente sem Vítima;506,2;BR-040/MG;Sul;Colisão traseira;2;0;0;0;0;0;0;0;0;0;6;0;0;0;0
09/10/2016;16:34:00;212;Acidente com Vítima;10,3;BR-040/GO;Norte;Outros;1;0;0;0;0;0;0;0;0;0;1;1;0;0;0
09/10/2016;16:27:00;209;Acidente sem Vítima;3,181;BR-040/DF;Norte;Capotamento;2;0;0;0;0;0;0;0;0;0;2;0;0;0;0
09/10/2016;11:25:00;117;Acidente sem Vítima;688,5;BR-040/MG;Norte;Queda de Carga;0;0;1;0;0;0;0;0;0;0;1;0;0;0;0
09/10/2016;05:23:00;28;Acidente sem Vítima;524,4;BR-040/MG;Sul;Outros;1;0;0;0;0;0;0;0;0;0;1;0;0;0;0
09/10/2016;05:00:00;24;Acidente com Vítima;509,6;BR-040/MG;Sul;Capotamento;1;0;0;0;0;0;0;0;0;0;0;0;1;0;0
09/10/2016;03:30:00;18;Acidente com Vítima;640;BR-040/MG;Sul;Outros;0;0;0;0;0;1;0;0;0;0;0;1;0;0;0
10/10/2016;22:39:00;348;Acidente sem Vítima;141,8;BR-040/MG;Sul;Colisão traseira;2;0;0;0;0;0;0;0;0;0;3;0;0;0;0
10/10/2016;18:53:00;323;Acidente com Vítima;650,4;BR-040/MG;Norte;Outros;0;0;0;1;0;0;0;0;0;0;0;1;0;0;0
10/10/2016;18:44:00;307;Atropelamento com Morte;650,6;BR-040/MG;Norte;Atropelamento de pedestre atravessando;1;0;0;0;0;0;0;0;0;0;0;0;0;0;1
10/10/2016;18:33:00;302;Acidente com Vítima;5,05;BR-040/GO;Sul;Abalroamento transversal;1;0;0;1;0;1;0;0;0;0;4;1;0;0;0
10/10/2016;18:00:00;289;Acidente com Vítima;483,1;BR-040/MG;Norte;Colisão traseira;2;0;2;0;0;0;0;0;0;0;5;1;1;0;0
10/10/2016;15:15:00;256;Acidente sem Vítima;224,6;BR-040/MG;Norte;Capotamento;0;0;1;0;0;0;0;0;0;0;1;0;0;0;0
10/10/2016;14:33:00;239;Acidente sem Vítima;551,1;BR-040/MG;Sul;Colisão traseira;2;0;0;0;0;0;0;0;0;0;2;0;0;0;0
10/10/2016;14:23:00;234;Acidente com Vítima;551,1;BR-040/MG;Norte;Abalroamento longitudinal;2;0;0;0;0;0;0;0;0;0;1;2;0;0;0
10/10/2016;13:13:00;219;Acidente sem Vítima;504,1;BR-040/MG;Sul;Abalroamento longitudinal;1;0;1;0;0;0;0;0;0;0;2;0;0;0;0
10/10/2016;11:06:00;188;Acidente com Vítima;4,9;BR-040/GO;Norte;Abalroamento longitudinal;1;0;0;1;0;0;0;0;0;0;1;1;0;0;0
10/10/2016;11:01:00;185;Acidente sem Vítima;524,1;BR-040/MG;Sul;Abalroamento transversal;0;0;1;0;0;0;0;0;0;1;2;0;0;0;0
10/10/2016;09:56:00;167;Acidente sem Vítima;525,1;BR-040/MG;Norte;Colisão traseira;1;0;2;0;0;0;0;0;0;0;3;0;0;0;0
10/10/2016;06:40:00;32;Acidente sem Vítima;527,001;BR-040/MG;Sul;Colisão traseira;2;0;0;0;0;0;0;0;0;0;3;0;0;0;0
10/10/2016;06:38:00;30;Acidente com Vítima;492,1;BR-040/MG;Norte;Capotamento;1;0;0;0;0;0;0;0;0;0;0;0;0;1;0
10/10/2016;06:12:00;26;Acidente com Vítima;2,5;BR-040/DF;Norte;Abalroamento longitudinal;0;0;0;1;0;1;0;0;0;0;1;1;0;0;0
10/10/2016;05:02:00;20;Acidente com Vítima;458,9;BR-040/MG;Sul;Colisão traseira;1;0;1;0;0;0;0;0;0;0;2;0;1;0;0
10/10/2016;05:00:00;19;Acidente sem Vítima;534,5;BR-040/MG;Sul;Choque com objeto fixo;1;0;0;0;0;0;0;0;0;0;2;0;0;0;0
10/10/2016;03:56:00;9;Acidente sem Vítima;735,5;BR-040/MG;Sul;Choque com objeto fixo;1;0;0;0;0;0;0;0;0;0;1;0;0;0;0
11/10/2016;23:34:00;380;Atropelamento sem Morte;420,5;BR-040/MG;Norte;Atropelamento de pedestre atravessando;1;0;0;0;0;0;0;0;0;0;3;0;1;0;0
11/10/2016;22:59:00;368;Acidente sem Vítima;532,8;BR-040/MG;Norte;Abalroamento longitudinal;1;0;0;0;1;0;0;0;0;0;41;0;0;0;0
11/10/2016;22:07:00;357;Acidente sem Vítima;76,4;BR-040/MG;Norte;Atropelamento de animal;1;0;0;0;0;0;0;0;0;0;2;0;0;0;0
11/10/2016;18:38:00;295;Acidente sem Vítima;5,2;BR-040/GO;Norte;Colisão traseira;3;0;0;0;0;0;0;0;0;0;3;0;0;0;0
11/10/2016;17:49:00;274;Acidente sem Vítima;6,8;BR-040/GO;Sul;Colisão traseira;4;0;0;0;0;0;0;0;0;0;6;0;0;0;0
11/10/2016;15:23:00;221;Acidente sem Vítima;68,14;BR-040/GO;Sul;Colisão traseira;2;0;0;0;0;0;0;0;0;1;4;0;0;0;0
11/10/2016;13:27:00;189;Acidente com Vítima;531,1;BR-040/MG;Sul;Outros;0;0;0;1;0;0;0;0;0;0;1;1;0;0;0
11/10/2016;12:12:00;168;Acidente com Vítima;502,85;BR-040/MG;Norte;Outros;0;0;0;1;0;0;0;0;0;0;0;2;0;0;0
11/10/2016;11:38:00;161;Acidente com Vítima;2,5;BR-040/DF;Norte;Choque em defensa;1;0;0;0;0;0;0;0;0;0;0;0;0;0;0
11/10/2016;09:30:00;126;Acidente sem Vítima;7,5;BR-040/GO;Norte;Colisão traseira;1;0;0;0;0;1;0;0;0;0;3;0;0;0;0
11/10/2016;07:48:00;90;Acidente com Vítima;3,5;BR-040/GO;Norte;Outros;1;0;0;1;0;0;0;0;0;0;2;1;0;0;0
11/10/2016;06:59:00;45;Acidente sem Vítima;7,087;BR-040/GO;Sul;Colisão traseira;1;0;0;0;0;1;0;0;0;0;2;0;0;0;0
11/10/2016;06:58:00;43;Acidente sem Vítima;705,363;BR-040/MG;Norte;Choque com objeto fixo;1;0;0;0;0;0;0;0;0;0;1;0;0;0;0
11/10/2016;04:36:00;16;Acidente sem Vítima;656,29;BR-040/MG;Norte;Choque em defensa;0;0;0;0;1;0;0;0;0;0;1;0;0;0;0
12/10/2016;23:01:00;306;Acidente com Vítima;523,289;BR-040/MG;Sul;Colisão traseira;1;0;0;1;0;0;0;0;0;0;2;1;0;0;0
12/10/2016;22:41:00;301;Acidente sem Vítima;3,117;BR-040/GO;Norte;Choque em barreira New Jersey;1;0;0;0;0;0;0;0;0;0;3;0;0;0;0
12/10/2016;20:27:00;282;Acidente sem Vítima;649,3;BR-040/MG;Sul;Atropelamento de animal;1;0;0;0;0;0;0;0;0;0;4;0;0;0;0
12/10/2016;19:10:00;261;Acidente sem Vítima;7;BR-040/DF;Sul;Colisão traseira;3;0;0;0;0;0;0;0;0;0;3;0;0;0;0
12/10/2016;17:59:00;236;Acidente sem Vítima;755;BR-040/MG;Sul;Capotamento;1;0;0;0;0;0;0;0;0;0;1;0;0;0;0
12/10/2016;15:58:00;198;Acidente sem Vítima;43;BR-040/MG;Sul;Colisão traseira;1;0;0;1;0;0;0;0;0;0;3;0;0;0;0
12/10/2016;14:39:00;180;Acidente sem Vítima;246;BR-040/MG;Sul;Colisão traseira;2;0;0;0;0;0;0;0;0;0;9;0;0;0;0
12/10/2016;11:46:00;126;Acidente com Vítima;512,21;BR-040/MG;Sul;Outros;0;0;0;1;0;0;0;0;0;0;0;1;0;0;0
12/10/2016;11:11:00;117;Acidente sem Vítima;649,001;BR-040/MG;Norte;Abalroamento longitudinal;1;0;1;0;0;0;0;0;0;0;2;0;0;0;0
12/10/2016;10:35:00;106;Acidente com Vítima;512,286;BR-040/MG;Norte;Colisão traseira;2;0;0;0;0;0;0;0;0;0;2;1;0;0;0
12/10/2016;10:11:00;100;Acidente com Vítima;245,1;BR-040/MG;Sul;Abalroamento longitudinal;1;0;2;0;0;0;0;0;0;0;1;4;1;0;0
12/10/2016;09:55:00;92;Acidente sem Vítima;279;BR-040/MG;Sul;Colisão traseira;2;0;1;0;0;0;0;0;0;0;5;0;0;0;0
12/10/2016;09:36:00;86;Acidente sem Vítima;493,633;BR-040/MG;Sul;Colisão traseira;0;0;0;1;0;1;0;0;0;0;2;0;0;0;0
12/10/2016;09:18:00;83;Acidente com Vítima;490,342;BR-040/MG;Norte;Capotamento;2;0;0;0;0;0;0;0;0;0;1;0;1;0;0
12/10/2016;06:48:00;37;Acidente sem Vítima;548,264;BR-040/MG;Norte;Choque em barreira New Jersey;1;0;1;0;0;0;0;0;0;0;2;0;0;0;0
12/10/2016;06:08:00;31;Acidente sem Vítima;564,027;BR-040/MG;Sul;Capotamento;1;0;0;0;0;0;0;0;0;0;5;0;0;0;0
12/10/2016;02:23:00;18;Acidente sem Vítima;0,25;BR-040/GO;Sul;Abalroamento longitudinal;1;0;1;0;0;0;0;0;0;0;2;0;0;0;0
13/10/2016;22:36:00;451;Acidente com Morte;434,9;BR-040/MG;Norte;Colisão traseira;0;0;2;0;0;0;0;0;0;0;2;0;2;0;2
13/10/2016;20:05:00;408;Acidente sem Vítima;2,089;BR-040/GO;Sul;Abalroamento longitudinal;2;0;0;0;0;0;0;0;0;0;6;0;0;0;0
13/10/2016;19:40:00;396;Acidente sem Vítima;1,5;BR-040/DF;Sul;Colisão traseira;3;0;0;0;0;0;0;0;0;0;5;0;0;0;0
13/10/2016;17:34:00;349;Acidente sem Vítima;525,6;BR-040/MG;Norte;Colisão traseira;2;0;0;0;0;0;0;0;0;0;2;0;0;0;0
13/10/2016;17:01:00;339;Acidente sem Vítima;7,5;BR-040/GO;Norte;Colisão traseira;1;0;0;0;0;1;0;0;0;0;2;0;0;0;0
13/10/2016;13:41:00;272;Acidente com Vítima;2,3;BR-040/GO;Sul;Colisão traseira;0;0;0;1;0;1;0;0;0;0;1;1;0;0;0
13/10/2016;09:35:00;186;Acidente sem Vítima;2;BR-040/GO;Norte;Outros;0;0;0;1;0;0;0;0;0;0;1;0;0;0;0
14/10/2016;21:25:00;365;Acidente sem Vítima;634,2;BR-040/MG;Sul;Atropelamento de animal;1;0;0;0;0;0;0;0;0;0;1;0;0;0;0
14/10/2016;18:54:00;308;Acidente sem Vítima;559,8;BR-040/MG;Sul;Colisão traseira;2;0;0;0;0;0;0;0;0;0;2;0;0;0;0
14/10/2016;18:01:00;283;Acidente sem Vítima;559,5;BR-040/MG;Sul;Colisão traseira;2;0;0;0;0;0;0;0;0;0;4;0;0;0;0
14/10/2016;17:44:00;277;Acidente com Vítima;559,5;BR-040/MG;Norte;Capotamento;2;0;0;0;0;0;0;0;0;0;5;2;0;0;0
14/10/2016;17:16:00;265;Acidente com Vítima;2,6;BR-040/GO;Sul;Colisão traseira;1;0;0;1;0;0;0;0;0;0;1;1;0;0;0
14/10/2016;17:03:00;263;Acidente sem Vítima;514,2;BR-040/MG;Norte;Choque com objeto fixo;1;0;0;0;0;0;0;0;0;0;1;0;0;0;0
14/10/2016;16:49:00;259;Acidente com Vítima;640,8;BR-040/MG;Norte;Colisão traseira;1;0;0;1;0;0;0;0;0;0;1;1;0;0;0
14/10/2016;15:09:00;234;Acidente com Vítima;43,154;BR-040/GO;Sul;Colisão traseira;1;0;0;1;0;0;0;0;0;0;3;0;1;0;0
14/10/2016;13:30:00;212;Acidente sem Vítima;4,7;BR-040/GO;Norte;Colisão traseira;1;0;0;1;0;0;0;0;0;0;2;0;0;0;0
14/10/2016;11:16:00;177;Acidente sem Vítima;541,3;BR-040/MG;Norte;Capotamento;2;0;0;0;0;0;0;0;0;0;4;0;0;0;0
14/10/2016;09:58:00;158;Acidente sem Vítima;96,1;BR-040/GO;Norte;Abalroamento transversal;2;0;0;0;0;0;0;0;0;0;3;0;0;0;0
14/10/2016;09:08:00;141;Acidente sem Vítima;535,8;BR-040/MG;Norte;Abalroamento longitudinal;1;0;1;0;0;0;0;0;0;0;5;0;0;0;0
14/10/2016;08:29:00;117;Acidente sem Vítima;122,6;BR-040/MG;Norte;Atropelamento de animal;1;0;0;0;0;0;0;0;0;0;1;0;0;0;0
14/10/2016;07:24:00;75;Acidente com Vítima;710,2;BR-040/MG;Sul;Choque em barreira New Jersey;1;0;0;0;0;0;0;0;0;0;0;0;1;0;0
15/10/2016;23:49:00;330;Acidente sem Vítima;532,8;BR-040/MG;Norte;Choque em defensa;1;0;0;0;0;0;0;0;0;0;1;0;0;0;0
15/10/2016;23:24:00;324;Acidente sem Vítima;310,8;BR-040/MG;Sul;Atropelamento de animal;1;0;0;0;0;0;0;0;0;0;3;0;0;0;0
15/10/2016;21:32:00;306;Atropelamento sem Morte;1;BR-040/GO;Norte;Atropelamento de pedestre atravessando;1;0;0;0;0;0;0;0;0;0;1;0;1;0;0
15/10/2016;19:47:00;282;Acidente sem Vítima;13,5;BR-040/MG;Norte;Choque com objeto fixo;1;0;0;0;0;0;0;0;0;0;1;0;0;0;0
15/10/2016;18:13:00;239;Acidente com Vítima;524,5;BR-040/MG;Norte;Colisão traseira;1;0;0;1;0;0;0;0;0;0;4;0;1;0;0
15/10/2016;16:10:00;208;Acidente com Vítima;95,5;BR-040/GO;Norte;Colisão frontal;0;0;0;2;0;0;0;0;0;0;0;2;0;0;0
15/10/2016;14:32:00;175;Acidente sem Vítima;714,1;BR-040/MG;Norte;Colisão traseira;2;0;0;0;0;0;0;0;0;0;2;0;0;0;0
15/10/2016;14:06:00;170;Acidente sem Vítima;597,1;BR-040/MG;Sul;Choque com objeto fixo;1;0;0;0;0;0;0;0;0;0;1;0;0;0;0