data;horario;n_da_ocorrencia;tipo_de_ocorrencia;km;trecho;sentido;tipo_de_acidente;automovel;bicicleta;caminhao;moto;onibus;outros;tracao_animal;transporte_de_cargas_especiais;trator_maquinas;utilitarios;ilesos;levemente_feridos;moderadamente_feridos;gravemente_feridos;mortos
26/10/2016;07:35:00;113;Acidente sem Vítima;719,15;BR-040/MG;Sul;Abalroamento longitudinal;1;0;0;0;1;0;0;0;0;0;2;0;0;0;0
26/10/2016;07:16:00;93;Acidente com Vítima;2,7;BR-040/GO;Norte;Colisão traseira;1;0;0;1;0;0;0;0;0;0;2;0;1;0;0
26/10/2016;06:44:00;53;Acidente com Vítima;5,92;BR-040/DF;Norte;Abalroamento longitudinal;1;0;1;1;0;0;0;0;0;0;3;0;1;0;0
26/10/2016;00:47:00;6;Acidente sem Vítima;68,12;BR-040/MG;Norte;Colisão traseira;3;0;0;0;0;0;0;0;0;0;4;0;0;0;0
26/10/2016;00:19:00;2;Acidente sem Vítima;575,572;BR-040/MG;Sul;Atropelamento de animal;1;0;0;0;0;0;0;0;0;0;1;0;0;0;0
27/10/2016;22:00:00;435;Acidente sem Vítima;754,3;BR-040/MG;Sul;Capotamento;1;0;0;0;0;0;0;0;0;0;1;0;0;0;0
27/10/2016;19:29:00;379;Acidente com Vítima;517,4;BR-040/MG;Norte;Atropelamento de animal;2;0;0;0;0;0;0;0;0;0;3;0;1;0;0
27/10/2016;19:06:00;371;Acidente sem Vítima;511,5;BR-040/MG;Norte;Colisão traseira;3;0;0;0;0;0;0;0;0;0;7;0;0;0;0
27/10/2016;18:51:00;359;Acidente sem Vítima;507,3;BR-040/MG;Sul;Colisão traseira;1;0;0;0;0;1;0;0;0;0;5;0;0;0;0
27/10/2016;16:20:00;301;Acidente sem Vítima;726,85;BR-040/MG;Sul;Queda de Carga;0;0;1;0;0;0;0;0;0;0;1;0;0;0;0
27/10/2016;16:13:00;300;Acidente com Vítima;13,4;BR-040/GO;Sul;Choque com objeto fixo;2;0;0;0;0;0;0;0;0;0;1;0;1;0;0
27/10/2016;16:09:00;299;Acidente sem Vítima;528,1;BR-040/MG;Sul;Capotamento;1;0;0;0;0;0;0;0;0;0;1;0;0;0;0
27/10/2016;15:26:00;286;Acidente com Vítima;515,1;BR-040/MG;Norte;Outros;0;0;0;1;0;0;0;0;0;0;1;1;0;0;0
27/10/2016;13:45:00;259;Acidente com Morte;70,3;BR-040/GO;Norte;Choque com objeto fixo;1;0;0;0;0;0;0;0;0;0;2;0;1;0;1
27/10/2016;12:32:00;240;Acidente com Vítima;537,1;BR-040/MG;Sul;Choque em defensa;2;0;0;0;0;0;0;0;0;0;1;1;0;0;0
27/10/2016;10:06:00;198;Acidente sem Vítima;615,518;BR-040/MG;Sul;Abalroamento longitudinal;1;0;0;0;0;1;0;0;0;0;2;0;0;0;0
27/10/2016;08:43:00;174;Acidente sem Vítima;522,1;BR-040/MG;Sul;Abalroamento longitudinal;1;0;1;0;0;0;0;0;0;0;2;0;0;0;0
27/10/2016;07:00:00;84;Acidente sem Vítima;524,1;BR-040/MG;Sul;Colisão traseira;4;0;0;0;0;0;0;0;0;0;8;0;0;0;0
27/10/2016;06:48:00;65;Acidente sem Vítima;517,1;BR-040/MG;Sul;Colisão traseira;3;0;0;0;0;0;0;0;0;0;3;0;0;0;0
27/10/2016;06:44:00;58;Acidente sem Vítima;538,4;BR-040/MG;Sul;Colisão traseira;2;0;0;0;0;0;0;0;0;0;2;0;0;0;0
27/10/2016;04:12:00;35;Acidente sem Vítima;98,8;BR-040/GO;Sul;Queda de Carga;1;0;0;0;0;0;0;0;0;0;2;0;0;0;0
28/10/2016;23:36:00;414;Acidente sem Vítima;522,285;BR-040/MG;Sul;Capotamento;2;0;0;0;0;0;0;0;0;0;2;0;0;0;0
28/10/2016;19:52:00;349;Acidente sem Vítima;436,27;BR-040/MG;Norte;Capotamento;1;0;0;0;0;1;0;0;0;0;2;0;0;0;0
28/10/2016;18:41:00;323;Acidente sem Vítima;538,6;BR-040/MG;Norte;Colisão traseira;2;0;0;0;0;0;0;0;0;0;2;0;0;0;0
28/10/2016;18:30:00;319;Acidente com Vítima;6,9;BR-040/GO;Sul;Queda de Carga;1;0;2;0;0;0;0;0;0;0;2;0;0;0;0
28/10/2016;17:45:00;305;Acidente sem Vítima;538,6;BR-040/MG;Sul;Colisão traseira;2;0;0;0;0;0;0;0;0;0;4;0;0;0;0
28/10/2016;17:02:00;292;Acidente sem Vítima;537,95;BR-040/MG;Norte;Colisão traseira;2;0;0;0;0;0;0;0;0;1;3;0;0;0;0
28/10/2016;15:41:00;263;Acidente sem Vítima;1,6;BR-040/GO;Sul;Colisão traseira;3;0;0;0;0;0;0;0;0;0;8;0;0;0;0
28/10/2016;11:03:00;186;Acidente sem Vítima;524,376;BR-040/MG;Norte;Outros;1;0;0;0;0;0;0;0;0;0;2;0;0;0;0
28/10/2016;06:36:00;36;Acidente com Vítima;5;BR-040/DF;Norte;Abalroamento longitudinal;1;0;0;1;0;0;0;0;0;0;2;1;0;0;0
28/10/2016;06:34:00;33;Acidente sem Vítima;91;BR-040/MG;Norte;Abalroamento longitudinal;1;0;1;0;0;0;0;0;0;0;3;0;0;0;0
29/10/2016;20:01:00;279;Acidente com Vítima;4,5;BR-040/GO;Sul;Abalroamento longitudinal;1;1;0;0;0;0;0;0;0;0;2;1;0;0;0
29/10/2016;19:53:00;275;Acidente sem Vítima;200,5;BR-040/MG;Sul;Capotamento;1;0;0;0;0;1;0;0;0;0;2;0;0;0;0
29/10/2016;14:23:00;177;Acidente sem Vítima;1,5;BR-040/DF;Sul;Colisão traseira;2;0;0;0;0;0;0;0;0;0;3;0;0;0;0
29/10/2016;05:45:00;38;Acidente sem Vítima;1,9;BR-040/GO;Sul;Choque com objeto fixo;1;0;0;0;0;0;0;0;0;0;1;0;0;0;0
29/10/2016;05:32:00;37;Acidente sem Vítima;4;BR-040/DF;Sul;Choque em barreira New Jersey;1;0;0;0;0;0;0;0;0;0;1;0;0;0;0
29/10/2016;03:35:00;29;Acidente com Vítima;7;BR-040/GO;Sul;Capotamento;1;0;0;0;0;0;0;0;0;0;0;0;1;0;0
29/10/2016;02:52:00;24;Acidente com Vítima;701,9;BR-040/MG;Sul;Choque com objeto fixo;1;0;0;0;0;0;0;0;0;0;1;0;1;0;0
30/10/2016;23:01:00;272;Acidente sem Vítima;525,45;BR-040/MG;Norte;Abalroamento longitudinal;2;0;0;1;0;0;0;0;0;0;4;0;0;0;0
30/10/2016;22:30:00;265;Acidente sem Vítima;693,5;BR-040/MG;Sul;Colisão traseira;2;0;0;0;0;0;0;0;0;0;4;0;0;0;0
30/10/2016;21:42:00;253;Acidente sem Vítima;434,9;BR-040/MG;Norte;Colisão traseira;2;0;0;0;0;0;0;0;0;0;4;0;0;0;0
30/10/2016;18:53:00;197;Acidente sem Vítima;3,3;BR-040/GO;Norte;Colisão traseira;2;0;0;0;0;0;0;0;0;0;6;0;0;0;0
30/10/2016;18:47:00;192;Acidente com Vítima;471,085;BR-040/MG;Sul;Colisão traseira;1;0;1;0;0;0;0;0;0;0;5;0;1;0;0
30/10/2016;18:12:00;175;Acidente com Vítima;5,2;BR-040/GO;Sul;Colisão traseira;2;0;0;0;0;0;0;0;0;0;4;1;0;0;0
30/10/2016;17:17:00;151;Acidente com Vítima;720,1;BR-040/MG;Norte;Outros;0;0;0;1;0;0;0;0;0;0;0;0;2;0;0
30/10/2016;16:18:00;131;Acidente sem Vítima;4,3;BR-040/GO;Norte;Abalroamento transversal;2;0;0;1;0;0;0;0;0;0;3;0;0;0;0
30/10/2016;15:08:00;113;Acidente com Vítima;236,097;BR-040/MG;Norte;Capotamento;1;0;0;0;0;0;0;0;0;0;0;0;2;0;0
30/10/2016;13:47:00;103;Acidente sem Vítima;509,1;BR-040/MG;Norte;Outros;0;0;0;1;0;0;0;0;0;0;2;0;0;0;0
30/10/2016;09:26:00;53;Acidente sem Vítima;717,1;BR-040/MG;Norte;Choque em barreira New Jersey;1;0;0;0;0;0;0;0;0;0;1;0;0;0;0
30/10/2016;04:59:00;18;Acidente sem Vítima;12,5;BR-040/GO;Sul;Outros;1;0;0;0;0;0;0;0;0;0;2;0;0;0;0
30/10/2016;04:53:00;17;Acidente sem Vítima;708,8;BR-040/MG;Sul;Choque com objeto fixo;1;0;0;0;0;0;0;0;0;0;1;0;0;0;0
30/10/2016;01:10:00;13;Acidente sem Vítima;705,5;BR-040/MG;Norte;Choque com objeto fixo;1;0;0;0;0;0;0;0;0;0;1;0;0;0;0
31/10/2016;23:20:00;361;Acidente sem Vítima;697,5;BR-040/MG;Sul;Colisão traseira;2;0;0;0;0;0;0;0;0;0;2;0;0;0;0
31/10/2016;17:55:00;272;Acidente com Vítima;726,877;BR-040/MG;Sul;Outros;0;0;0;1;0;0;0;0;0;0;0;1;0;0;0
31/10/2016;17:41:00;271;Acidente sem Vítima;519,2;BR-040/MG;Norte;Colisão traseira;1;0;1;1;0;0;0;0;0;0;17;0;0;0;0
31/10/2016;16:31:00;254;Acidente sem Vítima;461,1;BR-040/MG;Sul;Queda de Carga;0;0;1;0;0;0;0;0;0;0;1;0;0;0;0
31/10/2016;16:05:00;250;Acidente com Vítima;434,5;BR-040/MG;Norte;Outros;1;0;0;0;0;0;0;0;0;0;0;1;0;0;0
31/10/2016;10:58:00;178;Acidente sem Vítima;572,8;BR-040/MG;Sul;Abalroamento longitudinal;0;0;3;0;0;0;0;0;0;0;3;0;0;0;0
31/10/2016;10:36:00;171;Acidente sem Vítima;761,1;BR-040/MG;Norte;Abalroamento longitudinal;2;0;0;1;0;0;0;0;0;0;3;0;0;0;0
31/10/2016;09:13:00;141;Acidente com Vítima;530;BR-040/MG;Norte;Colisão traseira;2;0;0;1;0;0;0;0;0;0;2;1;0;0;0
31/10/2016;08:55:00;137;Acidente sem Vítima;727,1;BR-040/MG;Sul;Choque em barreira New Jersey;1;0;0;0;0;0;0;0;0;0;1;0;0;0;0
31/10/2016;08:41:00;134;Acidente sem Vítima;1,001;BR-040/GO;Norte;Abalroamento transversal;2;0;0;0;0;0;0;0;0;0;2;0;0;0;0
31/10/2016;08:18:00;126;Acidente com Vítima;525,2;BR-040/MG;Sul;Colisão traseira;1;0;0;1;0;0;0;0;0;0;1;0;1;0;0
31/10/2016;08:06:00;124;Acidente com Vítima;22,12;BR-040/GO;Norte;Outros;0;0;0;1;0;0;0;0;0;0;1;1;0;0;0
31/10/2016;07:59:00;121;Acidente sem Vítima;188,5;BR-040/MG;Norte;Choque com objeto fixo;1;0;0;0;0;0;0;0;0;0;1;0;0;0;0
31/10/2016;07:01:00;58;Acidente sem Vítima;7,3;BR-040/GO;Norte;Colisão traseira;1;0;0;1;0;0;0;0;0;0;4;0;0;0;0
31/10/2016;02:58:00;14;Acidente com Vítima;676,942;BR-040/MG;Sul;Choque com objeto fixo;1;0;0;0;0;0;0;0;0;0;0;2;0;0;0
01/11/2016;21:13:00;359;Acidente sem Vítima;510,6;BR-040/MG;Norte;Colisão traseira;6;0;0;0;0;0;0;0;0;0;7;0;0;0;0
01/11/2016;18:00:00;297;Acidente sem Vítima;56,85;BR-040/MG;Sul;Abalroamento longitudinal;1;0;1;0;0;0;0;0;0;0;2;0;0;0;0
01/11/2016;15:42:00;258;Acidente sem Vítima;1,5;BR-040/GO;Sul;Abalroamento longitudinal;1;0;0;0;0;1;0;0;0;0;2;0;0;0;0
01/11/2016;13:15:00;225;Acidente com Vítima;536;BR-040/MG;Sul;Outros;0;0;0;1;0;0;0;0;0;0;0;0;0;0;0
01/11/2016;11:36:00;198;Acidente com Vítima;515;BR-040/MG;Sul;Outros;0;0;0;1;0;0;0;0;0;0;1;1;0;0;0
01/11/2016;05:15:00;27;Atropelamento sem Morte;528,5;BR-040/MG;Norte;Atropelamento de ciclista;1;1;0;0;0;0;0;0;0;0;1;0;1;0;0
02/11/2016;21:22:00;264;Acidente com Vítima;627,2;BR-040/MG;Norte;Colisão traseira;2;0;0;0;0;0;0;0;0;0;3;1;0;0;0
02/11/2016;21:16:00;262;Acidente sem Vítima;635,221;BR-040/MG;Sul;Capotamento;1;0;0;0;0;0;0;0;0;0;1;0;0;0;0
02/11/2016;18:13:00;212;Acidente com Vítima;545,46;BR-040/MG;Sul;Choque com objeto fixo;0;0;0;1;0;0;0;0;0;0;0;1;1;0;0
02/11/2016;16:09:00;174;Acidente com Vítima;507;BR-040/MG;Sul;Outros;0;0;0;1;0;0;0;0;0;0;1;0;1;0;0
02/11/2016;11:05:00;107;Acidente sem Vítima;5,3;BR-040/GO;Sul;Abalroamento longitudinal;2;0;0;0;0;0;0;0;0;0;2;0;0;0;0
02/11/2016;10:40:00;103;Acidente sem Vítima;512,8;BR-040/MG;Sul;Colisão traseira;2;0;0;0;0;0;0;0;0;0;4;0;0;0;0
02/11/2016;10:17:00;95;Acidente com Vítima;671,038;BR-040/MG;Sul;Outros;0;0;0;1;0;0;0;0;0;0;1;1;0;0;0
02/11/2016;10:13:00;92;Acidente sem Vítima;512,98;BR-040/MG;Sul;Capotamento;1;0;0;0;0;0;0;0;0;0;1;0;0;0;0
03/11/2016;19:11:00;318;Acidente sem Vítima;621,897;BR-040/MG;Norte;Outros;0;0;1;0;0;0;0;0;0;0;1;0;0;0;0
03/11/2016;17:39:00;288;Acidente com Vítima;0,3;BR-040/DF;Sul;Abalroamento longitudinal;1;0;0;1;0;0;0;0;0;0;3;1;0;0;0
03/11/2016;16:40:00;277;Acidente sem Vítima;532,5;BR-040/MG;Sul;Colisão traseira;2;0;0;0;0;0;0;0;0;0;2;0;0;0;0
03/11/2016;15:55:00;268;Acidente com Vítima;509,3;BR-040/MG;Norte;Outros;0;0;0;1;0;0;0;0;0;0;0;1;0;0;0
03/11/2016;15:38:00;259;Acidente sem Vítima;30,5;BR-040/GO;Norte;Atropelamento de animal;1;0;0;0;0;0;0;0;0;0;1;0;0;0;0
03/11/2016;15:34:00;256;Acidente com Vítima;659,5;BR-040/MG;Sul;Colisão frontal;2;0;0;0;0;0;0;0;0;0;2;0;0;0;0
03/11/2016;15:21:00;247;Acidente sem Vítima;757,1;BR-040/MG;Sul;Abalroamento longitudinal;1;0;1;0;0;0;0;0;0;0;2;0;0;0;0
03/11/2016;15:18:00;245;Acidente sem Vítima;749,1;BR-040/MG;Sul;Choque em barreira New Jersey;1;0;0;0;0;0;0;0;0;0;5;0;0;0;0
03/11/2016;13:09:00;206;Acidente sem Vítima;618,3;BR-040/MG;Norte;Choque com objeto fixo;1;0;0;0;0;0;0;0;0;0;1;0;0;0;0
03/11/2016;07:56:00;109;Acidente sem Vítima;660,503;BR-040/MG;Norte;Colisão traseira;1;0;1;0;0;0;0;0;0;0;5;0;0;0;0
03/11/2016;06:26:00;31;Acidente sem Vítima;524,9;BR-040/MG;Sul;Abalroamento longitudinal;1;0;0;0;1;0;0;0;0;0;61;0;0;0;0
03/11/2016;06:10:00;26;Acidente sem Vítima;518,1;BR-040/MG;Norte;Outros;0;0;0;1;0;0;0;0;0;0;1;1;0;0;0
04/11/2016;23:28:00;404;Acidente sem Vítima;767,916;BR-040/MG;Sul;Choque com objeto fixo;1;0;0;0;0;0;0;0;0;0;1;0;0;0;0
04/11/2016;23:27:00;405;Acidente sem Vítima;7,8;BR-040/GO;Norte;Colisão traseira;2;0;0;0;0;0;0;0;0;0;6;0;0;0;0
04/11/2016;22:44:00;386;Acidente sem Vítima;557,8;BR-040/MG;Sul;Choque em defensa;1;0;0;0;0;0;0;0;0;0;1;0;0;0;0
04/11/2016;21:37:00;371;Acidente sem Vítima;548,7;BR-040/MG;Norte;Colisão traseira;4;0;0;0;0;0;0;0;0;0;6;0;0;0;0
04/11/2016;21:11:00;366;Acidente sem Vítima;747,785;BR-040/MG;Norte;Atropelamento de animal;0;0;1;0;0;0;0;0;0;0;1;0;0;0;0
04/11/2016;20:37:00;351;Acidente com Vítima;464,9;BR-040/MG;Sul;Capotamento;2;0;1;0;0;0;0;0;0;0;1;0;3;0;0
04/11/2016;19:25:00;331;Acidente com Vítima;464,2;BR-040/MG;Sul;Queda de Carga;1;0;0;0;0;0;0;0;0;0;0;2;0;0;0
04/11/2016;19:18:00;327;Acidente com Vítima;11,8;BR-040/GO;Sul;Abalroamento longitudinal;1;0;0;1;0;0;0;0;0;0;5;2;0;0;0
04/11/2016;19:14:00;322;Acidente sem Vítima;545,17;BR-040/MG;Sul;Colisão traseira;2;0;0;0;0;0;0;0;0;0;2;0;0;0;0
04/11/2016;18:50:00;311;Acidente com Vítima;562,3;BR-040/MG;Sul;Capotamento;1;0;0;0;0;0;0;0;0;0;0;0;1;0;0
04/11/2016;18:25:00;300;Acidente sem Vítima;527,1;BR-040/MG;Sul;Colisão traseira;1;0;1;0;0;0;0;0;0;0;2;0;0;0;0
04/11/2016;18:18:00;296;Acidente sem Vítima;584,8;BR-040/MG;Norte;Choque em defensa;1;0;0;0;0;0;0;0;0;0;2;0;0;0;0
04/11/2016;18:14:00;294;Acidente sem Vítima;473,2;BR-040/MG;Norte;Choque com objeto fixo;1;0;0;0;0;0;0;0;0;0;1;0;0;0;0
04/11/2016;17:46:00;288;Acidente com Vítima;750,2;BR-040/MG;Norte;Queda de Carga;1;0;0;0;0;0;0;0;0;0;0;0;1;0;0
04/11/2016;17:44:00;287;Acidente sem Vítima;544,1;BR-040/MG;Norte;Choque com objeto fixo;1;0;0;0;0;0;0;0;0;0;1;0;0;0;0
04/11/2016;16:59:00;280;Acidente sem Vítima;711,001;BR-040/MG;Sul;Atropelamento de animal;1;0;0;0;0;0;0;0;0;0;1;0;0;0;0
04/11/2016;16:46:00;275;Acidente sem Vítima;731,3;BR-040/MG;Sul;Capotamento;1;0;0;0;0;0;0;0;0;0;2;0;0;0;0
04/11/2016;16:38:00;273;Acidente sem Vítima;2,9;BR-040/GO;Sul;Abalroamento longitudinal;2;0;0;0;0;0;0;0;0;0;2;0;0;0;0
04/11/2016;16:37:00;272;Acidente sem Vítima;493,1;BR-040/MG;Norte;Capotamento;1;0;0;0;0;0;0;0;0;0;1;0;0;0;0
04/11/2016;16:29:00;270;Acidente com Vítima;547,5;BR-040/MG;Norte;Outros;0;0;0;1;0;0;0;0;0;0;0;1;0;0;0
04/11/2016;16:14:00;267;Acidente sem Vítima;1,7;BR-040/GO;Sul;Colisão traseira;5;0;0;0;0;0;0;0;0;0;5;0;0;0;0
04/11/2016;16:09:00;263;Acidente com Vítima;606,8;BR-040/MG;Norte;Abalroamento longitudinal;1;0;1;0;0;0;0;0;0;0;2;0;1;0;0
04/11/2016;16:09:00;264;Acidente sem Vítima;515,15;BR-040/MG;Norte;Abalroamento longitudinal;1;0;1;0;0;0;0;0;0;0;3;0;0;0;0
04/11/2016;16:09:00;336;Acidente sem Vítima;515,16;BR-040/MG;Norte;Choque com objeto fixo;5;0;0;0;0;0;0;0;0;0;9;0;0;0;0
04/11/2016;15:49:00;255;Acidente sem Vítima;462,5;BR-040/MG;Sul;Capotamento;0;0;0;1;0;0;0;0;0;0;1;0;0;0;0
04/11/2016;15:42:00;250;Acidente sem Vítima;571,1;BR-040/MG;Norte;Colisão traseira;0;0;2;0;0;0;0;0;0;0;2;0;0;0;0
04/11/2016;15:02:00;233;Acidente sem Vítima;589,3;BR-040/MG;Norte;Abalroamento longitudinal;2;0;0;0;0;0;0;0;0;0;2;0;0;0;0
04/11/2016;14:53:00;231;Acidente sem Vítima;548,6;BR-040/MG;Sul;Choque com objeto fixo;0;0;1;0;0;0;0;0;0;0;2;0;0;0;0
04/11/2016;13:56:00;211;Acidente com Vítima;556,1;BR-040/MG;Sul;Colisão traseira;2;0;0;0;0;0;0;0;0;0;2;0;2;0;0
04/11/2016;13:29:00;202;Acidente sem Vítima;545,1;BR-040/MG;Sul;Capotamento;1;0;0;0;0;0;0;0;0;0;1;0;0;0;0
04/11/2016;08:55:00;136;Acidente com Vítima;708,5;BR-040/MG;Norte;Atropelamento de animal;0;0;0;1;0;0;0;0;0;0;1;1;0;0;0
04/11/2016;06:54:00;62;Acidente sem Vítima;728,9;BR-040/MG;Sul;Colisão traseira;2;0;0;0;0;0;0;0;0;0;2;0;0;0;0
04/11/2016;06:51:00;59;Acidente sem Vítima;2,1;BR-040/DF;Sul;Colisão traseira;1;0;1;0;0;0;0;0;0;0;2;0;0;0;0
04/11/2016;05:43:00;34;Acidente sem Vítima;462,6;BR-040/MG;Sul;Abalroamento longitudinal;1;0;1;0;0;0;0;0;0;0;5;0;0;0;0
05/11/2016;21:33:00;292;Acidente sem Vítima;2,5;BR-040/GO;Sul;Colisão traseira;1;0;0;1;0;0;0;0;0;0;2;0;0;0;0
05/11/2016;20:58:00;289;Acidente com Vítima;233,5;BR-040/MG;Norte;Capotamento;1;0;0;0;0;0;0;0;0;0;1;0;1;0;0
05/11/2016;20:19:00;278;Acidente sem Vítima;664,2;BR-040/MG;Norte;Choque com objeto fixo;1;0;0;0;0;0;0;0;0;0;1;0;0;0;0
05/11/2016;19:29:00;261;Acidente sem Vítima;754,2;BR-040/MG;Sul;Choque com objeto fixo;1;0;0;0;0;0;0;0;0;0;1;0;0;0;0
05/11/2016;15:24:00;199;Acidente sem Vítima;673;BR-040/MG;Sul;Colisão traseira;1;0;1;0;0;0;0;0;0;0;5;0;0;0;0
05/11/2016;14:54:00;192;Acidente com Vítima;638,659;BR-040/MG;Norte;Choque com objeto fixo;1;0;0;0;0;0;0;0;0;0;3;1;0;0;0
05/11/2016;12:45:00;166;Acidente com Vítima;2,9;BR-040/GO;Norte;Abalroamento transversal;1;0;0;1;0;0;0;0;0;0;1;0;0;0;0
05/11/2016;12:12:00;154;Acidente com Vítima;13,8;BR-040/GO;Sul;Capotamento;1;0;0;0;0;0;0;0;0;0;1;0;0;0;0
05/11/2016;11:56:00;147;Acidente com Vítima;4,095;BR-040/GO;Sul;Abalroamento longitudinal;0;0;0;2;0;0;0;0;0;0;0;2;0;0;0
05/11/2016;11:40:00;143;Acidente com Vítima;74,5;BR-040/GO;Sul;Colisão traseira;2;0;0;0;0;0;0;0;0;0;2;3;0;0;0
05/11/2016;11:16:00;136;Acidente sem Vítima;716,95;BR-040/MG;Norte;Choque em defensa;1;0;0;0;0;0;0;0;0;0;1;0;0;0;0
05/11/2016;09:30:00;107;Acidente sem Vítima;527,18;BR-040/MG;Norte;Outros;0;0;0;1;0;0;0;0;0;0;1;0;0;0;0
05/11/2016;09:22:00;102;Acidente sem Vítima;9;BR-040/GO;Norte;Choque com objeto fixo;1;0;0;1;0;0;0;0;0;0;2;0;0;0;0
05/11/2016;05:20:00;27;Acidente sem Vítima;432,85;BR-040/MG;Norte;Capotamento;1;0;0;0;0;0;0;0;0;0;3;0;0;0;0
05/11/2016;03:15:00;16;Acidente sem Vítima;559,6;BR-040/MG;Sul;Choque com objeto fixo;1;0;0;0;0;0;0;0;0;0;1;0;0;0;0
05/11/2016;00:49:00;3;Acidente sem Vítima;554,6;BR-040/MG;Norte;Colisão traseira;0;0;1;0;1;0;0;0;0;0;2;0;0;0;0
06/11/2016;23:34:00;262;Acidente sem Vítima;133,85;BR-040/MG;Sul;Atropelamento de animal;0;0;1;0;0;0;0;0;0;0;1;0;0;0;0
06/11/2016;18:07:00;196;Acidente com Vítima;9,8;BR-040/GO;Norte;Colisão traseira;2;0;0;0;0;0;0;0;0;0;4;0;1;0;0
06/11/2016;17:10:00;181;Acidente sem Vítima;515,3;BR-040/MG;Sul;Colisão traseira;2;0;0;0;0;0;0;0;0;0;4;0;0;0;0
06/11/2016;16:50:00;172;Acidente com Vítima;95,001;BR-040/GO;Sul;Abalroamento transversal;1;0;0;0;0;0;0;0;0;1;14;5;0;0;0
06/11/2016;16:41:00;166;Acidente com Vítima;40,5;BR-040/GO;Norte;Capotamento;1;0;0;0;0;0;0;0;0;0;1;1;0;0;0
06/11/2016;14:18:00;127;Acidente sem Vítima;611,5;BR-040/MG;Norte;Abalroamento longitudinal;1;0;1;0;0;0;0;0;0;0;2;0;0;0;0
06/11/2016;13:53:00;118;Acidente sem Vítima;455;BR-040/MG;Sul;Outros;0;0;0;1;0;0;0;0;0;0;1;0;0;0;0
06/11/2016;11:42:00;94;Acidente com Vítima;9,047;BR-040/GO;Norte;Abalroamento longitudinal;1;0;0;1;0;0;0;0;0;0;1;0;2;0;0
06/11/2016;06:34:00;40;Acidente sem Vítima;671,3;BR-040/MG;Norte;Choque em defensa;1;0;0;0;0;0;0;0;0;0;2;0;0;0;0
06/11/2016;04:35:00;29;Acidente sem Vítima;562,6;BR-040/MG;Sul;Outros;1;0;0;0;0;0;0;0;0;0;1;0;0;0;0
06/11/2016;04:06:00;26;Acidente sem Vítima;562,3;BR-040/MG;Sul;Choque com objeto fixo;0;0;0;0;0;0;0;0;0;1;15;0;0;0;0
06/11/2016;02:13:00;18;Acidente sem Vítima;12,2;BR-040/GO;Norte;Choque com objeto fixo;1;0;0;0;0;0;0;0;0;0;1;0;0;0;0
06/11/2016;01:17:00;10;Acidente sem Vítima;533;BR-040/MG;Norte;Abalroamento longitudinal;2;0;0;0;0;0;0;0;0;0;2;0;0;0;0
07/11/2016;22:37:00;372;Acidente sem Vítima;621,75;BR-040/MG;Norte;Atropelamento de animal;1;0;0;0;0;0;0;0;0;0;3;0;0;0;0
07/11/2016;21:40:00;360;Acidente sem Vítima;768,9;BR-040/MG;Sul;Choque com objeto fixo;1;0;0;0;0;0;0;0;0;0;1;0;0;0;0
07/11/2016;18:10:00;298;Acidente com Vítima;1,2;BR-040/GO;Sul;Abalroamento longitudinal;2;0;0;1;0;0;0;0;0;0;2;1;1;0;0
07/11/2016;17:28:00;282;Acidente sem Vítima;525,249;BR-040/MG;Norte;Colisão traseira;2;0;0;1;0;0;0;0;0;0;3;0;0;0;0
07/11/2016;17:21:00;280;Acidente com Vítima;445,15;BR-040/MG;Sul;Capotamento;0;0;0;0;0;0;0;0;0;1;1;0;1;0;0
07/11/2016;15:17:00;248;Acidente sem Vítima;594,5;BR-040/MG;Norte;Choque em barreira New Jersey;1;0;0;0;0;0;0;0;0;0;1;0;0;0;0
07/11/2016;14:17:00;227;Acidente sem Vítima;523,6;BR-040/MG;Sul;Abalroamento longitudinal;1;0;1;0;0;0;0;0;0;0;2;0;0;0;0
07/11/2016;12:30:00;197;Atropelamento sem Morte;0,3;BR-040/GO;Norte;Atropelamento de pedestre atravessando;0;0;0;1;0;0;0;0;0;0;0;2;0;0;0
07/11/2016;12:14:00;191;Acidente sem Vítima;525,4;BR-040/MG;Sul;Outros;0;0;0;1;0;0;0;0;0;0;1;0;0;0;0
07/11/2016;11:20:00;181;Acidente sem Vítima;596,5;BR-040/MG;Norte;Colisão traseira;2;0;0;0;0;0;0;0;0;0;5;0;0;0;0
07/11/2016;09:04:00;141;Acidente sem Vítima;599,001;BR-040/MG;Sul;Queda de Carga;0;0;1;0;0;0;0;0;0;0;1;0;0;0;0
07/11/2016;08:59:00;138;Acidente sem Vítima;299,1;BR-040/MG;Sul;Choque com objeto fixo;1;0;0;0;0;0;0;0;0;0;2;0;0;0;0
07/11/2016;08:34:00;131;Acidente sem Vítima;8,1;BR-040/DF;Sul;Outros;0;0;0;1;0;0;0;0;0;0;1;0;0;0;0
07/11/2016;08:31:00;130;Acidente com Vítima;299,8;BR-040/MG;Sul;Capotamento;1;0;0;0;0;0;0;0;0;0;0;0;0;0;0
07/11/2016;08:05:00;115;Acidente com Vítima;634,05;BR-040/MG;Norte;Abalroamento longitudinal;1;0;0;1;0;0;0;0;0;0;1;1;0;0;0
07/11/2016;07:20:00;84;Acidente sem Vítima;518,01;BR-040/MG;Sul;Abalroamento longitudinal;1;0;0;1;0;0;0;0;0;0;2;0;0;0;0