data;horario;n_da_ocorrencia;tipo_de_ocorrencia;km;trecho;sentido;tipo_de_acidente;automovel;bicicleta;caminhao;moto;onibus;outros;tracao_animal;transporte_de_cargas_especiais;trator_maquinas;utilitarios;ilesos;levemente_feridos;moderadamente_feridos;gravemente_feridos;mortos
07/11/2016;06:32:00;30;Acidente sem Vítima;464,376;BR-040/MG;Norte;Capotamento;0;0;1;0;0;0;0;0;0;0;1;0;0;0;0
07/11/2016;04:17:00;19;Acidente sem Vítima;461,6;BR-040/MG;Norte;Outros;0;0;0;1;0;0;0;0;0;0;1;0;0;0;0
07/11/2016;02:23:00;8;Acidente com Vítima;588,977;BR-040/MG;Norte;Queda de Carga;0;0;1;0;0;0;0;0;0;0;1;1;0;0;0
07/11/2016;00:56:00;6;Acidente com Vítima;543,7;BR-040/MG;Sul;Choque em barreira New Jersey;1;0;0;0;0;0;0;0;0;0;0;3;0;0;0
07/11/2016;00:33:00;5;Acidente sem Vítima;703,315;BR-040/MG;Sul;Atropelamento de animal;1;0;0;0;0;0;0;0;0;0;1;0;0;0;0
08/11/2016;21:21:00;433;Acidente sem Vítima;405,5;BR-040/MG;Norte;Colisão traseira;1;0;1;0;0;0;0;0;0;0;6;0;0;0;0
08/11/2016;21:02:00;429;Acidente sem Vítima;648,5;BR-040/MG;Norte;Choque com objeto fixo;1;0;0;0;0;0;0;0;0;0;1;0;0;0;0
08/11/2016;20:55:00;424;Acidente sem Vítima;749,9;BR-040/MG;Norte;Choque com objeto fixo;1;0;0;0;0;0;0;0;0;0;1;0;0;0;0
08/11/2016;20:43:00;419;Atropelamento sem Morte;712,49;BR-040/MG;Norte;Atropelamento de ciclista;1;1;0;0;0;0;0;0;0;0;1;0;1;0;0
08/11/2016;20:03:00;409;Acidente sem Vítima;155;BR-040/GO;Sul;Atropelamento de animal;1;0;0;0;0;0;0;0;0;0;1;0;0;0;0
08/11/2016;19:54:00;406;Atropelamento sem Morte;1,95;BR-040/GO;Sul;Atropelamento de pedestre atravessando;0;0;0;1;0;0;0;0;0;0;1;1;0;0;0
08/11/2016;18:43:00;382;Acidente sem Vítima;8,2;BR-040/DF;Norte;Choque com objeto fixo;1;0;0;0;0;0;0;0;0;0;2;0;0;0;0
08/11/2016;18:28:00;372;Acidente sem Vítima;771,7;BR-040/MG;Norte;Capotamento;1;0;0;0;0;0;0;0;0;0;1;0;0;0;0
08/11/2016;18:22:00;369;Acidente com Vítima;5,05;BR-040/GO;Sul;Colisão traseira;1;0;0;1;0;0;0;0;0;0;1;2;0;0;0
08/11/2016;17:06:00;350;Acidente sem Vítima;728,7;BR-040/MG;Sul;Choque em barreira New Jersey;0;0;0;1;0;0;0;0;0;0;1;0;0;0;0
08/11/2016;16:56:00;343;Acidente sem Vítima;509,15;BR-040/MG;Sul;Colisão traseira;1;0;1;0;0;0;0;0;0;0;2;0;0;0;0
08/11/2016;16:26:00;334;Acidente sem Vítima;697,5;BR-040/MG;Sul;Capotamento;1;0;0;0;0;0;0;0;0;0;1;0;0;0;0
08/11/2016;16:15:00;330;Acidente sem Vítima;768,3;BR-040/MG;Norte;Choque com objeto fixo;1;0;0;0;0;0;0;0;0;0;3;0;0;0;0
08/11/2016;16:10:00;328;Acidente com Vítima;543,2;BR-040/MG;Norte;Outros;0;0;0;1;0;0;0;0;0;0;1;0;0;0;0
08/11/2016;16:00:00;323;Acidente com Vítima;606,38;BR-040/MG;Norte;Colisão traseira;2;0;1;1;0;1;0;0;0;0;6;0;2;0;0
08/11/2016;15:39:00;316;Acidente com Vítima;44,1;BR-040/MG;Norte;Abalroamento longitudinal;0;0;1;1;0;0;0;0;0;0;1;0;1;0;0
08/11/2016;14:50:00;304;Acidente sem Vítima;547,6;BR-040/MG;Norte;Choque com objeto fixo;1;0;0;0;0;0;0;0;0;0;1;0;0;0;0
08/11/2016;14:23:00;299;Acidente sem Vítima;713,5;BR-040/MG;Norte;Abalroamento longitudinal;1;0;1;0;0;0;0;0;0;0;2;0;0;0;0
08/11/2016;13:49:00;292;Acidente sem Vítima;505,5;BR-040/MG;Sul;Choque em defensa;1;0;0;0;0;0;0;0;0;0;1;0;0;0;0
08/11/2016;13:44:00;289;Acidente com Vítima;519,5;BR-040/MG;Norte;Outros;0;0;0;1;0;1;0;0;0;0;1;2;0;0;0
08/11/2016;13:15:00;280;Acidente com Vítima;566,845;BR-040/MG;Norte;Abalroamento longitudinal;2;0;0;0;0;0;0;0;0;0;2;2;0;0;0
08/11/2016;11:18:00;246;Acidente com Vítima;19,1;BR-040/GO;Norte;Outros;0;0;0;1;0;0;0;0;0;0;0;2;0;0;0
08/11/2016;10:54:00;239;Acidente sem Vítima;554,251;BR-040/MG;Sul;Colisão traseira;1;0;0;0;0;1;0;0;0;0;2;0;0;0;0
08/11/2016;10:22:00;229;Atropelamento sem Morte;697,5;BR-040/MG;Norte;Atropelamento de pedestre atravessando;0;0;1;0;0;0;0;0;0;0;1;0;1;0;0
08/11/2016;10:21:00;228;Acidente sem Vítima;0,03;BR-040/GO;Sul;Abalroamento longitudinal;1;0;1;0;0;0;0;0;0;0;2;0;0;0;0
08/11/2016;08:39:00;194;Acidente sem Vítima;527,15;BR-040/MG;Sul;Colisão traseira;1;0;1;0;0;0;0;0;0;0;2;0;0;0;0
08/11/2016;08:30:00;184;Acidente sem Vítima;613,755;BR-040/MG;Sul;Abalroamento transversal;0;0;1;0;1;0;0;0;0;0;29;0;0;0;0
08/11/2016;06:38:00;83;Acidente sem Vítima;6,1;BR-040/DF;Norte;Abalroamento longitudinal;1;0;0;1;0;0;0;0;0;0;2;0;0;0;0
08/11/2016;05:58:00;71;Acidente com Vítima;0,8;BR-040/GO;Norte;Choque com objeto fixo;1;0;0;0;0;0;0;0;0;0;0;0;2;0;0
08/11/2016;04:16:00;57;Acidente sem Vítima;535,5;BR-040/MG;Norte;Colisão traseira;0;0;2;0;0;0;0;0;0;0;2;0;0;0;0
08/11/2016;02:43:00;31;Acidente sem Vítima;539,3;BR-040/MG;Norte;Choque em barreira New Jersey;1;0;0;0;0;0;0;0;0;0;2;0;0;0;0
08/11/2016;02:05:00;25;Acidente sem Vítima;526,1;BR-040/MG;Sul;Outros;0;0;0;1;0;0;0;0;0;0;1;0;0;0;0
08/11/2016;01:26:00;18;Acidente sem Vítima;526,1;BR-040/MG;Norte;Choque em barreira New Jersey;0;0;0;0;1;0;0;0;0;0;5;0;0;0;0
09/11/2016;18:53:00;365;Acidente com Vítima;667,9;BR-040/MG;Norte;Abalroamento longitudinal;0;0;0;1;0;1;0;0;0;0;1;2;0;0;0
09/11/2016;17:57:00;343;Acidente sem Vítima;614,2;BR-040/MG;Norte;Outros;2;0;1;0;0;0;0;0;0;0;3;0;0;0;0
09/11/2016;17:48:00;335;Acidente sem Vítima;513,05;BR-040/MG;Norte;Colisão traseira;2;0;0;0;0;0;0;0;0;0;2;0;0;0;0
09/11/2016;13:50:00;262;Acidente sem Vítima;651;BR-040/MG;Sul;Queda de Carga;0;0;1;0;0;0;0;0;0;0;1;0;0;0;0
09/11/2016;09:32:00;180;Acidente com Vítima;3,25;BR-040/DF;Norte;Abalroamento transversal;1;0;0;1;0;0;0;0;0;0;1;1;0;0;0
10/11/2016;21:48:00;430;Acidente com Vítima;535,2;BR-040/MG;Norte;Colisão traseira;2;0;0;1;0;0;0;0;0;0;2;1;0;0;0
10/11/2016;19:50:00;393;Acidente sem Vítima;74,4;BR-040/GO;Sul;Abalroamento longitudinal;1;0;1;0;0;0;0;0;0;0;2;0;0;0;0
10/11/2016;19:20:00;386;Acidente sem Vítima;562,7;BR-040/MG;Norte;Choque em barreira New Jersey;2;0;0;0;0;0;0;0;0;0;4;0;0;0;0
10/11/2016;18:57:00;378;Acidente com Vítima;74,4;BR-040/GO;Norte;Capotamento;1;0;0;0;0;0;0;0;0;0;0;1;0;0;0
10/11/2016;18:48:00;374;Acidente sem Vítima;700,053;BR-040/MG;Sul;Colisão traseira;1;0;1;0;0;1;0;0;0;0;3;0;0;0;0
10/11/2016;17:59:00;362;Acidente sem Vítima;608,2;BR-040/MG;Sul;Colisão traseira;2;0;1;0;0;0;0;0;0;0;9;0;0;0;0
10/11/2016;15:41:00;319;Acidente sem Vítima;1,133;BR-040/GO;Norte;Colisão traseira;2;0;0;0;0;0;0;0;0;0;8;0;0;0;0
10/11/2016;15:35:00;316;Acidente sem Vítima;716,918;BR-040/MG;Norte;Capotamento;2;0;0;0;0;0;0;0;0;0;3;0;0;0;0
10/11/2016;14:26:00;298;Acidente sem Vítima;8,2;BR-040/DF;Sul;Choque com objeto fixo;1;0;0;0;0;0;0;0;0;0;2;0;0;0;0
10/11/2016;12:56:00;258;Acidente sem Vítima;749,6;BR-040/MG;Norte;Queda de Carga;0;0;1;0;0;0;0;0;0;0;1;0;0;0;0
10/11/2016;12:12:00;249;Acidente com Vítima;461,2;BR-040/MG;Norte;Abalroamento transversal;1;0;1;0;0;0;0;0;0;0;3;1;0;0;0
10/11/2016;09:07:00;171;Acidente sem Vítima;1,5;BR-040/GO;Sul;Abalroamento longitudinal;2;0;0;0;0;0;0;0;0;0;2;0;0;0;0
10/11/2016;09:02:00;169;Acidente sem Vítima;463,6;BR-040/MG;Norte;Outros;1;0;0;0;0;0;0;0;0;0;1;0;0;0;0
10/11/2016;08:28:00;144;Acidente sem Vítima;245,6;BR-040/MG;Sul;Choque em veículo parado na pista;0;0;2;0;0;0;0;0;0;0;2;0;0;0;0
10/11/2016;07:57:00;134;Acidente sem Vítima;143,63;BR-040/GO;Norte;Atropelamento de animal;1;0;0;0;0;0;0;0;0;0;3;0;0;0;0
10/11/2016;07:45:00;126;Acidente sem Vítima;143,63;BR-040/GO;Norte;Atropelamento de animal;0;0;0;1;0;0;0;0;0;0;1;0;0;0;0
10/11/2016;07:00:00;85;Acidente sem Vítima;508,8;BR-040/MG;Norte;Outros;0;0;1;0;0;0;0;0;0;0;1;0;0;0;0
10/11/2016;06:35:00;61;Acidente sem Vítima;469,7;BR-040/MG;Norte;Outros;1;0;0;0;0;0;0;0;0;0;1;0;0;0;0
10/11/2016;06:05:00;54;Acidente com Vítima;469,7;BR-040/MG;Norte;Queda de Carga;0;0;1;0;0;0;0;0;0;0;1;0;1;0;0
10/11/2016;05:44:00;49;Acidente sem Vítima;607,4;BR-040/MG;Norte;Colisão traseira;0;0;1;0;0;2;0;0;0;0;3;0;0;0;0
10/11/2016;04:43:00;45;Acidente sem Vítima;696;BR-040/MG;Norte;Colisão traseira;1;0;1;0;0;0;0;0;0;0;2;0;0;0;0
10/11/2016;01:13:00;16;Atropelamento sem Morte;700;BR-040/MG;Norte;Atropelamento de ciclista;0;1;0;1;0;0;0;0;0;0;1;0;1;0;0
10/11/2016;00:33:00;7;Acidente com Vítima;142,5;BR-040/GO;Norte;Capotamento;1;0;0;0;0;0;0;0;0;0;1;1;0;0;0
11/11/2016;23:36:00;432;Acidente sem Vítima;674,374;BR-040/MG;Norte;Choque com objeto fixo;1;0;0;0;0;0;0;0;0;0;1;0;0;0;0
11/11/2016;23:20:00;427;Acidente sem Vítima;530,5;BR-040/MG;Sul;Choque com objeto fixo;1;0;0;0;0;0;0;0;0;0;1;0;0;0;0
11/11/2016;21:32:00;402;Acidente com Vítima;699,24;BR-040/MG;Sul;Atropelamento de animal;1;0;0;0;0;0;0;0;0;0;1;0;1;0;0
11/11/2016;19:10:00;346;Acidente com Vítima;42,7;BR-040/GO;Sul;Capotamento;1;0;0;0;0;0;0;0;0;0;1;2;0;0;0
11/11/2016;18:34:00;330;Acidente sem Vítima;510,5;BR-040/MG;Norte;Outros;1;0;0;0;0;0;0;0;0;0;1;0;0;0;0
11/11/2016;18:14:00;320;Acidente sem Vítima;512,6;BR-040/MG;Norte;Colisão traseira;2;0;0;0;0;0;0;0;0;0;5;0;0;0;0
11/11/2016;17:40:00;305;Acidente sem Vítima;566,1;BR-040/MG;Norte;Queda de Carga;0;0;0;0;0;0;0;0;0;0;0;0;0;0;0
11/11/2016;17:30:00;300;Acidente sem Vítima;8,4;BR-040/GO;Norte;Abalroamento longitudinal;1;0;0;0;0;1;0;0;0;0;3;0;0;0;0
11/11/2016;16:57:00;295;Acidente sem Vítima;536,7;BR-040/MG;Norte;Colisão traseira;2;0;0;0;0;0;0;0;0;0;2;0;0;0;0
11/11/2016;16:34:00;288;Acidente sem Vítima;222,05;BR-040/MG;Norte;Choque com objeto fixo;1;0;0;0;0;0;0;0;0;0;2;0;0;0;0
11/11/2016;15:16:00;266;Acidente sem Vítima;594,5;BR-040/MG;Sul;Colisão traseira;3;0;1;0;0;0;0;0;0;0;4;0;0;0;0
11/11/2016;15:03:00;261;Acidente com Vítima;535,7;BR-040/MG;Sul;Colisão traseira;1;0;0;1;0;0;0;0;0;0;1;0;1;0;0
11/11/2016;14:39:00;254;Acidente sem Vítima;730,15;BR-040/MG;Sul;Choque com objeto fixo;2;0;0;0;0;0;0;0;0;0;2;0;0;0;0
11/11/2016;14:14:00;242;Acidente com Vítima;755,5;BR-040/MG;Sul;Outros;1;0;0;0;0;0;0;0;0;0;0;1;0;0;0
11/11/2016;13:21:00;227;Acidente sem Vítima;729,2;BR-040/MG;Sul;Choque em barreira New Jersey;1;0;0;0;0;0;0;0;0;0;1;0;0;0;0
11/11/2016;13:18:00;226;Acidente sem Vítima;729,15;BR-040/MG;Norte;Choque com objeto fixo;2;0;0;0;0;0;0;0;0;0;4;0;0;0;0
11/11/2016;10:49:00;189;Acidente sem Vítima;451,1;BR-040/MG;Norte;Colisão traseira;2;0;0;0;0;0;0;0;0;0;2;0;0;0;0
11/11/2016;09:53:00;177;Acidente com Vítima;1,5;BR-040/DF;Norte;Abalroamento longitudinal;1;0;0;1;0;1;0;0;0;0;4;0;0;0;0
11/11/2016;09:22:00;159;Acidente sem Vítima;275,4;BR-040/MG;Norte;Colisão traseira;1;0;0;0;1;0;0;0;0;0;2;0;0;0;0
11/11/2016;09:12:00;155;Acidente sem Vítima;621,4;BR-040/MG;Sul;Colisão traseira;2;0;0;0;0;0;0;0;0;0;2;0;0;0;0
11/11/2016;08:27:00;136;Atropelamento sem Morte;6,2;BR-040/DF;Norte;Atropelamento de pedestre atravessando;1;0;0;0;0;0;0;0;0;0;1;0;1;0;0
11/11/2016;07:47:00;92;Acidente com Morte;4,285;BR-040/DF;Norte;Abalroamento longitudinal;0;0;1;1;0;0;0;0;0;0;2;0;0;1;1
11/11/2016;07:25:00;67;Acidente com Vítima;764,2;BR-040/MG;Norte;Outros;1;0;0;0;0;0;0;0;0;0;0;1;1;0;0
11/11/2016;06:21:00;41;Acidente com Vítima;555,1;BR-040/MG;Sul;Outros;0;0;0;0;0;0;0;0;0;0;0;1;0;0;0
11/11/2016;06:15:00;37;Acidente sem Vítima;705,15;BR-040/MG;Norte;Choque com objeto fixo;1;0;0;0;0;0;0;0;0;0;1;0;0;0;0
11/11/2016;04:19:00;21;Acidente sem Vítima;550,1;BR-040/MG;Norte;Capotamento;1;0;0;0;0;0;0;0;0;0;2;0;0;0;0
11/11/2016;00:18:00;3;Acidente sem Vítima;66,2;BR-040/MG;Norte;Atropelamento de animal;1;0;0;0;0;0;0;0;0;0;3;0;0;0;0
12/11/2016;21:45:00;382;Atropelamento sem Morte;95,2;BR-040/GO;Sul;Atropelamento de pedestre atravessando;1;0;0;0;0;0;0;0;0;0;1;0;0;0;0
12/11/2016;21:23:00;374;Acidente sem Vítima;32,15;BR-040/GO;Norte;Abalroamento longitudinal;2;0;0;0;0;0;0;0;0;0;6;0;0;0;0
12/11/2016;21:03:00;371;Acidente com Vítima;24,5;BR-040/GO;Norte;Choque com objeto fixo;1;0;0;0;0;0;0;0;0;0;1;0;0;0;0
12/11/2016;19:44:00;342;Acidente sem Vítima;667,5;BR-040/MG;Sul;Colisão traseira;2;0;0;0;0;0;0;0;0;0;2;0;0;0;0
12/11/2016;19:08:00;334;Acidente sem Vítima;731,9;BR-040/MG;Sul;Choque com objeto fixo;1;0;0;0;0;0;0;0;0;0;1;0;0;0;0
12/11/2016;18:43:00;325;Acidente sem Vítima;563,12;BR-040/MG;Sul;Abalroamento longitudinal;1;0;0;0;0;0;0;0;0;1;13;0;0;0;0
12/11/2016;17:58:00;312;Acidente com Vítima;728,6;BR-040/MG;Sul;Abalroamento longitudinal;3;0;0;0;0;0;0;0;0;0;2;0;1;0;0
12/11/2016;17:54:00;311;Acidente sem Vítima;469,1;BR-040/MG;Sul;Queda de Carga;0;0;1;0;0;0;0;0;0;0;1;0;0;0;0
12/11/2016;16:59:00;290;Atropelamento sem Morte;11,5;BR-040/GO;Sul;Atropelamento de pedestre atravessando;1;0;0;0;0;0;0;0;0;0;2;0;0;0;0
12/11/2016;16:46:00;287;Acidente com Vítima;471,1;BR-040/MG;Norte;Capotamento;1;0;0;0;0;0;0;0;0;0;0;0;0;0;0
12/11/2016;16:33:00;282;Acidente sem Vítima;469,1;BR-040/MG;Norte;Outros;0;0;0;1;0;0;0;0;0;0;1;0;0;0;0
12/11/2016;15:53:00;276;Acidente com Vítima;647,1;BR-040/MG;Norte;Choque com objeto fixo;1;0;0;0;0;0;0;0;0;0;0;0;1;0;0
12/11/2016;15:52:00;275;Acidente sem Vítima;464,3;BR-040/MG;Sul;Queda de Carga;0;0;1;0;0;0;0;0;0;0;1;0;0;0;0
12/11/2016;15:34:00;273;Acidente sem Vítima;511,2;BR-040/MG;Norte;Colisão traseira;2;0;0;0;0;0;0;0;0;0;4;0;0;0;0
12/11/2016;15:30:00;272;Acidente sem Vítima;491,2;BR-040/MG;Sul;Choque com objeto fixo;0;0;1;0;0;0;0;0;0;0;1;0;0;0;0
12/11/2016;14:23:00;255;Acidente sem Vítima;563,1;BR-040/MG;Sul;Colisão traseira;1;0;1;0;0;0;0;0;0;0;2;0;0;0;0
12/11/2016;13:48:00;244;Acidente sem Vítima;537,1;BR-040/MG;Sul;Colisão traseira;2;0;0;0;0;0;0;0;0;0;2;0;0;0;0
12/11/2016;13:15:00;229;Acidente sem Vítima;510,1;BR-040/MG;Norte;Colisão traseira;2;0;0;0;0;0;0;0;0;0;2;0;0;0;0
12/11/2016;13:12:00;226;Acidente sem Vítima;594,3;BR-040/MG;Norte;Outros;1;0;0;0;0;0;0;0;0;0;3;0;0;0;0
12/11/2016;13:02:00;220;Acidente sem Vítima;526,1;BR-040/MG;Norte;Colisão traseira;0;0;2;0;0;0;0;0;0;0;2;0;0;0;0
12/11/2016;12:59:00;218;Acidente sem Vítima;592,9;BR-040/MG;Norte;Choque em barreira New Jersey;1;0;0;0;0;0;0;0;0;0;1;0;0;0;0
12/11/2016;12:16:00;198;Acidente sem Vítima;587;BR-040/MG;Sul;Choque com objeto fixo;1;0;0;0;0;0;0;0;0;0;4;0;0;0;0
12/11/2016;11:51:00;190;Acidente sem Vítima;606,2;BR-040/MG;Sul;Colisão traseira;3;0;0;0;0;0;0;0;0;0;3;0;0;0;0
12/11/2016;10:59:00;171;Acidente sem Vítima;510,5;BR-040/MG;Norte;Colisão traseira;2;0;0;0;0;0;0;0;0;0;4;0;0;0;0
12/11/2016;08:39:00;125;Acidente sem Vítima;735,05;BR-040/MG;Norte;Abalroamento longitudinal;2;0;0;0;0;0;0;0;0;0;2;0;0;0;0
12/11/2016;07:49:00;104;Acidente com Vítima;511,9;BR-040/MG;Sul;Capotamento;1;0;0;0;0;0;0;0;0;0;1;1;0;0;0
12/11/2016;07:02:00;70;Acidente sem Vítima;460,9;BR-040/MG;Norte;Choque com objeto fixo;0;0;0;0;0;0;0;0;0;1;1;0;0;0;0
12/11/2016;05:59:00;46;Acidente sem Vítima;515,7;BR-040/MG;Sul;Colisão traseira;2;0;0;0;0;0;0;0;0;0;2;0;0;0;0
12/11/2016;04:50:00;39;Acidente com Vítima;517,2;BR-040/MG;Norte;Capotamento;1;0;0;0;0;0;0;0;0;0;2;0;1;0;0
12/11/2016;02:39:00;29;Acidente com Vítima;151,2;BR-040/GO;Sul;Capotamento;1;0;0;0;0;0;0;0;0;0;4;0;1;0;0
13/11/2016;22:53:00;305;Acidente com Vítima;581,2;BR-040/MG;Sul;Colisão frontal;2;0;0;0;0;0;0;0;0;0;10;1;0;0;0
13/11/2016;22:29:00;299;Acidente sem Vítima;91,2;BR-040/GO;Norte;Capotamento;1;0;0;0;0;0;0;0;0;0;3;0;0;0;0
13/11/2016;21:21:00;286;Acidente sem Vítima;532,2;BR-040/MG;Norte;Colisão traseira;1;0;1;0;0;0;0;0;0;0;3;0;0;0;0
13/11/2016;20:27:00;272;Acidente sem Vítima;125,2;BR-040/GO;Norte;Atropelamento de animal;1;0;0;0;0;0;0;0;0;0;5;0;0;0;0
13/11/2016;20:05:00;262;Acidente sem Vítima;510,3;BR-040/MG;Norte;Capotamento;1;0;0;0;0;0;0;0;0;0;1;0;0;0;0
13/11/2016;19:01:00;234;Acidente sem Vítima;717,9;BR-040/MG;Norte;Choque em barreira New Jersey;1;0;0;0;0;0;0;0;0;0;2;0;0;0;0
13/11/2016;18:43:00;231;Acidente sem Vítima;562,35;BR-040/MG;Sul;Queda de Carga;0;0;0;0;0;1;0;0;0;0;11;0;0;0;0
13/11/2016;18:43:00;232;Acidente sem Vítima;562,35;BR-040/MG;Sul;Capotamento;1;0;0;0;0;0;0;0;0;0;1;0;0;0;0
13/11/2016;18:35:00;226;Acidente sem Vítima;762,9;BR-040/MG;Sul;Outros;0;0;0;1;0;0;0;0;0;0;1;0;0;0;0
13/11/2016;17:22:00;201;Acidente com Vítima;5,05;BR-040/GO;Norte;Abalroamento longitudinal;1;0;0;1;0;0;0;0;0;0;1;1;1;0;0
13/11/2016;16:22:00;190;Acidente com Vítima;512,8;BR-040/MG;Sul;Colisão traseira;3;0;0;0;0;0;0;0;0;0;6;2;0;0;0
13/11/2016;14:40:00;166;Acidente sem Vítima;717;BR-040/MG;Norte;Choque em barreira New Jersey;1;0;0;0;0;0;0;0;0;0;1;0;0;0;0
13/11/2016;12:45:00;140;Acidente com Vítima;461,02;BR-040/MG;Sul;Outros;1;0;0;0;0;0;0;0;0;0;1;0;1;0;0
13/11/2016;11:31:00;118;Acidente sem Vítima;530,9;BR-040/MG;Norte;Outros;1;0;0;1;0;0;0;0;0;0;2;0;0;0;0
13/11/2016;11:11:00;114;Acidente com Vítima;559,9;BR-040/MG;Norte;Choque com objeto fixo;1;0;0;0;0;0;0;0;0;0;2;0;2;0;0
13/11/2016;10:33:00;100;Acidente com Vítima;516,1;BR-040/MG;Norte;Choque com objeto fixo;0;0;0;0;1;0;0;0;0;0;26;3;0;0;0
13/11/2016;09:23:00;85;Acidente sem Vítima;557,5;BR-040/MG;Sul;Choque em defensa;1;0;0;0;0;0;0;0;0;0;1;0;0;0;0
13/11/2016;07:48:00;59;Atropelamento sem Morte;469,5;BR-040/MG;Norte;Atropelamento de pedestre caminhando;1;0;0;0;0;0;0;0;0;0;1;1;0;0;0
13/11/2016;05:35:00;37;Acidente sem Vítima;6,4;BR-040/GO;Sul;Choque com objeto fixo;1;0;0;0;0;0;0;0;0;0;1;0;0;0;0
13/11/2016;05:14:00;34;Acidente sem Vítima;712,29;BR-040/MG;Norte;Abalroamento longitudinal;2;0;0;0;0;0;0;0;0;0;2;0;0;0;0
13/11/2016;05:09:00;33;Acidente sem Vítima;712,29;BR-040/MG;Norte;Capotamento;1;0;0;0;0;0;0;0;0;0;1;0;0;0;0
13/11/2016;02:21:00;26;Acidente sem Vítima;300,6;BR-040/MG;Sul;Choque com objeto fixo;1;0;0;0;0;0;0;0;0;0;2;0;0;0;0
13/11/2016;01:40:00;23;Acidente sem Vítima;473,5;BR-040/MG;Norte;Choque em defensa;0;0;0;1;0;0;0;0;0;0;1;0;0;0;0
14/11/2016;21:59:00;365;Acidente sem Vítima;5,8;BR-040/DF;Norte;Choque com objeto fixo;1;0;0;0;0;0;0;0;0;0;1;0;0;0;0
14/11/2016;19:07:00;309;Acidente sem Vítima;653,5;BR-040/MG;Norte;Choque com objeto fixo;0;0;1;0;0;0;0;0;0;0;1;0;0;0;0
14/11/2016;18:44:00;298;Acidente com Vítima;517,25;BR-040/MG;Sul;Colisão traseira;0;0;0;2;0;0;0;0;0;0;1;1;0;0;0
14/11/2016;18:39:00;295;Acidente sem Vítima;693,5;BR-040/MG;Sul;Abalroamento longitudinal;2;0;0;0;0;0;0;0;0;0;2;0;0;0;0
14/11/2016;18:18:00;287;Acidente sem Vítima;562,12;BR-040/MG;Norte;Choque em barreira New Jersey;1;0;0;0;0;0;0;0;0;0;4;0;0;0;0
14/11/2016;17:41:00;280;Acidente sem Vítima;505,937;BR-040/MG;Sul;Choque em defensa;1;0;0;0;0;0;0;0;0;0;1;0;0;0;0
14/11/2016;17:02:00;274;Acidente com Vítima;527,07;BR-040/MG;Norte;Abalroamento longitudinal;2;0;0;0;0;0;0;0;0;0;1;2;1;1;0
14/11/2016;16:44:00;268;Acidente sem Vítima;629;BR-040/MG;Norte;Choque com objeto fixo;1;0;0;0;0;0;0;0;0;0;1;0;0;0;0
14/11/2016;14:20:00;227;Acidente com Vítima;624,918;BR-040/MG;Sul;Capotamento;1;0;0;0;0;0;0;0;0;0;1;1;0;0;0
14/11/2016;13:54:00;221;Acidente com Vítima;258;BR-040/MG;Norte;Outros;1;0;0;0;0;0;0;0;0;0;1;0;1;0;0
14/11/2016;13:42:00;219;Acidente sem Vítima;667,7;BR-040/MG;Sul;Choque em defensa;1;0;0;0;0;0;0;0;0;0;1;0;0;0;0
14/11/2016;12:54:00;203;Acidente com Vítima;506,15;BR-040/MG;Sul;Abalroamento transversal;1;0;0;1;0;0;0;0;0;0;1;0;1;0;0
14/11/2016;11:50:00;183;Acidente sem Vítima;534,001;BR-040/MG;Sul;Choque em barreira New Jersey;1;0;0;0;0;0;0;0;0;0;2;0;0;0;0
14/11/2016;11:46:00;182;Acidente sem Vítima;699;BR-040/MG;Norte;Colisão traseira;2;0;0;0;0;0;0;0;0;0;4;0;0;0;0
14/11/2016;11:29:00;177;Acidente sem Vítima;231;BR-040/MG;Sul;Capotamento;1;0;0;0;0;0;0;0;0;0;3;0;0;0;0
14/11/2016;11:14:00;171;Acidente sem Vítima;557,12;BR-040/MG;Sul;Choque com objeto fixo;1;0;0;0;0;0;0;0;0;0;1;0;0;0;0
14/11/2016;11:05:00;168;Acidente sem Vítima;502,1;BR-040/MG;Norte;Capotamento;1;0;0;0;0;0;0;0;0;0;1;0;0;0;0
14/11/2016;10:57:00;167;Acidente sem Vítima;613,7;BR-040/MG;Norte;Colisão traseira;2;0;0;0;0;0;0;0;0;0;2;0;0;0;0
14/11/2016;10:16:00;154;Atropelamento sem Morte;649;BR-040/MG;Norte;Atropelamento de pedestre atravessando;1;0;0;0;0;0;0;0;0;0;1;0;0;0;0
14/11/2016;10:16:00;155;Acidente com Vítima;727;BR-040/MG;Sul;Choque em veículo parado na pista;1;0;0;0;0;1;0;0;0;0;2;1;2;0;0
14/11/2016;10:14:00;151;Acidente com Vítima;638,4;BR-040/MG;Norte;Capotamento;1;0;0;0;0;0;0;0;0;0;0;4;0;0;0
14/11/2016;09:30:00;132;Acidente sem Vítima;462,3;BR-040/MG;Norte;Abalroamento longitudinal;1;0;0;0;0;0;0;0;0;1;4;0;0;0;0
14/11/2016;09:18:00;127;Acidente sem Vítima;656,4;BR-040/MG;Norte;Choque em barreira New Jersey;1;0;0;0;0;0;0;0;0;0;1;0;0;0;0