data;horario;n_da_ocorrencia;tipo_de_ocorrencia;km;trecho;sentido;tipo_de_acidente;automovel;bicicleta;caminhao;moto;onibus;outros;tracao_animal;transporte_de_cargas_especiais;trator_maquinas;utilitarios;ilesos;levemente_feridos;moderadamente_feridos;gravemente_feridos;mortos
14/11/2016;08:59:00;117;Acidente sem Vítima;436,8;BR-040/MG;Sul;Choque em defensa;1;0;0;0;0;0;0;0;0;0;4;0;0;0;0
14/11/2016;06:39:00;53;Acidente sem Vítima;508,001;BR-040/MG;Norte;Choque com objeto fixo;0;0;1;0;0;0;0;0;0;0;1;0;0;0;0
14/11/2016;06:02:00;39;Acidente sem Vítima;543,862;BR-040/MG;Norte;Colisão traseira;3;0;0;0;0;0;0;0;0;0;3;0;0;0;0
14/11/2016;00:06:00;7;Acidente sem Vítima;272,2;BR-040/MG;Norte;Choque com objeto fixo;1;0;0;0;0;0;0;0;0;0;1;0;0;0;0
14/11/2016;00:03:00;4;Acidente com Vítima;510,073;BR-040/MG;Norte;Colisão traseira;1;0;0;0;1;0;0;0;0;0;1;2;0;0;0
15/11/2016;22:49:00;366;Acidente com Vítima;527,1;BR-040/MG;Norte;Choque com objeto fixo;1;0;0;0;0;0;0;0;0;0;0;0;0;0;0
15/11/2016;19:16:00;281;Acidente sem Vítima;619,3;BR-040/MG;Norte;Abalroamento transversal;2;0;0;0;0;0;0;0;0;0;7;0;0;0;0
15/11/2016;19:04:00;276;Acidente sem Vítima;527,05;BR-040/MG;Norte;Abalroamento longitudinal;3;0;0;0;0;0;0;0;0;0;4;0;0;0;0
15/11/2016;18:43:00;260;Acidente sem Vítima;504,75;BR-040/MG;Sul;Abalroamento longitudinal;3;0;0;0;0;0;0;0;0;0;4;0;0;0;0
15/11/2016;18:18:00;243;Acidente com Vítima;756,8;BR-040/MG;Sul;Capotamento;1;0;0;0;0;0;0;0;0;0;1;1;0;0;0
15/11/2016;17:50:00;234;Acidente sem Vítima;717,3;BR-040/MG;Sul;Outros;1;0;0;0;0;0;0;0;0;0;1;0;0;0;0
15/11/2016;17:38:00;231;Acidente com Vítima;7,8;BR-040/GO;Norte;Colisão traseira;3;0;1;0;0;0;0;0;0;0;29;2;1;0;0
15/11/2016;16:30:00;210;Acidente sem Vítima;456,5;BR-040/MG;Norte;Abalroamento longitudinal;2;0;0;0;0;0;0;0;0;0;2;0;0;0;0
15/11/2016;15:43:00;196;Acidente sem Vítima;549,9;BR-040/MG;Norte;Choque com objeto fixo;1;0;0;0;0;0;0;0;0;0;2;0;0;0;0
15/11/2016;14:24:00;171;Acidente sem Vítima;590,1;BR-040/MG;Sul;Choque com objeto fixo;1;0;0;0;0;0;0;0;0;0;4;0;0;0;0
15/11/2016;13:57:00;165;Acidente com Vítima;4,08;BR-040/GO;Sul;Outros;1;0;0;1;0;0;0;0;0;0;4;2;0;0;0
15/11/2016;13:08:00;151;Acidente com Vítima;521,5;BR-040/MG;Norte;Capotamento;1;0;0;0;0;0;0;0;0;0;1;1;0;0;0
15/11/2016;12:20:00;127;Acidente com Vítima;512,68;BR-040/MG;Norte;Outros;0;0;0;1;0;0;0;0;0;0;0;1;0;0;0
15/11/2016;12:11:00;126;Acidente com Vítima;3,8;BR-040/DF;Norte;Atropelamento de animal;0;0;0;1;0;0;0;0;0;0;0;1;0;0;0
15/11/2016;11:24:00;114;Acidente com Vítima;272,8;BR-040/MG;Sul;Colisão traseira;1;0;1;0;0;0;0;0;0;0;3;0;1;0;0
15/11/2016;08:21:00;53;Acidente com Vítima;524,99;BR-040/MG;Norte;Choque com objeto fixo;0;0;1;0;0;0;0;0;0;0;0;2;0;0;0
15/11/2016;08:02:00;49;Acidente sem Vítima;148,95;BR-040/MG;Norte;Colisão traseira;2;0;0;0;0;0;0;0;0;0;7;0;0;0;0
15/11/2016;07:23:00;40;Acidente com Vítima;719,1;BR-040/MG;Sul;Capotamento;1;0;0;0;0;0;0;0;0;0;4;0;0;1;0
15/11/2016;00:15:00;2;Acidente sem Vítima;473,9;BR-040/MG;Norte;Capotamento;1;0;0;0;0;0;0;0;0;0;1;0;0;0;0
16/11/2016;19:59:00;328;Acidente sem Vítima;0;Fora_Rota;Sul;Colisão traseira;2;0;0;0;0;0;0;0;0;0;2;0;0;0;0
16/11/2016;19:12:00;312;Acidente sem Vítima;4,033;BR-040/GO;Sul;Abalroamento longitudinal;2;0;0;0;0;0;0;0;0;0;5;0;0;0;0
16/11/2016;16:55:00;276;Acidente sem Vítima;96,01;BR-040/GO;Sul;Abalroamento transversal;2;0;0;0;0;0;0;0;0;0;3;0;0;0;0
16/11/2016;16:32:00;267;Acidente sem Vítima;7,05;BR-040/GO;Sul;Colisão traseira;3;0;0;0;0;0;0;0;0;0;3;0;0;0;0
16/11/2016;15:35:00;247;Acidente com Vítima;537,456;BR-040/MG;Sul;Abalroamento longitudinal;0;0;0;2;0;0;0;0;0;0;1;0;1;0;0
16/11/2016;13:25:00;216;Acidente com Vítima;4,48;BR-040/GO;Sul;Colisão traseira;1;0;0;1;0;0;0;0;0;0;1;1;0;0;0
16/11/2016;11:37:00;201;Acidente sem Vítima;528,2;BR-040/MG;Sul;Colisão traseira;2;0;0;0;0;0;0;0;0;0;2;0;0;0;0
16/11/2016;10:51:00;193;Acidente sem Vítima;10,255;BR-040/GO;Norte;Colisão traseira;1;0;1;0;0;0;0;0;0;0;2;0;0;0;0
16/11/2016;09:21:00;164;Acidente com Vítima;2,5;BR-040/GO;Norte;Abalroamento longitudinal;1;0;0;1;0;0;0;0;0;0;1;1;0;0;0
16/11/2016;09:11:00;159;Acidente com Vítima;546,1;BR-040/MG;Norte;Colisão traseira;4;0;0;0;0;0;0;0;0;0;4;0;1;0;0
16/11/2016;08:36:00;141;Acidente sem Vítima;573,001;BR-040/MG;Sul;Abalroamento longitudinal;1;0;1;0;0;0;0;0;0;0;2;0;0;0;0
16/11/2016;07:18:00;89;Acidente sem Vítima;522,3;BR-040/MG;Sul;Colisão traseira;0;0;1;0;1;0;0;0;0;0;15;0;0;0;0
16/11/2016;07:15:00;86;Acidente sem Vítima;300,02;BR-040/MG;Sul;Capotamento;1;0;0;0;0;0;0;0;0;0;1;0;0;0;0
16/11/2016;01:35:00;16;Acidente sem Vítima;446;BR-040/MG;Sul;Choque com objeto fixo;1;0;1;0;0;0;0;0;0;0;3;0;0;0;0
16/11/2016;01:15:00;13;Acidente sem Vítima;543,776;BR-040/MG;Sul;Choque em barreira New Jersey;1;0;0;0;0;0;0;0;0;0;1;0;0;0;0
16/11/2016;00:13:00;5;Acidente com Vítima;549;BR-040/MG;Sul;Outros;1;0;0;0;0;0;0;0;0;0;0;0;1;0;0
17/11/2016;22:52:00;443;Acidente sem Vítima;247,7;BR-040/MG;Sul;Colisão traseira;0;0;2;0;0;0;0;0;0;0;2;0;0;0;0
17/11/2016;21:05:00;428;Acidente sem Vítima;540,7;BR-040/MG;Sul;Colisão traseira;1;0;1;0;0;0;0;0;0;0;2;0;0;0;0
17/11/2016;20:56:00;425;Acidente sem Vítima;105;BR-040/MG;Norte;Outros;1;0;0;0;0;0;0;0;0;0;1;0;0;0;0
17/11/2016;20:47:00;423;Acidente sem Vítima;448,2;BR-040/MG;Norte;Choque com objeto fixo;1;0;0;0;0;0;0;0;0;0;2;0;0;0;0
17/11/2016;18:48:00;387;Acidente sem Vítima;1,5;BR-040/GO;Sul;Colisão traseira;1;0;0;1;0;0;0;0;0;0;2;0;0;0;0
17/11/2016;16:02:00;320;Acidente com Morte;693,8;BR-040/MG;Norte;Colisão traseira;1;0;1;0;0;0;0;0;0;0;1;2;2;0;1
17/11/2016;14:23:00;275;Acidente com Vítima;2,5;BR-040/GO;Sul;Colisão traseira;1;0;0;1;0;0;0;0;0;0;2;2;0;0;0
17/11/2016;13:24:00;228;Acidente sem Vítima;5,1;BR-040/DF;Sul;Colisão traseira;3;0;0;0;0;0;0;0;0;0;6;0;0;0;0
17/11/2016;08:54:00;148;Acidente sem Vítima;455,5;BR-040/MG;Norte;Capotamento;0;0;1;0;0;0;0;0;0;0;1;0;0;0;0
17/11/2016;07:46:00;115;Acidente sem Vítima;274,1;BR-040/MG;Sul;Colisão traseira;2;0;0;0;0;0;0;0;0;0;2;0;0;0;0
17/11/2016;07:34:00;105;Acidente sem Vítima;465,8;BR-040/MG;Norte;Choque com objeto fixo;0;0;1;0;0;0;0;0;0;0;1;0;0;0;0
17/11/2016;06:46:00;43;Acidente com Vítima;1,5;BR-040/GO;Norte;Colisão traseira;1;0;0;1;0;0;0;0;0;0;3;1;0;0;0
17/11/2016;01:37:00;9;Acidente sem Vítima;626,2;BR-040/MG;Norte;Atropelamento de animal;1;0;0;0;0;0;0;0;0;0;3;0;0;0;0
18/11/2016;20:45:00;375;Acidente sem Vítima;625,5;BR-040/MG;Sul;Colisão traseira;2;0;0;0;0;0;0;0;0;0;5;0;0;0;0
18/11/2016;20:45:00;376;Acidente com Vítima;598,24;BR-040/MG;Norte;Colisão frontal;1;0;0;0;0;1;0;0;0;0;1;1;1;1;0
18/11/2016;20:35:00;371;Acidente sem Vítima;504,5;BR-040/MG;Norte;Outros;0;0;0;1;0;1;0;0;0;0;2;0;0;0;0
18/11/2016;20:21:00;366;Acidente com Vítima;51,5;BR-040/GO;Norte;Outros;0;0;0;1;0;0;0;0;0;0;0;1;0;0;0
18/11/2016;20:18:00;365;Acidente com Vítima;15,5;BR-040/MG;Sul;Capotamento;1;0;0;0;0;0;0;0;0;0;0;1;0;0;0
18/11/2016;19:59:00;357;Acidente sem Vítima;565,2;BR-040/MG;Norte;Capotamento;1;0;0;0;0;0;0;0;0;0;1;0;0;0;0
18/11/2016;16:46:00;283;Acidente sem Vítima;610,6;BR-040/MG;Sul;Colisão traseira;2;0;0;0;0;0;0;0;0;0;2;0;0;0;0
18/11/2016;10:06:00;168;Acidente sem Vítima;544;BR-040/MG;Norte;Colisão traseira;4;0;0;0;0;0;0;0;0;0;5;0;0;0;0
18/11/2016;09:02:00;137;Acidente com Vítima;656,3;BR-040/MG;Norte;Choque em barreira New Jersey;0;0;0;1;0;0;0;0;0;0;1;1;0;0;0
18/11/2016;08:14:00;116;Acidente sem Vítima;732,4;BR-040/MG;Norte;Capotamento;1;0;0;0;0;0;0;0;0;0;1;0;0;0;0
18/11/2016;07:26:00;93;Acidente sem Vítima;7,1;BR-040/DF;Norte;Abalroamento longitudinal;1;0;0;1;0;0;0;0;0;0;3;0;0;0;0
18/11/2016;06:38:00;47;Atropelamento sem Morte;504;BR-040/MG;Norte;Atropelamento de pedestre atravessando;0;0;1;0;0;0;0;0;0;0;0;1;0;0;0
18/11/2016;00:28:00;7;Acidente sem Vítima;703,1;BR-040/MG;Sul;Outros;0;0;0;1;0;0;0;0;0;0;2;0;0;0;0
19/11/2016;22:58:00;288;Acidente sem Vítima;515,8;BR-040/MG;Norte;Choque com objeto fixo;2;0;0;0;0;0;0;0;0;0;2;0;0;0;0
19/11/2016;22:39:00;283;Acidente com Vítima;584,8;BR-040/MG;Norte;Capotamento;1;0;0;0;0;0;0;0;0;0;0;2;0;0;0
19/11/2016;21:52:00;273;Acidente sem Vítima;692,117;BR-040/MG;Sul;Colisão traseira;1;0;0;1;0;0;0;0;0;0;2;0;0;0;0
19/11/2016;21:50:00;271;Acidente sem Vítima;534,65;BR-040/MG;Sul;Choque em barreira New Jersey;2;0;0;0;0;0;0;0;0;0;2;0;0;0;0
19/11/2016;19:36:00;237;Acidente sem Vítima;517,43;BR-040/MG;Sul;Outros;0;0;0;1;0;0;0;0;0;0;1;0;0;0;0
19/11/2016;18:48:00;222;Acidente sem Vítima;2,3;BR-040/GO;Sul;Colisão traseira;3;0;0;0;0;0;0;0;0;0;6;0;0;0;0
19/11/2016;08:42:00;84;Acidente sem Vítima;5,2;BR-040/GO;Sul;Colisão traseira;2;0;0;0;0;0;0;0;0;0;2;0;0;0;0
19/11/2016;07:54:00;74;Acidente sem Vítima;665,24;BR-040/MG;Norte;Queda de Carga;0;0;1;0;0;0;0;0;0;0;1;0;0;0;0
19/11/2016;06:23:00;46;Atropelamento com Morte;5,1;BR-040/GO;Sul;Atropelamento de pedestre atravessando;1;0;0;0;0;0;0;0;0;0;1;0;0;0;1
19/11/2016;05:46:00;34;Acidente sem Vítima;693;BR-040/MG;Norte;Choque com objeto fixo;1;0;0;0;0;0;0;0;0;0;1;0;0;0;0
19/11/2016;05:20:00;31;Acidente sem Vítima;487,2;BR-040/MG;Norte;Choque com objeto fixo;1;0;0;0;0;0;0;0;0;0;1;0;0;0;0
19/11/2016;03:29:00;23;Acidente sem Vítima;613,5;BR-040/MG;Norte;Colisão frontal;2;0;0;0;0;0;0;0;0;0;4;0;0;0;0
19/11/2016;01:46:00;11;Acidente com Vítima;11,2;BR-040/GO;Norte;Colisão traseira;1;0;1;0;0;0;0;0;0;0;1;1;0;0;0
20/11/2016;23:35:00;301;Acidente sem Vítima;503,7;BR-040/MG;Norte;Capotamento;1;0;0;0;0;0;0;0;0;0;1;0;0;0;0
20/11/2016;22:03:00;273;Acidente sem Vítima;10,5;BR-040/GO;Norte;Colisão traseira;2;0;0;0;0;0;0;0;0;0;2;0;0;0;0
20/11/2016;21:12:00;254;Acidente com Vítima;511,44;BR-040/MG;Norte;Abalroamento longitudinal;1;0;0;1;0;0;0;0;0;0;2;0;1;0;0
20/11/2016;20:26:00;241;Acidente sem Vítima;2,7;BR-040/GO;Sul;Colisão traseira;1;0;0;1;0;0;0;0;0;0;3;0;0;0;0
20/11/2016;17:41:00;166;Acidente sem Vítima;517,07;BR-040/MG;Norte;Colisão traseira;2;0;0;0;0;0;0;0;0;0;5;0;0;0;0
20/11/2016;17:22:00;162;Acidente sem Vítima;536,1;BR-040/MG;Norte;Choque com objeto fixo;1;0;0;0;0;0;0;0;0;0;1;0;0;0;0
20/11/2016;15:26:00;138;Acidente com Vítima;741,1;BR-040/MG;Norte;Outros;0;0;0;1;0;0;0;0;0;0;0;1;0;0;0
20/11/2016;13:09:00;116;Acidente sem Vítima;491,015;BR-040/MG;Sul;Choque com objeto fixo;1;0;0;0;0;0;0;0;0;0;2;0;0;0;0
20/11/2016;07:55:00;65;Acidente sem Vítima;537,1;BR-040/MG;Norte;Choque com objeto fixo;2;0;0;0;0;0;0;0;0;0;2;0;0;0;0
20/11/2016;04:26:00;39;Acidente com Vítima;8,058;BR-040/GO;Sul;Choque com objeto fixo;1;0;0;0;0;0;0;0;0;0;0;1;0;0;0
20/11/2016;02:57:00;28;Acidente sem Vítima;510,53;BR-040/MG;Norte;Colisão traseira;2;0;0;0;0;0;0;0;0;0;2;0;0;0;0
20/11/2016;01:58:00;21;Acidente com Vítima;599,9;BR-040/MG;Sul;Outros;0;0;0;1;0;0;0;0;0;0;0;1;0;0;0
21/11/2016;20:51:00;372;Acidente sem Vítima;0;Fora_Rota;Norte;Choque com objeto fixo;1;0;0;0;0;0;0;0;0;0;1;0;0;0;0
21/11/2016;19:05:00;340;Atropelamento sem Morte;0,3;BR-040/GO;Sul;Atropelamento de pedestre atravessando;1;0;0;0;0;0;0;0;0;0;1;1;0;0;0
21/11/2016;17:53:00;321;Atropelamento sem Morte;545;BR-040/MG;Sul;Atropelamento de pedestre caminhando;1;0;0;0;0;0;0;0;0;0;1;0;0;1;0
21/11/2016;16:45:00;301;Acidente com Vítima;4,6;BR-040/GO;Sul;Capotamento;1;0;1;0;0;0;0;0;0;0;3;3;0;0;0
21/11/2016;12:10:00;225;Acidente com Vítima;732,1;BR-040/MG;Norte;Outros;1;0;0;0;0;0;0;0;0;0;2;0;1;0;0
21/11/2016;11:08:00;204;Acidente sem Vítima;54,8;BR-040/MG;Norte;Choque com objeto fixo;0;0;0;1;0;0;0;0;0;0;1;0;0;0;0
21/11/2016;10:39:00;191;Acidente sem Vítima;435;BR-040/MG;Norte;Choque com objeto fixo;1;0;0;0;0;0;0;0;0;0;1;0;0;0;0
21/11/2016;08:50:00;160;Acidente sem Vítima;681,5;BR-040/MG;Norte;Choque com objeto fixo;0;0;1;0;0;0;0;0;0;0;1;0;0;0;0
21/11/2016;06:09:00;49;Acidente sem Vítima;553;BR-040/MG;Norte;Abalroamento longitudinal;2;0;0;0;0;0;0;0;0;0;3;0;0;0;0
21/11/2016;04:07:00;37;Acidente com Vítima;151,913;BR-040/GO;Sul;Choque com objeto fixo;1;0;0;0;0;0;0;0;0;0;0;2;0;0;0
22/11/2016;20:57:00;391;Acidente sem Vítima;629,4;BR-040/MG;Sul;Choque com objeto fixo;1;0;0;0;0;0;0;0;0;0;1;0;0;0;0
22/11/2016;20:05:00;364;Acidente sem Vítima;511;BR-040/MG;Norte;Colisão traseira;2;0;0;0;0;0;0;0;0;0;2;0;0;0;0
22/11/2016;19:57:00;362;Acidente sem Vítima;564,2;BR-040/MG;Sul;Outros;1;0;0;0;0;0;0;0;0;0;2;0;0;0;0
22/11/2016;18:49:00;342;Acidente com Vítima;750,2;BR-040/MG;Sul;Colisão frontal;2;0;0;0;0;0;0;0;0;0;0;1;1;1;0
22/11/2016;18:32:00;337;Acidente com Vítima;510;BR-040/MG;Norte;Outros;0;0;0;1;0;0;0;0;0;0;1;1;0;0;0
22/11/2016;18:23:00;336;Acidente sem Vítima;590,2;BR-040/MG;Norte;Choque em barreira New Jersey;1;0;0;0;0;0;0;0;0;0;1;0;0;0;0
22/11/2016;17:10:00;317;Acidente sem Vítima;63,1;BR-040/GO;Norte;Abalroamento longitudinal;1;0;1;0;0;0;0;0;0;0;6;0;0;0;0
22/11/2016;17:08:00;316;Acidente com Vítima;536,1;BR-040/MG;Sul;Capotamento;1;0;0;0;0;0;0;0;0;0;1;1;0;0;0
22/11/2016;17:04:00;312;Acidente com Vítima;641,9;BR-040/MG;Norte;Outros;1;0;0;0;0;0;0;0;0;0;0;1;0;0;0
22/11/2016;16:47:00;303;Acidente sem Vítima;639,3;BR-040/MG;Norte;Capotamento;1;0;0;0;0;0;0;0;0;0;1;0;0;0;0
22/11/2016;16:15:00;290;Acidente com Vítima;469,9;BR-040/MG;Sul;Capotamento;1;0;0;0;0;0;0;0;0;0;1;2;0;0;0
22/11/2016;16:10:00;292;Acidente sem Vítima;754,7;BR-040/MG;Norte;Queda de Carga;0;0;1;0;0;0;0;0;0;0;2;0;0;0;0
22/11/2016;14:30:00;255;Acidente com Vítima;516,1;BR-040/MG;Norte;Abalroamento longitudinal;2;0;1;0;0;0;0;0;0;0;3;2;1;0;0
22/11/2016;14:06:00;246;Acidente sem Vítima;717,9;BR-040/MG;Norte;Choque em defensa;1;0;0;0;0;0;0;0;0;0;2;0;0;0;0
22/11/2016;13:04:00;229;Acidente sem Vítima;473;BR-040/MG;Sul;Abalroamento longitudinal;2;0;0;0;0;0;0;0;0;0;2;0;0;0;0
22/11/2016;09:59:00;177;Acidente sem Vítima;755;BR-040/MG;Norte;Abalroamento longitudinal;2;0;0;0;0;0;0;0;0;0;2;0;0;0;0
22/11/2016;09:17:00;169;Acidente sem Vítima;628,5;BR-040/MG;Norte;Abalroamento longitudinal;0;0;2;0;0;0;0;0;0;0;3;0;0;0;0
22/11/2016;08:50:00;159;Acidente sem Vítima;4,95;BR-040/DF;Norte;Colisão traseira;2;0;0;0;0;0;0;0;0;0;2;0;0;0;0
22/11/2016;08:12:00;146;Acidente sem Vítima;533,01;BR-040/MG;Norte;Colisão traseira;2;0;0;0;0;0;0;0;0;0;3;0;0;0;0
22/11/2016;07:33:00;119;Acidente com Vítima;6,2;BR-040/DF;Norte;Abalroamento longitudinal;1;0;0;1;0;0;0;0;0;0;2;0;0;0;0
22/11/2016;07:12:00;82;Atropelamento sem Morte;0,5;BR-040/GO;Norte;Atropelamento de pedestre atravessando;0;0;0;1;0;0;0;0;0;0;1;2;0;0;0
22/11/2016;01:48:00;20;Atropelamento sem Morte;144,3;BR-040/MG;Norte;Atropelamento de pedestre caminhando;0;0;0;0;0;1;0;0;0;0;1;0;1;0;0
23/11/2016;20:40:00;359;Acidente sem Vítima;464,376;BR-040/MG;Sul;Capotamento;1;0;0;0;0;0;0;0;0;0;1;0;0;0;0
23/11/2016;19:05:00;329;Acidente sem Vítima;175,4;BR-040/MG;Sul;Choque com objeto fixo;1;0;0;0;0;0;0;0;0;0;1;0;0;0;0
23/11/2016;18:55:00;324;Acidente sem Vítima;269,3;BR-040/MG;Norte;Choque com objeto fixo;1;0;0;0;0;0;0;0;0;0;1;0;0;0;0
23/11/2016;16:52:00;287;Acidente com Vítima;5,1;BR-040/GO;Norte;Abalroamento longitudinal;1;0;0;1;0;0;0;0;0;0;1;0;0;0;0
23/11/2016;14:11:00;251;Acidente com Vítima;713,1;BR-040/MG;Sul;Capotamento;1;0;0;0;0;0;0;0;0;0;0;0;1;0;0
23/11/2016;12:51:00;234;Acidente com Vítima;537,95;BR-040/MG;Norte;Abalroamento transversal;0;0;2;0;0;0;0;0;0;0;1;1;0;0;0
23/11/2016;11:02:00;207;Acidente sem Vítima;493,35;BR-040/MG;Sul;Capotamento;1;0;0;0;0;0;0;0;0;0;1;0;0;0;0
23/11/2016;10:16:00;197;Acidente com Vítima;493,15;BR-040/MG;Norte;Capotamento;1;0;0;0;0;0;0;0;0;0;0;1;0;0;0
23/11/2016;08:36:00;162;Acidente sem Vítima;717,3;BR-040/MG;Norte;Choque em barreira New Jersey;1;0;0;0;0;0;0;0;0;0;1;0;0;0;0
23/11/2016;07:52:00;134;Acidente sem Vítima;622,7;BR-040/MG;Norte;Colisão traseira;2;0;0;0;0;0;0;0;0;0;2;0;0;0;0
23/11/2016;03:52:00;73;Acidente sem Vítima;554,15;BR-040/MG;Sul;Queda de Carga;0;0;1;0;0;0;0;0;0;0;1;0;0;0;0
23/11/2016;01:23:00;21;Acidente sem Vítima;712,9;BR-040/MG;Sul;Outros;0;0;2;0;0;0;0;0;0;0;2;0;0;0;0
24/11/2016;22:50:00;402;Acidente sem Vítima;505,811;BR-040/MG;Norte;Colisão traseira;0;0;1;0;1;0;0;0;0;0;2;0;0;0;0
24/11/2016;22:14:00;396;Acidente sem Vítima;142,3;BR-040/MG;Norte;Abalroamento longitudinal;2;0;0;0;0;0;0;0;0;0;3;0;0;0;0
24/11/2016;18:58:00;346;Acidente sem Vítima;525,5;BR-040/MG;Norte;Abalroamento longitudinal;1;0;0;1;0;0;0;0;0;0;3;0;0;0;0
24/11/2016;18:54:00;345;Acidente sem Vítima;544,2;BR-040/MG;Norte;Colisão traseira;1;0;1;0;0;0;0;0;0;0;5;0;0;0;0
24/11/2016;18:08:00;329;Acidente sem Vítima;522,5;BR-040/MG;Norte;Colisão traseira;4;0;0;0;0;0;0;0;0;0;6;0;0;0;0
24/11/2016;12:53:00;251;Acidente sem Vítima;597,6;BR-040/MG;Norte;Abalroamento longitudinal;0;0;2;0;0;0;0;0;0;0;2;0;0;0;0
24/11/2016;12:03:00;243;Acidente sem Vítima;1,8;BR-040/GO;Sul;Colisão traseira;2;0;0;0;0;0;0;0;0;0;2;0;0;0;0
24/11/2016;08:25:00;162;Acidente sem Vítima;0,5;BR-040/DF;Norte;Colisão traseira;3;0;0;0;0;0;0;0;0;0;3;0;0;0;0
24/11/2016;07:14:00;108;Acidente com Vítima;6,1;BR-040/DF;Norte;Abalroamento longitudinal;1;0;0;1;0;0;0;0;0;0;1;1;0;0;0
24/11/2016;04:31:00;57;Acidente sem Vítima;299,2;BR-040/MG;Norte;Choque com objeto fixo;1;0;0;0;0;0;0;0;0;0;2;0;0;0;0
24/11/2016;00:04:00;1;Acidente sem Vítima;63,85;BR-040/GO;Sul;Atropelamento de animal;1;0;0;0;0;0;0;0;0;0;2;0;0;0;0
25/11/2016;23:49:00;455;Acidente sem Vítima;548,1;BR-040/MG;Norte;Outros;1;0;0;0;0;0;0;0;0;0;1;0;0;0;0
25/11/2016;20:29:00;418;Acidente sem Vítima;531,35;BR-040/MG;Norte;Colisão traseira;3;0;0;0;0;0;0;0;0;0;5;0;0;0;0
25/11/2016;20:18:00;414;Atropelamento sem Morte;531,3;BR-040/MG;Norte;Atropelamento de pedestre atravessando;1;0;0;0;0;0;0;0;0;0;1;0;1;0;0
25/11/2016;18:58:00;378;Acidente sem Vítima;536,6;BR-040/MG;Norte;Colisão traseira;2;0;0;0;0;0;0;0;0;0;2;0;0;0;0
25/11/2016;17:20:00;339;Acidente com Vítima;452,9;BR-040/MG;Sul;Abalroamento longitudinal;2;0;0;0;0;0;0;0;0;0;0;3;0;0;0
25/11/2016;16:43:00;331;Acidente sem Vítima;561;BR-040/MG;Norte;Colisão traseira;4;0;0;0;0;0;0;0;0;0;4;0;0;0;0
25/11/2016;15:15:00;298;Acidente sem Vítima;629;BR-040/MG;Norte;Abalroamento longitudinal;1;0;1;0;0;0;0;0;0;0;6;0;0;0;0
25/11/2016;11:32:00;232;Acidente com Vítima;73,05;BR-040/MG;Sul;Outros;0;0;0;1;0;0;0;0;0;0;0;0;1;0;0
25/11/2016;08:40:00;169;Acidente sem Vítima;544;BR-040/MG;Sul;Colisão traseira;2;0;0;0;0;0;0;0;0;0;2;0;0;0;0
25/11/2016;07:43:00;144;Acidente sem Vítima;621,8;BR-040/MG;Sul;Colisão traseira;2;0;1;0;0;0;0;0;0;0;4;0;0;0;0
25/11/2016;07:33:00;138;Acidente sem Vítima;535;BR-040/MG;Sul;Colisão traseira;0;0;1;0;0;1;0;0;0;0;2;0;0;0;0
25/11/2016;06:33:00;96;Acidente com Vítima;3,4;BR-040/DF;Norte;Colisão traseira;1;0;0;1;0;0;0;0;0;0;1;2;0;0;0
25/11/2016;01:53:00;42;Acidente sem Vítima;563,15;BR-040/MG;Sul;Colisão traseira;1;0;0;0;0;0;0;0;0;1;3;0;0;0;0
26/11/2016;21:35:00;324;Acidente sem Vítima;98,2;BR-040/GO;Norte;Atropelamento de animal;1;0;0;0;0;0;0;0;0;0;1;0;0;0;0
26/11/2016;20:52:00;311;Acidente com Vítima;551,119;BR-040/MG;Sul;Atropelamento de animal;0;0;0;1;0;0;0;0;0;0;1;1;0;0;0
26/11/2016;18:07:00;268;Acidente sem Vítima;42,5;BR-040/MG;Norte;Abalroamento longitudinal;1;0;0;1;0;0;0;0;0;0;2;0;0;0;0
26/11/2016;09:55:00;131;Acidente sem Vítima;518,5;BR-040/MG;Norte;Colisão traseira;2;0;0;0;0;0;0;0;0;0;2;0;0;0;0
27/11/2016;22:00:00;299;Atropelamento sem Morte;10,5;BR-040/GO;Norte;Atropelamento de ciclista;1;1;0;0;0;0;0;0;0;0;1;0;0;1;0
27/11/2016;21:17:00;280;Acidente com Vítima;2,5;BR-040/GO;Sul;Abalroamento longitudinal;0;0;0;1;1;0;0;0;0;0;2;0;1;0;0
27/11/2016;21:09:00;277;Acidente sem Vítima;2,5;BR-040/GO;Norte;Colisão traseira;2;0;0;0;0;0;0;0;0;0;5;0;0;0;0
27/11/2016;20:12:00;252;Acidente sem Vítima;507,95;BR-040/MG;Sul;Colisão traseira;2;0;0;0;0;0;0;0;0;0;4;0;0;0;0
27/11/2016;18:12:00;202;Acidente sem Vítima;41,1;BR-040/GO;Sul;Choque com objeto fixo;1;0;0;0;0;0;0;0;0;0;3;0;0;0;0
27/11/2016;18:01:00;197;Acidente sem Vítima;562,04;BR-040/MG;Sul;Choque em barreira New Jersey;1;0;0;0;0;0;0;0;0;0;3;0;0;0;0
27/11/2016;17:54:00;194;Acidente com Vítima;510,499;BR-040/MG;Sul;Colisão traseira;3;0;0;0;0;0;0;0;0;0;7;1;0;0;0
27/11/2016;16:47:00;173;Acidente com Vítima;578,65;BR-040/MG;Sul;Choque em defensa;3;0;0;0;0;0;0;0;0;0;3;0;1;0;0