data;horario;n_da_ocorrencia;tipo_de_ocorrencia;km;trecho;sentido;tipo_de_acidente;automovel;bicicleta;caminhao;moto;onibus;outros;tracao_animal;transporte_de_cargas_especiais;trator_maquinas;utilitarios;ilesos;levemente_feridos;moderadamente_feridos;gravemente_feridos;mortos
09/12/2016;14:19:00;282;Acidente sem Vítima;497,2;BR-040/MG;Sul;Colisão traseira;1;0;1;0;0;0;0;0;0;0;5;0;0;0;0
09/12/2016;14:15:00;281;Acidente sem Vítima;140,8;BR-040/GO;Sul;Capotamento;2;0;0;0;0;0;0;0;0;0;2;0;0;0;0
09/12/2016;12:19:00;249;Acidente sem Vítima;621,8;BR-040/MG;Norte;Abalroamento longitudinal;1;0;0;0;0;1;0;0;0;0;2;0;0;0;0
09/12/2016;08:36:00;182;Acidente com Vítima;523,15;BR-040/MG;Sul;Outros;1;0;0;1;0;0;0;0;0;0;1;2;0;0;0
09/12/2016;06:45:00;96;Acidente sem Vítima;670,5;BR-040/MG;Norte;Capotamento;1;0;0;0;0;0;0;0;0;0;2;0;0;0;0
10/12/2016;20:59:00;333;Atropelamento sem Morte;508,1;BR-040/MG;Sul;Atropelamento de ciclista;1;1;0;0;0;0;0;0;0;0;1;0;1;0;0
10/12/2016;20:31:00;326;Acidente com Vítima;618,1;BR-040/MG;Sul;Outros;0;0;0;1;0;0;0;0;0;0;0;1;0;0;0
10/12/2016;19:23:00;300;Acidente sem Vítima;750;BR-040/MG;Norte;Outros;1;0;0;0;0;0;0;0;0;0;5;0;0;0;0
10/12/2016;18:56:00;288;Acidente com Vítima;532,3;BR-040/MG;Sul;Choque com objeto fixo;1;0;0;0;0;0;0;0;0;0;1;1;0;0;0
10/12/2016;18:16:00;270;Acidente com Vítima;473,85;BR-040/MG;Sul;Outros;1;0;0;0;0;0;0;0;0;0;0;1;0;0;0
10/12/2016;16:48:00;254;Acidente com Vítima;527,25;BR-040/MG;Norte;Colisão traseira;1;0;0;1;0;0;0;0;0;0;1;0;1;0;0
10/12/2016;15:59:00;237;Acidente sem Vítima;537,15;BR-040/MG;Sul;Colisão traseira;2;0;0;0;0;0;0;0;0;0;3;0;0;0;0
10/12/2016;15:59:00;238;Acidente sem Vítima;12,001;BR-040/GO;Sul;Capotamento;2;0;0;0;0;0;0;0;0;0;2;0;0;0;0
10/12/2016;15:44:00;235;Acidente com Vítima;131,02;BR-040/MG;Norte;Outros;0;0;0;1;0;0;0;0;0;0;0;0;1;0;0
10/12/2016;14:59:00;223;Acidente sem Vítima;2,1;BR-040/GO;Sul;Abalroamento transversal;1;0;0;1;0;0;0;0;0;0;2;0;0;0;0
10/12/2016;14:47:00;219;Acidente sem Vítima;638,68;BR-040/MG;Norte;Capotamento;1;0;0;0;0;0;0;0;0;0;1;0;0;0;0
10/12/2016;14:18:00;214;Acidente sem Vítima;641,6;BR-040/MG;Sul;Choque em barreira New Jersey;1;0;0;0;0;0;0;0;0;0;1;0;0;0;0
10/12/2016;13:46:00;209;Acidente com Vítima;740,3;BR-040/MG;Sul;Queda de Carga;1;0;0;0;0;0;0;0;0;0;0;1;1;0;0
10/12/2016;12:19:00;187;Acidente sem Vítima;512,15;BR-040/MG;Norte;Colisão traseira;2;0;0;0;0;0;0;0;0;0;2;0;0;0;0
10/12/2016;12:12:00;186;Acidente com Vítima;510,7;BR-040/MG;Norte;Colisão traseira;1;0;0;1;0;0;0;0;0;0;1;0;0;0;0
10/12/2016;11:41:00;174;Acidente sem Vítima;512,15;BR-040/MG;Norte;Colisão traseira;2;0;0;0;0;0;0;0;0;0;2;0;0;0;0
10/12/2016;10:12:00;151;Acidente sem Vítima;1,02;BR-040/GO;Norte;Outros;0;0;0;1;0;0;0;0;0;0;1;0;0;0;0
10/12/2016;05:18:00;86;Acidente sem Vítima;464,3;BR-040/MG;Norte;Outros;1;0;0;0;0;0;0;0;0;0;1;0;0;0;0
10/12/2016;03:46:00;70;Acidente sem Vítima;470,1;BR-040/MG;Sul;Outros;0;0;1;0;0;0;0;0;0;0;1;0;0;0;0
10/12/2016;03:04:00;50;Acidente sem Vítima;9,43;BR-040/GO;Norte;Colisão traseira;1;0;0;1;0;0;0;0;0;0;2;0;0;0;0
10/12/2016;01:06:00;20;Acidente sem Vítima;2,4;BR-040/DF;Norte;Choque em defensa;1;0;0;0;0;0;0;0;0;0;1;0;0;0;0
10/12/2016;00:36:00;14;Acidente sem Vítima;537,4;BR-040/MG;Norte;Colisão traseira;2;0;0;0;0;0;0;0;0;0;2;0;0;0;0
11/12/2016;22:33:00;305;Acidente sem Vítima;6,1;BR-040/DF;Sul;Abalroamento longitudinal;3;0;0;0;0;0;0;0;0;0;3;0;0;0;0
11/12/2016;18:19:00;228;Acidente sem Vítima;517,85;BR-040/MG;Sul;Colisão traseira;3;0;0;0;0;0;0;0;0;0;4;0;0;0;0
11/12/2016;18:07:00;224;Acidente com Vítima;462,5;BR-040/MG;Norte;Capotamento;0;0;0;0;0;0;0;0;0;1;4;0;1;0;0
11/12/2016;18:05:00;223;Acidente com Vítima;52,1;BR-040/GO;Sul;Outros;0;0;0;1;0;0;0;0;0;0;0;2;0;0;0
11/12/2016;17:23:00;205;Acidente sem Vítima;5,8;BR-040/GO;Norte;Colisão traseira;2;0;0;0;0;0;0;0;0;0;2;0;0;0;0
11/12/2016;17:23:00;206;Acidente sem Vítima;447,38;BR-040/MG;Norte;Capotamento;1;0;0;0;0;0;0;0;0;0;2;0;0;0;0
11/12/2016;16:45:00;197;Acidente sem Vítima;527,05;BR-040/MG;Sul;Choque com objeto fixo;1;0;0;0;0;0;0;0;0;0;1;0;0;0;0
11/12/2016;16:10:00;187;Acidente sem Vítima;557,9;BR-040/MG;Sul;Choque em defensa;1;0;0;0;0;0;0;0;0;0;1;0;0;0;0
11/12/2016;15:20:00;168;Acidente sem Vítima;7;BR-040/GO;Norte;Abalroamento longitudinal;2;0;0;0;0;0;0;0;0;0;2;0;0;0;0
11/12/2016;14:19:00;155;Acidente com Vítima;0;BR-040/MG;Sul;Capotamento;0;0;1;0;0;0;0;0;0;0;0;0;1;1;0
11/12/2016;14:08:00;154;Acidente com Vítima;518,001;BR-040/MG;Norte;Colisão traseira;1;0;0;0;1;0;0;0;0;0;1;1;0;0;0
11/12/2016;13:18:00;139;Acidente sem Vítima;701,1;BR-040/MG;Sul;Choque com objeto fixo;1;0;0;0;0;0;0;0;0;0;1;0;0;0;0
11/12/2016;09:46:00;90;Acidente com Vítima;620;BR-040/MG;Norte;Colisão traseira;2;0;0;0;0;0;0;0;0;0;2;0;0;0;0
11/12/2016;02:05:00;17;Acidente com Vítima;538,5;BR-040/MG;Norte;Colisão traseira;2;0;0;0;0;0;0;0;0;0;1;0;1;0;0
11/12/2016;00:14:00;3;Acidente sem Vítima;692;BR-040/MG;Sul;Colisão traseira;2;0;0;0;0;0;0;0;0;0;2;0;0;0;0
12/12/2016;19:19:00;403;Acidente sem Vítima;509,3;BR-040/MG;Norte;Colisão traseira;3;0;0;0;0;0;0;0;0;0;4;0;0;0;0
12/12/2016;18:28:00;377;Acidente sem Vítima;589,679;BR-040/MG;Sul;Choque com objeto fixo;1;0;0;0;0;0;0;0;0;0;1;0;0;0;0
12/12/2016;16:44:00;340;Acidente sem Vítima;511;BR-040/MG;Norte;Capotamento;2;0;0;0;1;0;0;0;0;0;3;0;0;0;0
12/12/2016;16:09:00;331;Acidente sem Vítima;48,3;BR-040/GO;Sul;Outros;1;0;0;0;0;0;0;0;0;0;3;0;0;0;0
12/12/2016;15:57:00;325;Acidente com Vítima;116,5;BR-040/MG;Sul;Choque com objeto fixo;0;0;1;0;0;0;0;0;0;0;0;0;1;0;0
12/12/2016;15:25:00;318;Acidente sem Vítima;739,9;BR-040/MG;Sul;Outros;1;0;1;0;0;0;0;0;0;0;2;0;0;0;0
12/12/2016;14:51:00;308;Acidente sem Vítima;536;BR-040/MG;Norte;Colisão traseira;2;0;0;0;0;0;0;0;0;1;3;0;0;0;0
12/12/2016;11:49:00;245;Atropelamento sem Morte;0;Fora_Rota;Norte;Atropelamento de pedestre atravessando;1;0;0;0;0;0;0;0;0;0;0;1;0;1;0
12/12/2016;10:34:00;223;Acidente com Vítima;514,9;BR-040/MG;Sul;Outros;0;0;0;1;0;0;0;0;0;0;0;1;0;0;0
13/12/2016;23:18:00;420;Acidente sem Vítima;739,2;BR-040/MG;Sul;Abalroamento longitudinal;3;0;0;0;0;0;0;0;0;0;3;0;0;0;0
13/12/2016;21:27:00;399;Acidente sem Vítima;527,3;BR-040/MG;Norte;Abalroamento longitudinal;1;0;0;1;0;0;0;0;0;0;2;0;0;0;0
13/12/2016;18:27:00;329;Acidente com Vítima;274,01;BR-040/MG;Sul;Colisão traseira;0;0;0;2;0;0;0;0;0;0;1;0;1;0;0
13/12/2016;17:24:00;313;Acidente sem Vítima;590,5;BR-040/MG;Sul;Choque em barreira New Jersey;1;0;0;0;0;0;0;0;0;0;1;0;0;0;0
13/12/2016;16:25:00;302;Acidente sem Vítima;593,05;BR-040/MG;Norte;Choque em barreira New Jersey;1;0;0;0;0;0;0;0;0;0;1;0;0;0;0
13/12/2016;14:43:00;271;Acidente sem Vítima;52,12;BR-040/GO;Norte;Colisão traseira;2;0;0;0;0;0;0;0;0;0;2;0;0;0;0
13/12/2016;12:16:00;242;Acidente com Vítima;52,1;BR-040/GO;Norte;Colisão traseira;0;0;2;0;0;0;0;0;0;0;14;3;0;0;0
13/12/2016;11:22:00;226;Acidente sem Vítima;274,8;BR-040/MG;Norte;Colisão traseira;2;0;0;0;0;0;0;0;0;0;2;0;0;0;0
13/12/2016;10:12:00;205;Acidente sem Vítima;4,8;BR-040/GO;Norte;Colisão traseira;2;0;0;0;0;0;0;0;0;0;2;0;0;0;0
13/12/2016;09:41:00;198;Atropelamento sem Morte;3,4;BR-040/GO;Norte;Atropelamento de pedestre atravessando;0;0;0;0;0;0;0;0;0;0;0;0;0;0;0
13/12/2016;09:08:00;186;Atropelamento sem Morte;1,2;BR-040/GO;Norte;Atropelamento de pedestre atravessando;0;0;0;1;0;0;0;0;0;0;1;0;1;0;0
13/12/2016;08:31:00;175;Acidente com Vítima;606,87;BR-040/MG;Sul;Queda de Carga;0;0;1;0;0;0;0;0;0;0;0;0;1;0;0
13/12/2016;08:27:00;174;Acidente sem Vítima;454,9;BR-040/MG;Sul;Choque com objeto fixo;0;0;1;0;0;0;0;0;0;0;1;0;0;0;0
13/12/2016;08:18:00;168;Acidente sem Vítima;462,1;BR-040/MG;Sul;Choque com objeto fixo;1;0;0;0;0;0;0;0;0;0;1;0;0;0;0
13/12/2016;07:00:00;132;Acidente com Vítima;1,8;BR-040/GO;Norte;Colisão traseira;3;0;1;0;0;0;0;0;0;0;3;0;1;0;0
13/12/2016;06:53:00;129;Acidente sem Vítima;514,1;BR-040/MG;Sul;Colisão traseira;2;0;1;0;0;0;0;0;0;0;3;0;0;0;0
13/12/2016;06:28:00;120;Acidente sem Vítima;527,4;BR-040/MG;Sul;Colisão traseira;5;0;0;0;0;0;0;0;0;0;5;0;0;0;0
13/12/2016;04:09:00;102;Acidente sem Vítima;31,01;BR-040/GO;Norte;Queda de Carga;0;0;1;0;0;0;0;0;0;0;1;0;0;0;0
13/12/2016;03:33:00;95;Acidente sem Vítima;536;BR-040/MG;Sul;Outros;1;0;0;0;0;0;0;0;0;0;1;0;0;0;0
14/12/2016;22:39:00;498;Acidente sem Vítima;633,02;BR-040/MG;Sul;Colisão traseira;1;0;0;1;0;0;0;0;0;0;4;0;0;0;0
14/12/2016;22:20:00;493;Acidente sem Vítima;528,4;BR-040/MG;Sul;Abalroamento longitudinal;2;0;0;0;0;0;0;0;0;0;2;0;0;0;0
14/12/2016;19:13:00;434;Acidente com Vítima;526,3;BR-040/MG;Norte;Outros;0;0;0;1;0;0;0;0;0;0;0;1;1;0;0
14/12/2016;18:59:00;430;Acidente com Vítima;762,01;BR-040/MG;Norte;Colisão traseira;0;0;1;0;1;0;0;0;0;0;2;6;0;0;0
14/12/2016;18:20:00;412;Acidente sem Vítima;769,6;BR-040/MG;Norte;Queda de Carga;1;0;0;0;0;0;0;0;0;0;1;0;0;0;0
14/12/2016;17:43:00;399;Atropelamento sem Morte;93,5;BR-040/GO;Sul;Atropelamento de ciclista;0;0;1;0;0;0;0;0;0;0;2;0;0;1;0
14/12/2016;17:24:00;391;Atropelamento sem Morte;614,15;BR-040/MG;Sul;Atropelamento de pedestre atravessando;1;0;0;0;0;0;0;0;0;0;2;0;1;0;0
14/12/2016;16:47:00;379;Acidente sem Vítima;35,8;BR-040/MG;Norte;Choque com objeto fixo;1;0;0;0;0;0;0;0;0;0;2;0;0;0;0
14/12/2016;16:20:00;368;Acidente com Vítima;21,3;BR-040/GO;Norte;Abalroamento longitudinal;1;0;0;1;0;0;0;0;0;0;1;1;0;0;0
14/12/2016;16:12:00;366;Acidente sem Vítima;2,1;BR-040/GO;Norte;Colisão traseira;3;0;0;0;0;0;0;0;0;0;3;0;0;0;0
14/12/2016;14:28:00;326;Acidente sem Vítima;566,8;BR-040/MG;Norte;Capotamento;1;0;0;0;0;0;0;0;0;0;3;0;0;0;0
14/12/2016;14:13:00;321;Acidente sem Vítima;600,1;BR-040/MG;Sul;Abalroamento longitudinal;0;0;2;0;0;0;0;0;0;0;2;0;0;0;0
14/12/2016;11:00:00;266;Acidente sem Vítima;469,1;BR-040/MG;Sul;Choque com objeto fixo;1;0;0;0;0;0;0;0;0;0;3;0;0;0;0
14/12/2016;10:54:00;262;Acidente sem Vítima;0,1;BR-040/DF;Norte;Outros;0;0;0;1;0;0;0;0;0;0;1;0;0;0;0
14/12/2016;10:04:00;246;Acidente com Vítima;0;BR-040/DF;Sul;Colisão traseira;1;0;2;1;0;0;0;0;0;0;2;1;1;1;0
14/12/2016;09:50:00;239;Acidente com Vítima;521,1;BR-040/MG;Sul;Colisão traseira;2;0;0;1;0;0;0;0;0;0;3;1;0;0;0
14/12/2016;09:47:00;235;Acidente sem Vítima;547,7;BR-040/MG;Norte;Colisão traseira;2;0;0;0;0;0;0;0;0;0;2;0;0;0;0
14/12/2016;09:33:00;222;Acidente com Vítima;547,1;BR-040/MG;Norte;Colisão traseira;1;0;0;1;0;0;0;0;0;0;1;1;0;0;0
14/12/2016;09:20:00;215;Acidente com Vítima;3,7;BR-040/GO;Norte;Colisão traseira;1;0;0;1;0;0;0;0;0;0;1;1;0;0;0
14/12/2016;07:49:00;184;Acidente sem Vítima;734,95;BR-040/MG;Norte;Outros;1;0;0;0;0;0;0;0;0;0;1;0;0;0;0
14/12/2016;07:32:00;172;Acidente sem Vítima;509,1;BR-040/MG;Norte;Colisão traseira;2;0;0;0;0;0;0;0;0;0;2;0;0;0;0
14/12/2016;07:17:00;166;Acidente sem Vítima;510,1;BR-040/MG;Norte;Colisão traseira;2;0;0;0;0;0;0;0;0;0;2;0;0;0;0
14/12/2016;07:09:00;163;Acidente sem Vítima;628,9;BR-040/MG;Sul;Choque com objeto fixo;0;0;0;0;1;0;0;0;0;0;1;0;0;0;0
14/12/2016;03:15:00;127;Acidente sem Vítima;2,55;BR-040/DF;Sul;Outros;1;0;0;0;0;0;0;0;0;0;1;0;0;0;0
14/12/2016;03:11:00;126;Acidente sem Vítima;2,5;BR-040/DF;Sul;Outros;1;0;0;0;0;0;0;0;0;0;1;0;0;0;0
15/12/2016;22:08:00;448;Acidente com Vítima;5,104;BR-040/GO;Sul;Abalroamento longitudinal;0;0;1;1;0;0;0;0;0;0;1;0;1;0;0
15/12/2016;21:39:00;441;Acidente sem Vítima;351,8;BR-040/MG;Sul;Choque com objeto fixo;1;0;0;0;0;0;0;0;0;0;1;0;0;0;0
15/12/2016;21:19:00;436;Acidente sem Vítima;2,6;BR-040/GO;Sul;Colisão traseira;1;0;0;1;0;0;0;0;0;0;2;0;0;0;0
15/12/2016;21:04:00;432;Acidente sem Vítima;606,55;BR-040/MG;Sul;Colisão traseira;1;0;1;0;0;0;0;0;0;0;2;0;0;0;0
15/12/2016;21:01:00;430;Acidente sem Vítima;3,4;BR-040/DF;Norte;Colisão traseira;2;0;0;0;0;0;0;0;0;0;2;0;0;0;0
15/12/2016;19:56:00;404;Acidente com Vítima;516,054;BR-040/MG;Norte;Colisão traseira;3;0;0;0;0;0;0;0;0;0;5;1;1;0;0
15/12/2016;19:39:00;399;Acidente sem Vítima;545,181;BR-040/MG;Norte;Colisão traseira;2;0;0;0;0;0;0;0;0;0;2;0;0;0;0
15/12/2016;19:11:00;388;Acidente sem Vítima;437,317;BR-040/MG;Norte;Capotamento;1;0;0;0;0;0;0;0;0;0;2;0;0;0;0
15/12/2016;19:05:00;383;Acidente sem Vítima;590,3;BR-040/MG;Norte;Choque com objeto fixo;1;0;0;0;0;0;0;0;0;0;1;0;0;0;0
15/12/2016;17:59:00;363;Acidente com Vítima;3,5;BR-040/DF;Norte;Abalroamento longitudinal;2;0;0;1;0;0;0;0;0;0;2;0;0;0;0
15/12/2016;17:10:00;341;Acidente sem Vítima;690,001;BR-040/MG;Norte;Colisão traseira;2;0;0;0;0;0;0;0;0;0;7;0;0;0;0
15/12/2016;16:53:00;334;Acidente sem Vítima;595,15;BR-040/MG;Norte;Colisão traseira;0;0;1;0;1;0;0;0;0;0;2;0;0;0;0
15/12/2016;16:45:00;331;Acidente sem Vítima;82,4;BR-040/GO;Sul;Atropelamento de animal;1;0;0;0;0;0;0;0;0;0;1;0;0;0;0
15/12/2016;15:36:00;310;Acidente com Vítima;609,919;BR-040/MG;Norte;Abalroamento longitudinal;0;0;2;0;0;0;0;0;0;0;2;1;0;0;0
15/12/2016;15:01:00;297;Acidente sem Vítima;2,5;BR-040/DF;Norte;Colisão traseira;1;0;0;0;0;1;0;0;0;0;2;0;0;0;0
15/12/2016;13:55:00;273;Acidente com Vítima;548,136;BR-040/MG;Sul;Outros;1;0;0;0;0;0;0;0;0;0;0;1;0;0;0
15/12/2016;12:55:00;256;Acidente sem Vítima;456,512;BR-040/MG;Norte;Choque com objeto fixo;0;0;1;0;0;0;0;0;0;0;1;0;0;0;0
15/12/2016;12:38:00;251;Acidente sem Vítima;450,482;BR-040/MG;Sul;Outros;0;0;1;0;0;0;0;0;0;0;1;0;0;0;0
15/12/2016;11:28:00;225;Acidente sem Vítima;460,5;BR-040/MG;Sul;Capotamento;1;0;0;0;0;0;0;0;0;0;2;0;0;0;0
15/12/2016;10:47:00;216;Acidente sem Vítima;284;BR-040/MG;Norte;Capotamento;1;0;0;0;0;0;0;0;0;0;2;0;0;0;0
15/12/2016;10:10:00;205;Acidente com Vítima;42,5;BR-040/GO;Norte;Capotamento;1;0;0;0;0;0;0;0;0;0;2;2;0;0;0
15/12/2016;06:57:00;128;Acidente sem Vítima;5,5;BR-040/DF;Norte;Colisão traseira;3;0;0;0;0;0;0;0;0;0;3;0;0;0;0
16/12/2016;19:43:00;467;Acidente sem Vítima;0;BR-040/MG;Sul;Choque com objeto fixo;1;0;0;0;0;0;0;0;0;0;4;0;0;0;0
16/12/2016;19:03:00;447;Acidente sem Vítima;662,1;BR-040/MG;Norte;Colisão traseira;1;0;1;0;0;0;0;0;0;0;2;0;0;0;0
16/12/2016;18:17:00;428;Acidente sem Vítima;130,8;BR-040/GO;Sul;Outros;1;0;0;1;0;0;0;0;0;0;2;0;0;0;0
16/12/2016;18:05:00;425;Atropelamento sem Morte;0;Fora_Rota;Sul;Atropelamento de pedestre atravessando;0;0;0;0;0;0;0;0;0;0;0;1;0;0;0
16/12/2016;18:02:00;420;Acidente sem Vítima;187,641;BR-040/MG;Norte;Abalroamento longitudinal;1;0;1;0;0;0;0;0;0;0;3;0;0;0;0
16/12/2016;17:12:00;401;Acidente sem Vítima;627,5;BR-040/MG;Sul;Colisão traseira;1;0;2;0;0;0;0;0;0;0;3;0;0;0;0
16/12/2016;16:41:00;387;Acidente com Vítima;2;BR-040/GO;Sul;Colisão traseira;1;0;0;1;0;0;0;0;0;0;1;1;0;0;0
16/12/2016;16:22:00;377;Acidente sem Vítima;519;BR-040/MG;Sul;Outros;0;0;1;1;0;0;0;0;0;0;3;0;0;0;0
16/12/2016;15:22:00;358;Acidente com Vítima;0;Fora_Rota;Norte;Colisão traseira;5;0;1;0;0;0;0;0;0;0;6;0;0;0;0
16/12/2016;12:11:00;283;Acidente sem Vítima;719;BR-040/MG;Sul;Queda de Carga;0;0;1;0;0;0;0;0;0;0;1;0;0;0;0
16/12/2016;10:05:00;226;Acidente com Vítima;639,89;BR-040/MG;Norte;Capotamento;2;0;0;0;0;0;0;0;0;0;1;1;0;0;0
16/12/2016;09:11:00;204;Acidente sem Vítima;520;BR-040/MG;Sul;Colisão traseira;2;0;0;0;0;0;0;0;0;0;3;0;0;0;0
16/12/2016;08:26:00;170;Acidente sem Vítima;67,1;BR-040/GO;Sul;Atropelamento de animal;1;0;0;0;0;0;0;0;0;0;1;0;0;0;0
16/12/2016;07:59:00;156;Acidente sem Vítima;4,7;BR-040/GO;Norte;Atropelamento de animal;1;0;1;0;0;0;0;0;0;0;2;0;0;0;0
16/12/2016;07:54:00;149;Acidente sem Vítima;549,8;BR-040/MG;Norte;Colisão traseira;0;0;2;0;0;0;0;0;0;0;15;0;0;0;0
16/12/2016;06:38:00;115;Acidente com Vítima;450,2;BR-040/MG;Norte;Capotamento;1;0;0;0;0;0;0;0;0;0;2;2;0;0;0
16/12/2016;06:00:00;107;Acidente com Vítima;516,358;BR-040/MG;Sul;Outros;0;0;0;1;0;0;0;0;0;0;0;1;0;0;0
16/12/2016;05:16:00;97;Acidente sem Vítima;3,8;BR-040/DF;Sul;Choque em defensa;1;0;0;0;0;0;0;0;0;0;1;0;0;0;0
17/12/2016;20:49:00;325;Acidente sem Vítima;516,3;BR-040/MG;Norte;Colisão traseira;1;0;0;0;1;0;0;0;0;0;62;0;0;0;0
17/12/2016;20:22:00;317;Acidente com Vítima;19,691;BR-040/GO;Sul;Outros;0;0;0;1;0;0;0;0;0;0;0;0;0;0;0
17/12/2016;20:14:00;312;Acidente sem Vítima;729,8;BR-040/MG;Norte;Choque em defensa;1;0;0;0;0;0;0;0;0;0;2;0;0;0;0
17/12/2016;20:01:00;308;Acidente sem Vítima;701,2;BR-040/MG;Sul;Outros;0;0;0;1;0;0;0;0;0;0;1;0;0;0;0
17/12/2016;18:38:00;279;Acidente com Vítima;429,564;BR-040/MG;Sul;Colisão traseira;1;0;1;0;0;0;0;0;0;0;2;0;1;0;0
17/12/2016;18:28:00;277;Acidente sem Vítima;14,594;BR-040/GO;Norte;Colisão traseira;2;0;0;0;0;0;0;0;0;0;4;0;0;0;0
17/12/2016;18:24:00;276;Acidente com Vítima;408,5;BR-040/MG;Norte;Capotamento;1;0;0;0;0;0;0;0;0;0;0;2;0;0;0
17/12/2016;16:32:00;239;Acidente com Vítima;512,6;BR-040/MG;Norte;Colisão traseira;1;0;0;0;1;0;0;0;0;0;1;1;0;0;0
17/12/2016;14:04:00;205;Acidente sem Vítima;244,5;BR-040/MG;Sul;Colisão traseira;3;0;0;0;0;0;0;0;0;0;5;0;0;0;0
17/12/2016;12:42:00;185;Acidente sem Vítima;6,1;BR-040/DF;Norte;Abalroamento transversal;1;0;0;1;0;0;0;0;0;0;5;0;0;0;0
17/12/2016;09:19:00;137;Acidente sem Vítima;509,3;BR-040/MG;Sul;Colisão traseira;2;0;0;0;0;0;0;0;0;0;2;0;0;0;0
17/12/2016;09:11:00;133;Atropelamento sem Morte;5,1;BR-040/GO;Sul;Atropelamento de ciclista;1;1;1;0;0;0;0;0;0;0;12;1;0;0;0
17/12/2016;07:07:00;73;Acidente sem Vítima;515,3;BR-040/MG;Sul;Abalroamento longitudinal;1;0;1;0;0;0;0;0;0;0;2;0;0;0;0
17/12/2016;06:28:00;57;Acidente sem Vítima;508,02;BR-040/MG;Norte;Capotamento;1;0;0;1;0;0;0;0;0;0;5;0;0;0;0
17/12/2016;01:22:00;15;Acidente sem Vítima;425,5;BR-040/MG;Norte;Capotamento;1;0;0;0;0;0;0;0;0;0;1;0;0;0;0
18/12/2016;20:57:00;268;Acidente com Vítima;25,02;BR-040/GO;Sul;Abalroamento longitudinal;0;0;0;1;0;1;0;0;0;0;1;0;0;0;0
18/12/2016;20:41:00;264;Acidente com Vítima;505,5;BR-040/MG;Sul;Capotamento;1;0;0;0;0;0;0;0;0;0;1;1;0;0;0
18/12/2016;19:55:00;243;Acidente sem Vítima;685,2;BR-040/MG;Norte;Outros;1;0;0;0;0;0;0;0;0;0;1;0;0;0;0
18/12/2016;19:02:00;227;Acidente com Vítima;728,8;BR-040/MG;Sul;Choque com objeto fixo;1;0;0;0;0;0;0;0;0;0;1;1;0;0;0
18/12/2016;18:49:00;223;Acidente com Vítima;22,1;BR-040/GO;Sul;Outros;0;0;0;1;0;0;0;0;0;0;0;0;0;0;0
18/12/2016;18:20:00;207;Acidente sem Vítima;4,5;BR-040/GO;Norte;Colisão traseira;0;0;0;0;0;2;0;0;0;0;2;0;0;0;0
18/12/2016;18:12:00;199;Acidente sem Vítima;1,5;BR-040/GO;Sul;Colisão traseira;0;0;0;0;0;2;0;0;0;0;2;0;0;0;0
18/12/2016;17:51:00;191;Acidente sem Vítima;1,5;BR-040/GO;Norte;Colisão traseira;1;0;0;1;0;0;0;0;0;0;3;0;0;0;0
18/12/2016;17:43:00;189;Acidente com Vítima;509,2;BR-040/MG;Sul;Colisão traseira;2;0;0;0;0;0;0;0;0;0;2;2;0;0;0
18/12/2016;17:28:00;186;Atropelamento com Morte;126,2;BR-040/MG;Sul;Atropelamento de pedestre atravessando;0;0;1;0;0;0;0;0;0;0;1;0;0;0;1
18/12/2016;15:14:00;148;Acidente com Vítima;712,1;BR-040/MG;Norte;Capotamento;1;0;0;0;0;0;0;0;0;0;1;0;0;1;0
18/12/2016;12:07:00;108;Acidente com Vítima;570,001;BR-040/MG;Norte;Abalroamento transversal;2;0;0;0;0;0;0;0;0;0;2;1;1;0;0
18/12/2016;09:09:00;74;Acidente com Vítima;7,1;BR-040/GO;Sul;Abalroamento transversal;2;0;0;0;0;0;0;0;0;0;4;1;0;0;0
18/12/2016;08:07:00;62;Acidente sem Vítima;5,3;BR-040/GO;Sul;Colisão traseira;4;0;0;0;0;0;0;0;0;0;9;0;0;0;0
18/12/2016;07:43:00;56;Acidente sem Vítima;705,1;BR-040/MG;Norte;Choque com objeto fixo;1;0;0;0;0;0;0;0;0;0;2;0;0;0;0
18/12/2016;07:01:00;48;Acidente sem Vítima;552,2;BR-040/MG;Norte;Abalroamento longitudinal;1;0;1;0;0;0;0;0;0;0;2;0;0;0;0
18/12/2016;01:58:00;20;Acidente com Vítima;447,9;BR-040/MG;Norte;Choque com objeto fixo;0;0;0;1;0;0;0;0;0;0;0;0;1;1;0
19/12/2016;22:52:00;397;Acidente sem Vítima;9,05;BR-040/GO;Sul;Capotamento;1;0;0;0;0;0;0;0;0;0;2;0;0;0;0
19/12/2016;21:33:00;383;Acidente sem Vítima;771,3;BR-040/MG;Sul;Abalroamento longitudinal;0;0;2;0;0;0;0;0;0;0;2;0;0;0;0
19/12/2016;21:29:00;381;Acidente com Vítima;638,87;BR-040/MG;Sul;Abalroamento longitudinal;0;1;1;0;0;0;0;0;0;0;1;0;1;0;0
19/12/2016;20:49:00;364;Acidente com Vítima;503,437;BR-040/MG;Norte;Outros;1;0;0;1;0;0;0;0;0;0;1;1;0;0;0
19/12/2016;20:23:00;356;Acidente com Vítima;43,07;BR-040/MG;Norte;Abalroamento longitudinal;2;0;0;0;0;0;0;0;0;0;5;0;1;0;0
19/12/2016;19:31:00;345;Acidente sem Vítima;509,8;BR-040/MG;Norte;Colisão traseira;2;0;0;0;0;0;0;0;0;0;8;0;0;0;0