data;horario;n_da_ocorrencia;tipo_de_ocorrencia;km;trecho;sentido;tipo_de_acidente;automovel;bicicleta;caminhao;moto;onibus;outros;tracao_animal;transporte_de_cargas_especiais;trator_maquinas;utilitarios;ilesos;levemente_feridos;moderadamente_feridos;gravemente_feridos;mortos
09/01/2017;21:00:00;408;Acidente com Vítima;96,05;BR-040/GO;Norte;Abalroamento transversal;2;0;0;0;0;0;0;0;0;0;5;2;0;0;0
09/01/2017;19:29:00;383;Acidente sem Vítima;532,12;BR-040/MG;Sul;Colisão traseira;1;0;0;0;0;1;0;0;0;0;2;0;0;0;0
09/01/2017;18:57:00;376;Acidente sem Vítima;533;BR-040/MG;Norte;Abalroamento longitudinal;1;0;0;0;0;1;0;0;0;0;2;0;0;0;0
09/01/2017;18:33:00;368;Acidente sem Vítima;448;BR-040/MG;Sul;Outros;0;0;0;1;0;0;0;0;0;0;1;0;0;0;0
09/01/2017;17:48:00;356;Acidente com Vítima;1,75;BR-040/GO;Sul;Abalroamento longitudinal;2;0;0;1;0;0;0;0;0;0;5;1;0;0;0
09/01/2017;14:45:00;291;Acidente sem Vítima;43,1;BR-040/GO;Norte;Colisão traseira;1;0;0;1;0;0;0;0;0;0;3;0;0;0;0
09/01/2017;14:20:00;280;Acidente sem Vítima;528,059;BR-040/MG;Sul;Colisão traseira;1;0;1;0;0;0;0;0;0;0;3;0;0;0;0
09/01/2017;13:42:00;264;Acidente sem Vítima;529;BR-040/MG;Sul;Choque com objeto fixo;2;0;0;0;0;0;0;0;0;0;3;0;0;0;0
09/01/2017;10:32:00;197;Acidente com Vítima;1,5;BR-040/DF;Sul;Outros;0;0;0;1;0;0;0;0;0;0;0;1;1;0;0
09/01/2017;09:40:00;181;Acidente sem Vítima;640;BR-040/MG;Norte;Abalroamento transversal;2;0;0;0;0;0;0;0;0;0;2;0;0;0;0
09/01/2017;09:31:00;175;Atropelamento sem Morte;8,9;BR-040/GO;Norte;Atropelamento de ciclista;1;1;0;0;0;0;0;0;0;0;1;0;2;0;0
09/01/2017;08:52:00;160;Acidente sem Vítima;544;BR-040/MG;Norte;Abalroamento longitudinal;1;0;0;1;0;0;0;0;0;0;3;0;0;0;0
09/01/2017;08:36:00;154;Acidente sem Vítima;590;BR-040/MG;Sul;Colisão traseira;2;0;0;0;0;0;0;0;0;0;2;0;0;0;0
09/01/2017;08:30:00;152;Acidente sem Vítima;4,2;BR-040/DF;Norte;Colisão traseira;2;0;0;0;0;0;0;0;0;0;2;0;0;0;0
09/01/2017;07:44:00;132;Acidente com Vítima;531,018;BR-040/MG;Norte;Outros;0;0;0;1;0;0;0;0;0;0;1;0;1;0;0
09/01/2017;05:49:00;105;Acidente sem Vítima;621,8;BR-040/MG;Sul;Colisão traseira;2;0;0;0;0;0;0;0;0;0;5;0;0;0;0
09/01/2017;02:43:00;94;Acidente com Morte;464;BR-040/MG;Norte;Capotamento;1;0;0;0;0;0;0;0;0;0;0;0;0;0;1
10/01/2017;21:40:00;368;Acidente sem Vítima;760,95;BR-040/MG;Sul;Colisão traseira;2;0;0;0;0;0;0;0;0;0;3;0;0;0;0
10/01/2017;20:01:00;336;Acidente com Vítima;614,16;BR-040/MG;Norte;Abalroamento transversal;0;0;1;0;1;0;0;0;0;0;2;0;1;0;0
10/01/2017;18:28:00;311;Acidente com Vítima;605,8;BR-040/MG;Norte;Colisão frontal;3;0;0;0;0;0;0;0;0;0;1;3;3;0;0
10/01/2017;18:17:00;308;Acidente com Vítima;551,2;BR-040/MG;Sul;Abalroamento longitudinal;0;0;0;1;0;1;0;0;0;0;1;0;1;0;0
10/01/2017;14:48:00;263;Acidente sem Vítima;455,2;BR-040/MG;Norte;Choque em defensa;0;0;1;0;0;0;0;0;0;0;1;0;0;0;0
10/01/2017;14:48:00;265;Acidente com Morte;455,5;BR-040/MG;Norte;Queda de Carga;0;0;1;0;0;0;0;0;0;0;0;0;0;0;1
10/01/2017;13:53:00;240;Acidente com Vítima;6,2;BR-040/DF;Sul;Capotamento;2;0;0;0;0;0;0;0;0;0;2;3;1;0;0
10/01/2017;11:31:00;200;Acidente sem Vítima;235,5;BR-040/MG;Norte;Choque com objeto fixo;1;0;0;0;0;0;0;0;0;0;3;0;0;0;0
10/01/2017;10:20:00;185;Acidente sem Vítima;2,8;BR-040/GO;Norte;Abalroamento longitudinal;1;0;0;1;0;0;0;0;0;0;2;0;0;0;0
10/01/2017;09:07:00;158;Acidente sem Vítima;600,1;BR-040/MG;Sul;Colisão traseira;1;0;1;0;0;0;0;0;0;1;3;0;0;0;0
10/01/2017;07:35:00;133;Acidente com Vítima;519,1;BR-040/MG;Sul;Colisão traseira;3;0;0;0;0;0;0;0;0;0;4;1;2;0;0
10/01/2017;06:34:00;113;Acidente com Vítima;523,5;BR-040/MG;Sul;Abalroamento longitudinal;1;0;0;1;0;0;0;0;0;0;1;1;0;0;0
11/01/2017;23:52:00;441;Acidente com Vítima;551,1;BR-040/MG;Sul;Outros;0;0;0;1;0;0;0;0;0;0;0;1;0;0;0
11/01/2017;20:47:00;400;Acidente sem Vítima;670,9;BR-040/MG;Sul;Colisão frontal;2;0;0;0;0;0;0;0;0;0;2;0;0;0;0
11/01/2017;20:27:00;394;Acidente com Vítima;1,23;BR-040/DF;Sul;Colisão traseira;1;0;0;1;0;0;0;0;0;0;2;1;0;0;0
11/01/2017;18:49:00;363;Acidente com Vítima;758,5;BR-040/MG;Sul;Colisão traseira;2;0;1;0;0;0;0;0;0;0;6;1;0;0;0
11/01/2017;17:35:00;334;Acidente sem Vítima;758,1;BR-040/MG;Sul;Colisão frontal;1;0;1;0;0;0;0;0;0;0;3;0;0;0;0
11/01/2017;15:49:00;296;Acidente sem Vítima;577,1;BR-040/MG;Norte;Colisão traseira;2;0;0;0;0;0;0;0;0;0;5;0;0;0;0
11/01/2017;15:14:00;289;Acidente sem Vítima;516,3;BR-040/MG;Norte;Outros;1;0;0;0;0;0;0;0;0;0;1;0;0;0;0
11/01/2017;15:06:00;286;Acidente sem Vítima;534,3;BR-040/MG;Norte;Colisão traseira;1;0;1;0;0;1;0;0;0;0;6;0;0;0;0
11/01/2017;13:26:00;252;Acidente com Morte;507,7;BR-040/MG;Sul;Colisão traseira;0;0;1;1;0;0;0;0;0;0;1;0;0;0;1
11/01/2017;10:52:00;204;Acidente com Vítima;566,4;BR-040/MG;Norte;Choque com objeto fixo;1;0;0;0;0;0;0;0;0;0;0;0;0;1;0
11/01/2017;10:50:00;203;Acidente com Vítima;15,5;BR-040/GO;Sul;Outros;0;0;0;1;0;0;0;0;0;0;1;1;0;0;0
11/01/2017;09:58:00;185;Acidente sem Vítima;748,1;BR-040/MG;Sul;Abalroamento longitudinal;2;0;0;0;0;0;0;0;0;0;2;0;0;0;0
11/01/2017;09:50:00;182;Acidente com Vítima;548,5;BR-040/MG;Sul;Choque com objeto fixo;1;0;0;0;0;0;0;0;0;0;0;1;0;0;0
11/01/2017;08:26:00;144;Acidente sem Vítima;0,25;BR-040/GO;Norte;Colisão traseira;2;0;0;0;0;0;0;0;0;0;2;0;0;0;0
11/01/2017;06:44:00;110;Acidente sem Vítima;28,9;BR-040/GO;Norte;Queda de Carga;0;0;1;0;0;0;0;0;0;0;2;0;0;0;0
11/01/2017;00:49:00;32;Acidente sem Vítima;731,3;BR-040/MG;Norte;Choque com objeto fixo;1;0;0;0;0;0;0;0;0;0;1;0;0;0;0
12/01/2017;22:31:00;428;Acidente com Vítima;548,555;BR-040/MG;Norte;Colisão traseira;1;0;1;0;0;0;0;0;0;0;1;1;0;0;0
12/01/2017;18:54:00;376;Acidente sem Vítima;733,37;BR-040/MG;Sul;Capotamento;0;0;0;1;0;0;0;0;0;0;1;0;0;0;0
12/01/2017;16:33:00;321;Acidente sem Vítima;487,1;BR-040/MG;Norte;Abalroamento longitudinal;2;0;0;0;0;0;0;0;0;0;2;0;0;0;0
12/01/2017;16:31:00;319;Acidente sem Vítima;497;BR-040/MG;Norte;Capotamento;1;0;0;0;0;0;0;0;0;0;3;0;0;0;0
12/01/2017;15:41:00;300;Acidente com Vítima;512,625;BR-040/MG;Norte;Capotamento;1;0;0;0;0;0;0;0;0;0;1;0;1;0;0
12/01/2017;14:15:00;268;Acidente com Morte;51,163;BR-040/MG;Sul;Choque com objeto fixo;1;0;0;0;0;0;0;0;0;0;0;0;0;1;1
12/01/2017;12:49:00;249;Acidente sem Vítima;443,4;BR-040/MG;Norte;Capotamento;0;0;1;0;0;0;0;0;0;0;1;0;0;0;0
12/01/2017;12:12:00;235;Acidente sem Vítima;24,9;BR-040/GO;Sul;Abalroamento longitudinal;1;0;0;1;0;0;0;0;0;0;2;0;0;0;0
12/01/2017;11:49:00;222;Acidente sem Vítima;596,95;BR-040/MG;Sul;Queda de Carga;0;0;1;0;0;0;0;0;0;0;2;0;0;0;0
12/01/2017;09:47:00;182;Acidente sem Vítima;643;BR-040/MG;Norte;Colisão traseira;1;0;0;0;0;1;0;0;0;0;4;0;0;0;0
12/01/2017;07:46:00;142;Acidente sem Vítima;3,2;BR-040/GO;Sul;Choque com objeto fixo;1;0;0;0;0;0;0;0;0;0;1;0;0;0;0
12/01/2017;06:37:00;122;Acidente com Vítima;17,8;BR-040/GO;Norte;Colisão traseira;2;0;1;0;0;0;0;0;0;0;3;1;0;0;0
12/01/2017;06:20:00;119;Acidente com Vítima;491,061;BR-040/MG;Norte;Capotamento;1;0;0;0;0;0;0;0;0;0;0;1;0;0;0
12/01/2017;03:37:00;103;Acidente sem Vítima;472,3;BR-040/MG;Sul;Outros;1;0;0;0;0;0;0;0;0;0;4;0;0;0;0
12/01/2017;02:45:00;99;Acidente sem Vítima;504,1;BR-040/MG;Sul;Atropelamento de animal;1;0;0;0;0;0;0;0;0;0;1;0;0;0;0
13/01/2017;22:04:00;413;Acidente sem Vítima;34,96;BR-040/MG;Norte;Choque com objeto fixo;1;0;0;0;0;0;0;0;0;0;1;0;0;0;0
13/01/2017;20:16:00;377;Acidente sem Vítima;650,5;BR-040/MG;Sul;Atropelamento de animal;0;0;1;0;0;0;0;0;0;0;1;0;0;0;0
13/01/2017;19:41:00;357;Acidente sem Vítima;672,12;BR-040/MG;Sul;Choque em defensa;1;0;0;0;0;0;0;0;0;0;2;0;0;0;0
13/01/2017;18:47:00;341;Acidente com Vítima;250,1;BR-040/MG;Sul;Capotamento;1;0;0;0;0;0;0;0;0;0;2;1;0;0;0
13/01/2017;16:36:00;300;Acidente com Vítima;559,5;BR-040/MG;Norte;Choque com objeto fixo;1;0;0;0;0;0;0;0;0;0;0;2;0;0;0
13/01/2017;16:10:00;289;Acidente com Vítima;7;BR-040/GO;Norte;Abalroamento longitudinal;1;0;0;1;0;0;0;0;0;0;1;1;0;0;0
13/01/2017;15:53:00;282;Acidente com Vítima;54,1;BR-040/MG;Norte;Choque com objeto fixo;1;0;0;0;0;0;0;0;0;0;0;1;1;0;0
13/01/2017;14:29:00;260;Acidente sem Vítima;585,235;BR-040/MG;Norte;Capotamento;1;0;0;0;0;0;0;0;0;0;1;0;0;0;0
13/01/2017;11:47:00;221;Acidente sem Vítima;559;BR-040/MG;Sul;Outros;0;0;1;0;0;0;0;0;0;0;2;0;0;0;0
13/01/2017;08:10:00;156;Acidente sem Vítima;518,1;BR-040/MG;Sul;Abalroamento longitudinal;1;0;1;0;0;0;0;0;0;0;2;0;0;0;0
13/01/2017;08:06:00;153;Acidente sem Vítima;387;BR-040/MG;Sul;Colisão traseira;1;0;1;0;0;0;0;0;0;0;2;0;0;0;0
13/01/2017;05:22:00;116;Acidente sem Vítima;466,5;BR-040/MG;Norte;Choque com objeto fixo;1;0;0;0;0;0;0;0;0;0;3;0;0;0;0
13/01/2017;04:18:00;111;Acidente sem Vítima;489,194;BR-040/MG;Sul;Choque em defensa;1;0;0;0;0;0;0;0;0;0;1;0;0;0;0
14/01/2017;20:52:00;292;Acidente com Vítima;764,2;BR-040/MG;Norte;Choque com objeto fixo;2;0;0;0;0;0;0;0;0;0;4;2;0;0;0
14/01/2017;19:51:00;274;Acidente sem Vítima;504,7;BR-040/MG;Sul;Abalroamento longitudinal;2;0;0;0;0;0;0;0;0;0;2;0;0;0;0
14/01/2017;18:55:00;258;Acidente sem Vítima;2,001;BR-040/GO;Norte;Colisão traseira;2;0;0;0;0;0;0;0;0;0;4;0;0;0;0
14/01/2017;18:50:00;257;Acidente sem Vítima;27,6;BR-040/GO;Sul;Capotamento;1;0;0;0;0;0;0;0;0;0;1;0;0;0;0
14/01/2017;16:42:00;215;Acidente sem Vítima;673;BR-040/MG;Sul;Abalroamento transversal;2;0;0;0;0;0;0;0;0;0;2;0;0;0;0
14/01/2017;14:09:00;179;Acidente sem Vítima;507,3;BR-040/MG;Norte;Outros;1;0;0;0;0;0;0;0;0;0;2;0;0;0;0
14/01/2017;12:56:00;153;Acidente com Vítima;517,3;BR-040/MG;Norte;Colisão traseira;2;0;0;0;0;0;0;0;0;0;6;1;0;0;0
14/01/2017;12:49:00;152;Acidente sem Vítima;173,5;BR-040/MG;Norte;Colisão traseira;2;0;0;0;0;0;0;0;0;0;2;0;0;0;0
14/01/2017;12:09:00;140;Acidente sem Vítima;698,2;BR-040/MG;Sul;Choque em defensa;1;0;0;0;0;0;0;0;0;0;2;0;0;0;0
14/01/2017;11:00:00;124;Acidente sem Vítima;487,25;BR-040/MG;Sul;Colisão traseira;2;0;0;0;0;0;0;0;0;0;8;0;0;0;0
14/01/2017;10:15:00;111;Acidente com Vítima;559,05;BR-040/MG;Sul;Outros;1;0;0;0;0;0;0;0;0;0;3;1;0;0;0
14/01/2017;09:20:00;92;Acidente sem Vítima;471,05;BR-040/MG;Sul;Abalroamento longitudinal;2;0;0;0;0;0;0;0;0;0;6;0;0;0;0
14/01/2017;07:47:00;74;Acidente sem Vítima;487,4;BR-040/MG;Norte;Colisão traseira;2;0;0;0;0;0;0;0;0;0;2;0;0;0;0
14/01/2017;07:09:00;60;Acidente com Vítima;731,1;BR-040/MG;Norte;Capotamento;1;0;0;0;0;0;0;0;0;0;3;1;0;0;0
14/01/2017;06:57:00;56;Acidente sem Vítima;529,8;BR-040/MG;Sul;Capotamento;1;0;0;0;0;0;0;0;0;0;1;0;0;0;0
14/01/2017;04:24:00;45;Acidente com Vítima;2,06;BR-040/GO;Sul;Colisão traseira;2;0;0;0;0;0;0;0;0;0;3;1;0;0;0
14/01/2017;03:37:00;41;Acidente sem Vítima;0;Fora_Rota;Norte;Outros;1;0;0;0;0;0;0;0;0;0;1;0;0;0;0
14/01/2017;00:35:00;6;Acidente sem Vítima;299,95;BR-040/MG;Sul;Choque com objeto fixo;0;0;0;0;0;1;0;0;0;0;1;0;0;0;0
15/01/2017;21:02:00;289;Acidente com Vítima;5,5;BR-040/DF;Norte;Outros;0;0;0;1;0;0;0;0;0;0;0;0;1;0;0
15/01/2017;20:17:00;274;Acidente sem Vítima;644,36;BR-040/MG;Norte;Atropelamento de animal;1;0;0;0;0;0;0;0;0;0;2;0;0;0;0
15/01/2017;17:47:00;216;Acidente com Vítima;264,1;BR-040/MG;Sul;Capotamento;1;0;0;0;0;0;0;0;0;0;0;2;1;0;0
15/01/2017;17:38:00;211;Acidente com Vítima;134,5;BR-040/GO;Norte;Colisão traseira;1;0;1;0;0;0;0;0;0;0;5;0;1;0;0
15/01/2017;17:31:00;207;Acidente sem Vítima;300,1;BR-040/MG;Sul;Capotamento;1;0;0;0;0;0;0;0;0;0;4;0;0;0;0
15/01/2017;17:26:00;206;Acidente com Vítima;749,57;BR-040/MG;Sul;Choque com objeto fixo;1;0;0;0;0;0;0;0;0;0;3;0;2;0;0
15/01/2017;15:24:00;168;Acidente sem Vítima;16,1;BR-040/GO;Norte;Abalroamento longitudinal;2;0;0;0;0;0;0;0;0;0;2;0;0;0;0
15/01/2017;12:35:00;133;Acidente sem Vítima;524,8;BR-040/MG;Sul;Outros;1;0;0;0;0;0;0;0;0;0;2;0;0;0;0
15/01/2017;12:21:00;127;Acidente com Morte;769,5;BR-040/MG;Sul;Colisão frontal;2;0;0;0;0;0;0;0;0;0;0;1;4;1;1
15/01/2017;12:18:00;125;Acidente sem Vítima;28,3;BR-040/GO;Sul;Abalroamento transversal;2;0;0;0;0;0;0;0;0;0;2;0;0;0;0
15/01/2017;06:48:00;56;Acidente sem Vítima;603,387;BR-040/MG;Norte;Capotamento;1;0;0;0;0;0;0;0;0;0;1;0;0;0;0
15/01/2017;04:24:00;38;Acidente sem Vítima;511,6;BR-040/MG;Sul;Choque com objeto fixo;1;0;0;0;0;0;0;0;0;0;5;0;0;0;0
15/01/2017;01:12:00;18;Acidente sem Vítima;524,4;BR-040/MG;Norte;Capotamento;1;0;0;0;0;0;0;0;0;0;3;0;0;0;0
15/01/2017;00:36:00;9;Acidente sem Vítima;3,158;BR-040/GO;Sul;Choque em barreira New Jersey;1;0;0;0;0;0;0;0;0;0;2;0;0;0;0
16/01/2017;23:59:00;425;Acidente com Vítima;727,8;BR-040/MG;Norte;Choque com objeto fixo;1;0;0;0;0;0;0;0;0;0;4;2;2;0;0
16/01/2017;22:20:00;405;Acidente sem Vítima;441,2;BR-040/MG;Sul;Choque com objeto fixo;1;0;0;0;0;0;0;0;0;0;2;0;0;0;0
16/01/2017;15:54:00;304;Acidente sem Vítima;487;BR-040/MG;Sul;Colisão traseira;2;0;0;0;0;0;0;0;0;0;2;0;0;0;0
16/01/2017;15:30:00;299;Acidente sem Vítima;740,006;BR-040/MG;Norte;Colisão traseira;1;0;0;1;0;0;0;0;0;0;2;0;0;0;0
16/01/2017;14:18:00;275;Acidente sem Vítima;51,503;BR-040/GO;Norte;Colisão traseira;1;0;1;0;0;0;0;0;0;0;2;0;0;0;0
16/01/2017;11:52:00;231;Acidente com Vítima;474,184;BR-040/MG;Norte;Capotamento;1;0;0;0;0;0;0;0;0;0;1;1;0;0;0
16/01/2017;10:52:00;212;Acidente sem Vítima;718;BR-040/MG;Sul;Choque em barreira New Jersey;1;0;0;0;0;0;0;0;0;0;1;0;0;0;0
16/01/2017;07:40:00;153;Acidente com Vítima;522,8;BR-040/MG;Sul;Colisão traseira;3;0;0;1;0;1;0;0;0;0;4;1;1;0;0
16/01/2017;07:33:00;149;Acidente com Vítima;501,1;BR-040/MG;Sul;Outros;0;0;0;1;0;0;0;0;0;0;0;1;0;0;0
16/01/2017;07:21:00;136;Acidente sem Vítima;3,8;BR-040/DF;Norte;Outros;0;0;0;1;0;0;0;0;0;0;1;0;0;0;0
16/01/2017;06:32:00;119;Acidente com Vítima;596;BR-040/MG;Sul;Colisão traseira;2;0;0;0;0;0;0;0;0;0;55;2;0;0;0
16/01/2017;03:48:00;102;Acidente sem Vítima;568,5;BR-040/MG;Sul;Abalroamento longitudinal;1;0;1;0;0;0;0;0;0;0;2;0;0;0;0
16/01/2017;02:14:00;25;Acidente com Vítima;2,7;BR-040/GO;Sul;Colisão traseira;1;0;0;1;0;0;0;0;0;0;1;0;1;0;0
17/01/2017;18:57:00;344;Acidente sem Vítima;447,3;BR-040/MG;Norte;Queda de Carga;0;0;1;0;0;0;0;0;0;0;1;0;0;0;0
17/01/2017;18:13:00;326;Acidente com Vítima;1,7;BR-040/DF;Norte;Choque em barreira New Jersey;0;0;0;1;0;0;0;0;0;0;0;1;0;0;0
17/01/2017;10:09:00;176;Acidente com Vítima;422,9;BR-040/MG;Norte;Abalroamento longitudinal;1;0;0;1;0;0;0;0;0;0;1;0;1;0;0
17/01/2017;07:20:00;127;Acidente sem Vítima;617,5;BR-040/MG;Sul;Colisão traseira;2;0;0;0;0;0;0;0;0;0;4;0;0;0;0
17/01/2017;06:26:00;110;Acidente com Vítima;42,6;BR-040/GO;Norte;Colisão frontal;2;0;1;1;0;0;0;0;0;0;3;0;1;0;0
18/01/2017;23:51:00;362;Acidente sem Vítima;532,224;BR-040/MG;Sul;Abalroamento longitudinal;2;0;0;0;0;0;0;0;0;0;2;0;0;0;0
18/01/2017;19:50:00;304;Acidente com Vítima;509,013;BR-040/MG;Norte;Colisão traseira;1;0;0;0;1;0;0;0;0;0;27;0;2;0;0
18/01/2017;18:26:00;280;Atropelamento sem Morte;509,036;BR-040/MG;Sul;Atropelamento de pedestre atravessando;1;0;0;0;0;0;0;0;0;0;2;0;1;0;0
18/01/2017;18:23:00;278;Acidente com Morte;532,199;BR-040/MG;Sul;Abalroamento longitudinal;2;0;0;1;0;0;0;0;0;0;2;0;0;0;1
18/01/2017;18:22:00;276;Acidente com Vítima;23,9;BR-040/GO;Norte;Abalroamento longitudinal;1;0;0;1;0;0;0;0;0;0;2;0;2;0;0
18/01/2017;17:42:00;265;Acidente com Vítima;1,4;BR-040/GO;Norte;Abalroamento longitudinal;2;0;0;0;0;0;0;0;0;0;3;1;0;0;0
18/01/2017;17:28:00;260;Acidente com Vítima;420,297;BR-040/MG;Norte;Queda de Carga;0;0;1;0;0;0;0;0;0;0;0;1;1;0;0
18/01/2017;16:42:00;253;Acidente sem Vítima;12,1;BR-040/MG;Sul;Abalroamento transversal;1;0;0;1;0;0;0;0;0;0;2;0;0;0;0
18/01/2017;14:57:00;227;Acidente sem Vítima;537,4;BR-040/MG;Sul;Abalroamento longitudinal;1;0;0;1;0;0;0;0;0;0;2;0;0;0;0
18/01/2017;13:02:00;206;Acidente sem Vítima;538,9;BR-040/MG;Norte;Choque com objeto fixo;1;0;0;0;0;0;0;0;0;0;1;0;0;0;0
18/01/2017;12:48:00;203;Acidente com Vítima;46,8;BR-040/MG;Norte;Outros;1;0;0;1;0;0;0;0;0;0;1;1;0;0;0
18/01/2017;08:00:00;140;Acidente com Vítima;6,5;BR-040/GO;Norte;Abalroamento longitudinal;1;0;0;1;0;0;0;0;0;0;1;1;0;0;0
18/01/2017;07:57:00;138;Acidente sem Vítima;531,755;BR-040/MG;Sul;Colisão traseira;3;0;0;0;0;0;0;0;0;0;3;0;0;0;0
18/01/2017;05:53:00;108;Acidente sem Vítima;479,9;BR-040/MG;Sul;Choque com objeto fixo;0;0;1;0;0;0;0;0;0;0;1;0;0;0;0
19/01/2017;20:32:00;382;Acidente sem Vítima;702,2;BR-040/MG;Norte;Abalroamento longitudinal;2;0;0;0;0;0;0;0;0;0;4;0;0;0;0
19/01/2017;20:00:00;368;Acidente sem Vítima;598,2;BR-040/MG;Sul;Abalroamento longitudinal;1;0;0;0;0;1;0;0;0;0;2;0;0;0;0
19/01/2017;18:55:00;346;Acidente sem Vítima;591,5;BR-040/MG;Norte;Choque em barreira New Jersey;1;0;1;0;0;0;0;0;0;0;6;0;0;0;0
19/01/2017;18:11:00;328;Acidente com Vítima;591,2;BR-040/MG;Norte;Choque em defensa;0;0;1;0;0;0;0;0;0;0;0;0;1;0;0
19/01/2017;17:56:00;323;Acidente com Vítima;583,2;BR-040/MG;Norte;Abalroamento longitudinal;1;0;1;0;0;0;0;0;0;0;2;2;0;0;0
19/01/2017;17:00:00;311;Acidente sem Vítima;566,5;BR-040/MG;Sul;Choque com objeto fixo;1;0;0;0;0;0;0;0;0;0;2;0;0;0;0
19/01/2017;16:36:00;303;Acidente com Vítima;668,2;BR-040/MG;Norte;Colisão traseira;1;0;1;0;0;0;0;0;0;0;4;2;0;0;0
19/01/2017;13:19:00;250;Acidente com Vítima;683,5;BR-040/MG;Sul;Outros;0;0;0;1;0;0;0;0;0;0;0;1;0;0;0
19/01/2017;12:01:00;230;Acidente com Vítima;413,215;BR-040/MG;Norte;Abalroamento longitudinal;1;0;1;0;0;0;0;0;0;0;1;0;1;0;0
19/01/2017;11:58:00;229;Acidente sem Vítima;599;BR-040/MG;Norte;Colisão traseira;1;0;1;0;0;0;0;0;0;0;3;0;0;0;0
19/01/2017;10:38:00;207;Acidente sem Vítima;557,01;BR-040/MG;Sul;Queda de Carga;1;0;0;0;0;0;0;0;0;0;1;0;0;0;0
19/01/2017;08:35:00;164;Acidente com Vítima;542,15;BR-040/MG;Sul;Abalroamento longitudinal;1;0;0;1;0;0;0;0;0;0;1;1;0;0;0
19/01/2017;07:43:00;149;Acidente sem Vítima;6,25;BR-040/DF;Sul;Abalroamento longitudinal;1;0;0;1;0;0;0;0;0;0;2;0;0;0;0
19/01/2017;07:39:00;146;Acidente sem Vítima;539,15;BR-040/MG;Sul;Colisão traseira;3;0;0;0;0;0;0;0;0;0;3;0;0;0;0
20/01/2017;21:58:00;435;Acidente sem Vítima;669,95;BR-040/MG;Sul;Abalroamento transversal;2;0;0;0;0;0;0;0;0;0;6;0;0;0;0
20/01/2017;21:15:00;419;Acidente com Vítima;439,46;BR-040/MG;Norte;Outros;0;0;0;1;0;1;0;0;0;0;1;1;1;0;0
20/01/2017;20:33:00;405;Acidente sem Vítima;643,2;BR-040/MG;Norte;Choque com objeto fixo;1;0;0;0;0;0;0;0;0;0;4;0;0;0;0
20/01/2017;18:24:00;361;Acidente com Vítima;6,95;BR-040/DF;Sul;Colisão traseira;2;0;0;0;0;0;0;0;0;0;3;1;0;0;0
20/01/2017;18:05:00;351;Acidente com Vítima;16,4;BR-040/GO;Sul;Outros;1;0;0;0;0;0;0;0;0;0;0;1;0;0;0
20/01/2017;17:46:00;347;Atropelamento sem Morte;12,95;BR-040/GO;Sul;Atropelamento de pedestre atravessando;1;0;0;0;0;0;0;0;0;0;1;0;1;0;0
20/01/2017;15:51:00;306;Acidente com Vítima;520;BR-040/MG;Norte;Outros;1;0;0;1;0;0;0;0;0;0;1;1;0;0;0
20/01/2017;15:22:00;295;Acidente sem Vítima;697;BR-040/MG;Sul;Outros;0;0;0;1;0;0;0;0;0;0;1;0;0;0;0
20/01/2017;12:21:00;242;Acidente sem Vítima;25;BR-040/GO;Norte;Capotamento;1;0;0;0;0;0;0;0;0;0;2;0;0;0;0
20/01/2017;11:13:00;221;Acidente sem Vítima;441,8;BR-040/MG;Sul;Capotamento;1;0;0;0;0;0;0;0;0;0;1;0;0;0;0
20/01/2017;09:57:00;181;Acidente sem Vítima;41,6;BR-040/MG;Norte;Outros;0;0;1;0;0;0;0;0;0;0;1;0;0;0;0
20/01/2017;05:30:00;97;Acidente sem Vítima;583,1;BR-040/MG;Sul;Choque em defensa;0;0;0;1;0;0;0;0;0;0;4;0;0;0;0
20/01/2017;05:17:00;95;Acidente com Vítima;146,9;BR-040/MG;Sul;Colisão traseira;2;0;0;0;0;0;0;0;0;0;5;1;0;0;0
20/01/2017;02:49:00;88;Acidente sem Vítima;553,548;BR-040/MG;Norte;Choque com objeto fixo;1;0;0;0;0;0;0;0;0;0;1;0;0;0;0
20/01/2017;00:10:00;11;Acidente com Vítima;660,2;BR-040/MG;Sul;Capotamento;1;0;0;0;0;0;0;0;0;0;3;0;1;0;0
21/01/2017;21:16:00;314;Acidente sem Vítima;1,138;BR-040/DF;Norte;Choque com objeto fixo;1;0;0;0;0;0;0;0;0;0;2;0;0;0;0
21/01/2017;19:08:00;276;Acidente com Vítima;14,8;BR-040/GO;Norte;Capotamento;1;0;0;0;0;0;0;0;0;0;0;0;0;0;0
21/01/2017;13:53:00;202;Acidente sem Vítima;738;BR-040/MG;Sul;Abalroamento transversal;2;0;0;0;0;0;0;0;0;0;2;0;0;0;0
21/01/2017;13:09:00;189;Acidente sem Vítima;2,5;BR-040/GO;Sul;Colisão traseira;2;0;0;0;0;0;0;0;0;0;4;0;0;0;0
21/01/2017;12:53:00;184;Atropelamento sem Morte;533;BR-040/MG;Sul;Atropelamento de ciclista;1;0;0;0;0;0;0;0;0;0;2;0;0;0;0
21/01/2017;10:52:00;151;Acidente sem Vítima;714,001;BR-040/MG;Norte;Colisão traseira;2;0;0;0;0;0;0;0;0;0;7;0;0;0;0