data;horario;n_da_ocorrencia;tipo_de_ocorrencia;km;trecho;sentido;tipo_de_acidente;automovel;bicicleta;caminhao;moto;onibus;outros;tracao_animal;transporte_de_cargas_especiais;trator_maquinas;utilitarios;ilesos;levemente_feridos;moderadamente_feridos;gravemente_feridos;mortos
16/02/2017;20:38:00;416;Acidente sem Vítima;628,1;BR-040/MG;Norte;Abalroamento transversal;1;0;1;0;0;0;0;0;0;0;3;0;0;0;0
16/02/2017;20:03:00;404;Acidente com Vítima;658,1;BR-040/MG;Sul;Choque com objeto fixo;0;0;0;1;0;0;0;0;0;0;0;0;1;0;0
16/02/2017;18:26:00;361;Atropelamento sem Morte;537,056;BR-040/MG;Norte;Atropelamento de pedestre atravessando;1;0;0;0;0;0;0;0;0;0;1;0;1;0;0
16/02/2017;11:57:00;260;Acidente com Vítima;712,035;BR-040/MG;Sul;Capotamento;1;0;0;0;0;0;0;0;0;0;0;1;0;0;0
16/02/2017;08:19:00;162;Acidente com Vítima;648,1;BR-040/MG;Norte;Abalroamento transversal;1;0;0;1;0;0;0;0;0;0;0;2;0;0;0
16/02/2017;08:16:00;160;Acidente com Vítima;585,2;BR-040/MG;Norte;Outros;0;0;0;1;0;0;0;0;0;0;0;1;0;0;0
16/02/2017;06:11:00;42;Acidente sem Vítima;1,1;BR-040/GO;Norte;Colisão traseira;2;0;0;0;0;0;0;0;0;0;2;0;0;0;0
15/02/2017;18:20:00;319;Acidente com Vítima;526,13;BR-040/MG;Norte;Colisão traseira;1;0;0;1;0;0;0;0;0;0;2;1;0;0;0
15/02/2017;18:08:00;313;Acidente sem Vítima;525,6;BR-040/MG;Norte;Abalroamento longitudinal;0;0;1;1;0;0;0;0;0;0;4;0;0;0;0
15/02/2017;17:30:00;301;Acidente com Vítima;473;BR-040/MG;Norte;Choque com objeto fixo;1;0;0;0;0;0;0;0;0;0;0;0;1;0;0
15/02/2017;17:18:00;298;Atropelamento sem Morte;557,1;BR-040/MG;Norte;Atropelamento de ciclista;1;0;0;0;0;0;0;0;0;0;1;1;0;0;0
15/02/2017;16:36:00;285;Acidente com Vítima;618,68;BR-040/MG;Norte;Outros;0;0;0;1;0;0;0;0;0;0;0;0;0;1;0
15/02/2017;15:28:00;271;Acidente sem Vítima;532,1;BR-040/MG;Norte;Colisão traseira;2;0;0;0;0;0;0;0;0;0;2;0;0;0;0
15/02/2017;15:19:00;267;Acidente sem Vítima;531,1;BR-040/MG;Norte;Abalroamento longitudinal;2;0;0;1;0;0;0;0;0;0;3;0;0;0;0
15/02/2017;14:23:00;251;Acidente sem Vítima;577,1;BR-040/MG;Norte;Colisão traseira;1;0;1;0;0;0;0;0;0;0;2;0;0;0;0
15/02/2017;10:58:00;215;Acidente com Vítima;538,8;BR-040/MG;Sul;Abalroamento longitudinal;1;0;1;1;0;0;0;0;0;0;2;1;1;0;0
15/02/2017;10:00:00;196;Acidente sem Vítima;719;BR-040/MG;Norte;Colisão traseira;0;0;2;0;0;0;0;0;0;0;2;0;0;0;0
15/02/2017;06:01:00;113;Acidente sem Vítima;0,3;BR-040/GO;Norte;Colisão traseira;2;0;0;0;0;0;0;0;0;0;2;0;0;0;0
14/02/2017;22:58:00;429;Acidente com Vítima;529;BR-040/MG;Norte;Outros;0;0;0;1;0;0;0;0;0;0;0;1;0;0;0
14/02/2017;22:32:00;423;Acidente sem Vítima;661,9;BR-040/MG;Norte;Choque com objeto fixo;0;0;1;0;0;0;0;0;0;0;1;0;0;0;0
14/02/2017;21:10:00;408;Acidente com Vítima;1,2;BR-040/GO;Norte;Outros;0;0;0;1;0;0;0;0;0;0;0;1;0;0;0
14/02/2017;20:37:00;398;Acidente sem Vítima;3,5;BR-040/GO;Sul;Abalroamento longitudinal;1;0;1;0;0;0;0;0;0;0;4;0;0;0;0
14/02/2017;20:28:00;395;Acidente sem Vítima;663,1;BR-040/MG;Sul;Abalroamento longitudinal;1;0;0;0;0;0;0;0;0;1;3;0;0;0;0
14/02/2017;20:20:00;394;Acidente com Vítima;700,3;BR-040/MG;Sul;Capotamento;1;0;0;0;0;0;0;0;0;0;1;1;0;0;0
14/02/2017;19:15:00;370;Acidente com Vítima;96,7;BR-040/MG;Norte;Colisão frontal;0;0;2;0;0;0;0;0;0;0;1;0;1;0;0
14/02/2017;18:43:00;359;Acidente sem Vítima;536;BR-040/MG;Norte;Abalroamento longitudinal;2;0;0;1;0;0;0;0;0;0;3;0;0;0;0
14/02/2017;14:51:00;292;Acidente sem Vítima;0,1;BR-040/GO;Sul;Abalroamento longitudinal;2;0;0;0;0;1;0;0;0;0;4;0;0;0;0
14/02/2017;14:20:00;282;Acidente sem Vítima;610,91;BR-040/MG;Norte;Abalroamento longitudinal;1;0;1;0;0;0;0;0;0;0;2;0;0;0;0
14/02/2017;12:33:00;243;Acidente com Vítima;513,5;BR-040/MG;Norte;Colisão traseira;0;0;1;1;0;0;0;0;0;0;2;0;1;0;0
14/02/2017;11:23:00;221;Acidente com Vítima;529;BR-040/MG;Norte;Outros;0;0;0;1;0;0;0;0;0;0;0;1;0;0;0
14/02/2017;07:10:00;133;Acidente sem Vítima;579,7;BR-040/MG;Sul;Choque em barreira New Jersey;0;0;1;0;0;0;0;0;0;0;1;0;0;0;0
14/02/2017;06:07:00;120;Atropelamento sem Morte;507,5;BR-040/MG;Sul;Atropelamento de pedestre atravessando;0;0;0;1;0;0;0;0;0;0;1;1;0;0;0
13/02/2017;17:34:00;322;Acidente sem Vítima;0,032;BR-040/DF;Sul;Abalroamento longitudinal;1;0;1;0;0;0;0;0;0;0;3;0;0;0;0
13/02/2017;15:20:00;284;Acidente com Vítima;531,5;BR-040/MG;Sul;Abalroamento longitudinal;1;0;1;0;0;0;0;0;0;0;1;1;0;0;0
13/02/2017;14:44:00;271;Acidente sem Vítima;538,316;BR-040/MG;Norte;Choque com objeto fixo;1;0;0;0;0;0;0;0;0;0;1;0;0;0;0
13/02/2017;12:08:00;231;Acidente sem Vítima;415;BR-040/MG;Norte;Choque com objeto fixo;1;0;0;0;0;0;0;0;0;0;1;0;0;0;0
13/02/2017;11:06:00;216;Acidente sem Vítima;23,2;BR-040/GO;Norte;Queda de Carga;0;0;1;0;0;0;0;0;0;0;1;0;0;0;0
13/02/2017;09:31:00;187;Acidente sem Vítima;3,8;BR-040/GO;Norte;Colisão traseira;3;0;0;0;0;0;0;0;0;0;4;0;0;0;0
13/02/2017;07:26:00;144;Acidente com Vítima;528;BR-040/MG;Sul;Outros;0;0;0;1;0;0;0;0;0;0;0;1;0;0;0
13/02/2017;01:54:00;94;Acidente sem Vítima;1,5;BR-040/GO;Sul;Capotamento;1;0;0;1;0;0;0;0;0;0;5;0;0;0;0
13/02/2017;01:35:00;93;Acidente com Vítima;661,2;BR-040/MG;Norte;Capotamento;1;0;0;0;0;0;0;0;0;0;1;0;2;0;0
12/02/2017;22:50:00;252;Acidente com Vítima;7,5;BR-040/GO;Norte;Outros;1;0;0;0;0;0;0;0;0;0;0;0;0;0;0
12/02/2017;22:36:00;246;Acidente com Vítima;4,5;BR-040/GO;Norte;Outros;0;0;0;1;0;0;0;0;0;0;1;0;1;0;0
12/02/2017;20:20:00;221;Acidente com Vítima;511,447;BR-040/MG;Norte;Colisão traseira;2;0;0;0;0;0;0;0;0;0;8;2;0;0;0
12/02/2017;20:18:00;220;Acidente com Vítima;28,6;BR-040/GO;Norte;Outros;0;0;0;1;0;0;0;0;0;0;0;0;0;0;0
12/02/2017;19:24:00;209;Acidente sem Vítima;524,1;BR-040/MG;Sul;Abalroamento longitudinal;1;0;1;0;0;0;0;0;0;0;5;0;0;0;0
12/02/2017;19:14:00;201;Acidente sem Vítima;530;BR-040/MG;Sul;Outros;0;0;0;1;0;1;0;0;0;0;2;0;0;0;0
12/02/2017;19:05:00;197;Atropelamento com Morte;609,2;BR-040/MG;Sul;Atropelamento de pedestre atravessando;1;0;0;0;0;0;0;0;0;0;3;1;0;1;1
12/02/2017;18:40:00;183;Acidente sem Vítima;3,6;BR-040/GO;Norte;Colisão traseira;2;0;0;0;0;0;0;0;0;0;6;0;0;0;0
12/02/2017;14:51:00;115;Acidente com Vítima;679,1;BR-040/MG;Norte;Capotamento;1;0;0;0;0;0;0;0;0;0;0;2;0;0;0
12/02/2017;14:41:00;114;Acidente com Vítima;562,76;BR-040/MG;Norte;Outros;0;1;0;0;0;0;0;0;0;0;0;0;1;0;0
12/02/2017;05:12:00;29;Acidente com Vítima;1,5;BR-040/GO;Norte;Choque com objeto fixo;1;0;0;0;0;0;0;0;0;0;0;0;1;0;0
12/02/2017;03:43:00;24;Acidente com Vítima;694,4;BR-040/MG;Sul;Capotamento;1;0;0;0;0;0;0;0;0;0;0;0;2;0;0
12/02/2017;02:17:00;15;Acidente sem Vítima;617,5;BR-040/MG;Sul;Colisão traseira;0;0;0;0;0;2;0;0;0;0;2;0;0;0;0
12/02/2017;01:42:00;12;Acidente sem Vítima;533,526;BR-040/MG;Norte;Abalroamento longitudinal;1;0;0;0;0;1;0;0;0;0;2;0;0;0;0
12/02/2017;00:59:00;7;Acidente com Vítima;35,7;BR-040/GO;Norte;Outros;1;0;0;0;0;0;0;0;0;0;0;0;1;0;0
11/02/2017;23:11:00;307;Acidente sem Vítima;509,654;BR-040/MG;Sul;Choque com objeto fixo;1;0;0;0;0;0;0;0;0;0;1;0;0;0;0
11/02/2017;22:40:00;304;Acidente com Vítima;681,6;BR-040/MG;Norte;Colisão traseira;2;0;0;0;0;0;0;0;0;0;17;1;0;0;0
11/02/2017;22:23:00;301;Acidente sem Vítima;46,1;BR-040/GO;Norte;Outros;0;0;0;1;1;0;0;0;0;0;39;0;0;0;0
11/02/2017;21:56:00;295;Acidente com Vítima;582,2;BR-040/MG;Norte;Capotamento;1;0;0;0;0;0;0;0;0;0;3;2;0;0;0
11/02/2017;20:51:00;280;Acidente com Vítima;525,85;BR-040/MG;Sul;Abalroamento longitudinal;3;0;0;0;0;0;0;0;0;0;6;1;0;0;0
11/02/2017;20:24:00;274;Acidente sem Vítima;1,4;BR-040/GO;Sul;Colisão traseira;2;0;0;0;0;0;0;0;0;0;2;0;0;0;0
11/02/2017;20:19:00;273;Atropelamento sem Morte;502,138;BR-040/MG;Sul;Atropelamento de pedestre atravessando;0;0;1;0;0;0;0;0;0;0;1;1;0;0;0
11/02/2017;20:13:00;269;Acidente sem Vítima;3,5;BR-040/GO;Norte;Colisão traseira;2;0;0;0;0;0;0;0;0;0;2;0;0;0;0
11/02/2017;17:38:00;226;Acidente sem Vítima;466,224;BR-040/MG;Norte;Outros;2;0;0;0;0;0;0;0;0;0;5;0;0;0;0
11/02/2017;15:52:00;208;Acidente sem Vítima;716,1;BR-040/MG;Norte;Outros;0;0;0;1;0;0;0;0;0;0;1;0;0;0;0
11/02/2017;11:33:00;157;Acidente sem Vítima;2;BR-040/DF;Sul;Abalroamento longitudinal;2;0;0;0;0;0;0;0;0;0;4;0;0;0;0
11/02/2017;08:04:00;114;Acidente sem Vítima;509,5;BR-040/MG;Sul;Colisão traseira;2;0;0;0;0;0;0;0;0;0;2;0;0;0;0
11/02/2017;05:30:00;80;Acidente sem Vítima;281;BR-040/MG;Sul;Colisão traseira;1;0;0;0;1;0;0;0;0;0;3;0;0;0;0
11/02/2017;02:08:00;59;Acidente sem Vítima;557,91;BR-040/MG;Sul;Abalroamento longitudinal;2;0;0;0;0;0;0;0;0;0;6;0;0;0;0
11/02/2017;02:02:00;58;Acidente sem Vítima;119;BR-040/MG;Norte;Atropelamento de animal;0;0;1;0;0;0;0;0;0;0;1;0;0;0;0
11/02/2017;01:48:00;51;Acidente sem Vítima;603,3;BR-040/MG;Sul;Atropelamento de animal;1;0;0;0;0;0;0;0;0;0;4;0;0;0;0
11/02/2017;01:44:00;40;Acidente com Vítima;534,13;BR-040/MG;Sul;Outros;0;0;0;1;0;0;0;0;0;0;0;1;0;0;0
10/02/2017;23:02:00;430;Acidente sem Vítima;38,8;BR-040/GO;Sul;Abalroamento longitudinal;2;0;0;0;0;0;0;0;0;0;2;0;0;0;0
10/02/2017;20:36:00;397;Acidente sem Vítima;464,01;BR-040/MG;Sul;Colisão traseira;2;0;0;0;0;0;0;0;0;0;2;0;0;0;0
10/02/2017;19:19:00;380;Acidente sem Vítima;473,19;BR-040/MG;Sul;Outros;1;0;0;0;0;0;0;0;0;0;1;0;0;0;0
10/02/2017;18:17:00;363;Acidente sem Vítima;27;BR-040/MG;Sul;Choque com objeto fixo;1;0;0;0;0;0;0;0;0;0;1;0;0;0;0
10/02/2017;15:35:00;315;Acidente com Vítima;547,5;BR-040/MG;Norte;Abalroamento longitudinal;1;0;0;1;0;0;0;0;0;0;1;0;1;0;0
10/02/2017;14:53:00;301;Acidente sem Vítima;534,117;BR-040/MG;Sul;Colisão traseira;1;0;0;1;0;0;0;0;0;0;4;0;0;0;0
10/02/2017;14:32:00;293;Acidente com Vítima;8,465;BR-040/GO;Norte;Colisão traseira;1;0;0;1;0;0;0;0;0;0;1;0;1;0;0
10/02/2017;14:24:00;290;Acidente com Vítima;605,661;BR-040/MG;Sul;Colisão traseira;1;0;1;0;0;0;0;0;0;0;1;4;0;0;0
10/02/2017;11:11:00;237;Acidente sem Vítima;356,6;BR-040/MG;Sul;Abalroamento longitudinal;2;0;0;0;0;0;0;0;0;0;3;0;0;0;0
10/02/2017;10:07:00;215;Acidente com Vítima;739,577;BR-040/MG;Sul;Queda de Carga;0;0;1;0;0;0;0;0;0;0;1;0;1;0;0
10/02/2017;08:23:00;180;Acidente sem Vítima;521,27;BR-040/MG;Sul;Colisão traseira;2;0;0;0;0;0;0;0;0;0;2;0;0;0;0
10/02/2017;08:09:00;177;Acidente sem Vítima;535,14;BR-040/MG;Sul;Abalroamento longitudinal;1;0;0;1;1;0;0;0;0;0;19;0;0;0;0
10/02/2017;07:49:00;164;Acidente com Vítima;5;BR-040/GO;Norte;Outros;0;0;0;1;0;0;0;0;0;0;0;0;1;0;0
10/02/2017;06:52:00;142;Acidente sem Vítima;52;BR-040/GO;Norte;Capotamento;1;0;0;0;0;0;0;0;0;0;2;0;0;0;0
10/02/2017;05:18:00;126;Acidente sem Vítima;635,7;BR-040/MG;Sul;Atropelamento de animal;1;0;0;0;0;0;0;0;0;0;5;0;0;0;0
10/02/2017;04:05:00;119;Acidente sem Vítima;606,367;BR-040/MG;Norte;Choque em defensa;1;0;0;0;0;0;0;0;0;0;2;0;0;0;0
09/02/2017;23:57:00;405;Acidente com Morte;516,65;BR-040/MG;Sul;Outros;1;0;1;0;0;0;0;0;0;0;0;4;0;0;1
09/02/2017;18:12:00;337;Acidente sem Vítima;2;BR-040/GO;Norte;Colisão traseira;2;0;0;0;0;0;0;0;0;0;2;0;0;0;0
09/02/2017;17:11:00;319;Acidente com Vítima;519,3;BR-040/MG;Norte;Capotamento;1;0;0;0;0;0;0;0;0;0;0;2;0;0;0
09/02/2017;14:06:00;276;Acidente sem Vítima;144,5;BR-040/GO;Sul;Colisão traseira;1;0;1;0;0;0;0;0;0;0;2;0;0;0;0
09/02/2017;12:37:00;253;Acidente com Vítima;6,2;BR-040/GO;Sul;Outros;0;0;1;1;0;0;0;0;0;0;1;1;0;0;0
09/02/2017;12:06:00;238;Acidente sem Vítima;536,12;BR-040/MG;Norte;Colisão traseira;1;0;0;0;0;1;0;0;0;0;2;0;0;0;0
09/02/2017;08:15:00;154;Acidente com Vítima;583,4;BR-040/MG;Norte;Outros;1;0;0;0;0;0;0;0;0;0;1;0;1;0;0
09/02/2017;06:40:00;115;Acidente sem Vítima;516,835;BR-040/MG;Norte;Colisão traseira;1;0;0;0;2;0;0;0;0;0;3;0;0;0;0
08/02/2017;21:55:00;410;Acidente com Vítima;7,05;BR-040/GO;Sul;Choque com objeto fixo;1;0;0;0;0;0;0;0;0;0;1;0;0;0;0
08/02/2017;17:48:00;326;Acidente sem Vítima;758,046;BR-040/MG;Sul;Capotamento;2;0;0;0;0;0;0;0;0;0;3;0;0;0;0
08/02/2017;17:27:00;323;Acidente sem Vítima;740,2;BR-040/MG;Sul;Abalroamento longitudinal;2;0;0;0;0;0;0;0;0;0;2;0;0;0;0
08/02/2017;14:54:00;276;Acidente sem Vítima;603,2;BR-040/MG;Norte;Choque com objeto fixo;0;0;1;0;0;0;0;0;0;0;1;0;0;0;0
08/02/2017;07:15:00;139;Acidente com Vítima;516,12;BR-040/MG;Sul;Abalroamento longitudinal;1;0;0;1;0;0;0;0;0;0;1;0;1;0;0
08/02/2017;07:10:00;136;Acidente sem Vítima;24,15;BR-040/GO;Sul;Abalroamento transversal;2;0;0;0;0;0;0;0;0;0;2;0;0;0;0
08/02/2017;06:46:00;130;Acidente com Morte;696,1;BR-040/MG;Sul;Abalroamento transversal;1;0;0;1;0;0;0;0;0;0;0;1;1;0;1
07/02/2017;22:48:00;412;Acidente sem Vítima;509,4;BR-040/MG;Norte;Colisão traseira;2;0;0;0;0;0;0;0;0;0;4;0;0;0;0
07/02/2017;18:44:00;339;Acidente sem Vítima;8,4;BR-040/GO;Sul;Abalroamento longitudinal;3;0;0;0;0;0;0;0;0;0;6;0;0;0;0
07/02/2017;18:08:00;330;Acidente com Vítima;567,1;BR-040/MG;Sul;Choque com objeto fixo;1;0;0;0;0;0;0;0;0;0;0;1;0;0;0
07/02/2017;17:38:00;324;Acidente sem Vítima;519,3;BR-040/MG;Norte;Colisão traseira;3;0;0;0;0;0;0;0;0;0;5;0;0;0;0
07/02/2017;17:37:00;323;Acidente sem Vítima;494,15;BR-040/MG;Norte;Capotamento;1;0;1;0;0;0;0;0;0;0;3;0;0;0;0
07/02/2017;16:55:00;310;Acidente sem Vítima;544,1;BR-040/MG;Norte;Abalroamento longitudinal;1;0;0;1;0;0;0;0;0;0;2;0;0;0;0
07/02/2017;15:37:00;284;Acidente sem Vítima;567,1;BR-040/MG;Sul;Colisão traseira;2;0;1;0;0;0;0;0;0;0;3;0;0;0;0
07/02/2017;15:15:00;274;Acidente sem Vítima;526,7;BR-040/MG;Norte;Colisão traseira;3;0;0;0;0;0;0;0;0;0;3;0;0;0;0
07/02/2017;13:55:00;253;Acidente sem Vítima;530,1;BR-040/MG;Sul;Colisão traseira;3;0;0;0;0;0;0;0;0;0;7;0;0;0;0
07/02/2017;10:15:00;198;Acidente sem Vítima;524,1;BR-040/MG;Norte;Colisão traseira;2;0;0;0;0;0;0;0;0;0;2;0;0;0;0
07/02/2017;09:45:00;183;Acidente com Vítima;524,1;BR-040/MG;Norte;Colisão traseira;1;0;1;0;0;0;0;0;0;0;3;1;0;0;0
07/02/2017;09:15:00;172;Acidente sem Vítima;473,2;BR-040/MG;Sul;Capotamento;1;0;0;0;0;0;0;0;0;0;1;0;0;0;0
07/02/2017;09:01:00;168;Acidente sem Vítima;541,1;BR-040/MG;Sul;Colisão traseira;2;0;0;0;0;0;0;0;0;0;2;0;0;0;0
07/02/2017;08:10:00;143;Acidente com Vítima;547,1;BR-040/MG;Sul;Outros;1;0;0;1;0;0;0;0;0;0;1;1;0;0;0
07/02/2017;07:44:00;131;Acidente sem Vítima;514,1;BR-040/MG;Sul;Colisão traseira;3;0;0;0;0;0;0;0;0;0;3;0;0;0;0
07/02/2017;07:34:00;125;Acidente sem Vítima;543,1;BR-040/MG;Sul;Colisão traseira;3;0;0;0;0;0;0;0;0;0;3;0;0;0;0
07/02/2017;06:21:00;109;Acidente com Vítima;517,5;BR-040/MG;Sul;Outros;0;0;0;1;0;0;0;0;0;0;0;1;0;0;0
07/02/2017;06:14:00;107;Atropelamento sem Morte;507,2;BR-040/MG;Sul;Atropelamento de pedestre atravessando;1;0;0;0;0;0;0;0;0;0;1;0;0;1;0
07/02/2017;00:36:00;3;Acidente com Vítima;528,37;BR-040/MG;Norte;Colisão traseira;1;0;0;0;0;1;0;0;0;0;2;1;0;0;0
07/02/2017;00:23:00;2;Acidente sem Vítima;520,05;BR-040/MG;Norte;Outros;1;0;0;0;0;0;0;0;0;0;1;0;0;0;0
06/02/2017;23:14:00;425;Acidente sem Vítima;557,48;BR-040/MG;Sul;Choque em defensa;1;0;0;0;0;0;0;0;0;0;2;0;0;0;0
06/02/2017;22:12:00;417;Acidente sem Vítima;469,1;BR-040/MG;Norte;Choque com objeto fixo;2;0;0;0;0;0;0;0;0;0;3;0;0;0;0
06/02/2017;19:32:00;367;Acidente sem Vítima;61,5;BR-040/GO;Norte;Outros;0;0;1;0;0;0;0;0;0;0;1;0;0;0;0
06/02/2017;16:48:00;320;Acidente sem Vítima;2,29;BR-040/GO;Sul;Abalroamento longitudinal;1;0;0;1;0;0;0;0;0;0;2;0;0;0;0
06/02/2017;15:05:00;283;Acidente sem Vítima;706,516;BR-040/MG;Sul;Colisão traseira;0;0;2;0;0;0;0;0;0;0;3;0;0;0;0
06/02/2017;14:52:00;279;Acidente sem Vítima;615,736;BR-040/MG;Sul;Colisão traseira;2;0;0;0;0;0;0;0;0;0;4;0;0;0;0
06/02/2017;13:21:00;257;Acidente com Vítima;536,5;BR-040/MG;Norte;Colisão traseira;2;0;1;0;0;0;0;0;0;0;10;1;0;0;0
06/02/2017;11:15:00;207;Acidente com Vítima;588;BR-040/MG;Sul;Abalroamento longitudinal;1;0;0;1;0;0;0;0;0;0;4;1;0;0;0
06/02/2017;07:35:00;81;Acidente sem Vítima;562;BR-040/MG;Sul;Queda de Carga;0;0;1;0;0;0;0;0;0;0;1;0;0;0;0
06/02/2017;07:25:00;76;Acidente com Vítima;4,3;BR-040/GO;Sul;Abalroamento transversal;2;0;0;1;0;0;0;0;0;0;2;1;0;0;0
06/02/2017;06:28:00;64;Acidente sem Vítima;767;BR-040/MG;Norte;Capotamento;1;0;0;0;0;0;0;0;0;0;1;0;0;0;0
06/02/2017;06:11:00;59;Acidente sem Vítima;281,3;BR-040/MG;Sul;Atropelamento de animal;1;0;0;0;0;0;0;0;0;0;3;0;0;0;0
06/02/2017;06:01:00;53;Atropelamento sem Morte;1;BR-040/GO;Norte;Atropelamento de pedestre atravessando;1;0;0;0;0;0;0;0;0;0;1;0;1;0;0
06/02/2017;05:41:00;51;Acidente com Vítima;545,1;BR-040/MG;Sul;Choque em barreira New Jersey;2;0;3;0;0;0;0;0;0;0;9;1;0;0;0
06/02/2017;02:08:00;43;Acidente com Morte;318,76;BR-040/MG;Sul;Choque com objeto fixo;1;0;0;0;0;0;0;0;0;0;0;0;0;0;1
06/02/2017;01:29:00;39;Acidente com Vítima;2,6;BR-040/GO;Sul;Outros;0;0;0;1;0;0;0;0;0;0;0;0;0;0;0
06/02/2017;00:39:00;6;Acidente sem Vítima;6,5;BR-040/GO;Sul;Choque com objeto fixo;1;0;0;0;0;0;0;0;0;0;1;0;0;0;0
05/02/2017;21:22:00;270;Acidente com Morte;527,076;BR-040/MG;Norte;Choque com objeto fixo;0;0;0;1;0;0;0;0;0;0;0;0;0;0;1
05/02/2017;20:42:00;262;Acidente com Vítima;635;BR-040/MG;Norte;Colisão traseira;1;0;0;1;0;0;0;0;0;0;1;0;0;0;0
05/02/2017;20:32:00;261;Acidente com Vítima;361,76;BR-040/MG;Norte;Abalroamento longitudinal;1;0;0;1;0;0;0;0;0;0;5;0;2;0;0
05/02/2017;20:31:00;260;Acidente com Vítima;580;BR-040/MG;Norte;Outros;0;0;0;1;0;0;0;0;0;0;0;0;1;0;0
05/02/2017;18:35:00;230;Acidente com Vítima;376,97;BR-040/MG;Norte;Choque com objeto fixo;1;0;0;0;0;0;0;0;0;0;0;0;2;0;0
05/02/2017;18:31:00;229;Acidente sem Vítima;123,1;BR-040/GO;Sul;Queda de Carga;0;0;1;0;0;0;0;0;0;0;1;0;0;0;0
05/02/2017;18:30:00;228;Acidente com Vítima;623,42;BR-040/MG;Sul;Colisão frontal;2;0;0;0;0;0;0;0;0;0;0;0;1;0;0
05/02/2017;18:25:00;224;Acidente com Vítima;734,8;BR-040/MG;Norte;Capotamento;1;0;0;0;0;0;0;0;0;0;1;0;1;0;0
05/02/2017;18:11:00;217;Acidente sem Vítima;615,99;BR-040/MG;Sul;Choque em barreira New Jersey;1;0;0;0;0;0;0;0;0;0;1;0;0;0;0
05/02/2017;18:00:00;211;Acidente com Vítima;462,34;BR-040/MG;Norte;Capotamento;1;0;0;0;0;0;0;0;0;0;2;2;0;0;0
05/02/2017;15:14:00;156;Acidente sem Vítima;546,188;BR-040/MG;Sul;Choque com objeto fixo;1;0;0;0;0;0;0;0;0;0;1;0;0;0;0
05/02/2017;15:06:00;152;Acidente sem Vítima;731;BR-040/MG;Norte;Choque em barreira New Jersey;1;0;0;0;0;0;0;0;0;0;1;0;0;0;0
05/02/2017;14:58:00;148;Acidente sem Vítima;593;BR-040/MG;Norte;Queda de Carga;1;0;0;0;0;0;0;0;0;0;1;0;0;0;0
05/02/2017;12:23:00;112;Acidente com Vítima;0;Fora_Rota;Sul;Abalroamento transversal;1;0;0;0;0;1;0;0;0;0;6;1;0;0;0
05/02/2017;11:51:00;103;Acidente com Vítima;465,6;BR-040/MG;Sul;Outros;0;0;0;0;0;0;0;0;0;0;0;0;0;1;0
05/02/2017;09:58:00;72;Acidente sem Vítima;42,8;BR-040/GO;Sul;Queda de Carga;1;0;0;0;0;0;0;0;0;0;1;0;0;0;0
05/02/2017;07:50:00;49;Acidente sem Vítima;1,2;BR-040/GO;Norte;Colisão traseira;1;0;0;1;0;0;0;0;0;0;2;0;0;0;0
05/02/2017;07:26:00;44;Acidente sem Vítima;1,2;BR-040/GO;Norte;Choque com objeto fixo;1;0;0;0;0;0;0;0;0;0;3;0;0;0;0
05/02/2017;05:35:00;33;Acidente com Vítima;698,8;BR-040/MG;Norte;Choque em defensa;1;0;0;0;0;0;0;0;0;0;1;0;1;0;0
05/02/2017;05:23:00;31;Acidente sem Vítima;620;BR-040/MG;Sul;Outros;1;0;0;0;0;0;0;0;0;0;1;0;0;0;0
05/02/2017;03:59:00;26;Acidente com Vítima;445,4;BR-040/MG;Sul;Abalroamento longitudinal;0;0;2;0;0;0;0;0;0;0;4;0;1;0;0
04/02/2017;22:27:00;296;Acidente sem Vítima;18,583;BR-040/GO;Sul;Colisão traseira;1;0;0;1;0;0;0;0;0;0;2;0;0;0;0
04/02/2017;21:27:00;282;Acidente com Vítima;18,583;BR-040/GO;Norte;Colisão traseira;2;0;0;0;0;0;0;0;0;0;0;3;1;0;0
04/02/2017;20:03:00;258;Acidente sem Vítima;569,2;BR-040/MG;Norte;Capotamento;1;0;0;0;0;0;0;0;0;0;1;0;0;0;0
04/02/2017;19:47:00;252;Acidente sem Vítima;527,1;BR-040/MG;Sul;Choque com objeto fixo;1;0;0;0;0;0;0;0;0;0;1;0;0;0;0
04/02/2017;19:24:00;245;Acidente sem Vítima;560,2;BR-040/MG;Sul;Choque com objeto fixo;1;0;0;0;0;0;0;0;0;0;4;0;0;0;0
04/02/2017;19:02:00;234;Acidente sem Vítima;517,5;BR-040/MG;Sul;Abalroamento longitudinal;2;0;0;0;0;0;0;0;0;0;7;0;0;0;0
04/02/2017;18:32:00;227;Acidente sem Vítima;536,8;BR-040/MG;Norte;Outros;1;0;0;0;0;0;0;0;0;0;1;0;0;0;0
04/02/2017;17:57:00;215;Acidente sem Vítima;591;BR-040/MG;Norte;Outros;0;0;0;1;0;0;0;0;0;0;1;0;0;0;0
04/02/2017;17:40:00;207;Acidente sem Vítima;715,15;BR-040/MG;Sul;Choque com objeto fixo;1;0;0;0;0;0;0;0;0;0;1;0;0;0;0
04/02/2017;17:17:00;201;Acidente sem Vítima;587,8;BR-040/MG;Sul;Choque com objeto fixo;1;0;0;0;0;0;0;0;0;0;1;0;0;0;0