data;horario;n_da_ocorrencia;tipo_de_ocorrencia;km;trecho;sentido;tipo_de_acidente;automovel;bicicleta;caminhao;moto;onibus;outros;tracao_animal;transporte_de_cargas_especiais;trator_maquinas;utilitarios;ilesos;levemente_feridos;moderadamente_feridos;gravemente_feridos;mortos
11/03/2017;20:31:00;257;Acidente sem Vítima;105,3;BR-040/GO;Norte;Colisão traseira;2;0;0;0;0;0;0;0;0;0;4;0;0;0;0
11/03/2017;19:04:00;233;Atropelamento sem Morte;25,1;BR-040/GO;Norte;Atropelamento de ciclista;1;0;0;0;0;0;0;0;0;0;3;0;0;0;0
11/03/2017;18:50:00;223;Acidente com Vítima;530,709;BR-040/MG;Sul;Outros;0;0;0;1;0;1;0;0;0;0;1;2;0;0;0
11/03/2017;16:27:00;181;Acidente com Vítima;3,2;BR-040/GO;Norte;Colisão traseira;1;0;0;1;0;0;0;0;0;0;2;1;0;0;0
11/03/2017;15:34:00;168;Acidente sem Vítima;119,1;BR-040/MG;Sul;Abalroamento transversal;1;0;0;1;0;0;0;0;0;0;2;0;0;0;0
11/03/2017;15:22:00;163;Acidente com Vítima;5,1;BR-040/GO;Norte;Outros;1;0;0;1;0;0;0;0;0;0;1;1;0;0;0
11/03/2017;13:31:00;142;Acidente com Vítima;125,1;BR-040/GO;Norte;Capotamento;1;0;1;0;0;0;0;0;0;0;1;0;1;0;0
11/03/2017;13:29:00;140;Acidente sem Vítima;661,1;BR-040/MG;Sul;Abalroamento longitudinal;0;0;1;0;1;0;0;0;0;0;4;0;0;0;0
11/03/2017;12:40:00;124;Acidente sem Vítima;509,5;BR-040/MG;Sul;Colisão traseira;0;0;0;1;0;0;0;0;0;1;2;0;0;0;0
11/03/2017;11:08:00;101;Acidente sem Vítima;591,169;BR-040/MG;Sul;Abalroamento longitudinal;1;0;1;0;0;0;0;0;0;0;2;0;0;0;0
11/03/2017;08:51:00;69;Acidente sem Vítima;754,15;BR-040/MG;Sul;Choque com objeto fixo;1;0;0;0;0;0;0;0;0;0;1;0;0;0;0
11/03/2017;08:14:00;63;Acidente com Vítima;583,6;BR-040/MG;Norte;Capotamento;1;0;0;0;0;0;0;0;0;0;1;0;1;0;0
11/03/2017;07:22:00;50;Acidente sem Vítima;119,1;BR-040/MG;Norte;Capotamento;1;0;0;0;0;0;0;0;0;0;1;0;0;0;0
11/03/2017;06:20:00;37;Acidente sem Vítima;515,6;BR-040/MG;Norte;Colisão traseira;1;0;1;0;0;0;0;0;0;0;3;0;0;0;0
11/03/2017;04:31:00;25;Acidente sem Vítima;422,615;BR-040/MG;Norte;Atropelamento de animal;1;0;0;0;0;0;0;0;0;0;3;0;0;0;0
10/03/2017;22:09:00;409;Acidente com Vítima;2,5;BR-040/DF;Norte;Colisão traseira;1;0;0;1;0;0;0;0;0;0;1;0;1;0;0
10/03/2017;20:07:00;379;Acidente com Vítima;7,5;BR-040/GO;Norte;Abalroamento transversal;1;0;0;1;0;0;0;0;0;0;1;1;0;0;0
10/03/2017;19:35:00;368;Acidente com Vítima;692,5;BR-040/MG;Sul;Outros;0;0;0;1;0;0;0;0;0;0;0;0;1;0;0
10/03/2017;19:18:00;359;Acidente sem Vítima;670,33;BR-040/MG;Norte;Colisão traseira;0;0;2;0;0;0;0;0;0;0;2;0;0;0;0
10/03/2017;18:33:00;347;Acidente com Vítima;524,1;BR-040/MG;Norte;Colisão traseira;2;0;0;1;0;0;0;0;0;0;2;0;0;0;0
10/03/2017;18:24:00;344;Acidente com Vítima;508,14;BR-040/MG;Norte;Choque com objeto fixo;0;0;0;1;0;0;0;0;0;0;0;0;1;1;0
10/03/2017;18:14:00;340;Acidente com Vítima;528,8;BR-040/MG;Norte;Colisão traseira;0;0;0;0;2;0;0;0;0;0;82;3;0;0;0
10/03/2017;17:16:00;320;Acidente sem Vítima;508,34;BR-040/MG;Sul;Colisão traseira;1;0;1;0;0;0;0;0;0;0;2;0;0;0;0
10/03/2017;16:13:00;298;Acidente sem Vítima;129,171;BR-040/MG;Sul;Choque com objeto fixo;1;0;0;0;0;0;0;0;0;0;1;0;0;0;0
10/03/2017;15:46:00;289;Acidente com Vítima;517,25;BR-040/MG;Norte;Colisão frontal;3;0;0;0;0;0;0;0;0;0;1;0;2;0;0
10/03/2017;15:15:00;283;Acidente com Vítima;86,1;BR-040/GO;Norte;Capotamento;1;0;0;0;0;0;0;0;0;0;1;1;0;0;0
10/03/2017;15:12:00;280;Acidente sem Vítima;536,13;BR-040/MG;Norte;Colisão frontal;1;0;1;0;0;1;0;0;0;0;3;0;0;0;0
10/03/2017;13:15:00;243;Acidente com Vítima;511,495;BR-040/MG;Norte;Colisão traseira;1;0;1;0;0;0;0;0;0;0;13;1;0;0;0
10/03/2017;12:26:00;234;Acidente sem Vítima;477,65;BR-040/MG;Sul;Capotamento;1;0;0;0;0;0;0;0;0;0;1;0;0;0;0
10/03/2017;10:50:00;208;Acidente sem Vítima;462,5;BR-040/MG;Sul;Outros;1;0;0;0;0;0;0;0;0;0;5;0;0;0;0
10/03/2017;10:26:00;198;Acidente com Vítima;520;BR-040/MG;Norte;Outros;0;0;0;1;0;0;0;0;0;0;1;1;0;0;0
10/03/2017;08:27:00;163;Acidente sem Vítima;1,8;BR-040/DF;Sul;Colisão traseira;1;0;2;0;0;0;0;0;0;0;3;0;0;0;0
10/03/2017;08:05:00;156;Acidente com Vítima;76;BR-040/MG;Norte;Abalroamento longitudinal;1;0;1;0;0;0;0;0;0;0;2;1;0;0;0
10/03/2017;08:00:00;152;Atropelamento sem Morte;0,5;BR-040/GO;Norte;Atropelamento de pedestre atravessando;0;0;0;1;0;0;0;0;0;0;1;1;0;0;0
10/03/2017;07:17:00;137;Acidente sem Vítima;514,3;BR-040/MG;Sul;Colisão traseira;3;0;0;0;0;0;0;0;0;0;4;0;0;0;0
10/03/2017;06:45:00;123;Acidente com Vítima;516,393;BR-040/MG;Sul;Outros;0;0;0;1;0;0;0;0;0;0;0;2;0;0;0
10/03/2017;06:09:00;112;Acidente sem Vítima;5;BR-040/GO;Norte;Colisão traseira;2;0;0;0;0;0;0;0;0;0;3;0;0;0;0
10/03/2017;00:21:00;4;Acidente com Vítima;6,085;BR-040/DF;Norte;Colisão traseira;1;0;0;1;0;0;0;0;0;0;3;0;0;1;0
09/03/2017;22:44:00;399;Acidente com Morte;29,5;BR-040/GO;Norte;Colisão frontal;0;0;1;1;0;0;0;0;0;0;1;0;0;0;1
09/03/2017;18:48:00;341;Acidente sem Vítima;525;BR-040/MG;Norte;Colisão traseira;1;0;1;0;1;0;0;0;0;0;3;0;0;0;0
09/03/2017;18:32:00;338;Acidente com Vítima;512;BR-040/MG;Norte;Colisão traseira;1;0;0;1;0;0;0;0;0;0;1;1;0;0;0
09/03/2017;18:08:00;329;Acidente com Vítima;511;BR-040/MG;Norte;Colisão traseira;4;0;0;0;0;0;0;0;0;0;4;1;0;0;0
09/03/2017;17:16:00;311;Acidente com Vítima;531,016;BR-040/MG;Norte;Outros;0;0;1;1;0;0;0;0;0;0;1;1;0;0;0
09/03/2017;17:05:00;308;Acidente sem Vítima;2,2;BR-040/GO;Norte;Abalroamento longitudinal;1;0;0;1;0;0;0;0;0;0;4;0;0;0;0
09/03/2017;16:28:00;297;Acidente sem Vítima;606,7;BR-040/MG;Sul;Colisão traseira;2;0;0;0;0;0;0;0;0;0;6;0;0;0;0
09/03/2017;14:21:00;268;Acidente sem Vítima;500,442;BR-040/MG;Sul;Capotamento;1;0;0;0;0;1;0;0;0;0;4;0;0;0;0
09/03/2017;11:42:00;224;Acidente sem Vítima;482,72;BR-040/MG;Sul;Capotamento;1;0;0;0;0;0;0;0;0;0;2;0;0;0;0
09/03/2017;09:39:00;181;Acidente com Vítima;13,8;BR-040/GO;Sul;Abalroamento longitudinal;1;0;0;1;0;0;0;0;0;0;1;1;0;0;0
09/03/2017;00:10:00;2;Acidente sem Vítima;12,1;BR-040/GO;Norte;Colisão frontal;2;0;0;0;0;0;0;0;0;0;5;0;0;0;0
08/03/2017;22:00:00;395;Acidente sem Vítima;685,2;BR-040/MG;Sul;Choque com objeto fixo;1;0;0;0;0;0;0;0;0;0;1;0;0;0;0
08/03/2017;21:39:00;390;Atropelamento sem Morte;9,8;BR-040/GO;Sul;Atropelamento de pedestre atravessando;0;0;0;1;0;0;0;0;0;0;1;1;0;0;0
08/03/2017;19:49:00;370;Acidente sem Vítima;585,1;BR-040/MG;Sul;Choque com objeto fixo;0;0;1;0;0;0;0;0;0;0;1;0;0;0;0
08/03/2017;19:17:00;361;Acidente sem Vítima;525,8;BR-040/MG;Norte;Colisão traseira;3;0;0;0;0;0;0;0;0;0;6;0;0;0;0
08/03/2017;19:14:00;360;Acidente com Vítima;600,3;BR-040/MG;Sul;Colisão frontal;2;0;1;0;0;0;0;0;0;0;2;1;1;0;0
08/03/2017;18:36:00;345;Acidente sem Vítima;591,4;BR-040/MG;Norte;Choque em defensa;1;0;0;0;0;0;0;0;0;0;1;0;0;0;0
08/03/2017;18:28:00;341;Acidente sem Vítima;558,5;BR-040/MG;Sul;Choque em defensa;1;0;0;0;0;0;0;0;0;0;2;0;0;0;0
08/03/2017;18:19:00;339;Acidente com Vítima;523,5;BR-040/MG;Norte;Colisão traseira;1;0;0;0;0;0;0;0;0;1;4;1;1;0;0
08/03/2017;18:08:00;334;Acidente sem Vítima;593,2;BR-040/MG;Norte;Abalroamento longitudinal;2;0;0;0;0;0;0;0;0;0;2;0;0;0;0
08/03/2017;17:30:00;322;Acidente sem Vítima;464,5;BR-040/MG;Sul;Queda de Carga;1;0;0;0;0;0;0;0;0;0;2;0;0;0;0
08/03/2017;16:44:00;308;Acidente sem Vítima;4,7;BR-040/GO;Sul;Abalroamento transversal;2;0;0;0;0;0;0;0;0;0;2;0;0;0;0
08/03/2017;16:25:00;304;Acidente sem Vítima;464,03;BR-040/MG;Sul;Choque com objeto fixo;0;0;1;0;0;0;0;0;0;0;2;0;0;0;0
08/03/2017;14:05:00;265;Acidente sem Vítima;557,5;BR-040/MG;Sul;Choque em defensa;1;0;0;0;0;0;0;0;0;0;1;0;0;0;0
08/03/2017;13:57:00;262;Acidente com Vítima;657,1;BR-040/MG;Sul;Queda de Carga;1;0;0;0;0;0;0;0;0;0;1;1;0;0;0
08/03/2017;11:59:00;233;Acidente sem Vítima;549,15;BR-040/MG;Norte;Choque com objeto fixo;1;0;0;0;0;0;0;0;0;0;1;0;0;0;0
08/03/2017;11:55:00;231;Acidente com Vítima;740,1;BR-040/MG;Sul;Colisão traseira;0;0;1;1;0;0;0;0;0;0;1;1;0;0;0
08/03/2017;11:52:00;229;Acidente com Vítima;608,1;BR-040/MG;Sul;Colisão traseira;0;0;2;0;0;0;0;0;0;0;1;1;0;0;0
08/03/2017;10:25:00;195;Acidente sem Vítima;500,8;BR-040/MG;Norte;Colisão traseira;1;0;1;0;0;0;0;0;0;0;2;0;0;0;0
08/03/2017;07:05:00;120;Acidente sem Vítima;0;Fora_Rota;Norte;Colisão traseira;2;0;0;0;0;0;0;0;0;0;2;0;0;0;0
08/03/2017;00:28:00;38;Acidente com Morte;4,376;BR-040/DF;Norte;Abalroamento longitudinal;1;0;0;1;0;0;0;0;0;0;0;0;1;0;1
07/03/2017;21:45:00;379;Acidente sem Vítima;599,2;BR-040/MG;Sul;Abalroamento longitudinal;2;0;0;0;0;0;0;0;0;0;3;0;0;0;0
07/03/2017;20:00:00;353;Atropelamento sem Morte;446,031;BR-040/MG;Norte;Atropelamento de ciclista;0;1;0;1;0;0;0;0;0;0;0;2;0;0;0
07/03/2017;19:22:00;339;Acidente com Vítima;7,5;BR-040/DF;Sul;Abalroamento transversal;1;0;0;1;0;0;0;0;0;0;2;0;0;1;0
07/03/2017;16:21:00;291;Acidente sem Vítima;697,1;BR-040/MG;Norte;Choque com objeto fixo;0;0;0;1;0;0;0;0;0;0;1;0;0;0;0
07/03/2017;13:39:00;233;Acidente sem Vítima;730,5;BR-040/MG;Norte;Choque com objeto fixo;1;0;0;0;0;0;0;0;0;0;1;0;0;0;0
07/03/2017;11:53:00;210;Acidente sem Vítima;604,2;BR-040/MG;Norte;Abalroamento longitudinal;0;0;1;0;0;1;0;0;0;0;2;0;0;0;0
07/03/2017;08:47:00;161;Acidente sem Vítima;536,3;BR-040/MG;Norte;Abalroamento longitudinal;1;0;1;0;0;0;0;0;0;0;2;0;0;0;0
07/03/2017;08:07:00;148;Acidente com Vítima;3,3;BR-040/GO;Norte;Colisão traseira;4;0;0;0;0;0;0;0;0;0;4;1;0;0;0
07/03/2017;07:01:00;117;Acidente sem Vítima;523,15;BR-040/MG;Sul;Colisão traseira;3;0;0;0;0;0;0;0;0;1;6;0;0;0;0
07/03/2017;06:29:00;105;Acidente com Vítima;2,8;BR-040/DF;Norte;Colisão traseira;3;0;0;0;0;0;0;0;0;0;4;1;0;0;0
07/03/2017;01:45:00;5;Acidente sem Vítima;462,5;BR-040/MG;Sul;Capotamento;1;0;0;0;0;0;0;0;0;0;2;0;0;0;0
06/03/2017;21:32:00;388;Acidente sem Vítima;555,67;BR-040/MG;Norte;Colisão traseira;0;0;2;0;0;0;0;0;0;0;2;0;0;0;0
06/03/2017;20:47:00;378;Acidente sem Vítima;531,01;BR-040/MG;Sul;Capotamento;1;0;0;0;0;0;0;0;0;0;1;0;0;0;0
06/03/2017;19:17:00;361;Acidente com Morte;32;BR-040/GO;Sul;Colisão frontal;1;0;1;0;0;0;0;0;0;0;1;0;0;0;4
06/03/2017;19:01:00;356;Atropelamento com Morte;650,53;BR-040/MG;Norte;Atropelamento de pedestre caminhando;1;0;0;0;0;0;0;0;0;0;1;0;0;0;1
06/03/2017;18:12:00;338;Atropelamento sem Morte;0;BR-040/GO;Norte;Atropelamento de pedestre atravessando;0;0;0;1;0;0;0;0;0;0;1;1;0;0;0
06/03/2017;16:37:00;314;Acidente com Vítima;701,18;BR-040/MG;Norte;Abalroamento longitudinal;1;0;1;0;0;0;0;0;0;0;1;0;1;0;0
06/03/2017;13:38:00;264;Acidente sem Vítima;2,8;BR-040/GO;Sul;Abalroamento transversal;1;0;1;0;0;0;0;0;0;0;2;0;0;0;0
06/03/2017;12:57:00;255;Acidente sem Vítima;0;Fora_Rota;Sul;Choque com objeto fixo;0;0;1;0;0;0;0;0;0;0;1;0;0;0;0
06/03/2017;11:37:00;235;Acidente sem Vítima;593;BR-040/MG;Norte;Choque com objeto fixo;2;0;0;0;0;0;0;0;0;0;2;0;0;0;0
06/03/2017;08:36:00;169;Acidente sem Vítima;538,01;BR-040/MG;Norte;Colisão traseira;2;0;0;0;0;0;0;0;0;0;2;0;0;0;0
06/03/2017;08:14:00;158;Acidente com Vítima;536,52;BR-040/MG;Sul;Outros;1;0;0;1;0;0;0;0;0;0;1;0;1;0;0
06/03/2017;06:53:00;121;Acidente sem Vítima;514,1;BR-040/MG;Norte;Outros;0;0;2;0;0;0;0;0;0;0;2;0;0;0;0
06/03/2017;06:26:00;112;Acidente sem Vítima;174,2;BR-040/MG;Sul;Choque com objeto fixo;1;0;0;0;0;0;0;0;0;0;1;0;0;0;0
05/03/2017;21:36:00;257;Acidente com Vítima;580,898;BR-040/MG;Sul;Capotamento;1;0;0;0;0;0;0;0;0;0;1;1;0;0;0
05/03/2017;19:07:00;221;Atropelamento sem Morte;660,242;BR-040/MG;Sul;Atropelamento de pedestre atravessando;1;0;0;0;0;0;0;0;0;0;1;0;0;1;0
05/03/2017;19:04:00;219;Acidente com Vítima;88,6;BR-040/GO;Sul;Colisão frontal;2;0;0;0;0;0;0;0;0;0;2;1;0;0;0
05/03/2017;18:22:00;206;Acidente com Vítima;0,5;BR-040/DF;Sul;Abalroamento longitudinal;1;0;0;1;0;0;0;0;0;0;1;0;0;0;0
05/03/2017;16:29:00;177;Acidente sem Vítima;656,3;BR-040/MG;Norte;Choque com objeto fixo;1;0;0;0;0;0;0;0;0;0;1;0;0;0;0
05/03/2017;16:24:00;175;Acidente sem Vítima;515,12;BR-040/MG;Sul;Colisão traseira;2;0;0;0;0;0;0;0;0;0;3;0;0;0;0
05/03/2017;15:56:00;166;Acidente com Vítima;656,3;BR-040/MG;Norte;Choque com objeto fixo;1;0;0;0;0;0;0;0;0;0;1;1;0;0;0
05/03/2017;15:01:00;154;Acidente com Vítima;562,5;BR-040/MG;Sul;Colisão traseira;2;0;0;0;0;0;0;0;0;0;3;1;0;0;0
05/03/2017;14:49:00;150;Acidente com Vítima;562,2;BR-040/MG;Sul;Capotamento;2;0;0;1;0;0;0;0;0;0;3;4;0;0;0
05/03/2017;14:47:00;148;Acidente com Vítima;638,5;BR-040/MG;Sul;Capotamento;1;0;0;0;0;0;0;0;0;0;2;0;0;0;0
05/03/2017;08:51:00;55;Acidente sem Vítima;563,54;BR-040/MG;Sul;Colisão traseira;0;0;0;2;0;0;0;0;0;0;2;0;0;0;0
05/03/2017;04:01:00;23;Acidente sem Vítima;3,516;BR-040/GO;Sul;Colisão traseira;2;0;0;0;0;0;0;0;0;0;5;0;0;0;0
05/03/2017;03:53:00;22;Acidente com Vítima;3,016;BR-040/DF;Sul;Colisão traseira;2;0;0;0;0;0;0;0;0;0;1;1;0;0;0
05/03/2017;01:26:00;10;Acidente com Vítima;0,3;BR-040/GO;Sul;Outros;0;0;0;1;0;1;0;0;0;0;1;0;2;0;0
04/03/2017;20:29:00;332;Acidente sem Vítima;3,047;BR-040/GO;Sul;Colisão traseira;3;0;0;0;0;0;0;0;0;0;6;0;0;0;0
04/03/2017;18:57:00;304;Atropelamento sem Morte;0,569;BR-040/GO;Sul;Atropelamento de pedestre atravessando;1;0;0;0;0;0;0;0;0;0;1;1;0;0;0
04/03/2017;14:59:00;235;Acidente com Vítima;541,8;BR-040/MG;Sul;Colisão traseira;2;0;0;0;0;0;0;0;0;0;1;1;0;0;0
04/03/2017;12:33:00;193;Acidente com Vítima;284,2;BR-040/MG;Norte;Outros;0;0;0;1;0;0;0;0;0;0;0;1;0;0;0
04/03/2017;11:31:00;177;Acidente sem Vítima;519,5;BR-040/MG;Norte;Colisão traseira;2;0;0;0;0;0;0;0;0;0;2;0;0;0;0
04/03/2017;10:40:00;162;Acidente com Vítima;519,5;BR-040/MG;Sul;Choque com objeto fixo;2;0;0;0;0;0;0;0;0;0;2;1;0;0;0
04/03/2017;08:58:00;127;Acidente com Vítima;65,42;BR-040/GO;Norte;Abalroamento longitudinal;0;0;1;1;0;0;0;0;0;0;1;1;0;0;0
04/03/2017;03:56:00;53;Acidente sem Vítima;455,2;BR-040/MG;Sul;Colisão traseira;0;0;1;0;1;0;0;0;0;0;31;0;0;0;0
04/03/2017;00:45:00;9;Acidente sem Vítima;38,364;BR-040/GO;Sul;Choque com objeto fixo;1;0;0;0;0;0;0;0;0;0;1;0;0;0;0
03/03/2017;23:09:00;354;Acidente com Vítima;730,1;BR-040/MG;Norte;Queda de Carga;0;0;1;0;0;0;0;0;0;0;0;0;1;0;0
03/03/2017;20:21:00;315;Acidente sem Vítima;6,45;BR-040/GO;Sul;Outros;0;0;0;1;0;0;0;0;0;0;1;0;0;0;0
03/03/2017;14:13:00;244;Acidente sem Vítima;559,2;BR-040/MG;Sul;Colisão traseira;1;0;0;0;0;1;0;0;0;0;2;0;0;0;0
03/03/2017;08:23:00;166;Acidente sem Vítima;562,2;BR-040/MG;Sul;Colisão traseira;0;0;2;0;0;0;0;0;0;0;3;0;0;0;0
03/03/2017;07:39:00;152;Acidente sem Vítima;642,2;BR-040/MG;Norte;Colisão traseira;0;0;2;0;0;0;0;0;0;0;2;0;0;0;0
03/03/2017;07:09:00;144;Acidente sem Vítima;530,1;BR-040/MG;Sul;Abalroamento longitudinal;1;0;0;1;0;0;0;0;0;0;2;0;0;0;0
03/03/2017;06:58:00;138;Acidente com Morte;703,25;BR-040/MG;Norte;Colisão traseira;0;0;1;1;0;0;0;0;0;0;1;0;0;0;1
03/03/2017;06:39:00;135;Acidente sem Vítima;3,158;BR-040/DF;Sul;Colisão traseira;2;0;0;0;0;0;0;0;0;0;2;0;0;0;0
03/03/2017;06:08:00;121;Acidente com Vítima;566,3;BR-040/MG;Norte;Queda de Carga;0;0;1;0;0;0;0;0;0;0;1;1;0;0;0
03/03/2017;06:02:00;117;Acidente com Vítima;287,14;BR-040/MG;Norte;Choque com objeto fixo;1;0;0;0;0;0;0;0;0;0;0;0;1;0;0
03/03/2017;02:06:00;13;Acidente sem Vítima;534,158;BR-040/MG;Sul;Colisão traseira;1;0;0;0;0;1;0;0;0;0;2;0;0;0;0
03/03/2017;00:32:00;4;Acidente com Vítima;9,6;BR-040/GO;Sul;Choque com objeto fixo;1;0;0;0;0;0;0;0;0;0;0;0;1;0;0
02/03/2017;22:59:00;405;Acidente sem Vítima;8,17;BR-040/DF;Sul;Capotamento;1;0;0;0;0;0;0;0;0;0;2;0;0;0;0
02/03/2017;15:15:00;281;Acidente sem Vítima;657;BR-040/MG;Norte;Choque com objeto fixo;1;0;0;0;0;0;0;0;0;0;1;0;0;0;0
02/03/2017;15:10:00;275;Acidente sem Vítima;1,35;BR-040/GO;Norte;Abalroamento transversal;2;0;0;0;0;0;0;0;0;0;2;0;0;0;0
02/03/2017;15:02:00;272;Acidente sem Vítima;687,2;BR-040/MG;Sul;Outros;1;0;0;0;0;0;0;0;0;0;1;0;0;0;0
02/03/2017;14:38:00;265;Acidente sem Vítima;727,5;BR-040/MG;Sul;Abalroamento longitudinal;2;0;0;0;0;0;0;0;0;0;5;0;0;0;0
02/03/2017;12:42:00;231;Acidente com Vítima;17,8;BR-040/GO;Sul;Abalroamento transversal;0;0;1;1;0;0;0;0;0;0;1;1;0;0;0
02/03/2017;11:59:00;219;Acidente sem Vítima;145,031;BR-040/MG;Norte;Choque com objeto fixo;1;0;0;0;0;0;0;0;0;0;1;0;0;0;0
02/03/2017;11:37:00;215;Acidente sem Vítima;611;BR-040/MG;Sul;Colisão traseira;0;0;1;1;0;0;0;0;0;0;3;0;0;0;0
02/03/2017;11:13:00;206;Acidente sem Vítima;538;BR-040/MG;Norte;Abalroamento longitudinal;2;0;0;0;0;0;0;0;0;0;2;0;0;0;0
02/03/2017;10:43:00;198;Acidente sem Vítima;580;BR-040/MG;Sul;Choque em barreira New Jersey;1;0;0;0;0;0;0;0;0;0;3;0;0;0;0
02/03/2017;10:00:00;185;Acidente com Vítima;8,015;BR-040/GO;Sul;Colisão traseira;1;0;0;1;0;0;0;0;0;0;1;0;1;0;0
02/03/2017;06:17:00;119;Acidente sem Vítima;530;BR-040/MG;Sul;Colisão traseira;3;0;0;0;0;0;0;0;0;0;3;0;0;0;0
02/03/2017;04:55:00;107;Acidente sem Vítima;535,46;BR-040/MG;Sul;Choque em barreira New Jersey;1;0;0;0;0;0;0;0;0;0;1;0;0;0;0
02/03/2017;03:56:00;53;Acidente sem Vítima;52,365;BR-040/GO;Norte;Colisão traseira;0;0;1;0;0;1;0;0;0;0;2;0;0;0;0
01/03/2017;19:58:00;419;Acidente sem Vítima;1,7;BR-040/GO;Norte;Colisão traseira;1;0;0;1;0;0;0;0;0;0;4;0;0;0;0
01/03/2017;18:44:00;393;Acidente com Vítima;535,5;BR-040/MG;Norte;Abalroamento longitudinal;1;0;0;1;0;0;0;0;0;0;1;0;0;0;0
01/03/2017;18:33:00;386;Acidente sem Vítima;728;BR-040/MG;Sul;Capotamento;1;0;0;0;0;0;0;0;0;0;1;0;0;0;0
01/03/2017;16:20:00;351;Acidente com Vítima;48,1;BR-040/MG;Sul;Queda de Carga;1;0;0;0;0;0;0;0;0;0;0;0;1;0;0
01/03/2017;14:26:00;305;Acidente sem Vítima;4,4;BR-040/GO;Norte;Colisão traseira;2;0;0;1;0;0;0;0;0;0;5;0;0;0;0
01/03/2017;13:07:00;272;Acidente sem Vítima;14,4;BR-040/GO;Sul;Colisão traseira;2;0;0;0;0;0;0;0;0;0;6;0;0;0;0
01/03/2017;12:48:00;265;Acidente sem Vítima;511,485;BR-040/MG;Norte;Colisão traseira;1;0;0;1;0;0;0;0;0;0;6;0;0;0;0
01/03/2017;12:06:00;254;Acidente sem Vítima;503;BR-040/MG;Sul;Choque com objeto fixo;1;0;0;0;0;0;0;0;0;0;1;0;0;0;0
01/03/2017;10:58:00;222;Acidente sem Vítima;0,1;BR-040/DF;Norte;Abalroamento longitudinal;2;0;0;0;0;0;0;0;0;0;2;0;0;0;0
01/03/2017;08:23:00;164;Acidente sem Vítima;552;BR-040/MG;Norte;Outros;1;0;1;0;0;0;0;0;0;0;2;0;0;0;0
01/03/2017;08:14:00;159;Acidente sem Vítima;718;BR-040/MG;Norte;Capotamento;1;0;0;0;0;0;0;0;0;0;1;0;0;0;0
01/03/2017;06:58:00;132;Acidente com Vítima;423,6;BR-040/MG;Sul;Outros;0;0;0;1;0;0;0;0;0;0;0;1;0;0;0
01/03/2017;06:47:00;128;Acidente sem Vítima;557,452;BR-040/MG;Sul;Choque em defensa;1;0;0;0;0;0;0;0;0;0;2;0;0;0;0
01/03/2017;06:37:00;121;Acidente sem Vítima;516,2;BR-040/MG;Norte;Capotamento;1;0;0;0;0;0;0;0;0;0;5;0;0;0;0
01/03/2017;06:29:00;120;Acidente sem Vítima;0,1;BR-040/MG;Norte;Choque em barreira New Jersey;1;0;0;0;0;0;0;0;0;0;2;0;0;0;0
01/03/2017;02:33:00;95;Acidente sem Vítima;464,2;BR-040/MG;Sul;Queda de Carga;0;0;1;0;0;0;0;0;0;0;2;0;0;0;0
31/05/2017;22:34:00;456;Acidente sem Vítima;449,1;BR-040/MG;Norte;Choque com objeto fixo;0;0;0;0;0;0;0;0;0;1;1;0;0;0;0
31/05/2017;15:39:00;345;Acidente sem Vítima;606,5;BR-040/MG;Sul;Colisão traseira;1;0;1;0;0;0;0;0;0;0;2;0;0;0;0
31/05/2017;13:42:00;304;Acidente com Morte;606,1;BR-040/MG;Sul;Colisão frontal;1;0;1;0;1;0;0;0;0;0;11;2;0;0;1
31/05/2017;09:09:00;227;Acidente sem Vítima;542,6;BR-040/MG;Sul;Colisão traseira;3;0;1;0;0;0;0;0;0;0;4;0;0;0;0
31/05/2017;08:04:00;195;Acidente com Vítima;11;BR-040/GO;Norte;Abalroamento transversal;1;0;0;1;0;0;0;0;0;0;1;1;0;0;0
31/05/2017;07:44:00;186;Acidente com Vítima;611,1;BR-040/MG;Norte;Colisão traseira;1;0;1;0;0;1;0;0;0;0;2;1;0;0;0
31/05/2017;06:17:00;156;Acidente com Vítima;510,525;BR-040/MG;Sul;Capotamento;1;0;0;0;0;0;0;0;0;0;1;1;0;0;0
30/05/2017;17:43:00;355;Acidente sem Vítima;577,2;BR-040/MG;Norte;Colisão traseira;1;0;1;0;0;0;0;0;0;0;2;0;0;0;0
30/05/2017;17:31:00;350;Acidente com Vítima;756,9;BR-040/MG;Sul;Capotamento;1;0;0;0;0;0;0;0;0;0;1;1;0;0;0
30/05/2017;17:24:00;345;Acidente com Vítima;673,3;BR-040/MG;Norte;Choque com objeto fixo;0;0;0;1;0;0;0;0;0;0;0;1;0;0;0
30/05/2017;15:46:00;311;Acidente sem Vítima;533,01;BR-040/MG;Sul;Colisão traseira;1;0;1;0;0;0;0;0;0;0;2;0;0;0;0
30/05/2017;14:29:00;282;Acidente sem Vítima;600,69;BR-040/MG;Norte;Abalroamento longitudinal;0;0;2;0;0;0;0;0;0;0;2;0;0;0;0
30/05/2017;14:29:00;283;Acidente sem Vítima;530,5;BR-040/MG;Sul;Colisão traseira;2;0;0;0;0;0;0;0;0;0;2;0;0;0;0
30/05/2017;13:31:00;261;Acidente sem Vítima;500,8;BR-040/MG;Sul;Colisão traseira;1;0;1;0;0;0;0;0;0;0;2;0;0;0;0