data;horario;n_da_ocorrencia;tipo_de_ocorrencia;km;trecho;sentido;tipo_de_acidente;automovel;bicicleta;caminhao;moto;onibus;outros;tracao_animal;transporte_de_cargas_especiais;trator_maquinas;utilitarios;ilesos;levemente_feridos;moderadamente_feridos;gravemente_feridos;mortos
30/05/2017;12:03:00;226;Acidente sem Vítima;5,9;BR-040/DF;Norte;Colisão traseira;1;0;1;0;0;0;0;0;0;0;2;0;0;0;0
30/05/2017;10:34:00;206;Acidente com Vítima;7,3;BR-040/DF;Norte;Colisão traseira;1;0;0;1;0;0;0;0;0;0;1;1;0;0;0
30/05/2017;10:26:00;203;Acidente sem Vítima;2,4;BR-040/DF;Sul;Outros;0;0;1;1;0;1;0;0;0;0;3;0;0;0;0
30/05/2017;07:42:00;147;Acidente sem Vítima;4,9;BR-040/GO;Norte;Colisão traseira;3;0;0;0;0;0;0;0;0;0;5;0;0;0;0
30/05/2017;06:54:00;129;Acidente sem Vítima;716,5;BR-040/MG;Norte;Atropelamento de animal;1;0;0;0;0;0;0;0;0;0;1;0;0;0;0
30/05/2017;00:59:00;10;Acidente sem Vítima;118,054;BR-040/MG;Norte;Outros;0;0;0;1;0;0;0;0;0;0;1;0;0;0;0
29/05/2017;23:27:00;410;Acidente sem Vítima;10,15;BR-040/GO;Sul;Outros;0;0;0;1;0;0;0;0;0;0;1;0;0;0;0
29/05/2017;09:11:00;172;Acidente sem Vítima;24;BR-040/GO;Norte;Choque com objeto fixo;2;0;0;0;0;0;0;0;0;0;2;0;0;0;0
29/05/2017;09:01:00;169;Acidente com Vítima;5,5;BR-040/DF;Sul;Abalroamento longitudinal;0;0;1;1;0;0;0;0;0;0;1;1;0;0;0
29/05/2017;03:51:00;101;Acidente sem Vítima;640;BR-040/MG;Sul;Atropelamento de animal;1;0;0;0;0;0;0;0;0;0;4;0;0;0;0
28/05/2017;23:03:00;256;Acidente com Vítima;487,1;BR-040/MG;Norte;Colisão traseira;0;0;1;1;0;0;0;0;0;0;1;0;1;0;0
28/05/2017;22:18:00;250;Acidente com Vítima;768,1;BR-040/MG;Norte;Outros;1;0;0;0;0;0;0;0;0;0;0;1;0;0;0
28/05/2017;21:38:00;245;Acidente com Vítima;534,1;BR-040/MG;Norte;Capotamento;1;0;0;0;0;0;0;0;0;0;0;1;4;0;0
28/05/2017;20:48:00;232;Acidente sem Vítima;669,9;BR-040/MG;Sul;Abalroamento longitudinal;1;0;0;0;0;1;0;0;0;0;2;0;0;0;0
28/05/2017;20:39:00;230;Atropelamento com Morte;636,5;BR-040/MG;Norte;Atropelamento de pedestre caminhando;1;0;0;0;0;0;0;0;0;0;1;0;0;0;1
28/05/2017;20:12:00;223;Acidente sem Vítima;697,2;BR-040/MG;Sul;Choque em barreira New Jersey;1;0;0;0;0;0;0;0;0;0;1;0;0;0;0
28/05/2017;19:35:00;211;Acidente sem Vítima;6,8;BR-040/GO;Sul;Abalroamento longitudinal;1;0;0;1;0;0;0;0;0;0;2;0;0;0;0
28/05/2017;18:59:00;202;Acidente com Vítima;618,3;BR-040/MG;Norte;Capotamento;1;0;0;0;0;0;0;0;0;0;1;3;1;0;0
28/05/2017;18:58:00;201;Acidente com Vítima;427,2;BR-040/MG;Norte;Colisão traseira;2;0;0;1;0;0;0;0;0;0;2;0;2;0;0
28/05/2017;18:14:00;189;Acidente sem Vítima;88,35;BR-040/GO;Sul;Atropelamento de animal;1;0;0;0;0;0;0;0;0;0;2;0;0;0;0
28/05/2017;17:46:00;183;Acidente sem Vítima;511;BR-040/MG;Sul;Colisão traseira;2;0;0;0;0;0;0;0;0;0;2;0;0;0;0
28/05/2017;17:28:00;173;Acidente sem Vítima;520,1;BR-040/MG;Norte;Colisão traseira;2;0;0;0;0;0;0;0;0;0;2;0;0;0;0
28/05/2017;15:47:00;140;Acidente sem Vítima;9,7;BR-040/GO;Sul;Capotamento;1;0;0;0;0;0;0;0;0;0;1;0;0;0;0
28/05/2017;14:53:00;125;Acidente sem Vítima;753,5;BR-040/MG;Norte;Outros;0;0;0;1;0;0;0;0;0;0;2;0;0;0;0
28/05/2017;14:34:00;123;Acidente com Vítima;618,5;BR-040/MG;Norte;Capotamento;1;0;0;0;0;0;0;0;0;0;0;0;0;0;0
28/05/2017;07:50:00;54;Acidente com Vítima;43,9;BR-040/MG;Norte;Capotamento;1;0;0;0;0;0;0;0;0;0;0;1;0;0;0
28/05/2017;04:43:00;34;Acidente com Vítima;12,4;BR-040/GO;Norte;Colisão traseira;2;0;0;0;0;0;0;0;0;0;2;4;0;0;0
28/05/2017;02:48:00;24;Acidente sem Vítima;623,5;BR-040/MG;Norte;Colisão traseira;2;0;0;0;0;0;0;0;0;0;2;0;0;0;0
28/05/2017;00:47:00;9;Atropelamento sem Morte;567,29;BR-040/MG;Sul;Atropelamento de pedestre atravessando;0;0;0;1;0;0;0;0;0;0;1;1;0;0;0
27/05/2017;23:29:00;288;Acidente sem Vítima;7,51;BR-040/GO;Sul;Colisão traseira;2;0;0;0;0;0;0;0;0;0;2;0;0;0;0
27/05/2017;22:11:00;266;Acidente sem Vítima;549;BR-040/MG;Norte;Abalroamento longitudinal;0;0;1;0;0;0;0;0;0;1;3;0;0;0;0
27/05/2017;22:07:00;265;Atropelamento sem Morte;629,8;BR-040/MG;Sul;Atropelamento de pedestre atravessando;0;0;0;1;0;0;0;0;0;0;0;0;0;0;0
27/05/2017;18:48:00;229;Acidente com Vítima;8,01;BR-040/GO;Norte;Outros;0;0;0;1;0;0;0;0;0;0;1;0;1;0;0
27/05/2017;18:31:00;223;Acidente com Vítima;6,2;BR-040/DF;Sul;Abalroamento longitudinal;3;0;0;0;0;0;0;0;0;0;1;0;0;0;0
27/05/2017;18:15:00;216;Acidente com Vítima;685,994;BR-040/MG;Sul;Outros;0;0;0;1;0;0;0;0;0;0;0;1;0;0;0
27/05/2017;15:52:00;183;Acidente com Vítima;21,15;BR-040/MG;Sul;Outros;1;0;0;1;0;0;0;0;0;0;1;0;0;0;0
27/05/2017;06:44:00;49;Acidente com Vítima;753,27;BR-040/MG;Norte;Outros;1;0;0;0;0;0;0;0;0;0;0;1;0;0;0
27/05/2017;04:27:00;33;Atropelamento com Morte;721,029;BR-040/MG;Sul;Atropelamento de ciclista;1;1;0;0;0;0;0;0;0;0;4;0;0;0;1
27/05/2017;01:32:00;16;Acidente sem Vítima;461,2;BR-040/MG;Sul;Outros;1;0;0;0;0;0;0;0;0;0;3;0;0;0;0
27/05/2017;01:31:00;14;Acidente com Vítima;7,01;BR-040/GO;Sul;Outros;0;0;0;1;0;0;0;0;0;0;0;1;0;0;0
27/05/2017;01:16:00;10;Acidente sem Vítima;461,2;BR-040/MG;Sul;Queda de Carga;0;0;1;0;0;0;0;0;0;0;1;0;0;0;0
26/05/2017;23:11:00;410;Acidente sem Vítima;114,1;BR-040/MG;Norte;Atropelamento de animal;1;0;0;0;0;0;0;0;0;0;1;0;0;0;0
26/05/2017;23:07:00;409;Acidente sem Vítima;70,2;BR-040/MG;Norte;Atropelamento de animal;1;0;0;0;0;0;0;0;0;0;1;0;0;0;0
26/05/2017;23:03:00;406;Acidente com Morte;522,69;BR-040/MG;Sul;Colisão frontal;2;0;0;0;0;0;0;0;0;0;0;2;0;0;1
26/05/2017;22:13:00;394;Acidente com Vítima;23,1;BR-040/GO;Norte;Abalroamento transversal;1;0;0;1;0;0;0;0;0;0;4;0;0;0;0
26/05/2017;20:50:00;373;Acidente sem Vítima;509,6;BR-040/MG;Sul;Choque em defensa;1;0;0;0;0;0;0;0;0;0;1;0;0;0;0
26/05/2017;20:43:00;372;Acidente sem Vítima;615,865;BR-040/MG;Sul;Choque com objeto fixo;1;0;0;0;0;0;0;0;0;0;1;0;0;0;0
26/05/2017;20:28:00;367;Atropelamento sem Morte;710,895;BR-040/MG;Sul;Atropelamento de pedestre caminhando;0;0;0;0;0;1;0;0;0;0;1;0;0;1;0
26/05/2017;19:33:00;355;Acidente com Vítima;531,8;BR-040/MG;Sul;Outros;0;0;0;1;0;1;0;0;0;0;1;1;0;0;0
26/05/2017;18:34:00;337;Atropelamento sem Morte;682,464;BR-040/MG;Norte;Atropelamento de pedestre atravessando;0;0;1;0;0;0;0;0;0;0;1;0;1;0;0
26/05/2017;17:59:00;320;Acidente sem Vítima;642,096;BR-040/MG;Sul;Outros;0;0;0;1;0;0;0;0;0;0;1;0;0;0;0
26/05/2017;17:00:00;303;Acidente sem Vítima;9,9;BR-040/GO;Sul;Choque com objeto fixo;1;0;0;0;0;0;0;0;0;0;1;0;0;0;0
26/05/2017;06:30:00;122;Acidente sem Vítima;3,2;BR-040/DF;Norte;Outros;0;0;0;1;0;0;0;0;0;0;1;0;0;0;0
26/05/2017;01:38:00;76;Acidente sem Vítima;446;BR-040/MG;Sul;Choque com objeto fixo;1;0;0;0;0;0;0;0;0;0;1;0;0;0;0
26/05/2017;00:40:00;52;Acidente sem Vítima;7,11;BR-040/GO;Sul;Colisão traseira;2;0;0;0;0;0;0;0;0;0;3;0;0;0;0
25/05/2017;19:20:00;393;Acidente com Vítima;553;BR-040/MG;Sul;Abalroamento longitudinal;1;0;0;1;0;0;0;0;0;0;1;1;0;0;0
25/05/2017;19:03:00;387;Acidente sem Vítima;537;BR-040/MG;Norte;Colisão traseira;2;0;0;0;0;0;0;0;0;0;2;0;0;0;0
25/05/2017;18:53:00;385;Acidente sem Vítima;413,5;BR-040/MG;Sul;Abalroamento transversal;2;0;0;0;0;0;0;0;0;0;2;0;0;0;0
25/05/2017;16:56:00;353;Acidente com Vítima;247,1;BR-040/MG;Norte;Colisão traseira;0;0;2;0;0;0;0;0;0;0;1;0;1;0;0
25/05/2017;12:42:00;290;Acidente sem Vítima;535,3;BR-040/MG;Norte;Colisão traseira;3;0;0;0;0;0;0;0;0;0;7;0;0;0;0
25/05/2017;09:24:00;229;Acidente sem Vítima;486,38;BR-040/MG;Norte;Choque com objeto fixo;1;0;0;0;0;0;0;0;0;0;1;0;0;0;0
25/05/2017;06:12:00;142;Acidente com Vítima;512,3;BR-040/MG;Norte;Colisão traseira;1;0;0;1;0;0;0;0;0;0;1;1;0;0;0
25/05/2017;06:05:00;140;Acidente sem Vítima;413,251;BR-040/MG;Norte;Colisão traseira;1;0;1;0;0;0;0;0;0;0;5;0;0;0;0
25/05/2017;06:00:00;139;Acidente com Vítima;4,8;BR-040/DF;Norte;Colisão traseira;1;0;0;1;0;0;0;0;0;0;1;1;0;0;0
25/05/2017;05:27:00;134;Acidente sem Vítima;510;BR-040/MG;Sul;Choque com objeto fixo;1;0;0;0;0;0;0;0;0;0;1;0;0;0;0
25/05/2017;01:12:00;14;Acidente sem Vítima;510,4;BR-040/MG;Sul;Abalroamento longitudinal;1;0;1;0;0;0;0;0;0;0;2;0;0;0;0
24/05/2017;20:34:00;371;Acidente com Vítima;544;BR-040/MG;Norte;Abalroamento longitudinal;1;0;0;1;0;0;0;0;0;0;1;1;0;0;0
24/05/2017;20:03:00;364;Acidente com Vítima;509;BR-040/MG;Sul;Colisão traseira;1;0;0;1;0;0;0;0;0;0;1;1;0;0;0
24/05/2017;19:45:00;360;Acidente sem Vítima;41,01;BR-040/MG;Sul;Abalroamento longitudinal;2;0;0;0;0;0;0;0;0;0;5;0;0;0;0
24/05/2017;19:32:00;354;Acidente sem Vítima;539,6;BR-040/MG;Sul;Abalroamento longitudinal;1;0;1;0;0;0;0;0;0;0;2;0;0;0;0
24/05/2017;18:28:00;336;Atropelamento sem Morte;0,6;BR-040/GO;Norte;Atropelamento de pedestre atravessando;0;0;0;1;0;0;0;0;0;0;0;2;0;0;0
24/05/2017;16:23:00;311;Acidente sem Vítima;508;BR-040/MG;Sul;Colisão frontal;2;0;0;0;0;0;0;0;0;0;3;0;0;0;0
24/05/2017;15:22:00;296;Acidente sem Vítima;529;BR-040/MG;Sul;Outros;0;0;0;1;0;0;0;0;0;0;1;0;0;0;0
24/05/2017;14:53:00;287;Acidente sem Vítima;670,9;BR-040/MG;Norte;Choque com objeto fixo;0;0;0;0;0;1;0;0;0;0;1;0;0;0;0
24/05/2017;12:43:00;244;Acidente sem Vítima;643,1;BR-040/MG;Norte;Abalroamento longitudinal;1;0;1;0;0;0;0;0;0;0;2;0;0;0;0
24/05/2017;08:29:00;162;Acidente sem Vítima;522;BR-040/MG;Norte;Capotamento;1;0;0;0;0;0;0;0;0;0;1;0;0;0;0
24/05/2017;08:24:00;161;Acidente com Vítima;2,2;BR-040/GO;Sul;Abalroamento longitudinal;1;0;0;2;0;0;0;0;0;0;2;1;0;0;0
24/05/2017;07:57:00;148;Acidente sem Vítima;528;BR-040/MG;Norte;Colisão traseira;1;0;0;1;0;0;0;0;0;0;3;0;0;0;0
24/05/2017;07:19:00;133;Acidente com Vítima;39,4;BR-040/MG;Sul;Abalroamento longitudinal;1;0;0;0;1;0;0;0;0;0;43;1;0;0;0
24/05/2017;04:07:00;106;Acidente sem Vítima;500,001;BR-040/MG;Sul;Queda de Carga;1;0;0;0;0;0;0;0;0;0;1;0;0;0;0
24/05/2017;00:31:00;11;Acidente sem Vítima;752,8;BR-040/MG;Norte;Capotamento;1;0;0;0;0;0;0;0;0;0;2;0;0;0;0
23/05/2017;21:26:00;356;Acidente sem Vítima;508,32;BR-040/MG;Sul;Colisão traseira;1;0;1;0;0;0;0;0;0;0;3;0;0;0;0
23/05/2017;21:00:00;350;Acidente sem Vítima;508,319;BR-040/MG;Sul;Choque em defensa;1;0;0;0;0;0;0;0;0;0;1;0;0;0;0
23/05/2017;18:53:00;316;Acidente sem Vítima;699,5;BR-040/MG;Norte;Colisão traseira;2;0;0;0;0;0;0;0;0;0;2;0;0;0;0
23/05/2017;18:47:00;313;Acidente sem Vítima;14,7;BR-040/GO;Sul;Outros;0;0;0;1;0;1;0;0;0;0;2;0;0;0;0
23/05/2017;18:00:00;295;Acidente sem Vítima;5,05;BR-040/GO;Sul;Abalroamento longitudinal;1;0;0;1;0;0;0;0;0;0;2;0;0;0;0
23/05/2017;17:52:00;292;Acidente sem Vítima;521,019;BR-040/MG;Norte;Abalroamento transversal;2;0;0;0;0;0;0;0;0;0;3;0;0;0;0
23/05/2017;17:09:00;285;Acidente sem Vítima;2,3;BR-040/GO;Sul;Abalroamento longitudinal;1;0;0;0;1;0;0;0;0;0;2;0;0;0;0
23/05/2017;16:04:00;272;Acidente sem Vítima;551;BR-040/MG;Sul;Abalroamento longitudinal;1;0;0;1;0;0;0;0;0;0;2;0;0;0;0
23/05/2017;14:12:00;245;Acidente sem Vítima;592,3;BR-040/MG;Norte;Choque com objeto fixo;0;0;0;0;0;0;0;0;0;1;1;0;0;0;0
23/05/2017;11:18:00;204;Acidente com Vítima;127,5;BR-040/GO;Norte;Outros;0;0;0;1;0;0;0;0;0;0;1;0;1;0;0
23/05/2017;07:02:00;115;Acidente sem Vítima;516,5;BR-040/MG;Sul;Colisão traseira;1;0;1;0;0;0;0;0;0;1;3;0;0;0;0
22/05/2017;21:35:00;373;Atropelamento sem Morte;533,87;BR-040/MG;Norte;Atropelamento de pedestre atravessando;1;0;0;0;0;0;0;0;0;0;1;0;1;0;0
22/05/2017;18:34:00;321;Acidente sem Vítima;5,5;BR-040/DF;Norte;Colisão traseira;2;0;0;0;0;0;0;0;0;0;2;0;0;0;0
22/05/2017;18:29:00;320;Acidente sem Vítima;521,4;BR-040/MG;Norte;Outros;0;0;0;1;0;0;0;0;0;0;1;0;0;0;0
22/05/2017;18:08:00;317;Acidente sem Vítima;731,5;BR-040/MG;Sul;Choque com objeto fixo;0;0;0;0;0;0;0;0;0;1;1;0;0;0;0
22/05/2017;16:49:00;295;Acidente sem Vítima;1,1;BR-040/GO;Sul;Abalroamento longitudinal;1;0;1;0;0;0;0;0;0;0;2;0;0;0;0
22/05/2017;16:33:00;290;Acidente sem Vítima;0,2;BR-040/GO;Sul;Abalroamento longitudinal;2;0;0;0;0;0;0;0;0;0;2;0;0;0;0
22/05/2017;11:41:00;221;Acidente com Vítima;42,1;BR-040/MG;Norte;Choque com objeto fixo;1;0;0;0;0;0;0;0;0;0;0;0;1;0;0
22/05/2017;11:27:00;218;Acidente com Vítima;2,1;BR-040/GO;Sul;Colisão traseira;2;0;0;1;0;0;0;0;0;0;2;0;1;0;0
22/05/2017;08:59:00;167;Acidente sem Vítima;726,15;BR-040/MG;Sul;Choque com objeto fixo;1;0;0;0;0;0;0;0;0;0;1;0;0;0;0
22/05/2017;08:22:00;151;Acidente sem Vítima;734,815;BR-040/MG;Sul;Abalroamento longitudinal;1;0;1;0;0;0;0;0;0;0;2;0;0;0;0
22/05/2017;08:14:00;148;Acidente sem Vítima;746,5;BR-040/MG;Sul;Capotamento;1;0;0;0;0;0;0;0;0;0;1;0;0;0;0
22/05/2017;07:51:00;140;Atropelamento sem Morte;544;BR-040/MG;Sul;Atropelamento de pedestre atravessando;1;0;0;0;0;0;0;0;0;0;1;1;0;0;0
22/05/2017;06:49:00;124;Acidente sem Vítima;544;BR-040/MG;Norte;Colisão traseira;4;0;0;0;0;0;0;0;0;0;4;0;0;0;0
22/05/2017;00:53:00;56;Acidente sem Vítima;696,5;BR-040/MG;Sul;Atropelamento de animal;1;0;0;0;0;0;0;0;0;0;1;0;0;0;0
21/05/2017;21:19:00;262;Acidente com Vítima;42,5;BR-040/MG;Sul;Abalroamento transversal;1;0;0;1;0;0;0;0;0;0;1;2;0;0;0
21/05/2017;19:21:00;237;Acidente sem Vítima;625,5;BR-040/MG;Sul;Atropelamento de animal;1;0;0;0;0;0;0;0;0;0;5;0;0;0;0
21/05/2017;18:23:00;214;Acidente sem Vítima;475,9;BR-040/MG;Sul;Abalroamento longitudinal;2;0;0;0;0;0;0;0;0;0;5;0;0;0;0
21/05/2017;18:19:00;212;Acidente sem Vítima;564,2;BR-040/MG;Sul;Capotamento;2;0;0;0;0;0;0;0;0;0;2;0;0;0;0
21/05/2017;18:04:00;205;Acidente com Vítima;636,01;BR-040/MG;Sul;Outros;0;0;0;1;0;0;0;0;0;0;0;1;0;0;0
21/05/2017;17:25:00;193;Acidente sem Vítima;611,3;BR-040/MG;Norte;Colisão traseira;2;0;0;0;0;0;0;0;0;0;3;0;0;0;0
21/05/2017;16:29:00;171;Acidente com Vítima;727,01;BR-040/MG;Sul;Queda de Carga;0;0;1;0;0;0;0;0;0;0;0;1;0;0;0
21/05/2017;16:20:00;169;Acidente com Vítima;20;BR-040/GO;Sul;Abalroamento longitudinal;1;0;0;1;0;0;0;0;0;0;34;1;0;0;0
21/05/2017;15:30:00;159;Acidente sem Vítima;761,86;BR-040/MG;Norte;Choque com objeto fixo;1;0;0;0;0;0;0;0;0;0;3;0;0;0;0
21/05/2017;14:41:00;149;Acidente sem Vítima;755,5;BR-040/MG;Sul;Choque com objeto fixo;1;0;0;0;0;0;0;0;0;0;3;0;0;0;0
21/05/2017;14:35:00;146;Acidente sem Vítima;534,649;BR-040/MG;Sul;Outros;2;0;1;0;0;0;0;0;0;0;4;0;0;0;0
21/05/2017;14:10:00;142;Acidente com Vítima;516,129;BR-040/MG;Norte;Capotamento;1;0;0;0;0;0;0;0;0;0;0;1;1;0;0
21/05/2017;13:22:00;133;Acidente sem Vítima;656,5;BR-040/MG;Norte;Choque em barreira New Jersey;1;0;0;0;0;0;0;0;0;0;2;0;0;0;0
21/05/2017;11:14:00;103;Acidente sem Vítima;562,91;BR-040/MG;Norte;Capotamento;1;0;0;0;0;0;0;0;0;0;1;0;0;0;0
21/05/2017;09:51:00;80;Acidente sem Vítima;726,8;BR-040/MG;Sul;Choque em barreira New Jersey;1;0;0;0;0;0;0;0;0;0;4;0;0;0;0
21/05/2017;07:52:00;55;Acidente sem Vítima;528;BR-040/MG;Sul;Choque com objeto fixo;1;0;0;0;0;0;0;0;0;0;1;0;0;0;0
21/05/2017;06:59:00;44;Acidente sem Vítima;716,92;BR-040/MG;Norte;Choque com objeto fixo;1;0;0;0;0;0;0;0;0;0;1;0;0;0;0
21/05/2017;05:05:00;31;Acidente sem Vítima;496,2;BR-040/MG;Sul;Choque com objeto fixo;1;0;0;0;0;1;0;0;0;0;2;0;0;0;0
21/05/2017;02:55:00;18;Acidente com Vítima;57,6;BR-040/GO;Norte;Outros;0;0;0;1;0;0;0;0;0;0;0;0;0;1;0
21/05/2017;01:05:00;7;Acidente sem Vítima;551,2;BR-040/MG;Norte;Capotamento;1;0;0;0;0;0;0;0;0;0;1;0;0;0;0
21/05/2017;00:34:00;5;Acidente com Vítima;486,6;BR-040/MG;Norte;Choque com objeto fixo;1;0;0;0;0;0;0;0;0;0;0;1;0;0;0
21/05/2017;00:18:00;2;Acidente com Vítima;551,5;BR-040/MG;Norte;Choque com objeto fixo;1;0;0;0;0;0;0;0;0;0;0;1;0;0;0
20/05/2017;20:14:00;263;Acidente com Vítima;17,8;BR-040/GO;Sul;Colisão traseira;1;0;0;1;0;0;0;0;0;0;1;1;0;0;0
20/05/2017;19:42:00;255;Acidente sem Vítima;617,9;BR-040/MG;Norte;Choque com objeto fixo;0;0;1;0;0;0;0;0;0;0;1;0;0;0;0
20/05/2017;19:39:00;253;Acidente com Morte;686,1;BR-040/MG;Sul;Colisão frontal;1;0;1;0;0;0;0;0;0;0;0;0;0;0;2
20/05/2017;19:23:00;251;Atropelamento com Morte;279,2;BR-040/MG;Sul;Atropelamento de pedestre caminhando;0;0;0;0;1;0;0;0;0;0;1;0;0;0;1
20/05/2017;19:02:00;245;Acidente sem Vítima;608,2;BR-040/MG;Norte;Atropelamento de animal;1;0;0;0;0;0;0;0;0;0;2;0;0;0;0
20/05/2017;18:35:00;237;Atropelamento sem Morte;7,43;BR-040/GO;Sul;Atropelamento de pedestre atravessando;2;0;0;0;0;0;0;0;0;0;2;1;0;0;0
20/05/2017;16:04:00;201;Acidente sem Vítima;445,8;BR-040/MG;Sul;Choque em barreira New Jersey;1;0;0;0;0;0;0;0;0;0;1;0;0;0;0
20/05/2017;15:46:00;199;Acidente sem Vítima;638,65;BR-040/MG;Norte;Outros;0;0;0;1;0;0;0;0;0;1;2;0;0;0;0
20/05/2017;13:37:00;159;Acidente sem Vítima;5,1;BR-040/GO;Sul;Abalroamento longitudinal;2;0;0;0;0;0;0;0;0;0;6;0;0;0;0
20/05/2017;12:01:00;139;Acidente sem Vítima;617,024;BR-040/MG;Sul;Colisão traseira;3;0;0;0;0;0;0;0;0;0;7;0;0;0;0
20/05/2017;11:58:00;138;Acidente sem Vítima;523;BR-040/MG;Norte;Abalroamento longitudinal;1;0;1;0;0;0;0;0;0;0;4;0;0;0;0
20/05/2017;11:34:00;128;Acidente sem Vítima;533,9;BR-040/MG;Sul;Colisão traseira;2;0;0;0;0;0;0;0;0;0;2;0;0;0;0
20/05/2017;10:32:00;109;Acidente com Vítima;734,73;BR-040/MG;Norte;Capotamento;1;0;0;0;0;0;0;0;0;0;4;1;0;0;0
20/05/2017;08:29:00;81;Acidente sem Vítima;749,1;BR-040/MG;Sul;Capotamento;1;0;0;0;0;0;0;0;0;0;1;0;0;0;0
20/05/2017;06:13:00;39;Acidente sem Vítima;484,1;BR-040/MG;Norte;Capotamento;1;0;0;0;0;0;0;0;0;0;1;0;0;0;0
20/05/2017;05:20:00;34;Acidente sem Vítima;588,111;BR-040/MG;Sul;Choque com objeto fixo;1;0;0;0;0;0;0;0;0;0;5;0;0;0;0
20/05/2017;04:31:00;30;Acidente sem Vítima;462,398;BR-040/MG;Sul;Queda de Carga;0;0;1;0;0;0;0;0;0;0;1;0;0;0;0
20/05/2017;04:06:00;28;Acidente com Vítima;523,269;BR-040/MG;Norte;Capotamento;1;0;0;0;0;0;0;0;0;0;2;0;1;0;0
20/05/2017;03:12:00;21;Acidente sem Vítima;9,1;BR-040/GO;Norte;Colisão traseira;2;0;0;0;0;0;0;0;0;0;2;0;0;0;0
20/05/2017;01:20:00;9;Acidente sem Vítima;735,05;BR-040/MG;Sul;Capotamento;1;0;0;0;0;0;0;0;0;0;2;0;0;0;0
19/05/2017;22:31:00;395;Acidente com Vítima;454,979;BR-040/MG;Sul;Choque com objeto fixo;0;0;1;0;0;0;0;0;0;0;1;0;1;0;0
19/05/2017;20:35:00;362;Acidente sem Vítima;677,5;BR-040/MG;Sul;Outros;0;0;0;1;0;0;0;0;0;0;2;0;0;0;0
19/05/2017;19:57:00;346;Acidente com Vítima;529,032;BR-040/MG;Norte;Abalroamento longitudinal;1;0;0;0;1;0;0;0;0;0;2;1;0;0;0
19/05/2017;19:08:00;326;Acidente sem Vítima;526,7;BR-040/MG;Norte;Colisão traseira;2;0;0;0;0;1;0;0;0;0;4;0;0;0;0
19/05/2017;17:57:00;308;Acidente sem Vítima;466,344;BR-040/MG;Sul;Choque com objeto fixo;1;0;0;0;0;0;0;0;0;0;1;0;0;0;0
19/05/2017;17:50:00;307;Acidente sem Vítima;727,1;BR-040/MG;Sul;Choque em barreira New Jersey;1;0;0;0;0;0;0;0;0;0;1;0;0;0;0
19/05/2017;17:49:00;305;Acidente com Vítima;14,1;BR-040/GO;Sul;Colisão traseira;1;0;0;1;0;0;0;0;0;0;1;1;0;0;0
19/05/2017;17:05:00;290;Acidente sem Vítima;660,15;BR-040/MG;Norte;Colisão traseira;2;0;0;0;0;0;0;0;0;0;2;0;0;0;0
19/05/2017;16:16:00;278;Acidente com Vítima;731,64;BR-040/MG;Sul;Choque com objeto fixo;1;0;0;0;0;0;0;0;0;0;1;2;0;0;0
19/05/2017;16:00:00;272;Acidente com Vítima;620,15;BR-040/MG;Sul;Choque com objeto fixo;1;0;0;0;0;0;0;0;0;0;0;1;0;0;0
19/05/2017;14:01:00;244;Acidente sem Vítima;718,01;BR-040/MG;Norte;Choque em defensa;1;0;0;0;0;0;0;0;0;0;4;0;0;0;0
19/05/2017;13:32:00;238;Acidente sem Vítima;477,15;BR-040/MG;Norte;Capotamento;1;0;0;0;0;0;0;0;0;0;1;0;0;0;0
19/05/2017;13:04:00;235;Acidente sem Vítima;706,1;BR-040/MG;Norte;Choque com objeto fixo;1;0;0;0;0;0;0;0;0;0;1;0;0;0;0
19/05/2017;12:51:00;233;Acidente sem Vítima;525,15;BR-040/MG;Norte;Outros;0;0;0;1;0;0;0;0;0;0;1;0;0;0;0
19/05/2017;12:26:00;222;Acidente sem Vítima;718,5;BR-040/MG;Norte;Choque em defensa;1;0;0;0;0;0;0;0;0;0;1;0;0;0;0
19/05/2017;11:30:00;212;Acidente sem Vítima;525,01;BR-040/MG;Norte;Abalroamento longitudinal;2;0;0;0;0;0;0;0;0;0;2;0;0;0;0
19/05/2017;10:58:00;200;Acidente sem Vítima;741,1;BR-040/MG;Norte;Abalroamento longitudinal;2;0;0;0;0;0;0;0;0;0;5;0;0;0;0
19/05/2017;10:46:00;195;Acidente sem Vítima;0,3;BR-040/GO;Norte;Colisão traseira;2;0;0;0;0;0;0;0;0;0;2;0;0;0;0
19/05/2017;08:46:00;157;Acidente sem Vítima;718,1;BR-040/MG;Norte;Choque em barreira New Jersey;1;0;0;0;0;0;0;0;0;0;1;0;0;0;0
19/05/2017;07:32:00;134;Acidente com Vítima;5,3;BR-040/DF;Norte;Abalroamento longitudinal;1;0;0;2;0;0;0;0;0;0;2;0;1;0;0
19/05/2017;07:13:00;121;Acidente sem Vítima;22,5;BR-040/GO;Norte;Abalroamento longitudinal;1;0;0;1;0;0;0;0;0;0;2;0;0;0;0
19/05/2017;06:51:00;118;Acidente sem Vítima;7,1;BR-040/DF;Norte;Colisão traseira;1;0;0;0;0;1;0;0;0;0;2;0;0;0;0