data;horario;n_da_ocorrencia;tipo_de_ocorrencia;km;trecho;sentido;tipo_de_acidente;automovel;bicicleta;caminhao;moto;onibus;outros;tracao_animal;transporte_de_cargas_especiais;trator_maquinas;utilitarios;ilesos;levemente_feridos;moderadamente_feridos;gravemente_feridos;mortos
07/05/2017;07:17:00;52;Acidente sem Vítima;522,56;BR-040/MG;Sul;Capotamento;1;0;0;0;0;0;0;0;0;0;2;0;0;0;0
07/05/2017;05:58:00;39;Acidente com Vítima;473,1;BR-040/MG;Norte;Outros;0;0;0;1;0;0;0;0;0;0;0;1;0;0;0
06/05/2017;18:56:00;233;Acidente com Vítima;534,001;BR-040/MG;Sul;Capotamento;3;0;0;0;0;0;0;0;0;0;3;1;0;0;0
06/05/2017;18:41:00;229;Acidente com Vítima;7,5;BR-040/GO;Sul;Colisão traseira;3;0;0;1;0;0;0;0;0;0;3;0;1;0;0
06/05/2017;18:17:00;222;Acidente com Vítima;13,5;BR-040/GO;Norte;Abalroamento transversal;2;0;0;0;0;0;0;0;0;0;0;1;1;1;0
06/05/2017;17:52:00;217;Acidente com Vítima;18,9;BR-040/GO;Norte;Colisão traseira;2;0;0;0;0;0;0;0;0;0;3;0;1;0;0
06/05/2017;15:13:00;172;Acidente com Vítima;144,1;BR-040/MG;Sul;Abalroamento transversal;2;0;0;0;0;0;0;0;0;0;1;0;0;0;0
06/05/2017;13:30:00;148;Acidente com Vítima;562,8;BR-040/MG;Sul;Choque em barreira New Jersey;0;0;1;0;0;0;0;0;0;0;1;1;0;0;0
06/05/2017;11:28:00;121;Acidente sem Vítima;1;BR-040/GO;Sul;Colisão traseira;2;0;0;0;0;0;0;0;0;0;2;0;0;0;0
06/05/2017;11:14:00;117;Acidente sem Vítima;518,01;BR-040/MG;Norte;Colisão traseira;1;0;0;1;0;0;0;0;0;0;2;0;0;0;0
06/05/2017;10:46:00;107;Acidente sem Vítima;511,95;BR-040/MG;Norte;Abalroamento longitudinal;1;0;0;1;0;0;0;0;0;0;2;0;0;0;0
06/05/2017;10:07:00;99;Acidente sem Vítima;692,1;BR-040/MG;Sul;Colisão traseira;2;0;0;0;0;0;0;0;0;0;4;0;0;0;0
06/05/2017;10:00:00;97;Acidente com Vítima;498,01;BR-040/MG;Norte;Outros;0;0;0;1;0;0;0;0;0;0;0;0;1;0;0
06/05/2017;09:38:00;91;Acidente sem Vítima;730,1;BR-040/MG;Norte;Choque em barreira New Jersey;1;0;0;0;0;0;0;0;0;0;1;0;0;0;0
06/05/2017;09:36:00;90;Acidente com Vítima;4,1;BR-040/GO;Norte;Abalroamento longitudinal;0;0;0;1;1;0;0;0;0;0;1;1;0;0;0
06/05/2017;08:52:00;79;Acidente sem Vítima;718,2;BR-040/MG;Norte;Choque em defensa;1;0;0;0;0;0;0;0;0;0;1;0;0;0;0
06/05/2017;08:01:00;70;Acidente sem Vítima;559,1;BR-040/MG;Sul;Outros;0;1;0;0;0;0;0;0;0;0;1;0;0;0;0
06/05/2017;07:29:00;63;Acidente sem Vítima;693,8;BR-040/MG;Norte;Capotamento;1;0;0;0;0;0;0;0;0;0;1;0;0;0;0
06/05/2017;02:52:00;17;Acidente com Vítima;516,68;BR-040/MG;Norte;Capotamento;1;0;0;0;0;0;0;0;0;0;0;0;1;0;0
06/05/2017;00:49:00;9;Acidente com Vítima;0;Fora_Rota;Norte;Colisão frontal;1;0;1;0;0;0;0;0;0;0;3;0;0;0;0
05/05/2017;22:36:00;428;Acidente sem Vítima;728,3;BR-040/MG;Sul;Choque em barreira New Jersey;1;0;0;0;0;0;0;0;0;0;2;0;0;0;0
05/05/2017;22:33:00;427;Acidente com Vítima;177,7;BR-040/MG;Sul;Capotamento;1;0;0;0;0;1;0;0;0;0;1;1;0;0;0
05/05/2017;19:36:00;377;Acidente sem Vítima;0,3;BR-040/GO;Sul;Colisão traseira;3;0;0;0;0;0;0;0;0;0;4;0;0;0;0
05/05/2017;19:30:00;374;Acidente sem Vítima;508,15;BR-040/MG;Sul;Colisão traseira;2;0;0;0;0;0;0;0;0;0;5;0;0;0;0
05/05/2017;18:30:00;361;Acidente sem Vítima;523,66;BR-040/MG;Norte;Colisão traseira;3;0;0;0;0;0;0;0;0;0;4;0;0;0;0
05/05/2017;17:00:00;332;Acidente sem Vítima;7,9;BR-040/GO;Norte;Abalroamento transversal;2;0;0;0;0;0;0;0;0;0;2;0;0;0;0
05/05/2017;16:53:00;330;Acidente com Vítima;2,5;BR-040/GO;Sul;Outros;1;0;0;1;0;0;0;0;0;0;1;1;0;0;0
05/05/2017;15:53:00;310;Acidente sem Vítima;503,62;BR-040/MG;Norte;Choque com objeto fixo;1;0;1;0;0;0;0;0;0;0;2;0;0;0;0
05/05/2017;13:54:00;273;Acidente sem Vítima;544,15;BR-040/MG;Sul;Capotamento;1;0;0;0;0;0;0;0;0;0;1;0;0;0;0
05/05/2017;12:16:00;245;Acidente com Morte;653;BR-040/MG;Norte;Colisão frontal;2;0;1;0;0;0;0;0;0;0;1;0;1;0;1
05/05/2017;09:45:00;207;Acidente sem Vítima;524,76;BR-040/MG;Norte;Choque com objeto fixo;0;0;1;0;0;0;0;0;0;0;1;0;0;0;0
05/05/2017;08:28:00;170;Acidente sem Vítima;523,67;BR-040/MG;Sul;Colisão traseira;2;0;0;0;0;0;0;0;0;0;2;0;0;0;0
05/05/2017;06:24:00;95;Acidente sem Vítima;532,8;BR-040/MG;Sul;Abalroamento longitudinal;2;0;0;0;0;0;0;0;0;0;3;0;0;0;0
05/05/2017;02:12:00;73;Acidente sem Vítima;24,6;BR-040/GO;Norte;Colisão traseira;2;0;0;0;0;0;0;0;0;0;3;0;0;0;0
04/05/2017;19:04:00;360;Atropelamento sem Morte;6,7;BR-040/GO;Sul;Atropelamento de pedestre atravessando;0;0;0;1;0;0;0;0;0;0;1;1;0;0;0
04/05/2017;18:48:00;355;Atropelamento sem Morte;21,1;BR-040/GO;Sul;Atropelamento de ciclista;1;1;0;0;0;0;0;0;0;0;3;1;0;0;0
04/05/2017;18:08:00;348;Acidente com Vítima;43,4;BR-040/MG;Norte;Abalroamento transversal;2;0;0;1;0;0;0;0;0;0;2;1;0;0;0
04/05/2017;16:54:00;327;Acidente sem Vítima;2,1;BR-040/DF;Sul;Colisão traseira;2;0;0;0;0;0;0;0;0;0;5;0;0;0;0
04/05/2017;16:53:00;326;Atropelamento sem Morte;532,23;BR-040/MG;Norte;Atropelamento de pedestre atravessando;0;0;1;0;0;0;0;0;0;0;1;0;1;0;0
04/05/2017;16:16:00;310;Acidente sem Vítima;1,5;BR-040/GO;Sul;Colisão traseira;2;0;0;0;0;0;0;0;0;0;2;0;0;0;0
04/05/2017;09:08:00;180;Acidente sem Vítima;506,4;BR-040/MG;Norte;Outros;0;0;0;1;0;0;0;0;0;0;2;0;0;0;0
04/05/2017;06:57:00;122;Acidente sem Vítima;517,5;BR-040/MG;Sul;Colisão traseira;1;0;1;0;0;0;0;0;0;1;3;0;0;0;0
04/05/2017;01:12:00;41;Acidente sem Vítima;633,247;BR-040/MG;Sul;Queda de Carga;1;0;0;0;0;0;0;0;0;0;3;0;0;0;0
03/05/2017;20:41:00;381;Acidente sem Vítima;705,162;BR-040/MG;Norte;Choque em barreira New Jersey;0;0;1;0;0;0;0;0;0;0;1;0;0;0;0
03/05/2017;19:16:00;362;Acidente sem Vítima;714,5;BR-040/MG;Norte;Colisão traseira;2;0;0;0;0;0;0;0;0;0;4;0;0;0;0
03/05/2017;18:54:00;354;Acidente sem Vítima;526,2;BR-040/MG;Norte;Colisão traseira;2;0;1;0;0;0;0;0;0;0;3;0;0;0;0
03/05/2017;18:26:00;346;Acidente sem Vítima;536,9;BR-040/MG;Norte;Colisão traseira;1;0;2;0;0;0;0;0;0;0;3;0;0;0;0
03/05/2017;17:42:00;332;Acidente com Vítima;9,23;BR-040/GO;Norte;Abalroamento longitudinal;1;0;0;1;0;0;0;0;0;0;1;0;0;1;0
03/05/2017;16:44:00;318;Acidente sem Vítima;0,4;BR-040/DF;Sul;Choque em defensa;1;0;0;0;0;0;0;0;0;0;1;0;0;0;0
03/05/2017;16:43:00;317;Acidente com Vítima;551,1;BR-040/MG;Sul;Colisão traseira;0;0;1;0;1;0;0;0;0;0;2;1;0;0;0
03/05/2017;13:30:00;261;Acidente sem Vítima;714,2;BR-040/MG;Norte;Abalroamento longitudinal;1;0;1;0;0;0;0;0;0;0;2;0;0;0;0
03/05/2017;12:07:00;238;Acidente com Vítima;538,1;BR-040/MG;Norte;Outros;0;0;0;1;0;0;0;0;0;0;0;1;0;0;0
03/05/2017;11:34:00;229;Acidente sem Vítima;2,2;BR-040/DF;Norte;Abalroamento longitudinal;1;0;1;0;0;0;0;0;0;0;2;0;0;0;0
03/05/2017;06:38:00;122;Acidente com Vítima;567,1;BR-040/MG;Norte;Outros;0;0;0;1;0;0;0;0;0;0;0;1;0;0;0
03/05/2017;06:28:00;115;Acidente com Vítima;5,2;BR-040/DF;Norte;Colisão traseira;2;0;0;1;0;0;0;0;0;0;3;0;0;0;0
03/05/2017;06:11:00;109;Acidente com Vítima;511,1;BR-040/MG;Norte;Colisão frontal;1;0;0;1;0;0;0;0;0;0;2;0;1;0;0
03/05/2017;05:04:00;104;Acidente sem Vítima;726,924;BR-040/MG;Norte;Queda de Carga;0;0;1;0;0;0;0;0;0;0;1;0;0;0;0
03/05/2017;04:20:00;100;Acidente sem Vítima;509,1;BR-040/MG;Sul;Atropelamento de animal;1;0;0;0;0;0;0;0;0;0;1;0;0;0;0
03/05/2017;03:27:00;96;Acidente sem Vítima;695,688;BR-040/MG;Sul;Abalroamento longitudinal;0;0;1;0;1;0;0;0;0;0;2;0;0;0;0
02/05/2017;21:48:00;375;Acidente com Vítima;520,02;BR-040/MG;Norte;Outros;0;0;0;1;0;0;0;0;0;0;1;0;1;0;0
02/05/2017;20:28:00;358;Acidente sem Vítima;626,072;BR-040/MG;Sul;Colisão traseira;1;0;0;0;0;1;0;0;0;0;2;0;0;0;0
02/05/2017;14:33:00;287;Acidente sem Vítima;6,68;BR-040/DF;Norte;Colisão traseira;2;0;0;0;0;0;0;0;0;0;2;0;0;0;0
02/05/2017;13:17:00;271;Acidente com Vítima;42,01;BR-040/MG;Norte;Abalroamento longitudinal;1;0;0;1;0;0;0;0;0;0;1;0;2;0;0
02/05/2017;11:47:00;244;Acidente sem Vítima;2,4;BR-040/GO;Sul;Outros;0;0;0;1;0;0;0;0;0;0;1;0;0;0;0
02/05/2017;11:22:00;235;Acidente com Vítima;521,1;BR-040/MG;Norte;Choque com objeto fixo;1;0;0;0;0;0;0;0;0;0;0;1;0;0;0
02/05/2017;07:13:00;124;Acidente sem Vítima;506,1;BR-040/MG;Sul;Colisão traseira;1;0;0;1;0;0;0;0;0;0;2;0;0;0;0
02/05/2017;05:09:00;95;Acidente sem Vítima;725,3;BR-040/MG;Norte;Atropelamento de animal;0;0;1;0;0;0;0;0;0;0;1;0;0;0;0
02/05/2017;00:22:00;6;Acidente sem Vítima;354,01;BR-040/MG;Sul;Atropelamento de animal;1;0;0;0;0;0;0;0;0;0;5;0;0;0;0
01/05/2017;18:00:00;228;Acidente com Vítima;618,3;BR-040/MG;Norte;Choque com objeto fixo;1;0;0;0;0;0;0;0;0;0;3;1;0;0;0
01/05/2017;17:02:00;200;Acidente sem Vítima;511,5;BR-040/MG;Sul;Colisão traseira;2;0;0;0;0;0;0;0;0;0;7;0;0;0;0
01/05/2017;16:22:00;184;Acidente com Vítima;6,8;BR-040/MG;Sul;Capotamento;1;0;0;0;0;1;0;0;0;0;1;1;0;0;0
01/05/2017;15:04:00;161;Acidente sem Vítima;709,5;BR-040/MG;Norte;Outros;0;0;0;1;0;0;0;0;0;0;1;0;0;0;0
01/05/2017;12:47:00;117;Acidente sem Vítima;526,5;BR-040/MG;Norte;Colisão traseira;2;0;0;0;0;0;0;0;0;0;3;0;0;0;0
01/05/2017;11:48:00;107;Acidente sem Vítima;464,8;BR-040/MG;Norte;Colisão traseira;2;0;0;0;0;0;0;0;0;0;2;0;0;0;0
01/05/2017;10:36:00;85;Acidente com Vítima;663,74;BR-040/MG;Sul;Atropelamento de animal;0;0;0;1;0;0;0;0;0;0;0;1;1;0;0
01/05/2017;10:12:00;77;Acidente sem Vítima;293,1;BR-040/MG;Sul;Capotamento;1;0;1;0;0;0;0;0;0;0;2;0;0;0;0
01/05/2017;08:27:00;55;Acidente sem Vítima;130,4;BR-040/GO;Sul;Atropelamento de animal;1;0;0;0;0;0;0;0;0;0;2;0;0;0;0
01/05/2017;04:49:00;26;Acidente sem Vítima;142,025;BR-040/MG;Sul;Choque com objeto fixo;1;0;0;0;0;0;0;0;0;0;1;0;0;0;0
01/05/2017;03:14:00;19;Acidente com Vítima;424;BR-040/MG;Norte;Choque com objeto fixo;1;0;0;0;0;0;0;0;0;0;0;0;0;0;0
30/04/2017;23:26:00;261;Acidente com Vítima;542,5;BR-040/MG;Norte;Abalroamento longitudinal;1;0;0;1;0;0;0;0;0;0;2;1;0;0;0
30/04/2017;22:47:00;254;Acidente sem Vítima;9,8;BR-040/GO;Sul;Colisão traseira;2;0;0;0;0;0;0;0;0;0;2;0;0;0;0
30/04/2017;22:24:00;251;Acidente sem Vítima;537;BR-040/MG;Norte;Abalroamento longitudinal;2;0;0;0;0;0;0;0;0;0;2;0;0;0;0
30/04/2017;21:48:00;244;Acidente sem Vítima;507,7;BR-040/MG;Sul;Capotamento;1;0;0;0;0;0;0;0;0;0;2;0;0;0;0
30/04/2017;21:08:00;233;Acidente com Vítima;535,515;BR-040/MG;Norte;Colisão traseira;2;0;0;1;0;0;0;0;0;0;3;1;0;0;0
30/04/2017;19:08:00;210;Acidente com Vítima;704,6;BR-040/MG;Sul;Outros;0;0;0;1;0;0;0;0;0;0;0;0;2;0;0
30/04/2017;18:13:00;192;Atropelamento sem Morte;7,05;BR-040/GO;Norte;Atropelamento de pedestre atravessando;1;0;0;0;0;0;0;0;0;0;1;0;1;0;0
30/04/2017;17:39:00;187;Acidente sem Vítima;9,06;BR-040/GO;Sul;Abalroamento transversal;2;0;0;0;0;0;0;0;0;0;2;0;0;0;0
30/04/2017;16:26:00;179;Acidente com Vítima;711,1;BR-040/MG;Norte;Choque em defensa;1;0;0;0;0;0;0;0;0;0;0;0;1;0;0
30/04/2017;15:38:00;165;Acidente sem Vítima;443;BR-040/MG;Sul;Abalroamento longitudinal;0;0;1;1;0;0;0;0;0;0;2;0;0;0;0
30/04/2017;14:34:00;152;Acidente sem Vítima;611,1;BR-040/MG;Norte;Colisão traseira;2;0;0;0;0;0;0;0;0;0;2;0;0;0;0
30/04/2017;13:01:00;127;Acidente sem Vítima;280,92;BR-040/MG;Sul;Abalroamento transversal;1;0;0;0;1;0;0;0;0;0;12;0;0;0;0
30/04/2017;11:18:00;107;Acidente sem Vítima;8,9;BR-040/GO;Norte;Colisão traseira;1;0;0;0;1;0;0;0;0;0;4;0;0;0;0
30/04/2017;10:50:00;100;Acidente sem Vítima;4,9;BR-040/GO;Norte;Abalroamento transversal;1;0;0;1;0;0;0;0;0;0;2;0;0;0;0
30/04/2017;10:16:00;93;Acidente com Vítima;517,216;BR-040/MG;Norte;Colisão traseira;0;0;0;2;0;0;0;0;0;0;1;1;0;0;0
30/04/2017;10:13:00;90;Acidente sem Vítima;727,2;BR-040/MG;Sul;Choque em barreira New Jersey;1;0;0;0;0;0;0;0;0;0;1;0;0;0;0
30/04/2017;08:43:00;63;Acidente sem Vítima;592,5;BR-040/MG;Sul;Colisão traseira;0;0;2;0;0;0;0;0;0;0;2;0;0;0;0
30/04/2017;06:59:00;44;Acidente com Vítima;508,6;BR-040/MG;Sul;Colisão traseira;0;0;1;0;1;0;0;0;0;0;31;1;0;0;0
30/04/2017;05:46:00;31;Atropelamento sem Morte;607;BR-040/MG;Sul;Atropelamento de pedestre atravessando;1;0;0;0;0;0;0;0;0;0;9;1;0;0;0
30/04/2017;04:33:00;21;Acidente sem Vítima;670,9;BR-040/MG;Norte;Outros;1;0;0;0;0;0;0;0;0;0;2;0;0;0;0
30/04/2017;04:29:00;20;Acidente com Vítima;423,8;BR-040/MG;Sul;Abalroamento longitudinal;2;0;0;0;0;0;0;0;0;0;1;0;1;0;0
30/04/2017;01:46:00;9;Acidente sem Vítima;628,4;BR-040/MG;Norte;Choque com objeto fixo;1;0;0;0;0;0;0;0;0;0;1;0;0;0;0
30/04/2017;00:20:00;2;Acidente com Morte;14,5;BR-040/GO;Norte;Capotamento;1;0;0;0;0;0;0;0;0;0;0;0;0;0;1
29/04/2017;23:34:00;364;Acidente com Vítima;27,7;BR-040/GO;Norte;Colisão traseira;2;0;1;0;0;0;0;0;0;0;1;2;0;0;0
29/04/2017;22:08:00;348;Acidente com Vítima;515,52;BR-040/MG;Norte;Atropelamento de animal;0;0;0;1;0;0;0;0;0;0;0;1;0;0;0
29/04/2017;20:51:00;335;Acidente sem Vítima;730,8;BR-040/MG;Sul;Choque com objeto fixo;1;0;0;0;0;0;0;0;0;0;2;0;0;0;0
29/04/2017;19:40:00;320;Acidente sem Vítima;0,3;BR-040/GO;Norte;Colisão traseira;3;0;0;0;0;0;0;0;0;0;3;0;0;0;0
29/04/2017;18:33:00;305;Acidente com Vítima;598,1;BR-040/MG;Sul;Outros;0;0;0;1;0;0;0;0;0;0;0;1;0;0;0
29/04/2017;18:19:00;300;Acidente com Vítima;482,069;BR-040/MG;Norte;Outros;0;2;0;0;0;0;0;0;0;0;0;2;0;0;0
29/04/2017;17:22:00;278;Acidente com Vítima;717,5;BR-040/MG;Norte;Choque em barreira New Jersey;1;0;0;0;0;0;0;0;0;0;1;0;1;0;0
29/04/2017;15:54:00;249;Acidente sem Vítima;525,5;BR-040/MG;Sul;Abalroamento longitudinal;1;0;0;1;0;0;0;0;0;0;2;0;0;0;0
29/04/2017;15:49:00;245;Acidente sem Vítima;8,9;BR-040/GO;Norte;Capotamento;1;0;0;0;0;0;0;0;0;0;3;0;0;0;0
29/04/2017;15:36:00;239;Acidente sem Vítima;371,8;BR-040/MG;Sul;Abalroamento longitudinal;2;0;0;0;0;0;0;0;0;0;2;0;0;0;0
29/04/2017;15:14:00;231;Acidente com Morte;705;BR-040/MG;Sul;Capotamento;1;0;0;0;0;0;0;0;0;0;0;0;0;0;1
29/04/2017;14:41:00;222;Acidente sem Vítima;475,8;BR-040/MG;Norte;Colisão traseira;2;0;0;0;0;0;0;0;0;0;2;0;0;0;0
29/04/2017;13:49:00;209;Acidente com Vítima;511,1;BR-040/MG;Norte;Outros;1;0;0;1;0;0;0;0;0;0;1;1;0;0;0
29/04/2017;13:26:00;204;Acidente sem Vítima;1,1;BR-040/GO;Sul;Colisão traseira;3;0;0;0;0;0;0;0;0;0;3;0;0;0;0
29/04/2017;13:21:00;201;Acidente sem Vítima;728,9;BR-040/MG;Sul;Choque com objeto fixo;0;0;0;0;0;0;0;0;0;1;1;0;0;0;0
29/04/2017;11:55:00;170;Acidente sem Vítima;726,15;BR-040/MG;Sul;Choque em barreira New Jersey;1;0;0;0;0;0;0;0;0;0;1;0;0;0;0
29/04/2017;10:37:00;149;Acidente sem Vítima;472,8;BR-040/MG;Norte;Abalroamento longitudinal;1;0;1;0;0;0;0;0;0;0;2;0;0;0;0
29/04/2017;09:18:00;115;Acidente com Vítima;717,9;BR-040/MG;Norte;Choque em barreira New Jersey;1;0;0;0;0;0;0;0;0;0;1;0;1;0;0
29/04/2017;08:04:00;99;Acidente sem Vítima;515;BR-040/MG;Norte;Outros;0;0;0;1;0;0;0;0;0;0;2;0;0;0;0
29/04/2017;08:03:00;98;Acidente sem Vítima;741,06;BR-040/MG;Norte;Choque com objeto fixo;1;0;0;0;0;0;0;0;0;0;1;0;0;0;0
29/04/2017;07:36:00;83;Acidente com Vítima;621,15;BR-040/MG;Sul;Colisão traseira;2;0;0;0;0;0;0;0;0;0;2;1;0;0;0
29/04/2017;06:52:00;62;Acidente sem Vítima;463,65;BR-040/MG;Norte;Choque em defensa;1;0;0;0;0;0;0;0;0;0;1;0;0;0;0
29/04/2017;06:51:00;63;Acidente com Vítima;1,5;BR-040/GO;Sul;Abalroamento transversal;1;0;0;1;0;0;0;0;0;0;1;1;0;0;0
29/04/2017;05:54:00;52;Acidente com Vítima;436;BR-040/MG;Norte;Outros;0;0;0;1;0;0;0;0;0;0;0;1;0;0;0
29/04/2017;04:22:00;46;Acidente com Vítima;514,825;BR-040/MG;Sul;Queda de Carga;0;0;1;0;0;0;0;0;0;0;0;1;0;0;0
28/04/2017;23:29:00;392;Acidente com Vítima;735,1;BR-040/MG;Sul;Abalroamento longitudinal;1;0;1;0;0;0;0;0;0;0;1;1;1;0;0
28/04/2017;23:01:00;386;Acidente sem Vítima;749,4;BR-040/MG;Sul;Choque com objeto fixo;1;0;0;0;0;0;0;0;0;0;2;0;0;0;0
28/04/2017;21:05:00;369;Acidente sem Vítima;567,4;BR-040/MG;Sul;Outros;1;0;0;0;0;0;0;0;0;0;1;0;0;0;0
28/04/2017;20:45:00;364;Acidente sem Vítima;498,653;BR-040/MG;Sul;Abalroamento longitudinal;1;0;1;0;0;0;0;0;0;0;6;0;0;0;0
28/04/2017;19:06:00;325;Acidente sem Vítima;272,001;BR-040/MG;Sul;Outros;1;0;0;0;0;0;0;0;0;0;1;0;0;0;0
28/04/2017;18:54:00;319;Acidente com Vítima;451,5;BR-040/MG;Norte;Outros;0;0;0;1;0;0;0;0;0;0;0;1;0;0;0
28/04/2017;18:47:00;318;Acidente sem Vítima;461,039;BR-040/MG;Sul;Queda de Carga;0;0;1;0;0;0;0;0;0;0;1;0;0;0;0
28/04/2017;18:39:00;311;Acidente sem Vítima;750,4;BR-040/MG;Norte;Outros;1;0;0;0;0;0;0;0;0;0;2;0;0;0;0
28/04/2017;18:39:00;312;Acidente sem Vítima;455,835;BR-040/MG;Norte;Outros;0;0;0;0;0;1;0;0;0;0;1;0;0;0;0
28/04/2017;18:19:00;306;Acidente sem Vítima;455,835;BR-040/MG;Sul;Capotamento;0;0;1;0;0;0;0;0;0;0;1;0;0;0;0
28/04/2017;16:56:00;278;Acidente sem Vítima;490;BR-040/MG;Norte;Outros;0;0;0;1;0;0;0;0;0;0;2;0;0;0;0
28/04/2017;16:42:00;273;Acidente sem Vítima;610,15;BR-040/MG;Sul;Outros;0;0;0;1;0;0;0;0;0;0;1;0;0;0;0
28/04/2017;14:23:00;228;Acidente sem Vítima;567,1;BR-040/MG;Sul;Colisão traseira;2;0;0;0;0;0;0;0;0;0;3;0;0;0;0
28/04/2017;11:52:00;200;Acidente com Vítima;731,15;BR-040/MG;Sul;Outros;1;0;0;0;0;0;0;0;0;0;0;1;0;0;0
28/04/2017;11:17:00;194;Acidente com Vítima;250,1;BR-040/MG;Sul;Choque com objeto fixo;1;0;0;0;0;0;0;0;0;0;1;0;1;0;0
28/04/2017;11:10:00;193;Acidente sem Vítima;734,15;BR-040/MG;Sul;Colisão frontal;4;0;0;0;0;0;0;0;0;0;4;0;0;0;0
28/04/2017;11:08:00;191;Acidente com Vítima;480;BR-040/MG;Sul;Capotamento;1;0;0;0;0;0;0;0;0;0;0;1;0;0;0
28/04/2017;10:10:00;174;Acidente com Vítima;571,15;BR-040/MG;Norte;Queda de Carga;0;0;1;0;0;0;0;0;0;0;0;1;0;0;0
28/04/2017;09:53:00;168;Acidente sem Vítima;718,8;BR-040/MG;Norte;Choque em barreira New Jersey;1;0;0;0;0;0;0;0;0;0;1;0;0;0;0
28/04/2017;09:19:00;159;Acidente sem Vítima;0,4;BR-040/DF;Norte;Colisão traseira;2;0;0;0;1;0;0;0;0;0;3;0;0;0;0
28/04/2017;07:54:00;140;Acidente sem Vítima;245,1;BR-040/MG;Norte;Capotamento;1;0;0;0;0;0;0;0;0;0;1;0;0;0;0
28/04/2017;07:48:00;137;Acidente com Vítima;530,3;BR-040/MG;Sul;Colisão traseira;1;0;0;1;0;1;0;0;0;0;2;2;0;0;0
28/04/2017;07:47:00;136;Acidente com Vítima;5,1;BR-040/DF;Norte;Colisão traseira;1;0;1;1;0;0;0;0;0;0;2;1;0;0;0
28/04/2017;07:39:00;131;Acidente com Vítima;706,1;BR-040/MG;Norte;Choque em barreira New Jersey;1;0;0;0;0;0;0;0;0;0;0;1;0;0;0
28/04/2017;07:37:00;129;Acidente sem Vítima;728,1;BR-040/MG;Sul;Choque em barreira New Jersey;1;0;0;0;0;0;0;0;0;0;1;0;0;0;0
28/04/2017;04:53:00;103;Acidente sem Vítima;490,2;BR-040/MG;Norte;Choque com objeto fixo;1;0;0;0;0;0;0;0;0;0;3;0;0;0;0
28/04/2017;03:38:00;97;Atropelamento com Morte;441,75;BR-040/MG;Norte;Atropelamento de pedestre atravessando;0;0;1;0;0;0;0;0;0;0;1;0;0;0;1
28/04/2017;00:00:00;1;Atropelamento sem Morte;530,5;BR-040/MG;Norte;Atropelamento de pedestre atravessando;0;0;0;0;0;0;0;0;0;1;1;1;0;0;0
27/04/2017;23:19:00;406;Acidente sem Vítima;660,3;BR-040/MG;Norte;Colisão traseira;0;0;1;0;1;0;0;0;0;0;28;0;0;0;0
27/04/2017;20:10:00;377;Acidente com Vítima;762,765;BR-040/MG;Sul;Outros;1;0;0;0;0;0;0;0;0;0;0;0;1;0;0
27/04/2017;19:36:00;366;Acidente sem Vítima;602,1;BR-040/MG;Sul;Abalroamento transversal;1;0;1;0;0;0;0;0;0;0;3;0;0;0;0
27/04/2017;18:31:00;351;Acidente sem Vítima;525,7;BR-040/MG;Norte;Colisão traseira;4;0;0;0;0;0;0;0;0;0;6;0;0;0;0
27/04/2017;17:55:00;333;Acidente sem Vítima;293,5;BR-040/MG;Sul;Outros;1;0;0;0;0;0;0;0;0;0;1;0;0;0;0
27/04/2017;17:09:00;320;Acidente com Vítima;717,7;BR-040/MG;Norte;Choque em barreira New Jersey;1;0;0;0;0;0;0;0;0;0;1;1;0;0;0
27/04/2017;08:47:00;179;Acidente sem Vítima;518,6;BR-040/MG;Sul;Colisão traseira;2;0;0;0;0;0;0;0;0;1;7;0;0;0;0
27/04/2017;07:39:00;155;Acidente sem Vítima;514,01;BR-040/MG;Sul;Colisão traseira;2;0;1;0;0;0;0;0;0;0;4;0;0;0;0
27/04/2017;06:42:00;127;Acidente sem Vítima;726,86;BR-040/MG;Sul;Choque em barreira New Jersey;1;0;0;0;0;0;0;0;0;0;1;0;0;0;0
27/04/2017;06:21:00;130;Acidente sem Vítima;425,578;BR-040/MG;Sul;Choque com objeto fixo;1;0;0;0;0;0;0;0;0;0;4;0;0;0;0
27/04/2017;06:19:00;122;Acidente sem Vítima;535,04;BR-040/MG;Sul;Choque com objeto fixo;1;0;0;0;0;0;0;0;0;0;1;0;0;0;0
27/04/2017;04:37:00;108;Acidente sem Vítima;524,08;BR-040/MG;Sul;Outros;1;0;0;0;0;0;0;0;0;0;1;0;0;0;0
27/04/2017;03:22:00;105;Acidente sem Vítima;119;BR-040/MG;Norte;Outros;1;0;0;0;0;0;0;0;0;0;1;0;0;0;0
27/04/2017;02:17:00;97;Acidente sem Vítima;748,74;BR-040/MG;Sul;Capotamento;1;0;0;0;0;0;0;0;0;0;1;0;0;0;0
26/04/2017;23:51:00;396;Acidente com Vítima;535,339;BR-040/MG;Sul;Choque em barreira New Jersey;1;0;1;0;0;0;0;0;0;0;2;1;0;0;0
26/04/2017;23:11:00;385;Acidente com Vítima;45;BR-040/MG;Norte;Abalroamento transversal;1;0;0;1;0;0;0;0;0;0;1;0;1;0;0
26/04/2017;20:58:00;368;Acidente sem Vítima;745,5;BR-040/MG;Sul;Atropelamento de animal;1;0;1;0;0;0;0;0;0;0;2;0;0;0;0