data;horario;n_da_ocorrencia;tipo_de_ocorrencia;km;trecho;sentido;tipo_de_acidente;automovel;bicicleta;caminhao;moto;onibus;outros;tracao_animal;transporte_de_cargas_especiais;trator_maquinas;utilitarios;ilesos;levemente_feridos;moderadamente_feridos;gravemente_feridos;mortos
26/04/2017;20:05:00;355;Acidente sem Vítima;5;BR-040/GO;Norte;Outros;0;0;0;0;0;0;0;0;0;0;0;0;0;0;0
26/04/2017;19:51:00;348;Acidente sem Vítima;28;BR-040/GO;Norte;Choque com objeto fixo;1;0;0;0;0;0;0;0;0;0;1;0;0;0;0
26/04/2017;18:34:00;316;Acidente sem Vítima;5;BR-040/GO;Sul;Outros;0;0;0;1;0;0;0;0;0;0;1;0;0;0;0
26/04/2017;17:51:00;302;Acidente sem Vítima;2;BR-040/GO;Sul;Colisão traseira;2;0;0;0;0;0;0;0;0;0;2;0;0;0;0
26/04/2017;14:44:00;249;Acidente sem Vítima;475,99;BR-040/MG;Norte;Abalroamento longitudinal;1;0;0;1;0;0;0;0;0;0;2;0;0;0;0
26/04/2017;08:19:00;138;Acidente sem Vítima;117;BR-040/MG;Norte;Abalroamento transversal;2;0;0;0;0;0;0;0;0;0;2;0;0;0;0
26/04/2017;08:01:00;133;Acidente sem Vítima;541,5;BR-040/MG;Sul;Colisão traseira;2;0;0;0;0;0;0;0;0;0;2;0;0;0;0
26/04/2017;05:37:00;95;Acidente com Vítima;32,5;BR-040/GO;Norte;Abalroamento longitudinal;2;0;0;0;0;0;0;0;0;0;2;0;1;0;0
25/04/2017;21:40:00;359;Acidente com Vítima;390,2;BR-040/MG;Norte;Abalroamento transversal;0;0;1;0;0;1;0;0;0;0;2;1;0;0;0
25/04/2017;21:38:00;357;Acidente sem Vítima;88,5;BR-040/GO;Norte;Choque em defensa;1;0;0;0;0;0;0;0;0;0;1;0;0;0;0
25/04/2017;20:07:00;333;Acidente com Vítima;536,636;BR-040/MG;Norte;Outros;0;0;0;1;0;0;0;0;0;0;0;0;1;0;0
25/04/2017;19:18:00;320;Atropelamento sem Morte;23,5;BR-040/MG;Sul;Atropelamento de pedestre atravessando;2;0;0;0;0;0;0;0;0;0;1;0;0;0;0
25/04/2017;18:26:00;312;Acidente sem Vítima;536,5;BR-040/MG;Norte;Abalroamento longitudinal;1;0;1;0;0;0;0;0;0;0;2;0;0;0;0
25/04/2017;12:07:00;220;Acidente com Vítima;509,15;BR-040/MG;Norte;Outros;0;0;0;0;0;0;0;0;0;0;0;1;0;0;0
25/04/2017;12:00:00;217;Acidente com Vítima;649,1;BR-040/MG;Norte;Abalroamento longitudinal;2;0;0;0;0;0;0;0;0;0;2;1;0;0;0
25/04/2017;11:43:00;211;Acidente sem Vítima;2,9;BR-040/GO;Sul;Colisão traseira;2;0;0;0;0;0;0;0;0;0;2;0;0;0;0
25/04/2017;10:58:00;194;Acidente sem Vítima;628,5;BR-040/MG;Norte;Abalroamento longitudinal;1;0;0;1;0;0;0;0;0;0;2;0;0;0;0
25/04/2017;09:21:00;169;Acidente sem Vítima;3,4;BR-040/GO;Norte;Abalroamento longitudinal;1;0;1;0;0;0;0;0;0;0;2;0;0;0;0
25/04/2017;08:44:00;156;Acidente sem Vítima;534,01;BR-040/MG;Norte;Colisão traseira;2;0;0;0;0;0;0;0;0;0;2;0;0;0;0
25/04/2017;08:18:00;147;Acidente sem Vítima;511,15;BR-040/MG;Norte;Colisão traseira;3;0;0;0;0;0;0;0;0;0;3;0;0;0;0
25/04/2017;08:05:00;142;Acidente com Vítima;3,6;BR-040/GO;Norte;Colisão traseira;1;0;0;1;0;0;0;0;0;0;1;1;0;0;0
25/04/2017;07:47:00;130;Acidente sem Vítima;531,1;BR-040/MG;Norte;Colisão traseira;2;0;0;0;0;0;0;0;0;0;2;0;0;0;0
25/04/2017;07:10:00;110;Acidente com Vítima;509,58;BR-040/MG;Sul;Outros;0;0;0;1;0;0;0;0;0;0;0;0;0;1;0
25/04/2017;07:08:00;109;Acidente sem Vítima;510,15;BR-040/MG;Sul;Colisão traseira;2;0;0;0;0;0;0;0;0;0;2;0;0;0;0
25/04/2017;06:22:00;103;Acidente sem Vítima;515,298;BR-040/MG;Sul;Colisão traseira;2;0;0;0;0;0;0;0;0;0;2;0;0;0;0
24/04/2017;23:38:00;393;Acidente com Vítima;34,585;BR-040/MG;Norte;Queda de Carga;0;0;0;0;0;1;0;0;0;0;0;0;1;0;0
24/04/2017;16:52:00;293;Acidente sem Vítima;714,1;BR-040/MG;Norte;Colisão traseira;2;0;0;0;0;0;0;0;0;0;2;0;0;0;0
24/04/2017;16:34:00;290;Acidente sem Vítima;519,15;BR-040/MG;Norte;Colisão traseira;3;0;0;0;0;0;0;0;0;0;3;0;0;0;0
24/04/2017;16:14:00;283;Acidente com Morte;176,59;BR-040/MG;Sul;Colisão frontal;1;0;1;0;0;0;0;0;0;0;1;0;0;0;3
24/04/2017;10:48:00;191;Acidente com Vítima;611,1;BR-040/MG;Sul;Colisão traseira;2;0;0;0;0;0;0;0;0;0;3;0;1;0;0
24/04/2017;07:42:00;144;Acidente sem Vítima;518,05;BR-040/MG;Norte;Colisão traseira;2;0;0;0;0;0;0;0;0;0;2;0;0;0;0
24/04/2017;02:31:00;55;Acidente sem Vítima;737,535;BR-040/MG;Sul;Choque em defensa;1;0;0;0;0;0;0;0;0;0;1;0;0;0;0
23/04/2017;23:15:00;319;Acidente sem Vítima;696,172;BR-040/MG;Sul;Capotamento;0;0;1;0;0;0;0;0;0;0;1;0;0;0;0
23/04/2017;22:46:00;311;Acidente com Vítima;592,11;BR-040/MG;Norte;Choque em defensa;1;0;0;0;0;0;0;0;0;0;0;2;0;0;0
23/04/2017;21:37:00;293;Acidente com Vítima;622,5;BR-040/MG;Norte;Outros;1;0;0;0;0;0;0;0;0;0;0;0;2;0;0
23/04/2017;21:10:00;289;Acidente sem Vítima;12,1;BR-040/GO;Norte;Colisão traseira;1;0;1;0;0;0;0;0;0;0;2;0;0;0;0
23/04/2017;20:58:00;286;Acidente com Vítima;10,618;BR-040/GO;Norte;Colisão traseira;1;0;1;0;0;0;0;0;0;0;2;0;0;1;0
23/04/2017;20:15:00;273;Acidente sem Vítima;8,4;BR-040/GO;Norte;Colisão traseira;2;0;0;0;0;0;0;0;0;0;2;0;0;0;0
23/04/2017;19:33:00;259;Acidente sem Vítima;636,6;BR-040/MG;Sul;Atropelamento de animal;1;0;0;0;0;0;0;0;0;0;1;0;0;0;0
23/04/2017;19:21:00;255;Atropelamento sem Morte;675;BR-040/MG;Norte;Atropelamento de pedestre caminhando;1;0;0;0;0;0;0;0;0;0;1;0;0;0;0
23/04/2017;19:18:00;254;Acidente com Vítima;509,98;BR-040/MG;Sul;Abalroamento longitudinal;1;0;0;1;0;0;0;0;0;0;1;1;0;0;0
23/04/2017;19:03:00;248;Atropelamento sem Morte;463,5;BR-040/MG;Norte;Atropelamento de pedestre atravessando;0;1;0;0;0;0;0;0;0;0;0;1;0;0;0
23/04/2017;18:45:00;238;Acidente com Vítima;508,101;BR-040/MG;Sul;Colisão traseira;1;0;0;1;0;0;0;0;0;0;2;0;1;0;0
23/04/2017;18:25:00;230;Acidente sem Vítima;506,131;BR-040/MG;Sul;Colisão traseira;2;0;0;1;0;0;0;0;0;0;3;0;0;0;0
23/04/2017;16:54:00;191;Acidente sem Vítima;570,5;BR-040/MG;Norte;Abalroamento longitudinal;1;0;1;0;0;0;0;0;0;0;4;0;0;0;0
23/04/2017;16:01:00;176;Acidente sem Vítima;509,8;BR-040/MG;Sul;Colisão traseira;4;0;0;0;0;0;0;0;0;0;7;0;0;0;0
23/04/2017;15:15:00;158;Acidente sem Vítima;557,9;BR-040/MG;Sul;Colisão traseira;1;0;1;0;0;0;0;0;0;0;5;0;0;0;0
23/04/2017;14:49:00;155;Acidente sem Vítima;449,885;BR-040/MG;Norte;Queda de Carga;0;0;1;0;0;0;0;0;0;0;1;0;0;0;0
23/04/2017;13:49:00;138;Acidente com Vítima;533,462;BR-040/MG;Sul;Abalroamento longitudinal;1;0;0;1;0;0;0;0;0;0;0;4;0;0;0
23/04/2017;13:11:00;124;Acidente sem Vítima;749,022;BR-040/MG;Norte;Choque em defensa;1;0;0;0;0;0;0;0;0;0;2;0;0;0;0
23/04/2017;12:19:00;109;Acidente sem Vítima;512,6;BR-040/MG;Sul;Colisão traseira;3;0;0;0;0;0;0;0;0;0;7;0;0;0;0
23/04/2017;11:57:00;105;Acidente sem Vítima;512,4;BR-040/MG;Sul;Colisão traseira;3;0;0;0;0;0;0;0;0;0;5;0;0;0;0
23/04/2017;11:43:00;103;Acidente sem Vítima;511,75;BR-040/MG;Sul;Colisão traseira;1;0;0;0;0;1;0;0;0;0;2;0;0;0;0
23/04/2017;06:21:00;35;Acidente sem Vítima;120,865;BR-040/MG;Norte;Atropelamento de animal;1;0;0;0;0;0;0;0;0;0;1;0;0;0;0
23/04/2017;05:43:00;33;Acidente sem Vítima;467,659;BR-040/MG;Sul;Capotamento;1;0;0;0;0;0;0;0;0;0;2;0;0;0;0
22/04/2017;23:58:00;254;Acidente sem Vítima;532,36;BR-040/MG;Sul;Colisão traseira;1;0;0;0;0;0;0;0;0;1;3;0;0;0;0
22/04/2017;22:50:00;247;Acidente sem Vítima;18,5;BR-040/GO;Sul;Colisão traseira;2;0;0;0;0;0;0;0;0;0;4;0;0;0;0
22/04/2017;19:55:00;216;Acidente sem Vítima;618;BR-040/MG;Sul;Abalroamento longitudinal;1;0;1;0;0;0;0;0;0;0;2;0;0;0;0
22/04/2017;19:22:00;208;Acidente sem Vítima;544,7;BR-040/MG;Sul;Colisão traseira;1;0;1;0;0;0;0;0;0;0;2;0;0;0;0
22/04/2017;19:10:00;207;Acidente sem Vítima;9,1;BR-040/GO;Norte;Colisão traseira;3;0;0;0;0;0;0;0;0;0;5;0;0;0;0
22/04/2017;18:49:00;199;Acidente sem Vítima;455,01;BR-040/MG;Norte;Colisão traseira;1;0;1;0;0;0;0;0;0;0;3;0;0;0;0
22/04/2017;18:23:00;190;Acidente com Vítima;9,5;BR-040/GO;Sul;Abalroamento longitudinal;1;0;0;1;0;0;0;0;0;0;2;0;1;0;0
22/04/2017;18:17:00;185;Acidente sem Vítima;455,01;BR-040/MG;Norte;Choque com objeto fixo;1;0;0;0;0;0;0;0;0;0;3;0;0;0;0
22/04/2017;18:07:00;180;Acidente sem Vítima;544,7;BR-040/MG;Sul;Abalroamento transversal;0;0;1;0;1;0;0;0;0;0;2;0;0;0;0
22/04/2017;17:29:00;173;Acidente sem Vítima;552,2;BR-040/MG;Sul;Capotamento;1;0;0;0;0;0;0;0;0;0;1;0;0;0;0
22/04/2017;16:19:00;152;Acidente sem Vítima;522;BR-040/MG;Norte;Outros;0;0;0;1;0;0;0;0;0;0;1;0;0;0;0
22/04/2017;15:21:00;137;Acidente sem Vítima;643,323;BR-040/MG;Norte;Choque com objeto fixo;1;0;0;0;0;0;0;0;0;0;2;0;0;0;0
22/04/2017;14:57:00;130;Acidente com Vítima;455;BR-040/MG;Norte;Outros;0;0;1;0;0;0;0;0;0;0;0;1;0;0;0
22/04/2017;11:15:00;82;Acidente sem Vítima;508,117;BR-040/MG;Sul;Colisão traseira;2;0;0;0;0;0;0;0;0;0;4;0;0;0;0
22/04/2017;09:17:00;62;Acidente sem Vítima;603;BR-040/MG;Sul;Choque com objeto fixo;1;0;0;0;0;0;0;0;0;0;2;0;0;0;0
22/04/2017;05:46:00;22;Acidente com Vítima;536,2;BR-040/MG;Sul;Choque em barreira New Jersey;1;0;0;0;0;0;0;0;0;0;3;0;1;0;0
22/04/2017;05:11:00;18;Acidente com Vítima;443,4;BR-040/MG;Sul;Choque em defensa;0;0;0;1;0;0;0;0;0;0;0;0;0;1;0
22/04/2017;00:29:00;4;Acidente sem Vítima;2,3;BR-040/DF;Norte;Choque com objeto fixo;1;0;0;0;0;0;0;0;0;0;1;0;0;0;0
21/04/2017;22:35:00;321;Acidente sem Vítima;469,46;BR-040/MG;Sul;Queda de Carga;0;0;1;0;0;0;0;0;0;0;1;0;0;0;0
21/04/2017;17:58:00;252;Acidente com Vítima;633,2;BR-040/MG;Norte;Colisão traseira;1;0;0;1;0;0;0;0;0;0;8;0;1;0;0
21/04/2017;17:22:00;239;Acidente sem Vítima;535,1;BR-040/MG;Norte;Choque em barreira New Jersey;1;0;0;0;0;0;0;0;0;0;1;0;0;0;0
21/04/2017;12:00:00;147;Acidente com Vítima;142,15;BR-040/GO;Sul;Abalroamento longitudinal;2;0;0;0;0;0;0;0;0;0;0;0;2;2;0
21/04/2017;11:09:00;132;Acidente sem Vítima;490,1;BR-040/MG;Norte;Colisão traseira;2;0;0;0;0;0;0;0;0;0;6;0;0;0;0
21/04/2017;09:21:00;104;Acidente sem Vítima;615,12;BR-040/MG;Norte;Choque com objeto fixo;0;0;1;0;0;0;0;0;0;0;1;0;0;0;0
21/04/2017;08:52:00;93;Atropelamento com Morte;445,8;BR-040/MG;Norte;Atropelamento de pedestre caminhando;1;0;0;0;0;0;0;0;0;0;0;3;0;0;1
21/04/2017;08:07:00;77;Acidente sem Vítima;486,1;BR-040/MG;Sul;Choque com objeto fixo;0;0;0;1;0;0;0;0;0;0;1;0;0;0;0
21/04/2017;07:03:00;58;Acidente sem Vítima;485,1;BR-040/MG;Norte;Colisão traseira;1;0;0;1;0;0;0;0;0;0;2;0;0;0;0
21/04/2017;06:09:00;42;Acidente com Vítima;364,996;BR-040/MG;Norte;Choque com objeto fixo;1;0;0;0;0;0;0;0;0;0;1;1;0;0;0
20/04/2017;20:07:00;380;Acidente sem Vítima;510,2;BR-040/MG;Norte;Colisão traseira;6;0;0;0;0;0;0;0;0;0;16;0;0;0;0
20/04/2017;19:56:00;378;Acidente sem Vítima;535,2;BR-040/MG;Sul;Abalroamento longitudinal;2;0;0;0;0;0;0;0;0;0;2;0;0;0;0
20/04/2017;19:00:00;363;Acidente sem Vítima;535,3;BR-040/MG;Norte;Abalroamento longitudinal;1;0;1;0;0;0;0;0;0;0;2;0;0;0;0
20/04/2017;17:23:00;332;Acidente sem Vítima;28,4;BR-040/MG;Norte;Abalroamento longitudinal;2;0;0;0;0;0;0;0;0;0;2;0;0;0;0
20/04/2017;16:34:00;316;Acidente sem Vítima;710,1;BR-040/MG;Sul;Queda de Carga;0;0;1;0;0;0;0;0;0;0;1;0;0;0;0
20/04/2017;15:34:00;294;Acidente com Vítima;690,8;BR-040/MG;Sul;Abalroamento longitudinal;0;0;0;2;0;0;0;0;0;0;1;0;1;0;0
20/04/2017;14:59:00;277;Acidente sem Vítima;1,5;BR-040/GO;Sul;Abalroamento longitudinal;1;0;0;1;0;0;0;0;0;0;2;0;0;0;0
20/04/2017;14:51:00;273;Acidente sem Vítima;322,45;BR-040/MG;Sul;Capotamento;1;0;0;0;0;0;0;0;0;0;1;0;0;0;0
20/04/2017;13:50:00;258;Acidente sem Vítima;358,158;BR-040/MG;Sul;Choque com objeto fixo;1;0;0;0;0;0;0;0;0;0;1;0;0;0;0
20/04/2017;13:50:00;259;Acidente sem Vítima;1,5;BR-040/GO;Sul;Colisão traseira;3;0;0;0;0;0;0;0;0;0;6;0;0;0;0
20/04/2017;11:55:00;227;Acidente sem Vítima;531,8;BR-040/MG;Sul;Colisão traseira;2;0;0;0;0;0;0;0;0;0;2;0;0;0;0
20/04/2017;11:01:00;210;Acidente sem Vítima;525,1;BR-040/MG;Norte;Colisão traseira;1;0;1;0;0;0;0;0;0;0;3;0;0;0;0
20/04/2017;10:18:00;198;Acidente sem Vítima;555,1;BR-040/MG;Sul;Outros;0;0;0;1;0;0;0;0;0;0;1;0;0;0;0
20/04/2017;07:04:00;130;Acidente sem Vítima;6,1;BR-040/DF;Norte;Abalroamento longitudinal;1;0;0;1;0;0;0;0;0;0;2;0;0;0;0
20/04/2017;00:41:00;7;Acidente sem Vítima;551,7;BR-040/MG;Norte;Colisão traseira;1;0;1;0;0;0;0;0;0;0;2;0;0;0;0
19/04/2017;20:11:00;360;Acidente com Vítima;69,5;BR-040/MG;Sul;Colisão frontal;2;0;0;0;0;0;0;0;0;0;0;0;4;0;0
19/04/2017;19:44:00;352;Acidente sem Vítima;197,5;BR-040/MG;Sul;Atropelamento de animal;1;0;0;0;0;0;0;0;0;0;1;0;0;0;0
19/04/2017;18:35:00;332;Acidente sem Vítima;535,1;BR-040/MG;Norte;Abalroamento longitudinal;1;0;1;0;0;0;0;0;0;0;2;0;0;0;0
19/04/2017;14:28:00;265;Acidente com Vítima;0,4;BR-040/GO;Sul;Colisão traseira;1;0;0;1;0;0;0;0;0;0;2;1;0;0;0
19/04/2017;13:45:00;251;Acidente sem Vítima;17,134;BR-040/GO;Sul;Capotamento;1;0;1;0;0;0;0;0;0;0;2;0;0;0;0
19/04/2017;12:19:00;227;Acidente sem Vítima;93;BR-040/GO;Sul;Abalroamento longitudinal;1;0;1;0;0;0;0;0;0;0;3;0;0;0;0
19/04/2017;06:44:00;124;Atropelamento sem Morte;0,2;BR-040/GO;Norte;Atropelamento de pedestre atravessando;1;0;0;0;0;0;0;0;0;0;1;1;0;0;0
19/04/2017;00:46:00;3;Acidente com Vítima;15,055;BR-040/GO;Sul;Abalroamento transversal;2;0;0;0;0;0;0;0;0;0;0;1;0;0;0
18/04/2017;17:51:00;327;Atropelamento sem Morte;0,8;BR-040/GO;Sul;Atropelamento de pedestre atravessando;0;0;0;1;0;0;0;0;0;0;1;1;0;0;0
18/04/2017;16:17:00;305;Acidente sem Vítima;2,9;BR-040/GO;Sul;Colisão traseira;4;0;0;0;0;0;0;0;0;0;4;0;0;0;0
18/04/2017;13:17:00;250;Acidente com Vítima;743,6;BR-040/MG;Norte;Colisão traseira;2;0;0;0;0;0;0;0;0;0;2;1;0;0;0
18/04/2017;11:36:00;221;Acidente sem Vítima;682,66;BR-040/MG;Sul;Abalroamento longitudinal;1;0;0;0;0;1;0;0;0;0;2;0;0;0;0
18/04/2017;08:01:00;151;Acidente com Vítima;545;BR-040/MG;Norte;Capotamento;1;0;0;0;0;0;0;0;0;0;2;1;0;0;0
18/04/2017;07:22:00;135;Acidente com Vítima;532,95;BR-040/MG;Sul;Outros;0;0;1;2;0;0;0;0;0;0;2;1;0;0;0
17/04/2017;21:11:00;412;Acidente com Vítima;600,2;BR-040/MG;Norte;Outros;0;0;0;1;0;0;0;0;0;0;1;1;0;0;0
17/04/2017;21:09:00;411;Atropelamento com Morte;474,3;BR-040/MG;Sul;Atropelamento de pedestre atravessando;2;0;1;0;0;0;0;0;0;0;3;0;0;0;1
17/04/2017;20:49:00;405;Acidente com Vítima;582,3;BR-040/MG;Sul;Choque com objeto fixo;1;0;0;0;0;0;0;0;0;0;0;0;1;0;0
17/04/2017;19:48:00;395;Acidente com Vítima;551,1;BR-040/MG;Sul;Outros;0;0;0;1;0;0;0;0;0;0;0;0;1;0;0
17/04/2017;18:12:00;365;Acidente sem Vítima;23,5;BR-040/GO;Norte;Abalroamento longitudinal;1;0;1;0;0;0;0;0;0;0;3;0;0;0;0
17/04/2017;12:27:00;251;Acidente sem Vítima;631,15;BR-040/MG;Norte;Colisão traseira;1;0;1;0;0;0;0;0;0;0;2;0;0;0;0
17/04/2017;12:24:00;250;Acidente sem Vítima;4,01;BR-040/GO;Sul;Colisão traseira;3;0;0;0;0;0;0;0;0;0;3;0;0;0;0
17/04/2017;12:20:00;246;Acidente sem Vítima;649,5;BR-040/MG;Sul;Colisão traseira;2;0;0;0;0;0;0;0;0;0;2;0;0;0;0
17/04/2017;09:13:00;190;Acidente com Vítima;649,102;BR-040/MG;Sul;Abalroamento transversal;2;0;1;0;0;0;0;0;0;0;1;2;0;1;0
17/04/2017;07:54:00;160;Acidente sem Vítima;599,8;BR-040/MG;Sul;Abalroamento longitudinal;1;0;1;0;0;0;0;0;0;0;2;0;0;0;0
17/04/2017;07:44:00;153;Acidente com Vítima;519,2;BR-040/MG;Norte;Abalroamento transversal;2;0;0;1;0;0;0;0;0;0;2;0;1;0;0
17/04/2017;07:32:00;148;Acidente com Vítima;514;BR-040/MG;Sul;Colisão traseira;2;0;0;0;0;0;0;0;0;0;2;2;0;0;0
17/04/2017;04:55:00;118;Acidente sem Vítima;3,15;BR-040/GO;Sul;Colisão traseira;1;0;1;0;0;0;0;0;0;0;2;0;0;0;0
17/04/2017;02:46:00;109;Acidente com Vítima;502,2;BR-040/MG;Sul;Capotamento;1;0;0;0;0;0;0;0;0;0;0;2;0;1;0
17/04/2017;02:26:00;108;Acidente sem Vítima;438,2;BR-040/MG;Sul;Capotamento;1;0;0;0;0;0;0;0;0;0;1;0;0;0;0
17/04/2017;00:55:00;32;Acidente sem Vítima;1,5;BR-040/DF;Sul;Capotamento;1;0;0;0;0;0;0;0;0;0;1;0;0;0;0
17/04/2017;00:16:00;9;Acidente sem Vítima;456,2;BR-040/MG;Norte;Abalroamento longitudinal;3;0;0;0;0;0;0;0;0;0;5;0;0;0;0
17/04/2017;00:00:00;1;Acidente com Vítima;93,5;BR-040/GO;Norte;Abalroamento longitudinal;1;0;0;1;0;0;0;0;0;0;2;0;1;0;0
16/04/2017;21:09:00;311;Atropelamento com Morte;16,8;BR-040/GO;Norte;Atropelamento de pedestre caminhando;2;0;0;0;0;0;0;0;0;0;3;0;0;0;1
16/04/2017;20:34:00;299;Acidente com Vítima;281,558;BR-040/MG;Norte;Abalroamento longitudinal;1;0;1;0;0;0;0;0;0;0;1;0;2;0;0
16/04/2017;19:59:00;291;Acidente sem Vítima;6,668;BR-040/GO;Norte;Colisão traseira;2;0;0;0;0;0;0;0;0;0;3;0;0;0;0
16/04/2017;19:18:00;277;Acidente sem Vítima;508,805;BR-040/MG;Sul;Colisão traseira;1;0;0;1;0;0;0;0;0;0;6;0;0;0;0
16/04/2017;17:27:00;222;Acidente sem Vítima;464,1;BR-040/MG;Sul;Colisão traseira;1;0;0;0;0;1;0;0;0;0;4;0;0;0;0
16/04/2017;16:34:00;209;Acidente sem Vítima;373,2;BR-040/MG;Sul;Colisão traseira;2;0;0;0;0;0;0;0;0;0;2;0;0;0;0
16/04/2017;16:31:00;206;Acidente sem Vítima;6,8;BR-040/GO;Norte;Colisão traseira;3;0;0;0;0;0;0;0;0;0;3;0;0;0;0
16/04/2017;16:04:00;192;Acidente sem Vítima;24,1;BR-040/MG;Norte;Colisão traseira;3;0;0;0;0;0;0;0;0;0;3;0;0;0;0
16/04/2017;15:38:00;178;Acidente sem Vítima;467,8;BR-040/MG;Sul;Colisão traseira;3;0;0;0;0;0;0;0;0;0;12;0;0;0;0
16/04/2017;15:38:00;179;Acidente sem Vítima;455,2;BR-040/MG;Sul;Colisão traseira;2;0;0;0;0;0;0;0;0;0;10;0;0;0;0
16/04/2017;14:48:00;160;Acidente sem Vítima;453,1;BR-040/MG;Sul;Colisão traseira;2;0;0;0;0;0;0;0;0;0;10;0;0;0;0
16/04/2017;14:08:00;142;Acidente com Vítima;533,2;BR-040/MG;Norte;Colisão traseira;1;0;0;1;0;0;0;0;0;0;1;1;0;0;0
16/04/2017;13:42:00;137;Acidente com Vítima;455;BR-040/MG;Sul;Colisão traseira;2;0;0;0;0;0;0;0;0;0;2;1;0;0;0
16/04/2017;12:01:00;116;Acidente sem Vítima;436;BR-040/MG;Norte;Colisão traseira;2;0;0;0;0;0;0;0;0;0;2;0;0;0;0
16/04/2017;10:52:00;97;Acidente sem Vítima;728,78;BR-040/MG;Sul;Choque em barreira New Jersey;0;0;1;0;0;0;0;0;0;0;1;0;0;0;0
16/04/2017;07:31:00;41;Acidente com Vítima;327,1;BR-040/MG;Sul;Colisão traseira;2;0;0;0;0;0;0;0;0;0;7;0;1;0;0
16/04/2017;06:19:00;32;Acidente sem Vítima;618,453;BR-040/MG;Norte;Choque com objeto fixo;1;0;0;0;0;0;0;0;0;0;1;0;0;0;0
16/04/2017;03:04:00;16;Acidente sem Vítima;128,3;BR-040/MG;Norte;Abalroamento longitudinal;2;0;0;0;0;0;0;0;0;0;2;0;0;0;0
16/04/2017;02:52:00;14;Acidente sem Vítima;87,02;BR-040/GO;Sul;Atropelamento de animal;1;0;0;0;0;0;0;0;0;0;1;0;0;0;0
15/04/2017;23:05:00;279;Acidente com Vítima;7,6;BR-040/GO;Norte;Colisão traseira;2;0;0;0;0;0;0;0;0;0;1;1;1;1;0
15/04/2017;22:57:00;275;Acidente com Vítima;18,05;BR-040/GO;Norte;Capotamento;1;0;0;0;0;0;0;0;0;0;1;2;0;0;0
15/04/2017;20:59:00;262;Acidente com Vítima;704,7;BR-040/MG;Sul;Atropelamento de animal;0;0;0;1;0;0;0;0;0;0;1;0;1;0;0
15/04/2017;20:30:00;257;Acidente com Vítima;8,25;BR-040/GO;Norte;Abalroamento transversal;0;1;0;1;0;0;0;0;0;0;0;1;1;0;0
15/04/2017;20:15:00;254;Acidente com Vítima;142,05;BR-040/MG;Sul;Abalroamento longitudinal;1;0;0;1;0;0;0;0;0;0;1;0;1;0;0
15/04/2017;19:42:00;249;Acidente sem Vítima;7,59;BR-040/GO;Norte;Abalroamento longitudinal;1;0;0;1;0;0;0;0;0;0;5;0;0;0;0
15/04/2017;19:14:00;241;Acidente com Vítima;530,6;BR-040/MG;Norte;Abalroamento transversal;1;0;0;1;0;0;0;0;0;0;2;1;0;0;0
15/04/2017;17:33:00;207;Acidente sem Vítima;513,12;BR-040/MG;Norte;Capotamento;2;0;0;0;0;0;0;0;0;0;3;0;0;0;0
15/04/2017;16:10:00;191;Acidente sem Vítima;697,8;BR-040/MG;Sul;Choque em defensa;1;0;0;0;0;0;0;0;0;0;1;0;0;0;0
15/04/2017;13:43:00;141;Acidente com Vítima;437,47;BR-040/MG;Norte;Capotamento;0;0;1;0;0;0;0;0;0;0;0;1;0;0;0
15/04/2017;13:18:00;138;Acidente com Vítima;608;BR-040/MG;Norte;Abalroamento longitudinal;1;0;0;1;0;0;0;0;0;0;0;3;0;0;0
15/04/2017;12:24:00;129;Acidente sem Vítima;434,4;BR-040/MG;Sul;Colisão traseira;1;0;0;0;0;0;0;0;0;1;3;0;0;0;0
15/04/2017;12:01:00;123;Acidente sem Vítima;513,95;BR-040/MG;Norte;Colisão traseira;4;0;0;0;0;0;0;0;0;0;7;0;0;0;0
15/04/2017;11:04:00;111;Acidente sem Vítima;543,9;BR-040/MG;Sul;Colisão traseira;1;0;0;0;0;0;0;0;0;1;6;0;0;0;0
15/04/2017;08:35:00;67;Acidente com Vítima;6,1;BR-040/GO;Norte;Outros;1;0;0;1;0;0;0;0;0;0;1;0;1;0;0
15/04/2017;04:57:00;26;Acidente sem Vítima;526,28;BR-040/MG;Norte;Abalroamento longitudinal;1;0;0;0;0;1;0;0;0;0;2;0;0;0;0
15/04/2017;04:49:00;25;Acidente sem Vítima;2,1;BR-040/DF;Sul;Choque em defensa;1;0;0;0;0;0;0;0;0;0;1;0;0;0;0
15/04/2017;03:57:00;21;Acidente com Vítima;756,8;BR-040/MG;Sul;Choque em defensa;0;0;0;1;0;0;0;0;0;0;0;1;0;0;0
14/04/2017;22:03:00;301;Acidente com Vítima;582,39;BR-040/MG;Norte;Capotamento;1;0;0;0;0;0;0;0;0;0;0;1;0;0;0
14/04/2017;18:59:00;264;Acidente sem Vítima;5;BR-040/DF;Norte;Colisão traseira;2;0;0;0;0;0;0;0;0;0;2;0;0;0;0