data;horario;n_da_ocorrencia;tipo_de_ocorrencia;km;trecho;sentido;tipo_de_acidente;automovel;bicicleta;caminhao;moto;onibus;outros;tracao_animal;transporte_de_cargas_especiais;trator_maquinas;utilitarios;ilesos;levemente_feridos;moderadamente_feridos;gravemente_feridos;mortos
01/04/2017;12:03:00;133;Acidente com Vítima;1,5;BR-040/GO;Sul;Colisão traseira;1;0;0;1;0;0;0;0;0;0;2;1;0;0;0
01/04/2017;11:36:00;127;Acidente com Vítima;510,015;BR-040/MG;Sul;Abalroamento longitudinal;1;0;0;1;0;0;0;0;0;0;1;2;0;0;0
01/04/2017;09:32:00;105;Acidente com Vítima;619,1;BR-040/MG;Sul;Colisão traseira;2;0;0;0;1;0;0;0;0;0;2;1;2;0;0
01/04/2017;07:46:00;82;Acidente sem Vítima;314,8;BR-040/MG;Sul;Abalroamento transversal;1;0;1;0;0;0;0;0;0;0;2;0;0;0;0
01/04/2017;07:41:00;81;Acidente sem Vítima;2,2;BR-040/GO;Norte;Colisão traseira;1;0;0;1;0;0;0;0;0;0;2;0;0;0;0
01/04/2017;02:35:00;31;Acidente com Morte;12,6;BR-040/GO;Norte;Abalroamento transversal;2;0;0;0;0;0;0;0;0;0;3;0;0;0;1
01/04/2017;02:34:00;30;Acidente com Vítima;542,331;BR-040/MG;Sul;Colisão traseira;1;0;0;0;0;1;0;0;0;0;2;0;1;0;0
30/06/2017;20:20:00;352;Acidente sem Vítima;501,5;BR-040/MG;Norte;Abalroamento longitudinal;1;0;1;0;0;0;0;0;0;0;2;0;0;0;0
30/06/2017;19:10:00;332;Acidente com Vítima;665,01;BR-040/MG;Norte;Abalroamento transversal;2;0;0;0;0;0;0;0;0;0;2;0;1;1;0
30/06/2017;18:22:00;316;Acidente sem Vítima;702,3;BR-040/MG;Sul;Abalroamento longitudinal;2;0;0;0;0;0;0;0;0;0;2;0;0;0;0
30/06/2017;18:19:00;314;Acidente sem Vítima;509,8;BR-040/MG;Norte;Colisão traseira;2;0;0;0;0;0;0;0;0;0;4;0;0;0;0
30/06/2017;17:25:00;300;Acidente sem Vítima;549,25;BR-040/MG;Sul;Colisão traseira;3;0;0;0;0;0;0;0;0;0;3;0;0;0;0
30/06/2017;17:20:00;295;Acidente sem Vítima;702,3;BR-040/MG;Sul;Abalroamento longitudinal;1;0;0;1;0;0;0;0;0;0;2;0;0;0;0
30/06/2017;14:00:00;240;Acidente com Vítima;529,1;BR-040/MG;Norte;Colisão traseira;0;0;1;1;0;0;0;0;0;0;1;0;2;0;0
30/06/2017;09:00:00;155;Acidente sem Vítima;5,9;BR-040/DF;Norte;Colisão traseira;1;0;0;1;0;0;0;0;0;0;2;0;0;0;0
30/06/2017;07:20:00;122;Acidente sem Vítima;534,001;BR-040/MG;Sul;Colisão traseira;2;0;0;0;0;0;0;0;0;0;2;0;0;0;0
30/06/2017;06:28:00;106;Acidente sem Vítima;27,7;BR-040/GO;Norte;Abalroamento longitudinal;2;0;0;0;0;0;0;0;0;0;2;0;0;0;0
30/06/2017;04:48:00;100;Acidente sem Vítima;129,05;BR-040/MG;Norte;Colisão traseira;1;0;1;0;0;0;0;0;0;0;2;0;0;0;0
30/06/2017;03:15:00;66;Acidente com Vítima;510,2;BR-040/MG;Sul;Capotamento;1;0;0;0;0;0;0;0;0;0;0;2;0;0;0
29/06/2017;20:50:00;398;Acidente com Vítima;2,8;BR-040/DF;Sul;Queda de Moto;0;0;0;1;0;0;0;0;0;0;0;1;0;0;0
29/06/2017;20:09:00;385;Acidente sem Vítima;267;BR-040/MG;Norte;Colisão traseira;0;0;1;0;0;1;0;0;0;0;2;0;0;0;0
29/06/2017;19:32:00;373;Acidente sem Vítima;534,2;BR-040/MG;Norte;Colisão traseira;2;0;0;0;0;0;0;0;0;0;5;0;0;0;0
29/06/2017;18:25:00;350;Acidente sem Vítima;19,9;BR-040/GO;Norte;Atropelamento de animal;0;0;1;0;0;0;0;0;0;0;1;0;0;0;0
29/06/2017;18:01:00;344;Acidente sem Vítima;571,8;BR-040/MG;Norte;Capotamento;1;0;0;0;0;0;0;0;0;0;1;0;0;0;0
29/06/2017;17:49:00;341;Acidente sem Vítima;510,6;BR-040/MG;Sul;Colisão traseira;2;0;0;0;0;0;0;0;0;0;3;0;0;0;0
29/06/2017;17:05:00;322;Acidente com Vítima;510,7;BR-040/MG;Sul;Abalroamento longitudinal;1;0;0;1;0;0;0;0;0;0;1;1;0;0;0
29/06/2017;14:59:00;291;Acidente sem Vítima;137,2;BR-040/MG;Norte;Colisão traseira;4;0;0;0;0;0;0;0;0;0;6;0;0;0;0
29/06/2017;14:31:00;282;Acidente sem Vítima;520;BR-040/MG;Norte;Colisão traseira;2;0;1;0;0;0;0;0;0;0;5;0;0;0;0
29/06/2017;13:22:00;265;Acidente com Vítima;11,9;BR-040/GO;Norte;Abalroamento longitudinal;1;0;0;1;0;0;0;0;0;0;1;1;0;0;0
29/06/2017;12:53:00;258;Acidente sem Vítima;533;BR-040/MG;Sul;Queda de Moto;0;0;0;2;0;0;0;0;0;0;2;0;0;0;0
29/06/2017;10:48:00;220;Acidente sem Vítima;615,8;BR-040/MG;Norte;Abalroamento longitudinal;2;0;0;1;0;0;0;0;0;0;3;0;0;0;0
29/06/2017;10:15:00;205;Acidente sem Vítima;537;BR-040/MG;Sul;Choque em barreira New Jersey;2;0;0;0;0;0;0;0;0;0;2;0;0;0;0
29/06/2017;09:54:00;195;Acidente com Vítima;147,2;BR-040/MG;Norte;Abalroamento longitudinal;0;0;1;1;0;0;0;0;0;0;1;1;0;0;0
29/06/2017;09:48:00;193;Acidente sem Vítima;607,5;BR-040/MG;Norte;Colisão traseira;2;0;1;0;0;0;0;0;0;0;4;0;0;0;0
29/06/2017;09:27:00;188;Acidente com Vítima;628;BR-040/MG;Norte;Abalroamento longitudinal;1;0;1;0;0;0;0;0;0;0;2;1;0;0;0
29/06/2017;09:05:00;176;Acidente sem Vítima;535,4;BR-040/MG;Norte;Choque em barreira New Jersey;1;0;0;0;0;0;0;0;0;0;1;0;0;0;0
29/06/2017;09:03:00;174;Acidente com Vítima;76,419;BR-040/MG;Norte;Choque com objeto fixo;1;0;0;0;0;0;0;0;0;0;0;0;1;0;0
29/06/2017;07:16:00;137;Acidente sem Vítima;507,4;BR-040/MG;Sul;Choque em defensa;1;0;0;0;0;0;0;0;0;0;1;0;0;0;0
29/06/2017;04:04:00;114;Acidente sem Vítima;723,2;BR-040/MG;Sul;Queda de Carga;0;0;1;0;0;0;0;0;0;0;1;0;0;0;0
28/06/2017;19:57:00;375;Acidente com Vítima;725,3;BR-040/MG;Norte;Choque com objeto fixo;1;0;0;0;0;0;0;0;0;0;0;0;0;1;0
28/06/2017;19:07:00;361;Atropelamento sem Morte;518,4;BR-040/MG;Norte;Atropelamento de pedestre atravessando;1;0;0;0;0;0;0;0;0;0;1;1;0;0;0
28/06/2017;18:30:00;355;Acidente sem Vítima;61,5;BR-040/GO;Norte;Abalroamento transversal;1;0;0;0;1;0;0;0;0;0;17;0;0;0;0
28/06/2017;18:17:00;352;Acidente sem Vítima;655,1;BR-040/MG;Sul;Outros;1;0;0;0;0;0;0;0;0;0;1;0;0;0;0
28/06/2017;17:08:00;333;Acidente sem Vítima;506,32;BR-040/MG;Sul;Colisão traseira;1;0;0;0;1;0;0;0;0;0;3;0;0;0;0
28/06/2017;16:14:00;322;Acidente sem Vítima;728,035;BR-040/MG;Norte;Colisão traseira;1;0;1;0;0;0;0;0;0;0;2;0;0;0;0
28/06/2017;14:24:00;274;Acidente sem Vítima;546,15;BR-040/MG;Sul;Queda de Moto;0;0;0;1;0;0;0;0;0;0;1;0;0;0;0
28/06/2017;14:01:00;263;Acidente sem Vítima;621,15;BR-040/MG;Sul;Colisão traseira;2;0;0;0;0;0;0;0;0;0;2;0;0;0;0
28/06/2017;13:38:00;250;Acidente sem Vítima;601,2;BR-040/MG;Norte;Colisão traseira;1;0;0;0;0;0;0;0;0;1;3;0;0;0;0
28/06/2017;09:59:00;196;Acidente sem Vítima;356,1;BR-040/MG;Norte;Queda de Carga;2;0;0;0;0;0;0;0;0;0;2;0;0;0;0
28/06/2017;08:51:00;175;Atropelamento sem Morte;7,08;BR-040/GO;Norte;Atropelamento de pedestre atravessando;0;0;0;1;0;0;0;0;0;0;1;2;0;0;0
28/06/2017;07:39:00;150;Acidente com Vítima;705,15;BR-040/MG;Sul;Choque com objeto fixo;1;0;0;0;0;0;0;0;0;0;0;1;0;0;0
28/06/2017;07:37:00;149;Acidente com Vítima;6,7;BR-040/GO;Norte;Queda de Moto;1;0;0;1;0;0;0;0;0;0;1;1;0;0;0
28/06/2017;07:17:00;145;Acidente com Vítima;524,2;BR-040/MG;Sul;Queda de Moto;0;0;0;1;0;1;0;0;0;0;1;1;0;0;0
28/06/2017;04:28:00;121;Acidente com Morte;614,1;BR-040/MG;Norte;Colisão traseira;1;0;1;0;0;0;0;0;0;0;1;0;0;0;1
28/06/2017;01:15:00;65;Acidente sem Vítima;54,38;BR-040/GO;Norte;Capotamento;1;0;0;0;0;0;0;0;0;0;1;0;0;0;0
27/06/2017;18:40:00;305;Acidente sem Vítima;3,2;BR-040/GO;Sul;Colisão traseira;1;0;0;1;0;0;0;0;0;0;2;0;0;0;0
27/06/2017;18:34:00;302;Acidente sem Vítima;3,5;BR-040/GO;Norte;Colisão traseira;3;0;0;0;0;0;0;0;0;0;3;0;0;0;0
27/06/2017;17:54:00;290;Acidente sem Vítima;2,2;BR-040/GO;Norte;Abalroamento longitudinal;0;0;0;2;0;0;0;0;0;0;2;0;0;0;0
27/06/2017;15:57:00;259;Acidente sem Vítima;532,31;BR-040/MG;Sul;Colisão traseira;1;0;0;0;0;0;0;0;0;1;2;0;0;0;0
27/06/2017;14:35:00;235;Acidente sem Vítima;0,5;BR-040/GO;Norte;Colisão traseira;2;0;0;0;0;0;0;0;0;0;2;0;0;0;0
27/06/2017;07:31:00;119;Acidente sem Vítima;749,015;BR-040/MG;Norte;Abalroamento longitudinal;1;0;1;0;0;0;0;0;0;0;2;0;0;0;0
27/06/2017;06:00:00;100;Acidente com Vítima;10,5;BR-040/GO;Norte;Colisão traseira;1;0;1;0;0;0;0;0;0;0;2;1;0;0;0
27/06/2017;00:56:00;5;Acidente com Vítima;768,3;BR-040/MG;Sul;Queda de Carga;0;0;1;0;0;0;0;0;0;0;0;1;0;0;0
27/06/2017;00:03:00;1;Acidente com Vítima;42,1;BR-040/MG;Sul;Capotamento;1;0;0;0;0;0;0;0;0;0;0;1;0;0;0
26/06/2017;19:55:00;344;Acidente sem Vítima;466,077;BR-040/MG;Norte;Queda de Carga;0;0;1;0;0;0;0;0;0;0;0;0;0;0;0
26/06/2017;18:54:00;324;Acidente com Vítima;635,5;BR-040/MG;Norte;Atropelamento de animal;1;0;0;0;0;0;0;0;0;0;0;0;1;0;0
26/06/2017;17:01:00;303;Acidente com Vítima;679,72;BR-040/MG;Norte;Choque com objeto fixo;1;0;0;0;0;0;0;0;0;0;0;0;1;0;0
26/06/2017;14:26:00;263;Acidente sem Vítima;717,39;BR-040/MG;Norte;Choque em defensa;1;0;0;0;0;0;0;0;0;0;1;0;0;0;0
26/06/2017;14:26:00;271;Acidente sem Vítima;717,39;BR-040/MG;Norte;Choque em defensa;1;0;0;0;0;0;0;0;0;0;1;0;0;0;0
26/06/2017;13:39:00;252;Acidente sem Vítima;728,5;BR-040/MG;Sul;Capotamento;1;0;0;0;0;0;0;0;0;0;1;0;0;0;0
26/06/2017;13:37:00;251;Acidente sem Vítima;727,29;BR-040/MG;Sul;Capotamento;1;0;0;0;0;0;0;0;0;0;1;0;0;0;0
26/06/2017;13:27:00;248;Acidente sem Vítima;731,25;BR-040/MG;Norte;Choque em barreira New Jersey;1;0;0;0;0;0;0;0;0;0;1;0;0;0;0
26/06/2017;13:13:00;244;Acidente sem Vítima;732,1;BR-040/MG;Sul;Choque com objeto fixo;1;0;0;0;0;0;0;0;0;0;1;0;0;0;0
26/06/2017;13:08:00;241;Acidente sem Vítima;706,2;BR-040/MG;Norte;Choque em barreira New Jersey;1;0;0;0;0;0;0;0;0;0;1;0;0;0;0
26/06/2017;12:47:00;233;Acidente com Vítima;695,1;BR-040/MG;Norte;Capotamento;1;0;0;0;0;0;0;0;0;0;1;1;0;0;0
26/06/2017;12:35:00;232;Acidente com Vítima;508,6;BR-040/MG;Norte;Choque com objeto fixo;1;0;0;0;0;0;0;0;0;0;0;1;0;0;0
26/06/2017;11:24:00;208;Acidente sem Vítima;737,8;BR-040/MG;Sul;Choque em defensa;1;0;0;0;0;0;0;0;0;0;1;0;0;0;0
26/06/2017;10:57:00;196;Acidente com Vítima;705,13;BR-040/MG;Norte;Choque com objeto fixo;1;0;0;0;0;0;0;0;0;0;1;1;0;0;0
26/06/2017;09:57:00;175;Acidente sem Vítima;739,32;BR-040/MG;Norte;Choque com objeto fixo;1;0;0;0;0;0;0;0;0;0;1;0;0;0;0
26/06/2017;08:56:00;149;Acidente sem Vítima;709,5;BR-040/MG;Sul;Capotamento;1;0;0;0;0;0;0;0;0;0;1;0;0;0;0
26/06/2017;07:35:00;118;Acidente sem Vítima;214;BR-040/MG;Norte;Abalroamento longitudinal;0;0;2;0;0;0;0;0;0;0;2;0;0;0;0
26/06/2017;06:49:00;102;Acidente sem Vítima;0;BR-040/GO;Sul;Abalroamento longitudinal;1;0;0;0;0;0;0;0;0;1;4;0;0;0;0
26/06/2017;05:47:00;95;Acidente com Vítima;727,28;BR-040/MG;Norte;Choque em defensa;0;0;1;0;0;0;0;0;0;0;1;1;0;0;0
25/06/2017;21:56:00;287;Acidente com Vítima;611,23;BR-040/MG;Sul;Queda de Moto;0;0;0;1;0;0;0;0;0;0;0;1;0;0;0
25/06/2017;21:44:00;284;Acidente com Vítima;570;BR-040/MG;Norte;Colisão traseira;0;0;2;0;0;0;0;0;0;0;1;1;0;0;0
25/06/2017;20:23:00;264;Acidente sem Vítima;727,4;BR-040/MG;Sul;Choque em barreira New Jersey;1;0;0;0;0;0;0;0;0;0;1;0;0;0;0
25/06/2017;19:46:00;250;Acidente sem Vítima;531,1;BR-040/MG;Sul;Colisão traseira;2;0;0;0;0;0;0;0;0;0;2;0;0;0;0
25/06/2017;19:13:00;243;Acidente com Vítima;0;Fora_Rota;Sul;Abalroamento transversal;1;0;0;1;0;0;0;0;0;0;1;1;0;0;0
25/06/2017;19:07:00;239;Acidente sem Vítima;2,8;BR-040/GO;Sul;Colisão traseira;2;0;0;0;0;0;0;0;0;0;2;0;0;0;0
25/06/2017;18:10:00;218;Acidente com Vítima;636;BR-040/MG;Norte;Abalroamento transversal;2;0;0;0;0;0;0;0;0;0;2;0;1;0;0
25/06/2017;17:28:00;208;Acidente sem Vítima;510,24;BR-040/MG;Sul;Colisão traseira;4;0;0;0;0;0;0;0;0;0;7;0;0;0;0
25/06/2017;16:41:00;190;Acidente sem Vítima;418;BR-040/MG;Norte;Abalroamento longitudinal;1;0;0;1;0;0;0;0;0;0;2;0;0;0;0
25/06/2017;16:25:00;182;Acidente com Vítima;11,5;BR-040/GO;Norte;Colisão traseira;0;0;1;1;0;0;0;0;0;0;1;1;0;0;0
25/06/2017;15:27:00;167;Acidente sem Vítima;29,7;BR-040/GO;Norte;Abalroamento longitudinal;2;0;0;0;0;0;0;0;0;0;2;0;0;0;0
25/06/2017;15:11:00;162;Acidente com Vítima;536;BR-040/MG;Norte;Queda de Moto;0;0;0;1;0;0;0;0;0;0;1;0;1;0;0
25/06/2017;14:27:00;152;Acidente sem Vítima;542,2;BR-040/MG;Sul;Colisão traseira;2;0;0;0;0;0;0;0;0;0;2;0;0;0;0
25/06/2017;08:52:00;70;Acidente com Vítima;481;BR-040/MG;Sul;Capotamento;2;0;0;0;0;1;0;0;0;0;4;1;0;0;0
25/06/2017;07:13:00;53;Acidente sem Vítima;543,3;BR-040/MG;Sul;Abalroamento longitudinal;1;0;1;0;0;0;0;0;0;0;2;0;0;0;0
25/06/2017;06:29:00;43;Acidente sem Vítima;15,15;BR-040/GO;Sul;Outros;1;0;0;0;0;0;0;0;0;0;2;0;0;0;0
25/06/2017;04:56:00;35;Acidente com Vítima;0,059;BR-040/DF;Norte;Queda de Moto;0;0;0;1;0;0;0;0;0;0;0;0;0;0;0
25/06/2017;03:11:00;24;Acidente com Vítima;1,468;BR-040/DF;Norte;Capotamento;1;0;0;0;0;0;0;0;0;0;0;0;0;1;0
25/06/2017;01:45:00;18;Acidente com Vítima;6,95;BR-040/GO;Sul;Abalroamento longitudinal;1;0;0;1;0;0;0;0;0;0;1;0;2;0;0
24/06/2017;23:00:00;299;Acidente com Morte;3,048;BR-040/GO;Sul;Colisão traseira;3;0;0;0;0;0;0;0;0;0;2;1;0;0;1
24/06/2017;22:12:00;289;Acidente com Vítima;511,6;BR-040/MG;Norte;Queda de Moto;0;0;0;1;0;0;0;0;0;0;0;0;1;0;0
24/06/2017;19:52:00;258;Acidente sem Vítima;51,05;BR-040/GO;Sul;Atropelamento de animal;1;0;0;0;0;0;0;0;0;0;1;0;0;0;0
24/06/2017;18:12:00;234;Acidente com Vítima;1,382;BR-040/GO;Norte;Abalroamento longitudinal;1;0;0;1;0;0;0;0;0;0;1;1;0;0;0
24/06/2017;18:00:00;232;Acidente sem Vítima;618,1;BR-040/MG;Norte;Queda de Moto;0;0;0;1;0;0;0;0;0;0;1;0;0;0;0
24/06/2017;17:12:00;223;Acidente sem Vítima;43,6;BR-040/MG;Sul;Colisão traseira;1;0;0;1;0;0;0;0;0;0;2;0;0;0;0
24/06/2017;17:09:00;221;Acidente com Vítima;439,41;BR-040/MG;Sul;Capotamento;1;0;0;0;0;0;0;0;0;0;0;1;1;0;0
24/06/2017;15:42:00;198;Atropelamento sem Morte;7;BR-040/GO;Norte;Atropelamento de pedestre atravessando;1;0;0;0;0;0;0;0;0;0;1;1;0;0;0
24/06/2017;14:34:00;177;Acidente sem Vítima;707,1;BR-040/MG;Sul;Colisão traseira;1;0;1;0;0;0;0;0;0;0;2;0;0;0;0
24/06/2017;14:23:00;173;Acidente sem Vítima;707,1;BR-040/MG;Sul;Queda de Moto;0;0;0;1;0;0;0;0;0;0;1;0;0;0;0
24/06/2017;13:54:00;161;Acidente com Vítima;705,1;BR-040/MG;Sul;Choque com objeto fixo;1;0;0;0;0;0;0;0;0;0;0;0;1;0;0
24/06/2017;13:09:00;148;Acidente sem Vítima;508,15;BR-040/MG;Norte;Abalroamento longitudinal;2;0;0;0;0;0;0;0;0;0;2;0;0;0;0
24/06/2017;13:01:00;146;Acidente com Vítima;33,631;BR-040/MG;Norte;Choque com objeto fixo;1;0;0;0;0;0;0;0;0;0;0;1;0;0;0
24/06/2017;12:59:00;145;Acidente com Vítima;247,8;BR-040/MG;Norte;Queda de Carga;0;0;1;0;0;0;0;0;0;0;0;1;0;0;0
24/06/2017;11:14:00;112;Acidente sem Vítima;611,1;BR-040/MG;Sul;Colisão traseira;0;0;0;2;0;0;0;0;0;0;4;0;0;0;0
24/06/2017;08:17:00;71;Acidente sem Vítima;4,9;BR-040/GO;Norte;Colisão traseira;1;0;1;1;0;0;0;0;0;0;3;0;0;0;0
24/06/2017;07:21:00;56;Acidente sem Vítima;1,3;BR-040/DF;Norte;Queda de Moto;0;0;0;1;0;0;0;0;0;0;1;0;0;0;0
24/06/2017;05:08:00;37;Acidente sem Vítima;515,7;BR-040/MG;Sul;Choque com objeto fixo;1;0;0;0;0;0;0;0;0;0;2;0;0;0;0
24/06/2017;04:52:00;35;Acidente com Vítima;611,66;BR-040/MG;Sul;Colisão frontal;2;0;0;0;0;0;0;0;0;0;0;0;1;1;0
24/06/2017;02:29:00;22;Acidente sem Vítima;314,3;BR-040/MG;Norte;Atropelamento de animal;1;0;0;0;0;0;0;0;0;0;4;0;0;0;0
24/06/2017;02:15:00;20;Acidente com Morte;147,5;BR-040/MG;Norte;Colisão frontal;1;0;1;0;0;0;0;0;0;0;1;0;0;0;1
23/06/2017;21:53:00;394;Acidente sem Vítima;611,01;BR-040/MG;Norte;Choque com objeto fixo;1;0;0;0;0;0;0;0;0;0;3;0;0;0;0
23/06/2017;20:46:00;377;Acidente sem Vítima;11,18;BR-040/GO;Sul;Queda de Moto;1;0;0;1;0;0;0;0;0;0;2;0;0;0;0
23/06/2017;19:39:00;357;Acidente com Vítima;137,8;BR-040/GO;Sul;Colisão traseira;2;0;0;0;0;0;0;0;0;0;1;3;0;0;0
23/06/2017;18:31:00;333;Acidente sem Vítima;468,2;BR-040/MG;Norte;Abalroamento transversal;1;0;0;0;0;0;0;0;0;1;2;0;0;0;0
23/06/2017;17:04:00;306;Acidente com Vítima;716,1;BR-040/MG;Norte;Queda de Moto;0;0;0;1;0;0;0;0;0;0;0;0;1;0;0
23/06/2017;16:54:00;303;Acidente com Vítima;607,1;BR-040/MG;Norte;Colisão traseira;1;0;0;1;0;0;0;0;0;0;1;0;2;0;0
23/06/2017;16:19:00;291;Acidente com Vítima;697,1;BR-040/MG;Sul;Abalroamento longitudinal;1;0;0;1;0;0;0;0;0;0;1;1;1;0;0
23/06/2017;16:01:00;287;Acidente com Vítima;544,15;BR-040/MG;Norte;Abalroamento longitudinal;2;0;0;0;0;0;0;0;0;0;1;1;0;0;0
23/06/2017;15:16:00;275;Acidente sem Vítima;529,235;BR-040/MG;Sul;Colisão traseira;1;0;1;0;0;0;0;0;0;0;2;0;0;0;0
23/06/2017;14:22:00;259;Acidente com Vítima;687,9;BR-040/MG;Sul;Abalroamento longitudinal;1;0;0;1;0;0;0;0;0;0;2;0;1;0;0
23/06/2017;11:40:00;222;Acidente com Vítima;14,1;BR-040/GO;Norte;Abalroamento transversal;2;0;0;0;0;0;0;0;0;0;3;1;0;0;0
23/06/2017;10:13:00;192;Acidente com Vítima;601,1;BR-040/MG;Norte;Colisão traseira;1;0;1;0;0;0;0;0;0;0;1;0;1;0;0
23/06/2017;09:55:00;185;Acidente sem Vítima;694,5;BR-040/MG;Norte;Capotamento;1;0;0;0;0;0;0;0;0;0;1;0;0;0;0
23/06/2017;09:13:00;171;Acidente sem Vítima;635,1;BR-040/MG;Sul;Colisão traseira;1;0;1;0;0;0;0;0;0;0;2;0;0;0;0
23/06/2017;09:01:00;166;Acidente sem Vítima;726,1;BR-040/MG;Sul;Capotamento;1;0;0;0;0;0;0;0;0;0;1;0;0;0;0
23/06/2017;08:25:00;153;Acidente com Vítima;717,5;BR-040/MG;Norte;Choque em barreira New Jersey;1;0;0;0;0;0;0;0;0;0;0;1;0;0;0
23/06/2017;08:04:00;145;Acidente sem Vítima;514,01;BR-040/MG;Sul;Colisão traseira;1;0;0;0;0;0;0;0;0;1;2;0;0;0;0
23/06/2017;08:01:00;144;Acidente sem Vítima;531,15;BR-040/MG;Norte;Colisão traseira;2;0;0;0;0;0;0;0;0;0;2;0;0;0;0
23/06/2017;07:50:00;141;Acidente sem Vítima;516;BR-040/MG;Norte;Queda de Moto;0;0;0;1;0;0;0;0;0;0;1;0;0;0;0
23/06/2017;07:47:00;138;Acidente sem Vítima;531,6;BR-040/MG;Sul;Queda de Moto;0;0;0;1;0;0;0;0;0;0;1;0;0;0;0
23/06/2017;06:44:00;115;Acidente com Vítima;730,2;BR-040/MG;Norte;Capotamento;1;0;0;0;0;0;0;0;0;0;1;1;0;0;0
23/06/2017;06:33:00;112;Acidente com Vítima;200,5;BR-040/MG;Norte;Abalroamento longitudinal;1;0;0;0;0;2;0;0;0;0;3;1;0;0;0
23/06/2017;05:16:00;108;Acidente com Vítima;629,3;BR-040/MG;Norte;Queda de Moto;0;0;0;1;0;0;0;0;0;0;0;1;0;0;0
23/06/2017;03:00:00;97;Acidente sem Vítima;102;BR-040/MG;Norte;Choque com objeto fixo;1;0;0;0;0;0;0;0;0;0;3;0;0;0;0
22/06/2017;22:39:00;365;Acidente com Vítima;754,9;BR-040/MG;Norte;Choque em defensa;2;0;0;0;0;0;0;0;0;0;1;1;0;0;0
22/06/2017;19:14:00;321;Acidente sem Vítima;309,1;BR-040/MG;Sul;Choque com objeto fixo;1;0;0;0;0;0;0;0;0;0;2;0;0;0;0
22/06/2017;19:08:00;318;Acidente sem Vítima;633;BR-040/MG;Sul;Atropelamento de animal;1;0;0;0;0;0;0;0;0;0;3;0;0;0;0
22/06/2017;17:34:00;291;Acidente sem Vítima;525,83;BR-040/MG;Norte;Colisão traseira;3;0;0;0;0;0;0;0;0;0;3;0;0;0;0
22/06/2017;17:24:00;286;Acidente sem Vítima;548,1;BR-040/MG;Norte;Colisão traseira;2;0;1;0;0;0;0;0;0;0;3;0;0;0;0
22/06/2017;16:50:00;279;Acidente sem Vítima;2,9;BR-040/GO;Norte;Colisão traseira;1;0;0;1;0;0;0;0;0;0;3;0;0;0;0
22/06/2017;16:27:00;275;Acidente sem Vítima;544,15;BR-040/MG;Norte;Colisão traseira;1;0;1;0;0;0;0;0;0;0;2;0;0;0;0
22/06/2017;16:16:00;269;Acidente com Vítima;544,2;BR-040/MG;Norte;Queda de Moto;0;0;0;1;0;0;0;0;0;0;0;0;0;0;0
22/06/2017;16:08:00;268;Acidente com Vítima;541,5;BR-040/MG;Norte;Queda de Moto;0;0;0;1;0;0;0;0;0;0;0;0;0;0;0
22/06/2017;13:53:00;234;Acidente sem Vítima;599,8;BR-040/MG;Norte;Colisão traseira;0;0;4;0;0;0;0;0;0;0;10;0;0;0;0
22/06/2017;11:16:00;196;Acidente sem Vítima;177;BR-040/MG;Sul;Queda de Moto;0;0;0;2;0;0;0;0;0;0;2;0;0;0;0
22/06/2017;08:22:00;148;Acidente com Vítima;665,004;BR-040/MG;Sul;Colisão traseira;2;0;0;0;0;0;0;0;0;0;4;1;0;0;0
22/06/2017;08:10:00;143;Acidente sem Vítima;620;BR-040/MG;Sul;Queda de Carga;2;0;0;0;0;0;0;0;0;0;3;0;0;0;0
21/06/2017;23:11:00;402;Acidente sem Vítima;590,95;BR-040/MG;Norte;Choque em defensa;1;0;0;0;0;0;0;0;0;0;1;0;0;0;0
21/06/2017;21:19:00;384;Acidente sem Vítima;717,443;BR-040/MG;Norte;Choque em defensa;0;0;1;0;0;0;0;0;0;0;1;0;0;0;0
21/06/2017;20:18:00;367;Acidente sem Vítima;1,4;BR-040/GO;Sul;Colisão traseira;2;0;0;0;0;0;0;0;0;0;2;0;0;0;0
21/06/2017;16:24:00;302;Acidente sem Vítima;608;BR-040/MG;Sul;Outros;1;0;0;0;0;0;0;0;0;0;3;0;0;0;0
21/06/2017;16:15:00;299;Acidente sem Vítima;580,1;BR-040/MG;Norte;Capotamento;1;0;0;0;0;0;0;0;0;0;2;0;0;0;0
21/06/2017;16:03:00;295;Acidente sem Vítima;510,5;BR-040/MG;Sul;Queda de Moto;0;0;0;1;0;0;0;0;0;0;2;0;0;0;0
21/06/2017;08:26:00;168;Acidente com Vítima;299,8;BR-040/MG;Norte;Queda de Carga;0;0;1;0;0;0;0;0;0;0;0;1;0;0;0
21/06/2017;07:10:00;136;Acidente com Vítima;556,195;BR-040/MG;Sul;Capotamento;2;0;0;0;0;0;0;0;0;0;1;0;1;0;0
20/06/2017;23:28:00;396;Acidente com Vítima;5,6;BR-040/DF;Norte;Abalroamento longitudinal;1;0;0;1;0;0;0;0;0;0;3;1;0;0;0
20/06/2017;21:10:00;375;Acidente sem Vítima;576,01;BR-040/MG;Sul;Abalroamento transversal;1;0;1;0;0;0;0;0;0;0;5;0;0;0;0
20/06/2017;19:39:00;349;Acidente sem Vítima;611,4;BR-040/MG;Norte;Choque com objeto fixo;2;0;0;0;0;0;0;0;0;0;3;0;0;0;0