data;horario;n_da_ocorrencia;tipo_de_ocorrencia;km;trecho;sentido;tipo_de_acidente;automovel;bicicleta;caminhao;moto;onibus;outros;tracao_animal;transporte_de_cargas_especiais;trator_maquinas;utilitarios;ilesos;levemente_feridos;moderadamente_feridos;gravemente_feridos;mortos
20/06/2017;18:30:00;336;Acidente sem Vítima;6,9;BR-040/GO;Sul;Outros;0;0;0;0;0;0;0;0;0;0;0;0;0;0;0
20/06/2017;17:29:00;327;Acidente com Vítima;20,5;BR-040/GO;Sul;Queda de Carga;0;0;1;0;0;0;0;0;0;0;1;1;0;0;0
20/06/2017;16:32:00;310;Acidente com Vítima;526,4;BR-040/MG;Norte;Colisão traseira;0;0;1;0;1;0;0;0;0;0;56;5;0;0;0
20/06/2017;14:19:00;270;Acidente sem Vítima;6;BR-040/GO;Norte;Colisão traseira;4;0;0;0;0;0;0;0;0;0;4;0;0;0;0
20/06/2017;14:08:00;264;Acidente sem Vítima;592;BR-040/MG;Sul;Colisão traseira;2;0;0;0;0;0;0;0;0;0;2;0;0;0;0
20/06/2017;13:41:00;257;Acidente com Vítima;1;BR-040/GO;Sul;Queda de Moto;1;0;0;1;0;0;0;0;0;0;1;1;0;0;0
20/06/2017;13:06:00;249;Acidente sem Vítima;667,531;BR-040/MG;Sul;Colisão traseira;4;0;0;0;0;0;0;0;0;0;4;0;0;0;0
20/06/2017;09:49:00;203;Acidente sem Vítima;4,7;BR-040/GO;Sul;Colisão traseira;2;0;1;0;1;0;0;0;0;0;4;0;0;0;0
20/06/2017;09:20:00;193;Acidente sem Vítima;599;BR-040/MG;Sul;Choque com objeto fixo;1;0;0;0;0;0;0;0;0;0;1;0;0;0;0
20/06/2017;08:59:00;184;Acidente sem Vítima;544,001;BR-040/MG;Norte;Colisão traseira;3;0;0;0;0;0;0;0;0;0;3;0;0;0;0
20/06/2017;08:20:00;161;Acidente sem Vítima;1,01;BR-040/GO;Norte;Colisão traseira;2;0;0;0;0;0;0;0;0;0;2;0;0;0;0
20/06/2017;08:17:00;159;Acidente sem Vítima;668;BR-040/MG;Norte;Abalroamento longitudinal;0;0;1;0;0;1;0;0;0;0;2;0;0;0;0
20/06/2017;08:15:00;158;Acidente sem Vítima;544,1;BR-040/MG;Sul;Queda de Moto;1;0;0;1;0;0;0;0;0;0;2;0;0;0;0
20/06/2017;06:48:00;128;Acidente com Vítima;15,502;BR-040/GO;Norte;Colisão frontal;1;0;0;1;0;0;0;0;0;0;1;1;0;0;0
20/06/2017;06:14:00;121;Acidente com Vítima;5,1;BR-040/GO;Sul;Abalroamento transversal;2;0;0;0;0;0;0;0;0;0;0;0;1;1;0
20/06/2017;00:20:00;3;Acidente com Vítima;0,5;BR-040/GO;Norte;Capotamento;1;0;0;0;0;0;0;0;0;0;0;0;0;1;0
19/06/2017;22:04:00;394;Acidente sem Vítima;279,05;BR-040/MG;Norte;Atropelamento de animal;0;0;0;0;0;1;0;0;0;0;1;0;0;0;0
19/06/2017;21:23:00;383;Acidente sem Vítima;79,5;BR-040/MG;Norte;Choque com objeto fixo;0;0;1;0;0;0;0;0;0;0;1;0;0;0;0
19/06/2017;20:19:00;375;Acidente sem Vítima;6,4;BR-040/GO;Sul;Colisão traseira;2;0;0;0;0;0;0;0;0;0;2;0;0;0;0
19/06/2017;19:50:00;372;Acidente sem Vítima;531,1;BR-040/MG;Sul;Abalroamento longitudinal;1;0;1;0;0;0;0;0;0;0;2;0;0;0;0
19/06/2017;16:35:00;322;Acidente sem Vítima;453,8;BR-040/MG;Sul;Atropelamento de animal;1;0;0;0;0;0;0;0;0;0;4;0;0;0;0
19/06/2017;15:08:00;300;Acidente com Vítima;12,05;BR-040/GO;Norte;Abalroamento transversal;3;0;0;0;0;0;0;0;0;0;2;2;1;0;0
19/06/2017;14:37:00;285;Acidente sem Vítima;668,2;BR-040/MG;Sul;Colisão traseira;2;0;0;0;0;0;0;0;0;0;4;0;0;0;0
19/06/2017;10:08:00;196;Acidente com Vítima;12,3;BR-040/GO;Norte;Queda de Moto;0;0;0;1;0;0;0;0;0;0;0;1;0;0;0
19/06/2017;09:35:00;190;Acidente sem Vítima;534,1;BR-040/MG;Sul;Choque com objeto fixo;1;0;0;0;0;0;0;0;0;0;1;0;0;0;0
19/06/2017;07:44:00;109;Acidente sem Vítima;544,4;BR-040/MG;Sul;Colisão traseira;1;0;0;1;0;0;0;0;0;0;2;0;0;0;0
19/06/2017;07:29:00;105;Acidente sem Vítima;517,102;BR-040/MG;Sul;Colisão traseira;2;0;0;0;0;0;0;0;0;0;4;0;0;0;0
19/06/2017;07:17:00;96;Acidente com Vítima;96,1;BR-040/GO;Sul;Abalroamento longitudinal;1;0;0;1;0;0;0;0;0;0;2;0;1;0;0
19/06/2017;06:37:00;67;Acidente com Vítima;4,01;BR-040/DF;Norte;Abalroamento longitudinal;1;0;0;1;0;0;0;0;0;0;2;1;0;0;0
19/06/2017;04:17:00;17;Acidente sem Vítima;500,15;BR-040/MG;Norte;Atropelamento de animal;1;0;0;0;0;0;0;0;0;0;1;0;0;0;0
18/06/2017;23:41:00;345;Acidente sem Vítima;1,2;BR-040/GO;Sul;Choque com objeto fixo;1;0;0;0;0;0;0;0;0;0;2;0;0;0;0
18/06/2017;20:35:00;308;Acidente sem Vítima;1,8;BR-040/GO;Norte;Choque com objeto fixo;1;0;0;0;0;0;0;0;0;0;1;0;0;0;0
18/06/2017;20:34:00;307;Acidente sem Vítima;9,6;BR-040/GO;Sul;Colisão traseira;1;0;1;0;0;0;0;0;0;0;3;0;0;0;0
18/06/2017;20:05:00;295;Acidente sem Vítima;509,1;BR-040/MG;Sul;Colisão traseira;2;0;0;0;0;0;0;0;0;0;2;0;0;0;0
18/06/2017;19:02:00;271;Acidente sem Vítima;549,1;BR-040/MG;Sul;Abalroamento longitudinal;1;0;0;0;0;0;0;0;0;1;2;0;0;0;0
18/06/2017;17:14:00;237;Acidente com Vítima;119,1;BR-040/MG;Sul;Abalroamento transversal;2;0;0;0;0;0;0;0;0;0;4;2;0;1;0
18/06/2017;17:07:00;233;Acidente sem Vítima;356,5;BR-040/MG;Norte;Choque com objeto fixo;1;0;0;0;0;0;0;0;0;0;3;0;0;0;0
18/06/2017;16:56:00;225;Acidente sem Vítima;503,6;BR-040/MG;Sul;Colisão traseira;3;0;0;0;0;0;0;0;0;0;6;0;0;0;0
18/06/2017;16:53:00;222;Acidente sem Vítima;558,1;BR-040/MG;Norte;Colisão traseira;3;0;0;0;0;0;0;0;0;0;10;0;0;0;0
18/06/2017;15:42:00;190;Acidente sem Vítima;7,1;BR-040/GO;Norte;Colisão traseira;3;0;0;0;0;0;0;0;0;0;4;0;0;0;0
18/06/2017;14:39:00;168;Acidente com Vítima;14,8;BR-040/GO;Norte;Abalroamento transversal;2;0;0;0;0;0;0;0;0;0;2;1;0;0;0
18/06/2017;13:30:00;139;Acidente sem Vítima;731,9;BR-040/MG;Norte;Choque em barreira New Jersey;1;0;0;0;0;0;0;0;0;0;2;0;0;0;0
18/06/2017;13:25:00;137;Acidente sem Vítima;394,95;BR-040/MG;Sul;Colisão traseira;2;0;0;0;0;0;0;0;0;0;2;0;0;0;0
18/06/2017;11:48:00;110;Acidente sem Vítima;5,5;BR-040/GO;Sul;Colisão traseira;1;0;1;0;0;0;0;0;0;0;2;0;0;0;0
18/06/2017;11:32:00;105;Acidente sem Vítima;728,3;BR-040/MG;Sul;Queda de Moto;0;0;0;1;0;0;0;0;0;0;1;0;0;0;0
18/06/2017;09:42:00;75;Acidente sem Vítima;478,5;BR-040/MG;Sul;Colisão traseira;2;0;0;0;0;0;0;0;0;0;3;0;0;0;0
18/06/2017;06:20:00;33;Atropelamento sem Morte;6,9;BR-040/GO;Norte;Atropelamento em abrigo de ônibus;1;0;0;0;0;0;0;0;0;0;3;1;0;0;0
18/06/2017;04:15:00;22;Acidente com Vítima;29,5;BR-040/MG;Norte;Choque com objeto fixo;1;0;0;0;0;0;0;0;0;0;0;1;1;0;0
18/06/2017;03:43:00;19;Acidente com Vítima;482,05;BR-040/MG;Sul;Choque com objeto fixo;1;0;0;0;0;0;0;0;0;0;0;1;0;0;0
18/06/2017;01:43:00;11;Acidente com Vítima;1,1;BR-040/GO;Sul;Colisão traseira;2;0;0;0;0;0;0;0;0;0;3;1;2;0;0
18/06/2017;00:32:00;2;Acidente com Vítima;3,1;BR-040/GO;Norte;Queda de Moto;0;0;0;1;0;0;0;0;0;0;0;0;1;0;0
17/06/2017;22:23:00;258;Acidente com Vítima;7,3;BR-040/GO;Sul;Queda de Moto;0;0;0;1;0;0;0;0;0;0;0;1;0;0;0
17/06/2017;21:56:00;252;Acidente sem Vítima;479,4;BR-040/MG;Sul;Outros;1;0;0;0;0;0;0;0;0;0;1;0;0;0;0
17/06/2017;19:33:00;222;Acidente com Vítima;0,29;BR-040/GO;Sul;Queda de Moto;0;0;0;1;0;0;0;0;0;0;1;1;0;0;0
17/06/2017;18:28:00;212;Acidente sem Vítima;7,2;BR-040/DF;Norte;Abalroamento longitudinal;2;0;0;0;0;0;0;0;0;0;4;0;0;0;0
17/06/2017;12:13:00;114;Acidente com Vítima;130,5;BR-040/GO;Sul;Queda de Moto;0;0;0;1;0;0;0;0;0;0;0;1;0;0;0
17/06/2017;11:26:00;103;Acidente sem Vítima;32,1;BR-040/GO;Norte;Choque em barreira New Jersey;2;0;0;0;0;0;0;0;0;0;2;0;0;0;0
17/06/2017;08:52:00;63;Acidente sem Vítima;618;BR-040/MG;Sul;Queda de Moto;0;0;0;1;0;0;0;0;0;0;2;0;0;0;0
17/06/2017;07:02:00;30;Acidente sem Vítima;487;BR-040/MG;Norte;Colisão traseira;0;0;1;1;0;0;0;0;0;0;2;0;0;0;0
17/06/2017;04:11:00;19;Acidente sem Vítima;523,06;BR-040/MG;Sul;Choque em defensa;1;0;0;0;0;0;0;0;0;0;1;0;0;0;0
17/06/2017;03:54:00;18;Acidente sem Vítima;249,1;BR-040/MG;Sul;Choque com objeto fixo;1;0;0;0;0;0;0;0;0;0;1;0;0;0;0
16/06/2017;22:38:00;307;Acidente sem Vítima;733,033;BR-040/MG;Sul;Choque com objeto fixo;1;0;0;0;0;0;0;0;0;0;5;0;0;0;0
16/06/2017;19:22:00;261;Acidente sem Vítima;512,6;BR-040/MG;Norte;Colisão traseira;4;0;0;0;0;0;0;0;0;0;5;0;0;0;0
16/06/2017;19:18:00;258;Atropelamento sem Morte;1,4;BR-040/GO;Sul;Atropelamento de pedestre atravessando;0;0;0;1;0;0;0;0;0;0;1;0;1;0;0
16/06/2017;19:02:00;252;Acidente sem Vítima;8,5;BR-040/GO;Norte;Colisão traseira;3;0;0;0;0;0;0;0;0;0;3;0;0;0;0
16/06/2017;18:48:00;249;Acidente sem Vítima;523,01;BR-040/MG;Norte;Colisão traseira;2;0;0;0;0;0;0;0;0;0;9;0;0;0;0
16/06/2017;17:51:00;228;Acidente sem Vítima;702,9;BR-040/MG;Norte;Abalroamento longitudinal;1;0;1;0;0;0;0;0;0;0;4;0;0;0;0
16/06/2017;17:12:00;221;Acidente sem Vítima;522,3;BR-040/MG;Norte;Colisão traseira;2;0;0;1;0;0;0;0;0;0;3;0;0;0;0
16/06/2017;17:10:00;219;Atropelamento sem Morte;12,4;BR-040/GO;Sul;Atropelamento de ciclista;1;1;0;0;0;0;0;0;0;0;1;0;1;0;0
16/06/2017;14:48:00;185;Acidente com Vítima;518;BR-040/MG;Norte;Abalroamento longitudinal;2;0;0;1;0;0;0;0;0;0;3;0;1;0;0
16/06/2017;12:48:00;159;Acidente sem Vítima;610,22;BR-040/MG;Sul;Colisão traseira;2;0;0;1;0;0;0;0;0;0;5;0;0;0;0
16/06/2017;12:18:00;157;Acidente sem Vítima;476;BR-040/MG;Sul;Atropelamento de animal;0;0;0;0;0;1;0;0;0;0;1;0;0;0;0
16/06/2017;12:10:00;155;Atropelamento sem Morte;6,8;BR-040/GO;Norte;Atropelamento de ciclista;2;1;0;0;0;0;0;0;0;0;3;0;0;0;0
16/06/2017;11:04:00;143;Acidente com Vítima;503,4;BR-040/MG;Norte;Colisão traseira;2;0;0;1;0;0;0;0;0;0;2;1;0;0;0
16/06/2017;10:24:00;132;Acidente sem Vítima;621,45;BR-040/MG;Norte;Choque em defensa;1;0;0;0;0;0;0;0;0;0;1;0;0;0;0
16/06/2017;08:35:00;96;Acidente sem Vítima;32,9;BR-040/MG;Sul;Atropelamento de animal;1;0;0;0;0;0;0;0;0;0;5;0;0;0;0
16/06/2017;04:27:00;51;Acidente sem Vítima;425,7;BR-040/MG;Norte;Capotamento;1;0;0;0;0;0;0;0;0;0;5;0;0;0;0
16/06/2017;00:21:00;4;Acidente sem Vítima;728,8;BR-040/MG;Sul;Capotamento;1;0;0;0;0;0;0;0;0;0;3;0;0;0;0
15/06/2017;23:44:00;340;Atropelamento sem Morte;525,2;BR-040/MG;Norte;Atropelamento de pedestre atravessando;1;0;0;0;0;0;0;0;0;0;1;0;1;0;0
15/06/2017;22:51:00;323;Acidente com Vítima;565,28;BR-040/MG;Sul;Choque com objeto fixo;0;0;1;0;0;0;0;0;0;0;0;0;1;0;0
15/06/2017;17:39:00;246;Acidente com Vítima;502,13;BR-040/MG;Sul;Queda de Moto;0;0;0;1;0;0;0;0;0;0;1;1;0;0;0
15/06/2017;14:55:00;197;Acidente sem Vítima;611;BR-040/MG;Norte;Colisão traseira;2;0;0;1;0;0;0;0;0;0;3;0;0;0;0
15/06/2017;14:52:00;195;Acidente sem Vítima;534,7;BR-040/MG;Norte;Abalroamento longitudinal;1;0;1;0;0;0;0;0;0;0;4;0;0;0;0
15/06/2017;14:24:00;185;Acidente sem Vítima;567,7;BR-040/MG;Norte;Capotamento;1;0;0;0;0;0;0;0;0;0;1;0;0;0;0
15/06/2017;13:32:00;172;Acidente sem Vítima;539,7;BR-040/MG;Norte;Colisão traseira;1;0;0;1;0;0;0;0;0;0;2;0;0;0;0
15/06/2017;12:06:00;150;Acidente sem Vítima;769;BR-040/MG;Sul;Abalroamento longitudinal;2;0;0;0;0;0;0;0;0;0;2;0;0;0;0
15/06/2017;11:13:00;137;Acidente sem Vítima;486,5;BR-040/MG;Norte;Atropelamento de animal;1;0;0;0;0;0;0;0;0;0;1;0;0;0;0
15/06/2017;06:45:00;47;Acidente sem Vítima;762,15;BR-040/MG;Sul;Choque com objeto fixo;1;0;0;0;0;0;0;0;0;0;3;0;0;0;0
15/06/2017;06:05:00;37;Acidente sem Vítima;467,1;BR-040/MG;Norte;Atropelamento de animal;1;0;0;0;0;0;0;0;0;0;1;0;0;0;0
15/06/2017;02:05:00;16;Acidente sem Vítima;726,9;BR-040/MG;Norte;Choque em barreira New Jersey;1;0;0;0;0;0;0;0;0;0;4;0;0;0;0
14/06/2017;21:10:00;382;Acidente sem Vítima;543,3;BR-040/MG;Norte;Choque com objeto fixo;1;0;0;0;0;0;0;0;0;0;2;0;0;0;0
14/06/2017;20:38:00;374;Acidente sem Vítima;459,2;BR-040/MG;Sul;Colisão traseira;2;0;1;0;0;0;0;0;0;0;5;0;0;0;0
14/06/2017;19:13:00;351;Acidente com Vítima;538,5;BR-040/MG;Norte;Colisão traseira;2;0;0;1;0;0;0;0;0;0;2;0;0;0;0
14/06/2017;14:28:00;257;Acidente sem Vítima;7,9;BR-040/GO;Sul;Abalroamento longitudinal;1;0;0;0;1;0;0;0;0;0;2;0;0;0;0
14/06/2017;14:27:00;256;Acidente sem Vítima;449,226;BR-040/MG;Sul;Choque com objeto fixo;1;0;0;0;0;0;0;0;0;0;2;0;0;0;0
14/06/2017;13:45:00;245;Acidente sem Vítima;598,93;BR-040/MG;Sul;Capotamento;1;0;0;0;0;0;0;0;0;0;1;0;0;0;0
14/06/2017;11:19:00;210;Acidente sem Vítima;714,2;BR-040/MG;Sul;Colisão traseira;2;0;0;0;0;0;0;0;0;0;2;0;0;0;0
14/06/2017;10:35:00;201;Acidente sem Vítima;525;BR-040/MG;Norte;Colisão traseira;0;0;2;0;0;0;0;0;0;0;2;0;0;0;0
14/06/2017;08:35:00;140;Acidente sem Vítima;553;BR-040/MG;Sul;Abalroamento transversal;1;0;1;0;0;0;0;0;0;0;2;0;0;0;0
14/06/2017;07:28:00;106;Acidente sem Vítima;529,3;BR-040/MG;Norte;Queda de Moto;0;0;0;1;0;0;0;0;0;0;1;0;0;0;0
14/06/2017;06:45:00;93;Acidente com Vítima;530,001;BR-040/MG;Sul;Abalroamento longitudinal;1;0;0;1;0;0;0;0;0;0;1;1;0;0;0
13/06/2017;22:57:00;395;Acidente com Vítima;9,6;BR-040/GO;Sul;Colisão traseira;1;0;0;1;0;0;0;0;0;0;1;0;1;0;0
13/06/2017;19:41:00;352;Acidente sem Vítima;577,1;BR-040/MG;Norte;Choque com objeto fixo;1;0;0;0;0;0;0;0;0;0;1;0;0;0;0
13/06/2017;19:09:00;344;Acidente sem Vítima;1;BR-040/GO;Sul;Abalroamento longitudinal;1;0;0;1;0;0;0;0;0;0;2;0;0;0;0
13/06/2017;18:15:00;324;Acidente com Vítima;672,8;BR-040/MG;Norte;Colisão traseira;1;0;0;1;0;0;0;0;0;0;1;0;0;0;0
13/06/2017;18:09:00;323;Acidente com Vítima;647,577;BR-040/MG;Norte;Colisão traseira;1;0;1;0;0;0;0;0;0;0;1;0;1;0;0
13/06/2017;13:46:00;256;Acidente sem Vítima;543,191;BR-040/MG;Norte;Queda de Carga;0;0;1;0;0;0;0;0;0;0;3;0;0;0;0
13/06/2017;13:22:00;248;Acidente com Vítima;601,96;BR-040/MG;Sul;Choque com objeto fixo;0;0;1;0;0;0;0;0;0;0;0;1;0;0;0
13/06/2017;12:24:00;233;Acidente sem Vítima;622,679;BR-040/MG;Sul;Colisão traseira;2;0;0;0;0;0;0;0;0;0;2;0;0;0;0
13/06/2017;08:40:00;152;Acidente sem Vítima;6,8;BR-040/GO;Norte;Colisão traseira;4;0;0;0;0;0;0;0;0;0;5;0;0;0;0
13/06/2017;06:52:00;105;Acidente sem Vítima;2;BR-040/GO;Norte;Colisão traseira;2;0;0;1;0;0;0;0;0;0;7;0;0;0;0
13/06/2017;04:12:00;77;Acidente sem Vítima;572,5;BR-040/MG;Norte;Queda de Moto;0;0;0;1;0;0;0;0;0;0;1;0;0;0;0
13/06/2017;03:45:00;74;Acidente sem Vítima;656,326;BR-040/MG;Norte;Capotamento;1;0;0;0;0;0;0;0;0;0;3;0;0;0;0
12/06/2017;22:10:00;456;Acidente sem Vítima;451,9;BR-040/MG;Sul;Abalroamento longitudinal;1;0;1;0;0;0;0;0;0;0;18;0;0;0;0
12/06/2017;21:45:00;447;Atropelamento sem Morte;7,1;BR-040/GO;Norte;Atropelamento de ciclista;0;1;0;1;0;0;0;0;0;0;2;0;0;0;0
12/06/2017;21:05:00;434;Acidente sem Vítima;551,58;BR-040/MG;Norte;Capotamento;2;0;0;0;0;0;0;0;0;0;2;0;0;0;0
12/06/2017;19:43:00;412;Acidente sem Vítima;587,5;BR-040/MG;Norte;Abalroamento longitudinal;2;0;0;0;0;0;0;0;0;0;2;0;0;0;0
12/06/2017;19:06:00;396;Acidente sem Vítima;511,9;BR-040/MG;Sul;Queda de Moto;0;0;0;1;0;0;0;0;0;0;1;0;0;0;0
12/06/2017;18:35:00;386;Acidente sem Vítima;530,18;BR-040/MG;Sul;Abalroamento longitudinal;1;0;0;1;0;0;0;0;0;0;2;0;0;0;0
12/06/2017;18:01:00;371;Acidente com Vítima;474,01;BR-040/MG;Sul;Colisão traseira;0;0;1;1;0;0;0;0;0;0;1;0;1;0;0
12/06/2017;17:12:00;352;Acidente sem Vítima;539,7;BR-040/MG;Sul;Colisão traseira;2;0;0;0;0;0;0;0;0;0;2;0;0;0;0
12/06/2017;16:52:00;343;Acidente sem Vítima;726,772;BR-040/MG;Sul;Choque em barreira New Jersey;1;0;0;0;0;0;0;0;0;0;1;0;0;0;0
12/06/2017;16:05:00;331;Acidente sem Vítima;695,1;BR-040/MG;Norte;Colisão traseira;2;0;0;0;0;0;0;0;0;0;2;0;0;0;0
12/06/2017;16:02:00;329;Acidente sem Vítima;739,1;BR-040/MG;Norte;Choque em barreira New Jersey;1;0;0;0;0;0;0;0;0;0;1;0;0;0;0
12/06/2017;15:46:00;324;Acidente sem Vítima;661,9;BR-040/MG;Norte;Choque com objeto fixo;0;0;0;1;0;0;0;0;0;0;1;0;0;0;0
12/06/2017;15:33:00;317;Acidente sem Vítima;728,8;BR-040/MG;Sul;Choque em barreira New Jersey;1;0;0;0;0;0;0;0;0;0;1;0;0;0;0
12/06/2017;14:58:00;297;Acidente com Vítima;635,1;BR-040/MG;Norte;Choque com objeto fixo;0;0;0;1;0;0;0;0;0;0;0;1;0;0;0
12/06/2017;13:44:00;261;Acidente com Vítima;2;BR-040/GO;Norte;Abalroamento longitudinal;1;0;0;1;0;0;0;0;0;0;2;1;0;0;0
12/06/2017;13:24:00;253;Acidente sem Vítima;412,268;BR-040/MG;Sul;Abalroamento longitudinal;0;0;1;1;0;0;0;0;0;0;2;0;0;0;0
12/06/2017;11:33:00;226;Acidente com Vítima;219,25;BR-040/MG;Norte;Capotamento;1;0;0;0;0;0;0;0;0;0;3;1;3;0;0
12/06/2017;09:36:00;190;Acidente sem Vítima;600,1;BR-040/MG;Sul;Abalroamento longitudinal;3;0;0;0;0;0;0;0;0;0;6;0;0;0;0
12/06/2017;08:15:00;156;Acidente sem Vítima;542,8;BR-040/MG;Sul;Colisão traseira;1;0;0;1;0;0;0;0;0;0;2;0;0;0;0
12/06/2017;07:39:00;136;Acidente com Vítima;2,6;BR-040/GO;Norte;Colisão traseira;0;0;2;0;0;0;0;0;0;0;0;2;0;0;0
12/06/2017;07:01:00;123;Acidente com Vítima;510,104;BR-040/MG;Sul;Abalroamento longitudinal;1;0;0;1;0;0;0;0;0;0;1;1;0;0;0
12/06/2017;01:06:00;91;Acidente sem Vítima;7,2;BR-040/GO;Norte;Abalroamento transversal;2;0;0;0;0;0;0;0;0;0;3;0;0;0;0
12/06/2017;00:39:00;85;Acidente sem Vítima;424,5;BR-040/MG;Norte;Choque com objeto fixo;1;0;0;0;0;0;0;0;0;0;5;0;0;0;0
11/06/2017;20:53:00;240;Acidente sem Vítima;714,005;BR-040/MG;Norte;Abalroamento longitudinal;2;0;0;0;0;0;0;0;0;0;5;0;0;0;0
11/06/2017;20:21:00;237;Acidente com Vítima;516,05;BR-040/MG;Sul;Abalroamento transversal;0;0;0;1;0;1;0;0;0;0;1;0;1;0;0
11/06/2017;19:46:00;230;Acidente com Morte;608,344;BR-040/MG;Sul;Abalroamento longitudinal;1;0;1;0;0;0;0;0;0;0;1;0;0;1;2
11/06/2017;19:38:00;228;Acidente com Vítima;535,5;BR-040/MG;Norte;Queda de Moto;0;0;0;1;0;0;0;0;0;0;1;1;0;0;0
11/06/2017;18:09:00;207;Acidente sem Vítima;474,9;BR-040/MG;Sul;Choque com objeto fixo;1;0;0;0;0;0;0;0;0;0;3;0;0;0;0
11/06/2017;15:58:00;168;Acidente sem Vítima;487,15;BR-040/MG;Sul;Colisão traseira;2;0;0;0;0;0;0;0;0;0;2;0;0;0;0
11/06/2017;09:37:00;84;Acidente sem Vítima;478,15;BR-040/MG;Sul;Choque com objeto fixo;1;0;0;0;0;0;0;0;0;0;1;0;0;0;0
11/06/2017;06:51:00;39;Acidente com Vítima;6,1;BR-040/GO;Norte;Capotamento;2;0;0;0;0;0;0;0;0;0;1;3;0;0;0
11/06/2017;02:53:00;23;Acidente sem Vítima;614;BR-040/MG;Norte;Abalroamento longitudinal;2;0;0;0;0;0;0;0;0;0;2;0;0;0;0
11/06/2017;02:52:00;24;Acidente com Vítima;466,5;BR-040/MG;Norte;Outros;0;0;0;1;0;0;0;0;0;0;0;1;0;0;0
11/06/2017;01:34:00;10;Acidente sem Vítima;622,535;BR-040/MG;Sul;Colisão traseira;2;0;0;0;0;0;0;0;0;0;2;0;0;0;0
10/06/2017;23:37:00;340;Acidente sem Vítima;462,4;BR-040/MG;Norte;Capotamento;1;0;0;0;0;0;0;0;0;0;1;0;0;0;0
10/06/2017;20:43:00;312;Acidente sem Vítima;8,05;BR-040/DF;Sul;Choque com objeto fixo;1;0;0;0;0;0;0;0;0;0;1;0;0;0;0
10/06/2017;18:45:00;281;Acidente com Vítima;511,101;BR-040/MG;Norte;Outros;0;0;0;1;0;0;0;0;0;0;1;1;0;0;0
10/06/2017;18:35:00;278;Acidente sem Vítima;3,5;BR-040/GO;Sul;Colisão traseira;2;0;0;0;0;0;0;0;0;0;4;0;0;0;0
10/06/2017;16:38:00;251;Acidente sem Vítima;611;BR-040/MG;Sul;Colisão traseira;2;0;0;0;0;0;0;0;0;0;6;0;0;0;0
10/06/2017;15:56:00;240;Acidente com Vítima;2,238;BR-040/GO;Sul;Colisão traseira;1;0;0;0;1;0;0;0;0;0;1;2;0;0;0
10/06/2017;15:55:00;239;Acidente com Vítima;33;BR-040/GO;Norte;Choque em barreira New Jersey;1;0;0;0;0;0;0;0;0;0;1;0;1;0;0
10/06/2017;15:23:00;232;Acidente com Vítima;754,3;BR-040/MG;Sul;Queda de Moto;0;0;0;1;0;0;0;0;0;0;1;0;1;0;0
10/06/2017;13:22:00;201;Acidente com Vítima;541,05;BR-040/MG;Norte;Choque com objeto fixo;1;0;0;0;0;0;0;0;0;0;1;1;0;0;0
10/06/2017;13:17:00;199;Acidente com Vítima;458,7;BR-040/MG;Sul;Outros;1;0;0;0;0;0;0;0;0;0;0;1;0;0;0
10/06/2017;10:33:00;138;Acidente com Vítima;56,5;BR-040/MG;Norte;Choque com objeto fixo;1;0;0;0;0;0;0;0;0;0;1;0;2;0;0
10/06/2017;06:46:00;71;Acidente com Vítima;4,1;BR-040/DF;Norte;Queda de Moto;0;0;0;1;0;0;0;0;0;0;1;1;0;0;0
10/06/2017;05:13:00;62;Acidente sem Vítima;629;BR-040/MG;Sul;Abalroamento longitudinal;2;0;0;0;0;0;0;0;0;0;33;0;0;0;0
10/06/2017;05:00:00;60;Acidente sem Vítima;8,9;BR-040/GO;Sul;Choque com objeto fixo;1;0;0;0;0;0;0;0;0;0;0;0;0;0;0
10/06/2017;04:56:00;58;Acidente sem Vítima;38,85;BR-040/MG;Norte;Abalroamento longitudinal;1;0;1;0;0;0;0;0;0;0;5;0;0;0;0
09/06/2017;23:29:00;483;Acidente com Vítima;620;BR-040/MG;Sul;Colisão traseira;2;0;0;0;0;0;0;0;0;0;2;0;1;0;0
09/06/2017;23:16:00;480;Acidente com Vítima;768;BR-040/MG;Norte;Outros;1;0;0;0;0;0;0;0;0;0;2;1;0;0;0
09/06/2017;20:37:00;436;Acidente sem Vítima;510,2;BR-040/MG;Sul;Outros;1;0;0;0;0;0;0;0;0;0;2;0;0;0;0
09/06/2017;19:57:00;422;Acidente com Vítima;700,2;BR-040/MG;Sul;Colisão traseira;1;0;0;1;0;0;0;0;0;0;1;1;0;0;0
09/06/2017;17:36:00;377;Acidente sem Vítima;516,3;BR-040/MG;Norte;Colisão traseira;2;0;0;0;0;0;0;0;0;0;2;0;0;0;0
09/06/2017;16:28:00;354;Acidente com Vítima;541,72;BR-040/MG;Norte;Colisão traseira;1;0;0;1;0;0;0;0;0;0;1;1;0;0;0
09/06/2017;14:47:00;307;Acidente sem Vítima;1,5;BR-040/GO;Sul;Colisão traseira;1;0;0;1;0;0;0;0;0;0;2;0;0;0;0
09/06/2017;13:24:00;273;Acidente sem Vítima;491,8;BR-040/MG;Norte;Choque com objeto fixo;1;0;1;0;0;0;0;0;0;0;2;0;0;0;0