data;horario;n_da_ocorrencia;tipo_de_ocorrencia;km;trecho;sentido;tipo_de_acidente;automovel;bicicleta;caminhao;moto;onibus;outros;tracao_animal;transporte_de_cargas_especiais;trator_maquinas;utilitarios;ilesos;levemente_feridos;moderadamente_feridos;gravemente_feridos;mortos
09/06/2017;13:21:00;271;Acidente sem Vítima;725;BR-040/MG;Sul;Abalroamento longitudinal;2;0;0;0;0;0;0;0;0;0;7;0;0;0;0
09/06/2017;11:25:00;237;Atropelamento sem Morte;8,9;BR-040/GO;Sul;Atropelamento de ciclista;1;1;0;0;0;0;0;0;0;0;2;1;0;0;0
09/06/2017;07:51:00;156;Acidente com Vítima;0,031;BR-040/GO;Norte;Colisão traseira;3;0;0;0;0;0;0;0;0;0;5;0;2;0;0
09/06/2017;07:44:00;153;Acidente sem Vítima;611,5;BR-040/MG;Norte;Colisão traseira;1;0;0;0;0;1;0;0;0;0;2;0;0;0;0
09/06/2017;07:31:00;141;Acidente com Vítima;3,056;BR-040/DF;Norte;Colisão traseira;1;0;0;3;0;0;0;0;0;0;2;1;0;1;0
09/06/2017;06:31:00;123;Acidente sem Vítima;536;BR-040/MG;Norte;Queda de Moto;0;0;0;1;0;0;0;0;0;0;1;0;0;0;0
08/06/2017;21:37:00;454;Acidente com Vítima;4,9;BR-040/GO;Sul;Abalroamento longitudinal;1;0;0;1;0;0;0;0;0;0;1;1;0;0;0
08/06/2017;18:55:00;403;Acidente com Vítima;6,4;BR-040/GO;Norte;Queda de Moto;0;0;0;1;0;0;0;0;0;0;0;1;0;0;0
08/06/2017;18:27:00;389;Acidente com Vítima;6,4;BR-040/DF;Sul;Abalroamento longitudinal;0;0;0;2;0;0;0;0;0;0;1;0;0;0;0
08/06/2017;18:16:00;386;Acidente sem Vítima;720,5;BR-040/MG;Norte;Atropelamento de animal;1;0;0;0;0;0;0;0;0;0;1;0;0;0;0
08/06/2017;17:29:00;364;Acidente sem Vítima;606,6;BR-040/MG;Sul;Colisão traseira;3;0;0;0;0;0;0;0;0;0;3;0;0;0;0
08/06/2017;15:46:00;334;Acidente com Vítima;4,4;BR-040/GO;Sul;Abalroamento longitudinal;1;0;0;1;0;0;0;0;0;0;3;0;0;0;0
08/06/2017;15:28:00;330;Acidente com Vítima;25,3;BR-040/GO;Norte;Abalroamento longitudinal;1;0;0;0;0;0;0;0;0;1;1;1;0;0;0
08/06/2017;13:52:00;304;Acidente com Vítima;533,1;BR-040/MG;Norte;Colisão frontal;1;0;0;1;0;0;0;0;0;0;1;1;0;0;0
08/06/2017;08:00:00;170;Acidente sem Vítima;425,1;BR-040/MG;Norte;Atropelamento de animal;1;0;0;0;0;0;0;0;0;0;1;0;0;0;0
08/06/2017;07:33:00;159;Acidente sem Vítima;5,5;BR-040/DF;Norte;Abalroamento longitudinal;1;0;0;1;0;0;0;0;0;0;2;0;0;0;0
08/06/2017;06:24:00;130;Acidente com Vítima;526,1;BR-040/MG;Norte;Queda de Moto;0;0;0;1;0;0;0;0;0;0;0;1;0;0;0
08/06/2017;04:51:00;116;Atropelamento com Morte;16,05;BR-040/GO;Norte;Atropelamento de pedestre atravessando;1;0;0;0;0;0;0;0;0;0;1;0;0;0;1
07/06/2017;23:32:00;450;Acidente com Vítima;615,5;BR-040/MG;Norte;Queda de Moto;0;0;0;1;0;0;0;0;0;0;0;0;1;0;0
07/06/2017;19:01:00;378;Acidente com Vítima;528,5;BR-040/MG;Norte;Abalroamento longitudinal;1;0;1;0;0;0;0;0;0;0;2;1;0;0;0
07/06/2017;18:55:00;373;Acidente sem Vítima;513,85;BR-040/MG;Sul;Capotamento;1;0;0;0;0;0;0;0;0;0;1;0;0;0;0
07/06/2017;15:54:00;325;Acidente sem Vítima;596,86;BR-040/MG;Sul;Abalroamento longitudinal;1;0;1;0;0;0;0;0;0;0;2;0;0;0;0
07/06/2017;14:40:00;301;Acidente sem Vítima;285,5;BR-040/MG;Norte;Choque com objeto fixo;2;0;0;0;0;0;0;0;0;0;2;0;0;0;0
07/06/2017;12:32:00;269;Acidente sem Vítima;541,1;BR-040/MG;Sul;Colisão traseira;2;0;0;0;0;0;0;0;0;0;2;0;0;0;0
07/06/2017;11:43:00;252;Acidente sem Vítima;2,7;BR-040/GO;Sul;Colisão traseira;3;0;0;0;0;0;0;0;0;0;3;0;0;0;0
07/06/2017;11:34:00;250;Acidente sem Vítima;714,9;BR-040/MG;Sul;Colisão traseira;2;0;0;0;0;0;0;0;0;0;2;0;0;0;0
07/06/2017;11:27:00;247;Acidente sem Vítima;449,6;BR-040/MG;Norte;Choque em defensa;1;0;0;0;0;0;0;0;0;0;1;0;0;0;0
07/06/2017;10:20:00;210;Acidente com Vítima;544,1;BR-040/MG;Sul;Queda de Moto;0;0;0;1;0;0;0;0;0;0;0;1;0;0;0
07/06/2017;08:26:00;136;Acidente sem Vítima;2,01;BR-040/GO;Sul;Abalroamento longitudinal;1;0;1;0;0;0;0;0;0;0;2;0;0;0;0
07/06/2017;07:40:00;118;Atropelamento sem Morte;0,8;BR-040/GO;Norte;Atropelamento em abrigo de ônibus;1;0;0;0;0;0;0;0;0;0;0;1;1;0;0
07/06/2017;07:01:00;104;Acidente com Vítima;197,05;BR-040/MG;Sul;Queda de Carga;0;0;0;0;0;1;0;0;0;0;0;1;0;0;0
07/06/2017;06:43:00;94;Acidente com Vítima;4,087;BR-040/DF;Norte;Abalroamento longitudinal;2;0;0;1;0;0;0;0;0;0;2;1;0;0;0
07/06/2017;03:29:00;33;Acidente sem Vítima;765,4;BR-040/MG;Norte;Queda de Carga;0;0;1;0;0;0;0;0;0;0;1;0;0;0;0
06/06/2017;20:29:00;362;Atropelamento com Morte;502,1;BR-040/MG;Norte;Atropelamento de pedestre caminhando;1;0;0;0;0;0;0;0;0;0;1;0;0;0;1
06/06/2017;18:36:00;332;Acidente sem Vítima;12,2;BR-040/GO;Norte;Abalroamento longitudinal;2;0;0;0;0;0;0;0;0;0;2;0;0;0;0
06/06/2017;18:06:00;324;Atropelamento com Morte;619,27;BR-040/MG;Norte;Atropelamento de pedestre atravessando;1;0;0;0;0;0;0;0;0;0;3;0;0;0;1
06/06/2017;18:02:00;323;Acidente sem Vítima;501;BR-040/MG;Norte;Colisão traseira;2;0;0;0;0;0;0;0;0;0;2;0;0;0;0
06/06/2017;16:25:00;293;Acidente com Vítima;4,8;BR-040/DF;Norte;Abalroamento longitudinal;2;0;0;0;0;0;0;0;0;0;1;1;0;0;0
06/06/2017;09:41:00;205;Acidente com Vítima;405,1;BR-040/MG;Sul;Colisão traseira;0;0;3;0;0;0;0;0;0;0;2;1;0;0;0
06/06/2017;08:05:00;163;Acidente sem Vítima;22,7;BR-040/MG;Sul;Abalroamento longitudinal;1;0;1;0;0;0;0;0;0;0;2;0;0;0;0
06/06/2017;08:03:00;162;Acidente sem Vítima;3,2;BR-040/GO;Norte;Colisão traseira;2;0;1;0;0;0;0;0;0;0;3;0;0;0;0
06/06/2017;06:47:00;136;Atropelamento sem Morte;0,5;BR-040/GO;Norte;Atropelamento de pedestre atravessando;0;0;0;1;0;0;0;0;0;0;1;0;0;0;0
06/06/2017;06:37:00;134;Acidente sem Vítima;510;BR-040/MG;Sul;Colisão traseira;2;0;0;0;0;0;0;0;0;0;6;0;0;0;0
06/06/2017;06:08:00;129;Acidente com Vítima;281,2;BR-040/MG;Sul;Queda de Carga;0;0;0;0;0;1;0;0;0;0;1;1;0;0;0
06/06/2017;06:04:00;128;Acidente sem Vítima;564;BR-040/MG;Sul;Choque com objeto fixo;1;0;0;0;0;0;0;0;0;0;1;0;0;0;0
06/06/2017;05:54:00;127;Acidente sem Vítima;4,2;BR-040/GO;Norte;Abalroamento longitudinal;0;0;0;1;0;1;0;0;0;0;2;0;0;0;0
05/06/2017;22:54:00;426;Acidente sem Vítima;534;BR-040/MG;Sul;Abalroamento longitudinal;2;0;0;0;0;0;0;0;0;0;2;0;0;0;0
05/06/2017;20:05:00;388;Acidente com Vítima;4,5;BR-040/GO;Sul;Abalroamento transversal;1;0;0;1;0;0;0;0;0;0;1;0;0;1;0
05/06/2017;18:16:00;363;Acidente com Vítima;33;BR-040/MG;Sul;Abalroamento longitudinal;2;0;0;0;0;0;0;0;0;0;2;1;0;0;0
05/06/2017;17:38:00;351;Acidente sem Vítima;532;BR-040/MG;Norte;Colisão traseira;2;0;0;0;0;0;0;0;0;0;2;0;0;0;0
05/06/2017;17:27:00;348;Acidente sem Vítima;628,3;BR-040/MG;Sul;Colisão traseira;2;0;0;1;0;0;0;0;0;0;3;0;0;0;0
05/06/2017;16:42:00;333;Acidente sem Vítima;589;BR-040/MG;Sul;Abalroamento longitudinal;2;0;0;0;0;0;0;0;0;0;2;0;0;0;0
05/06/2017;16:39:00;332;Acidente sem Vítima;513,2;BR-040/MG;Norte;Colisão traseira;3;0;0;0;0;0;0;0;0;0;5;0;0;0;0
05/06/2017;16:18:00;327;Acidente com Vítima;567,605;BR-040/MG;Norte;Capotamento;0;0;0;0;0;0;0;0;0;1;1;1;0;0;0
05/06/2017;10:25:00;212;Acidente sem Vítima;669,001;BR-040/MG;Sul;Abalroamento longitudinal;2;0;0;0;0;0;0;0;0;0;2;0;0;0;0
05/06/2017;10:19:00;210;Acidente com Vítima;4,5;BR-040/DF;Sul;Queda de Moto;0;0;1;1;0;0;0;0;0;0;1;1;0;0;0
05/06/2017;07:11:00;115;Acidente com Vítima;643,8;BR-040/MG;Norte;Colisão traseira;1;0;1;0;0;0;0;0;0;0;1;2;1;0;0
04/06/2017;23:14:00;281;Acidente sem Vítima;683,6;BR-040/MG;Norte;Atropelamento de animal;1;0;0;0;0;0;0;0;0;0;4;0;0;0;0
04/06/2017;22:37:00;275;Acidente sem Vítima;6,6;BR-040/GO;Norte;Abalroamento longitudinal;2;0;0;0;0;0;0;0;0;0;2;0;0;0;0
04/06/2017;20:09:00;238;Acidente sem Vítima;505,002;BR-040/MG;Norte;Colisão traseira;3;0;0;0;0;0;0;0;0;0;7;0;0;0;0
04/06/2017;19:44:00;228;Acidente sem Vítima;43,3;BR-040/MG;Norte;Colisão frontal;2;0;0;0;0;0;0;0;0;0;2;0;0;0;0
04/06/2017;19:10:00;219;Acidente sem Vítima;510,1;BR-040/MG;Norte;Colisão traseira;2;0;0;0;0;0;0;0;0;0;6;0;0;0;0
04/06/2017;18:21:00;199;Acidente sem Vítima;510,001;BR-040/MG;Norte;Colisão traseira;4;0;0;0;0;0;0;0;0;0;12;0;0;0;0
04/06/2017;18:02:00;190;Acidente com Vítima;510,001;BR-040/MG;Sul;Colisão traseira;6;0;0;1;0;0;0;0;0;0;5;2;0;0;0
04/06/2017;08:36:00;51;Acidente com Vítima;7,05;BR-040/GO;Norte;Abalroamento longitudinal;1;0;0;1;0;0;0;0;0;0;1;1;0;0;0
04/06/2017;08:02:00;43;Acidente com Vítima;79,88;BR-040/GO;Sul;Capotamento;1;0;0;0;0;0;0;0;0;0;1;0;1;0;0
04/06/2017;07:09:00;32;Acidente sem Vítima;7,4;BR-040/GO;Norte;Colisão traseira;2;0;0;0;0;0;0;0;0;0;2;0;0;0;0
04/06/2017;06:11:00;27;Acidente sem Vítima;564,7;BR-040/MG;Norte;Atropelamento de animal;1;0;0;0;0;0;0;0;0;0;1;0;0;0;0
04/06/2017;03:03:00;18;Acidente sem Vítima;2,9;BR-040/GO;Norte;Choque com objeto fixo;2;0;0;0;0;0;0;0;0;0;2;0;0;0;0
04/06/2017;00:49:00;7;Acidente com Vítima;10,9;BR-040/GO;Sul;Choque com objeto fixo;1;0;0;0;0;0;0;0;0;0;0;1;0;0;0
04/06/2017;00:17:00;3;Acidente sem Vítima;263,5;BR-040/MG;Sul;Choque com objeto fixo;0;0;0;1;0;0;0;0;0;0;1;0;0;0;0
03/06/2017;23:59:00;356;Acidente com Vítima;623,6;BR-040/MG;Sul;Choque em defensa;1;0;0;0;0;0;0;0;0;0;0;0;1;0;0
03/06/2017;23:37:00;352;Acidente sem Vítima;538,21;BR-040/MG;Sul;Outros;1;0;0;0;0;0;0;0;0;0;1;0;0;0;0
03/06/2017;22:49:00;348;Acidente sem Vítima;538,2;BR-040/MG;Sul;Colisão traseira;4;0;0;0;0;0;0;0;0;0;6;0;0;0;0
03/06/2017;20:07:00;307;Acidente sem Vítima;593,2;BR-040/MG;Norte;Outros;1;0;1;0;0;0;0;0;0;0;4;0;0;0;0
03/06/2017;16:28:00;234;Acidente sem Vítima;513,3;BR-040/MG;Sul;Colisão traseira;3;0;0;0;0;0;0;0;0;0;6;0;0;0;0
03/06/2017;13:47:00;191;Atropelamento sem Morte;12,5;BR-040/GO;Sul;Atropelamento de ciclista;1;0;0;0;0;0;0;0;0;0;1;0;0;0;0
03/06/2017;13:16:00;179;Atropelamento sem Morte;10,3;BR-040/GO;Sul;Atropelamento de pedestre atravessando;1;0;0;0;0;0;0;0;0;0;1;0;0;1;0
03/06/2017;12:49:00;171;Acidente com Vítima;511,15;BR-040/MG;Norte;Abalroamento longitudinal;2;0;0;0;0;0;0;0;0;0;2;1;0;0;0
03/06/2017;10:57:00;136;Acidente com Vítima;730,15;BR-040/MG;Norte;Queda de Carga;1;0;0;0;0;0;0;0;0;0;0;1;0;0;0
03/06/2017;10:13:00;121;Acidente com Morte;41,5;BR-040/MG;Norte;Abalroamento transversal;2;0;0;0;0;0;0;0;0;0;1;0;1;0;1
03/06/2017;10:11:00;120;Acidente sem Vítima;461,88;BR-040/MG;Norte;Colisão traseira;1;0;0;1;0;0;0;0;0;0;2;0;0;0;0
03/06/2017;06:52:00;54;Acidente sem Vítima;601,5;BR-040/MG;Norte;Outros;1;0;0;0;0;0;0;0;0;0;1;0;0;0;0
03/06/2017;06:07:00;48;Acidente sem Vítima;617,315;BR-040/MG;Norte;Colisão traseira;2;0;0;0;0;0;0;0;0;0;2;0;0;0;0
03/06/2017;03:51:00;35;Acidente sem Vítima;516,2;BR-040/MG;Sul;Choque com objeto fixo;1;0;0;0;0;0;0;0;0;0;1;0;0;0;0
03/06/2017;03:09:00;31;Acidente sem Vítima;570,2;BR-040/MG;Sul;Capotamento;1;0;0;0;0;0;0;0;0;0;2;0;0;0;0
03/06/2017;01:40:00;16;Acidente com Morte;527,96;BR-040/MG;Norte;Capotamento;1;0;0;0;0;0;0;0;0;0;1;0;0;0;1
03/06/2017;01:15:00;13;Acidente sem Vítima;636,3;BR-040/MG;Sul;Abalroamento transversal;2;0;0;0;0;0;0;0;0;0;2;0;0;0;0
02/06/2017;23:09:00;440;Acidente com Vítima;519,3;BR-040/MG;Norte;Abalroamento longitudinal;0;0;1;1;0;0;0;0;0;0;30;1;0;0;0
02/06/2017;22:53:00;434;Atropelamento com Morte;668,2;BR-040/MG;Norte;Atropelamento de pedestre caminhando;1;0;0;0;0;0;0;0;0;0;1;0;0;0;1
02/06/2017;22:27:00;428;Acidente sem Vítima;114,6;BR-040/GO;Sul;Atropelamento de animal;1;0;0;0;0;0;0;0;0;0;3;0;0;0;0
02/06/2017;16:59:00;337;Acidente sem Vítima;509;BR-040/MG;Norte;Colisão traseira;3;0;0;0;0;0;0;0;0;0;3;0;0;0;0
02/06/2017;16:38:00;325;Atropelamento sem Morte;3;BR-040/DF;Sul;Atropelamento de ciclista;0;0;0;1;0;0;0;0;0;0;1;0;0;0;0
02/06/2017;15:55:00;313;Acidente sem Vítima;2,25;BR-040/GO;Norte;Colisão traseira;3;0;0;0;0;0;0;0;0;0;3;0;0;0;0
02/06/2017;14:40:00;286;Atropelamento sem Morte;4,2;BR-040/GO;Norte;Atropelamento de pedestre atravessando;1;0;0;0;0;0;0;0;0;0;1;0;0;0;0
02/06/2017;14:02:00;277;Acidente sem Vítima;224;BR-040/MG;Sul;Colisão traseira;1;0;1;0;0;0;0;0;0;0;2;0;0;0;0
02/06/2017;14:01:00;276;Acidente com Vítima;4,5;BR-040/GO;Norte;Queda de Moto;0;0;0;1;0;0;0;0;0;0;1;1;0;0;0
02/06/2017;10:12:00;209;Acidente sem Vítima;533;BR-040/MG;Sul;Colisão traseira;1;0;1;0;0;0;0;0;0;0;2;0;0;0;0
02/06/2017;10:06:00;204;Acidente sem Vítima;1,5;BR-040/GO;Norte;Colisão traseira;3;0;0;0;0;0;0;0;0;0;3;0;0;0;0
02/06/2017;09:45:00;194;Acidente sem Vítima;525;BR-040/MG;Norte;Abalroamento longitudinal;1;0;1;0;0;0;0;0;0;0;2;0;0;0;0
02/06/2017;07:27:00;124;Acidente com Vítima;108,4;BR-040/MG;Sul;Capotamento;1;0;0;0;0;0;0;0;0;0;4;1;0;0;0
02/06/2017;07:08:00;114;Acidente com Vítima;542;BR-040/MG;Sul;Abalroamento longitudinal;1;0;0;2;0;0;0;0;0;0;2;1;0;0;0
02/06/2017;05:27:00;91;Acidente sem Vítima;224,5;BR-040/MG;Sul;Queda de Carga;0;0;1;0;0;0;0;0;0;0;1;0;0;0;0
02/06/2017;04:30:00;85;Acidente sem Vítima;281,2;BR-040/MG;Norte;Atropelamento de animal;1;0;0;0;0;0;0;0;0;0;2;0;0;0;0
02/06/2017;02:38:00;79;Acidente sem Vítima;2;BR-040/DF;Norte;Capotamento;1;0;0;0;0;0;0;0;0;0;1;0;0;0;0
01/06/2017;23:26:00;460;Acidente sem Vítima;535,5;BR-040/MG;Sul;Choque em barreira New Jersey;1;0;0;0;0;0;0;0;0;0;1;0;0;0;0
01/06/2017;21:58:00;448;Acidente sem Vítima;434,3;BR-040/MG;Norte;Choque com objeto fixo;1;0;0;0;0;0;0;0;0;0;2;0;0;0;0
01/06/2017;19:58:00;416;Acidente sem Vítima;608,3;BR-040/MG;Norte;Colisão traseira;1;0;1;0;0;0;0;0;0;0;2;0;0;0;0
01/06/2017;19:39:00;407;Acidente sem Vítima;632,1;BR-040/MG;Sul;Capotamento;1;0;0;0;0;0;0;0;0;0;2;0;0;0;0
01/06/2017;14:04:00;289;Acidente sem Vítima;668,1;BR-040/MG;Sul;Colisão traseira;2;0;1;0;0;0;0;0;0;0;4;0;0;0;0
01/06/2017;05:25:00;111;Acidente com Vítima;705,02;BR-040/MG;Norte;Queda de Carga;0;0;1;0;0;0;0;0;0;0;0;1;0;0;0
31/07/2017;19:30:00;323;Atropelamento sem Morte;21,15;BR-040/GO;Sul;Atropelamento de ciclista;1;1;0;0;0;0;0;0;0;0;1;0;1;0;0
31/07/2017;16:45:00;284;Acidente sem Vítima;587,74;BR-040/MG;Norte;Colisão traseira;0;0;1;0;0;0;0;0;0;1;2;0;0;0;0
31/07/2017;14:03:00;248;Acidente sem Vítima;140;BR-040/MG;Sul;Choque com objeto fixo;1;0;0;0;0;0;0;0;0;0;2;0;0;0;0
31/07/2017;13:20:00;233;Acidente sem Vítima;667,8;BR-040/MG;Sul;Colisão traseira;2;0;0;0;0;0;0;0;0;0;4;0;0;0;0
31/07/2017;13:04:00;228;Acidente sem Vítima;533;BR-040/MG;Sul;Colisão traseira;0;0;1;1;0;0;0;0;0;0;2;0;0;0;0
31/07/2017;12:53:00;223;Acidente sem Vítima;771,1;BR-040/MG;Norte;Colisão traseira;2;0;0;0;0;0;0;0;0;0;2;0;0;0;0
31/07/2017;12:08:00;212;Acidente sem Vítima;667,8;BR-040/MG;Sul;Capotamento;2;0;0;0;0;0;0;0;0;0;8;0;0;0;0
31/07/2017;11:54:00;207;Acidente sem Vítima;477,8;BR-040/MG;Norte;Queda de Carga;0;0;1;0;0;0;0;0;0;0;4;0;0;0;0
31/07/2017;11:00:00;187;Acidente sem Vítima;530;BR-040/MG;Sul;Queda de Carga;0;0;1;0;0;0;0;0;0;0;1;0;0;0;0
31/07/2017;10:37:00;183;Acidente sem Vítima;36,4;BR-040/MG;Sul;Colisão traseira;2;0;0;0;0;0;0;0;0;0;3;0;0;0;0
31/07/2017;10:06:00;177;Acidente com Vítima;304,7;BR-040/MG;Norte;Queda de Carga;1;0;0;0;0;0;0;0;0;0;1;0;1;0;0
31/07/2017;09:54:00;172;Acidente sem Vítima;717,54;BR-040/MG;Norte;Abalroamento longitudinal;2;0;0;0;0;0;0;0;0;0;2;0;0;0;0
31/07/2017;09:27:00;162;Acidente sem Vítima;679,79;BR-040/MG;Norte;Choque com objeto fixo;1;0;0;0;0;0;0;0;0;0;3;0;0;0;0
31/07/2017;08:25:00;153;Acidente sem Vítima;2,3;BR-040/GO;Norte;Colisão traseira;2;0;0;0;0;0;0;0;0;0;3;0;0;0;0
31/07/2017;07:52:00;141;Acidente sem Vítima;538;BR-040/MG;Norte;Capotamento;1;0;0;0;0;0;0;0;0;0;1;0;0;0;0
31/07/2017;06:01:00;124;Acidente sem Vítima;50,2;BR-040/GO;Norte;Choque com objeto fixo;0;0;1;0;0;0;0;0;0;0;1;0;0;0;0
31/07/2017;05:41:00;122;Acidente sem Vítima;11,6;BR-040/GO;Sul;Colisão traseira;2;0;0;0;0;0;0;0;0;0;7;0;0;0;0
31/07/2017;05:27:00;118;Acidente sem Vítima;14,5;BR-040/GO;Norte;Colisão traseira;1;0;1;0;0;0;0;0;0;0;2;0;0;0;0
31/07/2017;05:02:00;113;Acidente sem Vítima;462,3;BR-040/MG;Norte;Capotamento;1;0;0;0;0;0;0;0;0;0;4;0;0;0;0
31/07/2017;00:09:00;5;Acidente sem Vítima;683,52;BR-040/MG;Sul;Choque em defensa;0;0;1;0;0;0;0;0;0;0;1;0;0;0;0
31/07/2017;00:03:00;2;Acidente com Morte;360,45;BR-040/MG;Norte;Choque com objeto fixo;0;0;0;1;0;0;0;0;0;0;0;0;0;0;1
30/07/2017;23:39:00;314;Acidente sem Vítima;59,101;BR-040/GO;Norte;Choque com objeto fixo;1;0;0;0;0;0;0;0;0;0;2;0;0;0;0
30/07/2017;22:32:00;303;Acidente sem Vítima;521,88;BR-040/MG;Norte;Choque com objeto fixo;1;0;0;0;0;0;0;0;0;0;1;0;0;0;0
30/07/2017;20:53:00;278;Acidente sem Vítima;484,11;BR-040/MG;Norte;Abalroamento longitudinal;1;0;1;0;0;0;0;0;0;0;2;0;0;0;0
30/07/2017;20:47:00;276;Acidente sem Vítima;509,18;BR-040/MG;Sul;Colisão traseira;2;0;1;0;0;0;0;0;0;0;5;0;0;0;0
30/07/2017;19:40:00;249;Atropelamento com Morte;696,405;BR-040/MG;Norte;Atropelamento de ciclista;2;1;0;0;0;0;0;0;0;0;0;1;3;4;5
30/07/2017;19:11:00;238;Acidente com Vítima;433,21;BR-040/MG;Sul;Colisão traseira;3;0;0;0;0;0;0;0;0;0;3;0;1;0;0
30/07/2017;19:08:00;235;Acidente sem Vítima;504,54;BR-040/MG;Sul;Colisão traseira;2;0;0;0;0;0;0;0;0;0;2;0;0;0;0
30/07/2017;18:53:00;230;Acidente com Vítima;235,5;BR-040/MG;Norte;Capotamento;1;0;0;0;0;0;0;0;0;0;1;0;1;0;0
30/07/2017;18:14:00;214;Acidente sem Vítima;514,5;BR-040/MG;Sul;Colisão traseira;2;0;0;0;0;0;0;0;0;0;4;0;0;0;0
30/07/2017;17:54:00;206;Acidente com Vítima;517,17;BR-040/MG;Sul;Colisão traseira;4;0;0;0;0;0;0;0;0;0;3;0;0;0;0
30/07/2017;17:04:00;196;Acidente sem Vítima;470,5;BR-040/MG;Sul;Colisão traseira;3;0;0;0;0;0;0;0;0;0;3;0;0;0;0
30/07/2017;16:56:00;193;Acidente com Vítima;489,15;BR-040/MG;Sul;Capotamento;2;0;0;0;0;0;0;0;0;0;2;0;1;0;0
30/07/2017;16:50:00;190;Acidente sem Vítima;433;BR-040/MG;Sul;Colisão traseira;2;0;0;0;0;0;0;0;0;0;2;0;0;0;0
30/07/2017;16:39:00;184;Acidente sem Vítima;519;BR-040/MG;Sul;Colisão traseira;4;0;0;0;0;0;0;0;0;0;4;0;0;0;0
30/07/2017;16:03:00;169;Acidente com Vítima;772,6;BR-040/MG;Sul;Choque com objeto fixo;1;0;0;0;0;0;0;0;0;0;1;1;0;0;0
30/07/2017;15:24:00;152;Acidente com Vítima;584,1;BR-040/MG;Norte;Abalroamento transversal;2;0;0;0;0;0;0;0;0;0;2;1;0;0;0
30/07/2017;15:17:00;150;Acidente sem Vítima;145;BR-040/MG;Sul;Atropelamento de animal;1;0;0;0;0;0;0;0;0;0;1;0;0;0;0
30/07/2017;15:14:00;149;Acidente sem Vítima;41,5;BR-040/MG;Sul;Queda de Moto;0;0;0;1;0;0;0;0;0;0;1;0;0;0;0
30/07/2017;13:39:00;132;Acidente sem Vítima;627,1;BR-040/MG;Norte;Colisão traseira;2;0;0;0;0;0;0;0;0;0;3;0;0;0;0
30/07/2017;13:29:00;129;Acidente com Vítima;464,15;BR-040/MG;Norte;Abalroamento longitudinal;1;0;0;1;0;0;0;0;0;0;1;0;1;0;0
30/07/2017;11:19:00;99;Acidente sem Vítima;694;BR-040/MG;Norte;Colisão traseira;2;0;0;0;0;0;0;0;0;0;2;0;0;0;0
30/07/2017;09:09:00;80;Acidente sem Vítima;547,65;BR-040/MG;Sul;Colisão traseira;1;0;1;0;0;0;0;0;0;0;2;0;0;0;0
30/07/2017;09:04:00;78;Acidente com Vítima;6,8;BR-040/GO;Sul;Queda de Moto;0;0;0;1;0;0;0;0;0;0;1;1;0;0;0
30/07/2017;08:29:00;69;Acidente sem Vítima;740,1;BR-040/MG;Norte;Choque com objeto fixo;1;0;0;0;0;0;0;0;0;0;1;0;0;0;0
30/07/2017;06:30:00;46;Acidente sem Vítima;494;BR-040/MG;Norte;Colisão traseira;2;0;0;0;0;0;0;0;0;0;2;0;0;0;0
30/07/2017;06:10:00;44;Acidente sem Vítima;621,1;BR-040/MG;Sul;Colisão traseira;2;0;0;0;0;0;0;0;0;0;2;0;0;0;0
30/07/2017;04:20:00;37;Acidente com Vítima;530,57;BR-040/MG;Norte;Capotamento;1;0;0;0;0;0;0;0;0;0;4;0;1;0;0
30/07/2017;03:24:00;31;Acidente sem Vítima;1,6;BR-040/GO;Sul;Choque com objeto fixo;1;0;0;0;0;0;0;0;0;0;2;0;0;0;0
30/07/2017;00:47:00;8;Acidente sem Vítima;523,1;BR-040/MG;Sul;Atropelamento de animal;1;0;0;0;0;0;0;0;0;0;2;0;0;0;0
29/07/2017;23:08:00;347;Acidente com Vítima;10,015;BR-040/GO;Sul;Abalroamento longitudinal;1;0;1;0;0;0;0;0;0;0;4;0;1;0;0
29/07/2017;22:51:00;344;Acidente sem Vítima;504,7;BR-040/MG;Norte;Choque com objeto fixo;1;0;0;0;0;0;0;0;0;0;1;0;0;0;0
29/07/2017;22:33:00;343;Acidente sem Vítima;531,01;BR-040/MG;Sul;Choque com objeto fixo;1;0;0;0;0;0;0;0;0;0;6;0;0;0;0
29/07/2017;22:04:00;338;Acidente sem Vítima;610,6;BR-040/MG;Sul;Colisão traseira;2;0;0;0;0;0;0;0;0;0;3;0;0;0;0
29/07/2017;21:44:00;332;Acidente sem Vítima;696;BR-040/MG;Norte;Outros;1;0;0;0;0;0;0;0;0;0;1;0;0;0;0
29/07/2017;18:32:00;273;Acidente sem Vítima;423,2;BR-040/MG;Norte;Colisão frontal;1;0;0;1;0;0;0;0;0;0;3;0;0;0;0
29/07/2017;18:19:00;268;Acidente com Vítima;769;BR-040/MG;Norte;Abalroamento transversal;1;0;0;1;0;0;0;0;0;0;1;1;0;0;0
29/07/2017;17:38:00;255;Acidente sem Vítima;727,1;BR-040/MG;Sul;Choque com objeto fixo;1;0;0;0;0;0;0;0;0;0;1;0;0;0;0