data;horario;n_da_ocorrencia;tipo_de_ocorrencia;km;trecho;sentido;tipo_de_acidente;automovel;bicicleta;caminhao;moto;onibus;outros;tracao_animal;transporte_de_cargas_especiais;trator_maquinas;utilitarios;ilesos;levemente_feridos;moderadamente_feridos;gravemente_feridos;mortos
29/07/2017;16:58:00;246;Acidente sem Vítima;0,2;BR-040/GO;Norte;Colisão traseira;0;0;0;1;0;1;0;0;0;0;2;0;0;0;0
29/07/2017;15:20:00;217;Atropelamento com Morte;636,1;BR-040/MG;Norte;Atropelamento de pedestre atravessando;0;0;1;0;0;0;0;0;0;0;1;0;0;0;1
29/07/2017;15:09:00;213;Acidente sem Vítima;544,15;BR-040/MG;Sul;Outros;1;0;0;0;0;0;0;0;0;0;1;0;0;0;0
29/07/2017;12:51:00;174;Acidente com Vítima;738,4;BR-040/MG;Norte;Choque com objeto fixo;1;0;0;0;0;0;0;0;0;0;0;1;0;0;0
29/07/2017;12:39:00;171;Atropelamento sem Morte;727,15;BR-040/MG;Sul;Atropelamento de pedestre caminhando;2;0;0;0;0;0;0;0;0;0;2;1;0;0;0
29/07/2017;12:36:00;169;Acidente sem Vítima;718,85;BR-040/MG;Norte;Choque em barreira New Jersey;1;0;0;0;0;0;0;0;0;0;1;0;0;0;0
29/07/2017;12:30:00;165;Acidente sem Vítima;717,1;BR-040/MG;Norte;Capotamento;1;0;0;0;0;0;0;0;0;0;1;0;0;0;0
29/07/2017;12:12:00;156;Acidente sem Vítima;727,15;BR-040/MG;Sul;Choque com objeto fixo;1;0;0;0;0;0;0;0;0;0;1;0;0;0;0
29/07/2017;11:27:00;151;Acidente com Vítima;42,69;BR-040/MG;Norte;Abalroamento transversal;1;0;0;1;0;0;0;0;0;0;1;1;0;0;0
29/07/2017;11:04:00;146;Acidente com Vítima;445,97;BR-040/MG;Norte;Queda de Moto;0;0;1;1;0;0;0;0;0;0;1;1;0;0;0
29/07/2017;09:57:00;115;Acidente sem Vítima;730,1;BR-040/MG;Norte;Choque em barreira New Jersey;1;0;0;0;0;0;0;0;0;0;1;0;0;0;0
29/07/2017;09:53:00;114;Acidente com Vítima;771,1;BR-040/MG;Norte;Capotamento;1;0;0;0;0;0;0;0;0;0;0;0;0;0;0
29/07/2017;08:39:00;86;Acidente sem Vítima;718,1;BR-040/MG;Norte;Choque em barreira New Jersey;1;0;0;0;0;0;0;0;0;0;1;0;0;0;0
29/07/2017;08:01:00;77;Acidente sem Vítima;727,15;BR-040/MG;Norte;Choque em defensa;0;0;0;1;0;0;0;0;0;0;1;0;0;0;0
29/07/2017;07:47:00;73;Acidente com Vítima;0,3;BR-040/GO;Norte;Colisão traseira;1;0;0;1;0;0;0;0;0;0;1;1;0;0;0
29/07/2017;07:20:00;66;Acidente com Vítima;707,6;BR-040/MG;Sul;Capotamento;1;0;0;0;0;0;0;0;0;0;1;0;0;0;0
29/07/2017;07:12:00;62;Acidente sem Vítima;735,001;BR-040/MG;Norte;Choque com objeto fixo;1;0;1;0;0;0;0;0;0;0;2;0;0;0;0
29/07/2017;06:11:00;55;Acidente com Vítima;319,8;BR-040/MG;Norte;Colisão traseira;1;0;1;0;0;0;0;0;0;0;2;1;0;0;0
29/07/2017;06:07:00;54;Acidente sem Vítima;739,4;BR-040/MG;Norte;Choque com objeto fixo;1;0;0;0;0;0;0;0;0;0;2;0;0;0;0
29/07/2017;05:44:00;52;Acidente sem Vítima;532,864;BR-040/MG;Sul;Colisão traseira;2;0;0;1;0;0;0;0;0;0;3;0;0;0;0
29/07/2017;05:25:00;49;Acidente com Vítima;763,8;BR-040/MG;Sul;Choque com objeto fixo;1;0;0;0;0;0;0;0;0;0;1;4;0;0;0
29/07/2017;04:18:00;45;Acidente sem Vítima;527;BR-040/MG;Norte;Colisão traseira;0;0;2;0;0;0;0;0;0;0;2;0;0;0;0
28/07/2017;22:57:00;368;Acidente com Vítima;704,4;BR-040/MG;Sul;Queda de Moto;0;0;0;1;0;0;0;0;0;0;1;0;1;0;0
28/07/2017;19:14:00;313;Acidente sem Vítima;539,6;BR-040/MG;Norte;Colisão traseira;2;0;0;0;0;0;0;0;0;0;2;0;0;0;0
28/07/2017;18:37:00;305;Acidente com Vítima;676,6;BR-040/MG;Norte;Choque com objeto fixo;0;0;1;0;0;0;0;0;0;0;0;0;1;0;0
28/07/2017;18:18:00;299;Acidente sem Vítima;335,4;BR-040/MG;Sul;Colisão traseira;2;0;0;0;0;0;0;0;0;0;7;0;0;0;0
28/07/2017;18:08:00;290;Acidente com Morte;523,77;BR-040/MG;Norte;Queda de Moto;0;0;0;1;0;0;0;0;0;0;0;0;0;0;1
28/07/2017;17:17:00;272;Atropelamento sem Morte;517,44;BR-040/MG;Norte;Atropelamento de pedestre caminhando;0;0;0;1;0;0;0;0;0;0;1;2;0;0;0
28/07/2017;16:21:00;252;Acidente sem Vítima;498,5;BR-040/MG;Norte;Colisão traseira;3;0;0;0;0;0;0;0;0;0;4;0;0;0;0
28/07/2017;15:14:00;236;Acidente com Vítima;3;BR-040/DF;Norte;Colisão traseira;2;0;0;1;0;0;0;0;0;0;2;0;1;0;0
28/07/2017;14:53:00;231;Acidente sem Vítima;509,93;BR-040/MG;Norte;Colisão traseira;2;0;0;0;0;0;0;0;0;0;5;0;0;0;0
28/07/2017;14:37:00;227;Acidente com Vítima;528,36;BR-040/MG;Sul;Colisão traseira;2;0;1;0;0;0;0;0;0;0;2;0;3;0;0
28/07/2017;13:41:00;208;Acidente com Vítima;65,1;BR-040/MG;Sul;Abalroamento longitudinal;0;0;0;1;0;1;0;0;0;0;3;1;0;0;0
28/07/2017;07:56:00;137;Acidente sem Vítima;2,7;BR-040/DF;Norte;Colisão traseira;4;0;0;0;0;0;0;0;0;0;5;0;0;0;0
28/07/2017;07:20:00;124;Acidente sem Vítima;746,5;BR-040/MG;Norte;Capotamento;1;0;0;0;0;0;0;0;0;0;1;0;0;0;0
28/07/2017;04:31:00;105;Acidente com Vítima;539,85;BR-040/MG;Norte;Choque com objeto fixo;1;0;0;0;0;0;0;0;0;0;0;1;1;1;0
28/07/2017;01:21:00;89;Acidente sem Vítima;615,4;BR-040/MG;Norte;Choque com objeto fixo;1;0;0;0;0;0;0;0;0;0;1;0;0;0;0
27/07/2017;20:57:00;344;Acidente sem Vítima;720,4;BR-040/MG;Sul;Colisão traseira;2;0;0;0;0;0;0;0;0;0;2;0;0;0;0
27/07/2017;20:26:00;337;Acidente sem Vítima;2,4;BR-040/GO;Norte;Colisão traseira;2;0;0;0;0;0;0;0;0;0;2;0;0;0;0
27/07/2017;19:34:00;320;Acidente com Vítima;39,02;BR-040/MG;Sul;Abalroamento transversal;1;0;0;1;0;0;0;0;0;0;1;0;0;0;0
27/07/2017;19:24:00;316;Atropelamento sem Morte;2,5;BR-040/GO;Norte;Atropelamento em abrigo de ônibus;1;0;0;0;0;0;0;0;0;0;1;1;0;0;0
27/07/2017;16:11:00;253;Acidente sem Vítima;512,5;BR-040/MG;Norte;Colisão traseira;2;0;0;1;0;0;0;0;0;0;3;0;0;0;0
27/07/2017;15:52:00;246;Acidente sem Vítima;541,47;BR-040/MG;Sul;Colisão traseira;5;0;1;0;0;0;0;0;0;0;6;0;0;0;0
27/07/2017;15:26:00;245;Acidente sem Vítima;536,07;BR-040/MG;Norte;Queda de Carga;1;0;0;0;0;0;0;0;0;0;4;0;0;0;0
27/07/2017;14:58:00;235;Acidente sem Vítima;613,15;BR-040/MG;Sul;Abalroamento longitudinal;0;0;2;0;0;0;0;0;0;0;2;0;0;0;0
27/07/2017;14:18:00;222;Acidente com Vítima;44,48;BR-040/MG;Sul;Queda de Moto;0;0;0;1;0;0;0;0;0;0;0;0;1;0;0
27/07/2017;11:46:00;188;Acidente sem Vítima;580;BR-040/MG;Sul;Outros;1;0;0;0;0;0;0;0;0;0;2;0;0;0;0
27/07/2017;11:12:00;180;Acidente sem Vítima;2,003;BR-040/GO;Sul;Colisão traseira;2;0;0;0;0;0;0;0;0;0;2;0;0;0;0
27/07/2017;09:43:00;155;Acidente sem Vítima;729,45;BR-040/MG;Sul;Choque com objeto fixo;1;0;0;0;0;0;0;0;0;0;1;0;0;0;0
27/07/2017;02:58:00;39;Acidente sem Vítima;518,3;BR-040/MG;Sul;Colisão traseira;1;0;1;0;0;0;0;0;0;0;6;0;0;0;0
27/07/2017;01:27:00;8;Acidente sem Vítima;9,8;BR-040/GO;Sul;Choque com objeto fixo;1;0;0;0;0;0;0;0;0;0;1;0;0;0;0
26/07/2017;23:27:00;409;Acidente com Vítima;601,189;BR-040/MG;Norte;Colisão traseira;0;0;2;0;0;0;0;0;0;0;1;0;0;1;0
26/07/2017;23:01:00;404;Acidente sem Vítima;7,4;BR-040/GO;Norte;Colisão traseira;1;0;1;0;0;0;0;0;0;0;2;0;0;0;0
26/07/2017;22:17:00;391;Acidente com Vítima;44,77;BR-040/MG;Norte;Abalroamento transversal;0;0;1;1;0;0;0;0;0;0;1;1;0;0;0
26/07/2017;22:09:00;388;Acidente sem Vítima;68,04;BR-040/MG;Norte;Atropelamento de animal;0;0;1;0;0;0;0;0;0;0;2;0;0;0;0
26/07/2017;21:40:00;379;Acidente com Morte;280,5;BR-040/MG;Sul;Colisão frontal;1;0;0;1;0;0;0;0;0;0;2;0;1;0;1
26/07/2017;19:30:00;357;Acidente sem Vítima;551,4;BR-040/MG;Norte;Colisão traseira;2;0;0;0;0;0;0;0;0;0;5;0;0;0;0
26/07/2017;16:54:00;305;Acidente sem Vítima;536,157;BR-040/MG;Norte;Colisão traseira;1;0;1;0;0;0;0;0;0;0;2;0;0;0;0
26/07/2017;15:35:00;280;Acidente com Vítima;587,64;BR-040/MG;Norte;Abalroamento longitudinal;1;0;2;0;0;0;0;0;0;0;3;1;1;0;0
26/07/2017;13:44:00;241;Acidente com Vítima;129,05;BR-040/MG;Sul;Queda de Moto;0;0;0;1;0;0;0;0;0;0;0;1;0;0;0
26/07/2017;11:46:00;202;Acidente sem Vítima;5,9;BR-040/DF;Sul;Colisão traseira;3;0;0;0;0;0;0;0;0;0;3;0;0;0;0
26/07/2017;11:24:00;199;Acidente sem Vítima;5,3;BR-040/GO;Norte;Colisão traseira;1;0;1;0;0;0;0;0;0;0;2;0;0;0;0
26/07/2017;11:07:00;191;Acidente com Vítima;470,1;BR-040/MG;Sul;Colisão traseira;0;0;1;1;0;0;0;0;0;0;1;0;1;0;0
26/07/2017;09:55:00;166;Acidente com Vítima;41,8;BR-040/MG;Norte;Abalroamento longitudinal;0;1;0;1;0;0;0;0;0;0;2;1;0;0;0
26/07/2017;09:26:00;157;Acidente sem Vítima;542,1;BR-040/MG;Sul;Capotamento;3;0;0;0;0;0;0;0;0;0;3;0;0;0;0
26/07/2017;07:58:00;126;Acidente com Morte;4,3;BR-040/GO;Norte;Colisão traseira;0;0;1;2;0;0;0;0;0;0;2;0;1;0;1
26/07/2017;07:41:00;122;Acidente sem Vítima;502,1;BR-040/MG;Norte;Capotamento;0;0;0;1;0;0;0;0;0;0;1;0;0;0;0
26/07/2017;06:06:00;98;Acidente com Vítima;28,9;BR-040/GO;Norte;Capotamento;1;0;0;0;0;0;0;0;0;0;0;1;0;0;0
26/07/2017;00:44:00;59;Atropelamento sem Morte;528,5;BR-040/MG;Sul;Atropelamento de pedestre atravessando;1;0;0;0;0;0;0;0;0;0;0;0;0;1;0
25/07/2017;20:35:00;401;Acidente sem Vítima;537,5;BR-040/MG;Norte;Abalroamento transversal;1;0;1;0;0;0;0;0;0;0;2;0;0;0;0
25/07/2017;19:36:00;388;Acidente sem Vítima;15,01;BR-040/GO;Sul;Colisão frontal;2;0;1;0;0;0;0;0;0;0;4;0;0;0;0
25/07/2017;18:55:00;371;Atropelamento sem Morte;691,885;BR-040/MG;Norte;Atropelamento de pedestre caminhando;0;0;0;0;0;0;0;0;0;1;1;1;0;0;0
25/07/2017;18:17:00;359;Acidente sem Vítima;6,8;BR-040/GO;Norte;Colisão traseira;1;0;0;1;0;0;0;0;0;0;3;0;0;0;0
25/07/2017;18:13:00;358;Acidente sem Vítima;545,2;BR-040/MG;Norte;Colisão traseira;2;0;0;0;0;0;0;0;0;0;4;0;0;0;0
25/07/2017;18:00:00;353;Acidente com Vítima;356,15;BR-040/MG;Norte;Abalroamento transversal;2;0;0;0;0;0;0;0;0;0;7;2;0;0;0
25/07/2017;16:42:00;330;Acidente com Vítima;525,1;BR-040/MG;Sul;Queda de Moto;0;0;0;1;0;0;0;0;0;0;0;1;0;0;0
25/07/2017;16:40:00;327;Acidente sem Vítima;600,1;BR-040/MG;Norte;Queda de Moto;0;0;0;1;0;0;0;0;0;0;1;0;0;0;0
25/07/2017;16:25:00;321;Acidente sem Vítima;6,9;BR-040/GO;Norte;Colisão traseira;4;0;0;0;0;0;0;0;0;0;4;0;0;0;0
25/07/2017;15:39:00;309;Acidente com Vítima;569,9;BR-040/MG;Sul;Colisão frontal;3;0;0;0;0;0;0;0;0;0;1;0;3;0;0
25/07/2017;15:19:00;305;Acidente com Morte;739,34;BR-040/MG;Norte;Queda de Carga;1;0;0;0;0;0;0;0;0;0;0;0;0;0;1
25/07/2017;14:16:00;281;Acidente com Vítima;6,9;BR-040/GO;Sul;Colisão traseira;1;0;0;1;0;0;0;0;0;0;1;1;0;0;0
25/07/2017;12:01:00;249;Acidente sem Vítima;707,65;BR-040/MG;Norte;Choque em barreira New Jersey;1;0;0;0;0;0;0;0;0;0;1;0;0;0;0
25/07/2017;10:12:00;213;Acidente sem Vítima;544,15;BR-040/MG;Norte;Queda de Moto;0;0;0;1;0;0;0;0;0;0;1;0;0;0;0
25/07/2017;10:00:00;210;Acidente sem Vítima;510,427;BR-040/MG;Norte;Colisão traseira;1;0;0;2;0;0;0;0;0;0;3;0;0;0;0
25/07/2017;09:53:00;206;Acidente sem Vítima;533,1;BR-040/MG;Sul;Queda de Moto;1;0;0;1;0;0;0;0;0;0;2;0;0;0;0
25/07/2017;08:33:00;177;Acidente sem Vítima;749,9;BR-040/MG;Norte;Choque com objeto fixo;1;0;0;0;0;0;0;0;0;0;1;0;0;0;0
25/07/2017;08:15:00;171;Acidente com Vítima;541,1;BR-040/MG;Sul;Colisão traseira;1;0;0;1;0;0;0;0;0;0;1;1;0;0;0
24/07/2017;20:25:00;383;Acidente sem Vítima;511,8;BR-040/MG;Norte;Queda de Moto;0;0;0;1;0;0;0;0;0;0;1;0;0;0;0
24/07/2017;20:07:00;376;Atropelamento sem Morte;747,7;BR-040/MG;Norte;Atropelamento de ciclista;0;1;1;0;0;0;0;0;0;0;3;0;1;0;0
24/07/2017;19:43:00;370;Acidente sem Vítima;432,1;BR-040/MG;Norte;Colisão traseira;0;0;1;0;1;0;0;0;0;0;3;0;0;0;0
24/07/2017;19:17:00;358;Acidente com Vítima;519,244;BR-040/MG;Norte;Colisão traseira;0;0;1;1;0;0;0;0;0;0;1;0;1;0;0
24/07/2017;19:13:00;357;Acidente sem Vítima;511,4;BR-040/MG;Sul;Colisão traseira;2;0;0;0;0;0;0;0;0;0;4;0;0;0;0
24/07/2017;18:37:00;348;Acidente sem Vítima;511,8;BR-040/MG;Norte;Colisão traseira;3;0;0;0;0;0;0;0;0;0;3;0;0;0;0
24/07/2017;17:50:00;336;Acidente sem Vítima;2,5;BR-040/GO;Norte;Colisão traseira;1;0;1;0;0;0;0;0;0;0;2;0;0;0;0
24/07/2017;17:46:00;334;Acidente com Vítima;534,6;BR-040/MG;Norte;Colisão traseira;1;0;0;1;0;0;0;0;0;0;1;1;0;0;0
24/07/2017;17:33:00;328;Acidente com Vítima;534,1;BR-040/MG;Norte;Colisão traseira;1;0;0;1;0;0;0;0;0;0;1;1;0;0;0
24/07/2017;17:00:00;312;Atropelamento sem Morte;715,055;BR-040/MG;Sul;Atropelamento de ciclista;1;1;0;0;0;0;0;0;0;0;2;0;1;0;0
24/07/2017;15:44:00;283;Acidente sem Vítima;533,1;BR-040/MG;Norte;Colisão traseira;3;0;0;0;0;0;0;0;0;0;3;0;0;0;0
24/07/2017;14:50:00;265;Acidente com Vítima;320,5;BR-040/MG;Norte;Queda de Moto;0;0;0;1;0;0;0;0;0;0;0;1;0;0;0
24/07/2017;14:42:00;261;Acidente sem Vítima;567,9;BR-040/MG;Sul;Choque com objeto fixo;2;0;0;0;0;0;0;0;0;0;2;0;0;0;0
24/07/2017;13:55:00;247;Acidente com Vítima;674,687;BR-040/MG;Norte;Colisão traseira;2;0;0;0;0;0;0;0;0;0;2;1;0;0;0
24/07/2017;12:04:00;219;Acidente com Vítima;658,016;BR-040/MG;Sul;Abalroamento transversal;2;0;0;0;0;0;0;0;0;0;2;0;2;0;0
24/07/2017;11:20:00;200;Acidente sem Vítima;546,1;BR-040/MG;Sul;Colisão traseira;2;0;2;0;0;0;0;0;0;0;4;0;0;0;0
24/07/2017;10:40:00;191;Acidente sem Vítima;472,1;BR-040/MG;Norte;Capotamento;1;0;0;0;0;0;0;0;0;0;1;0;0;0;0
24/07/2017;09:52:00;177;Acidente sem Vítima;274,35;BR-040/MG;Sul;Colisão traseira;1;0;0;0;0;0;0;0;0;1;6;0;0;0;0
24/07/2017;08:04:00;137;Acidente sem Vítima;1,9;BR-040/GO;Sul;Colisão traseira;6;0;0;0;0;0;0;0;0;0;8;0;0;0;0
24/07/2017;07:21:00;125;Acidente com Vítima;2,4;BR-040/GO;Norte;Queda de Moto;1;0;0;1;0;0;0;0;0;0;1;1;0;0;0
24/07/2017;06:58:00;120;Acidente sem Vítima;537,001;BR-040/MG;Norte;Queda de Moto;0;0;0;1;0;0;0;0;0;0;1;0;0;0;0
24/07/2017;02:59:00;80;Acidente sem Vítima;0;Fora_Rota;Norte;Capotamento;0;0;0;0;0;0;0;0;0;0;0;0;0;0;0
24/07/2017;01:59:00;76;Acidente sem Vítima;533,4;BR-040/MG;Norte;Queda de Carga;0;0;1;0;0;0;0;0;0;0;1;0;0;0;0
23/07/2017;19:43:00;271;Acidente sem Vítima;485,1;BR-040/MG;Sul;Capotamento;1;0;0;0;0;0;0;0;0;0;1;0;0;0;0
23/07/2017;18:55:00;259;Acidente sem Vítima;54;BR-040/MG;Sul;Atropelamento de animal;0;0;0;1;0;0;0;0;0;0;1;0;0;0;0
23/07/2017;18:11:00;245;Atropelamento sem Morte;10,5;BR-040/GO;Norte;Atropelamento de ciclista;1;1;0;0;0;0;0;0;0;0;1;0;0;1;0
23/07/2017;17:43:00;232;Acidente sem Vítima;12;BR-040/GO;Norte;Abalroamento longitudinal;1;0;0;1;0;0;0;0;0;0;2;0;0;0;0
23/07/2017;17:03:00;218;Acidente com Vítima;274,1;BR-040/MG;Sul;Abalroamento transversal;1;0;0;1;0;0;0;0;0;0;1;2;0;0;0
23/07/2017;16:41:00;212;Acidente com Morte;515,05;BR-040/MG;Norte;Capotamento;0;0;0;0;0;0;0;0;0;1;0;15;0;0;1
23/07/2017;15:50:00;196;Acidente com Vítima;5,8;BR-040/DF;Norte;Choque com objeto fixo;1;0;0;0;0;0;0;0;0;0;0;0;1;0;0
23/07/2017;15:48:00;195;Acidente com Vítima;566,7;BR-040/MG;Norte;Colisão frontal;2;0;0;0;0;0;0;0;0;0;1;1;0;0;0
23/07/2017;15:16:00;183;Acidente sem Vítima;324,5;BR-040/MG;Norte;Capotamento;1;0;0;0;0;0;0;0;0;0;1;0;0;0;0
23/07/2017;14:20:00;164;Acidente com Vítima;610,2;BR-040/MG;Sul;Colisão traseira;1;0;0;1;0;0;0;0;0;0;1;1;0;0;0
23/07/2017;13:57:00;160;Acidente sem Vítima;532;BR-040/MG;Norte;Colisão traseira;3;0;0;0;0;0;0;0;0;0;10;0;0;0;0
23/07/2017;13:02:00;148;Acidente sem Vítima;424,12;BR-040/MG;Norte;Abalroamento transversal;1;0;1;0;0;0;0;0;0;0;2;0;0;0;0
23/07/2017;12:49:00;145;Acidente sem Vítima;1,3;BR-040/DF;Norte;Choque com objeto fixo;1;0;0;0;0;0;0;0;0;0;2;0;0;0;0
23/07/2017;12:44:00;139;Acidente com Vítima;518,03;BR-040/MG;Norte;Abalroamento longitudinal;2;0;0;0;0;0;0;0;0;0;2;1;0;0;0
23/07/2017;11:29:00;120;Acidente com Vítima;555,43;BR-040/MG;Sul;Queda de Moto;0;0;0;1;0;0;0;0;0;0;0;2;0;0;0
23/07/2017;10:09:00;100;Acidente sem Vítima;119,7;BR-040/MG;Norte;Colisão traseira;2;0;0;0;0;0;0;0;0;0;2;0;0;0;0
23/07/2017;09:36:00;91;Acidente com Vítima;12,6;BR-040/GO;Norte;Abalroamento longitudinal;1;0;0;1;0;0;0;0;0;0;3;1;0;0;0
23/07/2017;08:25:00;71;Acidente sem Vítima;115,8;BR-040/MG;Sul;Choque com objeto fixo;1;0;0;0;0;0;0;0;0;0;4;0;0;0;0
23/07/2017;07:58:00;67;Acidente sem Vítima;45,495;BR-040/GO;Norte;Atropelamento de animal;1;0;0;0;0;0;0;0;0;0;2;0;0;0;0
23/07/2017;02:09:00;22;Acidente com Vítima;12,3;BR-040/GO;Norte;Queda de Moto;1;0;0;1;0;0;0;0;0;0;1;1;0;0;0
22/07/2017;23:24:00;346;Acidente com Vítima;39,8;BR-040/MG;Norte;Capotamento;1;0;0;0;0;0;0;0;0;0;0;0;1;0;0
22/07/2017;20:46:00;318;Atropelamento sem Morte;509,007;BR-040/MG;Sul;Atropelamento de pedestre atravessando;1;0;0;0;0;0;0;0;0;0;1;0;1;0;0
22/07/2017;19:34:00;295;Acidente sem Vítima;4,08;BR-040/GO;Norte;Abalroamento transversal;2;0;0;0;0;0;0;0;0;0;5;0;0;0;0
22/07/2017;18:58:00;286;Atropelamento com Morte;356,5;BR-040/MG;Norte;Atropelamento de pedestre atravessando;1;0;0;0;0;0;0;0;0;0;2;0;0;0;1
22/07/2017;17:31:00;247;Acidente com Vítima;0,3;BR-040/GO;Sul;Queda de Moto;0;0;0;1;0;0;0;0;0;0;1;1;0;0;0
22/07/2017;16:00:00;217;Acidente com Vítima;550,02;BR-040/MG;Norte;Capotamento;1;0;0;0;0;0;0;0;0;0;0;1;0;0;0
22/07/2017;13:24:00;178;Acidente com Vítima;5,05;BR-040/GO;Norte;Choque com objeto fixo;1;0;0;0;0;0;0;0;0;0;0;0;0;0;0
22/07/2017;11:31:00;141;Acidente com Morte;567,28;BR-040/MG;Sul;Abalroamento transversal;1;0;0;1;0;0;0;0;0;0;1;0;2;0;2
22/07/2017;11:28:00;139;Atropelamento sem Morte;508,8;BR-040/MG;Sul;Atropelamento de pedestre atravessando;1;0;0;0;0;0;0;0;0;0;1;1;0;0;0
22/07/2017;11:27:00;138;Acidente com Vítima;528,035;BR-040/MG;Norte;Abalroamento longitudinal;2;0;0;0;0;0;0;0;0;0;2;1;0;0;0
22/07/2017;10:53:00;128;Acidente sem Vítima;610,15;BR-040/MG;Norte;Colisão traseira;1;0;1;0;0;0;0;0;0;0;2;0;0;0;0
22/07/2017;08:35:00;91;Acidente com Vítima;515,9;BR-040/MG;Norte;Queda de Moto;0;0;0;1;0;0;0;0;0;0;1;1;0;0;0
22/07/2017;08:10:00;83;Acidente sem Vítima;615,25;BR-040/MG;Norte;Colisão traseira;2;0;0;0;0;0;0;0;0;0;2;0;0;0;0
22/07/2017;07:37:00;76;Acidente sem Vítima;692,151;BR-040/MG;Sul;Queda de Moto;0;0;0;1;0;0;0;0;0;0;1;0;0;0;0
22/07/2017;05:14:00;47;Acidente sem Vítima;621,5;BR-040/MG;Norte;Colisão traseira;2;0;0;0;0;0;0;0;0;0;2;0;0;0;0
22/07/2017;03:29:00;35;Acidente sem Vítima;541,49;BR-040/MG;Norte;Colisão traseira;1;0;1;0;0;0;0;0;0;0;2;0;0;0;0
22/07/2017;02:25:00;28;Acidente com Vítima;541,5;BR-040/MG;Sul;Choque em barreira New Jersey;1;0;0;0;0;0;0;0;0;0;1;0;1;0;0
22/07/2017;00:16:00;14;Acidente sem Vítima;276,5;BR-040/MG;Sul;Outros;0;0;2;0;0;0;0;0;0;0;2;0;0;0;0
21/07/2017;19:39:00;371;Acidente com Vítima;632,124;BR-040/MG;Norte;Abalroamento transversal;2;0;0;0;0;0;0;0;0;0;1;0;0;0;0
21/07/2017;19:31:00;369;Acidente sem Vítima;510,2;BR-040/MG;Norte;Colisão traseira;2;0;0;0;0;0;0;0;0;0;5;0;0;0;0
21/07/2017;19:27:00;367;Acidente sem Vítima;693,87;BR-040/MG;Norte;Colisão traseira;1;0;0;1;0;0;0;0;0;0;3;0;0;0;0
21/07/2017;19:23:00;366;Atropelamento sem Morte;276,05;BR-040/MG;Sul;Atropelamento de pedestre atravessando;0;0;0;1;0;0;0;0;0;0;0;2;0;0;0
21/07/2017;18:18:00;334;Acidente sem Vítima;528,5;BR-040/MG;Norte;Choque com objeto fixo;0;0;0;1;0;0;0;0;0;0;1;0;0;0;0
21/07/2017;17:53:00;319;Acidente sem Vítima;457,5;BR-040/MG;Sul;Choque com objeto fixo;2;0;0;0;0;0;0;0;0;0;2;0;0;0;0
21/07/2017;17:33:00;312;Acidente sem Vítima;41,5;BR-040/GO;Norte;Choque com objeto fixo;1;0;0;0;0;0;0;0;0;0;3;0;0;0;0
21/07/2017;15:59:00;276;Acidente com Vítima;10,5;BR-040/GO;Sul;Abalroamento longitudinal;1;0;1;0;0;0;0;0;0;0;1;1;0;0;0
21/07/2017;14:09:00;246;Acidente sem Vítima;45,5;BR-040/GO;Norte;Colisão traseira;2;0;0;0;0;0;0;0;0;0;2;0;0;0;0
21/07/2017;11:38:00;206;Acidente sem Vítima;27,5;BR-040/GO;Sul;Abalroamento transversal;1;0;0;0;0;1;0;0;0;0;2;0;0;0;0
21/07/2017;08:23:00;151;Acidente sem Vítima;115,15;BR-040/MG;Sul;Outros;0;0;1;0;0;0;0;0;0;0;1;0;0;0;0
21/07/2017;07:52:00;139;Acidente sem Vítima;611,375;BR-040/MG;Norte;Colisão traseira;1;0;0;1;0;0;0;0;0;0;2;0;0;0;0
21/07/2017;06:51:00;122;Acidente sem Vítima;503,6;BR-040/MG;Norte;Colisão traseira;2;0;0;0;0;0;0;0;0;0;6;0;0;0;0
21/07/2017;06:33:00;114;Atropelamento sem Morte;511,2;BR-040/MG;Sul;Atropelamento de pedestre atravessando;1;0;0;0;0;0;0;0;0;0;1;1;0;0;0
21/07/2017;06:04:00;110;Acidente com Vítima;41,1;BR-040/MG;Norte;Abalroamento transversal;0;0;1;1;0;0;0;0;0;0;1;0;1;0;0
21/07/2017;05:36:00;107;Acidente sem Vítima;9,3;BR-040/GO;Sul;Abalroamento longitudinal;1;0;1;0;0;0;0;0;0;0;2;0;0;0;0
21/07/2017;05:15:00;106;Acidente sem Vítima;3,5;BR-040/GO;Sul;Colisão traseira;2;0;0;0;0;0;0;0;0;0;2;0;0;0;0
20/07/2017;23:07:00;424;Acidente sem Vítima;541,8;BR-040/MG;Sul;Choque em defensa;1;0;0;0;0;0;0;0;0;0;1;0;0;0;0
20/07/2017;20:22:00;381;Acidente sem Vítima;42;BR-040/MG;Sul;Atropelamento de animal;1;0;0;0;0;0;0;0;0;0;2;0;0;0;0
20/07/2017;18:56:00;355;Acidente sem Vítima;9,72;BR-040/GO;Sul;Colisão traseira;2;0;0;0;0;0;0;0;0;0;4;0;0;0;0
20/07/2017;18:52:00;352;Acidente sem Vítima;532,05;BR-040/MG;Sul;Abalroamento longitudinal;2;0;0;0;0;0;0;0;0;0;2;0;0;0;0