data;horario;n_da_ocorrencia;tipo_de_ocorrencia;km;trecho;sentido;tipo_de_acidente;automovel;bicicleta;caminhao;moto;onibus;outros;tracao_animal;transporte_de_cargas_especiais;trator_maquinas;utilitarios;ilesos;levemente_feridos;moderadamente_feridos;gravemente_feridos;mortos
11/07/2017;15:30:00;256;Acidente sem Vítima;0,14;BR-040/GO;Sul;Colisão traseira;3;0;0;0;0;0;0;0;0;0;4;0;0;0;0
11/07/2017;13:45:00;234;Acidente sem Vítima;559,184;BR-040/MG;Sul;Capotamento;2;0;0;0;0;1;0;0;0;0;3;0;0;0;0
11/07/2017;12:47:00;212;Acidente sem Vítima;694,847;BR-040/MG;Sul;Colisão traseira;2;0;0;0;0;0;0;0;0;0;7;0;0;0;0
11/07/2017;12:42:00;209;Acidente sem Vítima;643;BR-040/MG;Sul;Colisão traseira;2;0;0;0;0;0;0;0;0;0;4;0;0;0;0
11/07/2017;11:03:00;188;Acidente sem Vítima;544,5;BR-040/MG;Norte;Choque em barreira New Jersey;0;0;0;1;0;0;0;0;0;0;1;0;0;0;0
11/07/2017;09:58:00;175;Acidente com Vítima;700,08;BR-040/MG;Norte;Outros;1;0;0;0;0;0;0;0;0;0;0;0;0;0;0
11/07/2017;07:54:00;132;Acidente sem Vítima;632;BR-040/MG;Sul;Colisão traseira;2;0;0;0;0;0;0;0;0;0;3;0;0;0;0
11/07/2017;07:30:00;128;Acidente sem Vítima;8,01;BR-040/GO;Sul;Capotamento;1;0;0;0;0;0;0;0;0;0;1;0;0;0;0
11/07/2017;06:18:00;117;Acidente sem Vítima;562,853;BR-040/MG;Norte;Choque com objeto fixo;1;0;0;0;0;1;0;0;0;0;6;0;0;0;0
11/07/2017;01:01:00;72;Acidente sem Vítima;671,193;BR-040/MG;Norte;Choque em defensa;1;0;0;0;0;0;0;0;0;0;1;0;0;0;0
10/07/2017;22:01:00;393;Atropelamento com Morte;508,87;BR-040/MG;Sul;Atropelamento de pedestre atravessando;1;0;0;0;0;0;0;0;0;0;1;0;0;0;1
10/07/2017;20:08:00;372;Acidente com Vítima;651,1;BR-040/MG;Sul;Atropelamento de animal;1;0;0;0;0;0;0;0;0;0;0;0;0;1;0
10/07/2017;19:27:00;362;Acidente sem Vítima;42,5;BR-040/MG;Sul;Abalroamento longitudinal;2;0;0;0;0;0;0;0;0;0;2;0;0;0;0
10/07/2017;18:23:00;338;Acidente sem Vítima;142,5;BR-040/MG;Sul;Colisão traseira;2;0;0;0;0;0;0;0;0;0;2;0;0;0;0
10/07/2017;17:20:00;321;Acidente com Vítima;516,216;BR-040/MG;Sul;Capotamento;1;0;0;0;0;0;0;0;0;0;0;1;0;0;0
10/07/2017;17:15:00;320;Acidente com Vítima;5,5;BR-040/DF;Norte;Capotamento;1;0;0;0;0;0;0;0;0;0;1;0;0;0;0
10/07/2017;16:32:00;311;Acidente sem Vítima;711,2;BR-040/MG;Norte;Atropelamento de animal;1;0;0;0;0;0;0;0;0;0;1;0;0;0;0
10/07/2017;15:27:00;286;Acidente com Vítima;532;BR-040/MG;Sul;Colisão traseira;4;0;0;0;0;0;0;0;0;0;4;1;0;0;0
10/07/2017;14:26:00;265;Acidente sem Vítima;584,175;BR-040/MG;Norte;Colisão traseira;2;0;0;0;0;0;0;0;0;0;2;0;0;0;0
10/07/2017;13:48:00;258;Acidente com Vítima;7,9;BR-040/GO;Sul;Abalroamento longitudinal;2;0;0;0;0;0;0;0;0;0;2;1;0;0;0
10/07/2017;07:55:00;141;Acidente sem Vítima;726,5;BR-040/MG;Sul;Choque em barreira New Jersey;1;0;0;0;0;0;0;0;0;0;1;0;0;0;0
10/07/2017;07:16:00;127;Acidente com Vítima;741,1;BR-040/MG;Norte;Choque com objeto fixo;1;0;0;0;0;0;0;0;0;0;0;1;0;0;0
10/07/2017;06:33:00;115;Acidente sem Vítima;726,9;BR-040/MG;Sul;Choque com objeto fixo;1;0;0;0;0;0;0;0;0;0;1;0;0;0;0
10/07/2017;01:48:00;89;Acidente sem Vítima;2,1;BR-040/DF;Sul;Choque com objeto fixo;1;0;0;0;0;0;0;0;0;0;1;0;0;0;0
09/07/2017;23:48:00;287;Acidente sem Vítima;514,01;BR-040/MG;Sul;Capotamento;1;0;0;0;0;0;0;0;0;0;1;0;0;0;0
09/07/2017;22:48:00;281;Acidente sem Vítima;49,265;BR-040/MG;Norte;Atropelamento de animal;0;0;0;0;0;0;0;0;0;1;2;0;0;0;0
09/07/2017;22:46:00;279;Acidente sem Vítima;623,579;BR-040/MG;Sul;Capotamento;1;0;0;0;0;0;0;0;0;0;1;0;0;0;0
09/07/2017;22:20:00;275;Acidente sem Vítima;730,082;BR-040/MG;Norte;Choque com objeto fixo;1;0;0;0;0;0;0;0;0;0;2;0;0;0;0
09/07/2017;22:16:00;274;Acidente sem Vítima;509,7;BR-040/MG;Norte;Choque em barreira New Jersey;1;0;0;0;0;0;0;0;0;0;1;0;0;0;0
09/07/2017;21:01:00;255;Acidente sem Vítima;8,5;BR-040/GO;Sul;Abalroamento longitudinal;2;0;0;0;0;0;0;0;0;0;7;0;0;0;0
09/07/2017;19:21:00;238;Acidente com Vítima;509,3;BR-040/MG;Sul;Colisão traseira;1;0;0;1;0;0;0;0;0;0;4;1;0;0;0
09/07/2017;18:52:00;222;Acidente com Vítima;531,01;BR-040/MG;Sul;Abalroamento longitudinal;1;0;0;1;0;0;0;0;0;0;1;0;1;0;0
09/07/2017;18:48:00;221;Acidente sem Vítima;2,8;BR-040/GO;Norte;Colisão traseira;1;0;0;0;0;1;0;0;0;0;3;0;0;0;0
09/07/2017;18:32:00;215;Acidente sem Vítima;276,3;BR-040/MG;Sul;Abalroamento transversal;2;0;0;0;1;0;0;0;0;0;29;0;0;0;0
09/07/2017;18:12:00;206;Acidente sem Vítima;507,5;BR-040/MG;Sul;Colisão traseira;1;0;1;0;0;0;0;0;0;0;4;0;0;0;0
09/07/2017;17:55:00;201;Acidente com Vítima;509,81;BR-040/MG;Sul;Queda de Moto;1;0;0;1;0;0;0;0;0;0;1;2;0;0;0
09/07/2017;17:49:00;200;Acidente sem Vítima;528,25;BR-040/MG;Sul;Colisão traseira;2;0;0;0;0;0;0;0;0;0;6;0;0;0;0
09/07/2017;16:46:00;174;Acidente sem Vítima;25,1;BR-040/GO;Sul;Colisão traseira;2;0;0;0;0;0;0;0;0;0;3;0;0;0;0
09/07/2017;16:45:00;173;Acidente com Vítima;140,1;BR-040/GO;Norte;Colisão frontal;2;0;0;0;0;0;0;0;0;0;0;2;2;2;0
09/07/2017;16:15:00;166;Acidente com Vítima;7,1;BR-040/GO;Norte;Colisão traseira;2;0;0;1;0;0;0;0;0;0;3;2;0;0;0
09/07/2017;15:58:00;161;Acidente sem Vítima;301,9;BR-040/MG;Sul;Atropelamento de animal;1;0;0;0;0;0;0;0;0;0;1;0;0;0;0
09/07/2017;14:00:00;133;Acidente sem Vítima;529,46;BR-040/MG;Sul;Colisão traseira;3;0;0;0;0;0;0;0;0;0;3;0;0;0;0
09/07/2017;12:14:00;115;Acidente sem Vítima;750,15;BR-040/MG;Sul;Abalroamento longitudinal;1;0;0;1;0;0;0;0;0;0;2;0;0;0;0
09/07/2017;11:33:00;107;Acidente sem Vítima;488,6;BR-040/MG;Norte;Colisão traseira;2;0;1;0;0;0;0;0;0;0;8;0;0;0;0
09/07/2017;06:31:00;48;Acidente com Vítima;559,14;BR-040/MG;Sul;Choque com objeto fixo;1;0;0;0;0;0;0;0;0;0;2;1;0;0;0
09/07/2017;03:27:00;30;Acidente com Vítima;3,5;BR-040/GO;Norte;Queda de Moto;0;0;0;1;0;0;0;0;0;0;0;0;1;0;0
09/07/2017;01:04:00;13;Acidente sem Vítima;565,17;BR-040/MG;Norte;Choque com objeto fixo;1;0;0;0;0;0;0;0;0;0;1;0;0;0;0
08/07/2017;23:24:00;305;Acidente sem Vítima;2,8;BR-040/GO;Sul;Colisão traseira;2;0;0;0;0;0;0;0;0;0;2;0;0;0;0
08/07/2017;22:25:00;298;Acidente sem Vítima;1,6;BR-040/DF;Sul;Choque com objeto fixo;2;0;0;0;0;0;0;0;0;0;2;0;0;0;0
08/07/2017;22:20:00;297;Acidente com Vítima;460,5;BR-040/MG;Norte;Colisão traseira;1;0;0;1;0;0;0;0;0;0;1;1;0;0;0
08/07/2017;21:54:00;296;Acidente com Vítima;531,5;BR-040/MG;Sul;Colisão traseira;2;0;0;0;0;0;0;0;0;0;1;0;0;0;0
08/07/2017;21:47:00;293;Acidente com Vítima;708,5;BR-040/MG;Norte;Queda de Moto;0;0;0;1;0;0;0;0;0;0;0;1;0;0;0
08/07/2017;21:23:00;286;Acidente sem Vítima;494,5;BR-040/MG;Sul;Queda de Moto;0;0;0;1;0;0;0;0;0;0;1;0;0;0;0
08/07/2017;21:04:00;281;Acidente sem Vítima;1,8;BR-040/GO;Norte;Capotamento;1;0;0;0;0;0;0;0;0;0;2;0;0;0;0
08/07/2017;20:38:00;275;Acidente com Vítima;511,6;BR-040/MG;Sul;Queda de Moto;1;0;0;1;0;0;0;0;0;0;1;1;0;0;0
08/07/2017;20:16:00;267;Acidente sem Vítima;525,5;BR-040/MG;Sul;Colisão traseira;3;0;0;0;0;0;0;0;0;0;3;0;0;0;0
08/07/2017;18:16:00;230;Acidente com Vítima;598,95;BR-040/MG;Sul;Queda de Moto;0;0;0;1;0;0;0;0;0;0;0;1;0;0;0
08/07/2017;17:22:00;212;Acidente sem Vítima;7,9;BR-040/GO;Norte;Colisão traseira;2;0;0;0;0;0;0;0;0;0;2;0;0;0;0
08/07/2017;17:19:00;210;Acidente sem Vítima;509,7;BR-040/MG;Norte;Colisão traseira;2;0;0;0;0;0;0;0;0;0;5;0;0;0;0
08/07/2017;16:15:00;192;Atropelamento sem Morte;543,25;BR-040/MG;Sul;Atropelamento de pedestre atravessando;1;0;0;0;0;0;0;0;0;0;2;0;0;0;0
08/07/2017;15:49:00;184;Acidente sem Vítima;62,3;BR-040/GO;Sul;Abalroamento transversal;2;0;0;0;0;0;0;0;0;0;4;0;0;0;0
08/07/2017;15:09:00;172;Acidente sem Vítima;593,48;BR-040/MG;Sul;Choque com objeto fixo;1;0;0;0;0;0;0;0;0;0;1;0;0;0;0
08/07/2017;14:09:00;155;Acidente sem Vítima;1;BR-040/GO;Sul;Colisão traseira;2;0;0;0;0;0;0;0;0;0;8;0;0;0;0
08/07/2017;13:53:00;151;Acidente sem Vítima;729,01;BR-040/MG;Sul;Choque com objeto fixo;1;0;0;0;0;0;0;0;0;0;4;0;0;0;0
08/07/2017;13:40:00;148;Acidente sem Vítima;729,01;BR-040/MG;Sul;Choque em barreira New Jersey;1;0;0;0;0;0;0;0;0;0;1;0;0;0;0
08/07/2017;12:56:00;139;Atropelamento sem Morte;1,622;BR-040/GO;Sul;Atropelamento de pedestre atravessando;0;0;0;1;0;0;0;0;0;0;1;1;0;0;0
08/07/2017;12:37:00;133;Atropelamento sem Morte;1,7;BR-040/GO;Sul;Atropelamento de pedestre atravessando;0;0;0;1;0;0;0;0;0;0;0;1;0;0;0
08/07/2017;12:17:00;128;Acidente com Vítima;510;BR-040/MG;Norte;Colisão traseira;3;0;1;0;0;0;0;0;0;0;8;1;0;0;0
08/07/2017;11:57:00;120;Acidente sem Vítima;735,01;BR-040/MG;Norte;Choque com objeto fixo;1;0;0;0;0;0;0;0;0;0;3;0;0;0;0
08/07/2017;11:54:00;118;Acidente sem Vítima;717,3;BR-040/MG;Sul;Choque com objeto fixo;1;0;0;0;0;0;0;0;0;0;2;0;0;0;0
08/07/2017;11:37:00;117;Acidente sem Vítima;726,5;BR-040/MG;Sul;Choque em barreira New Jersey;1;0;0;0;0;0;0;0;0;0;1;0;0;0;0
08/07/2017;09:55:00;99;Acidente sem Vítima;95,286;BR-040/GO;Sul;Colisão traseira;0;0;1;0;0;1;0;0;0;0;2;0;0;0;0
08/07/2017;09:02:00;89;Acidente sem Vítima;717,44;BR-040/MG;Norte;Choque com objeto fixo;1;0;0;0;0;0;0;0;0;0;1;0;0;0;0
08/07/2017;07:00:00;63;Acidente com Morte;446,22;BR-040/MG;Norte;Choque em barreira New Jersey;1;0;0;0;0;0;0;0;0;0;0;0;0;1;3
08/07/2017;03:54:00;28;Acidente com Vítima;638,8;BR-040/MG;Norte;Queda de Moto;0;0;0;1;0;0;0;0;0;0;1;0;1;0;0
08/07/2017;01:04:00;7;Acidente sem Vítima;412,5;BR-040/MG;Norte;Atropelamento de animal;1;0;0;0;0;0;0;0;0;0;2;0;0;0;0
07/07/2017;23:13:00;441;Acidente sem Vítima;474,1;BR-040/MG;Sul;Choque com objeto fixo;1;0;0;0;0;0;0;0;0;0;1;0;0;0;0
07/07/2017;23:08:00;439;Acidente sem Vítima;424,2;BR-040/MG;Norte;Colisão traseira;2;0;0;0;0;0;0;0;0;0;8;0;0;0;0
07/07/2017;21:20:00;414;Acidente sem Vítima;578;BR-040/MG;Norte;Colisão traseira;0;0;2;0;0;0;0;0;0;0;2;0;0;0;0
07/07/2017;21:10:00;412;Acidente sem Vítima;536,2;BR-040/MG;Sul;Colisão traseira;2;0;0;0;0;0;0;0;0;0;2;0;0;0;0
07/07/2017;21:08:00;410;Acidente com Morte;350,344;BR-040/MG;Norte;Colisão frontal;1;0;1;0;0;0;0;0;0;0;0;1;0;0;2
07/07/2017;20:19:00;396;Acidente sem Vítima;7,9;BR-040/GO;Sul;Abalroamento longitudinal;2;0;0;0;0;0;0;0;0;0;5;0;0;0;0
07/07/2017;19:57:00;388;Acidente sem Vítima;513,2;BR-040/MG;Norte;Abalroamento longitudinal;0;0;2;0;0;0;0;0;0;0;2;0;0;0;0
07/07/2017;19:55:00;386;Acidente com Vítima;630,7;BR-040/MG;Sul;Abalroamento transversal;1;0;0;1;0;0;0;0;0;0;1;0;1;1;0
07/07/2017;19:25:00;375;Acidente sem Vítima;405,3;BR-040/MG;Sul;Colisão traseira;2;0;1;0;0;0;0;0;0;0;6;0;0;0;0
07/07/2017;18:20:00;341;Acidente sem Vítima;526,8;BR-040/MG;Norte;Colisão traseira;2;0;0;1;0;0;0;0;0;0;5;0;0;0;0
07/07/2017;17:14:00;320;Acidente sem Vítima;5,5;BR-040/GO;Norte;Abalroamento longitudinal;2;0;0;0;0;0;0;0;0;0;4;0;0;0;0
07/07/2017;17:10:00;318;Acidente sem Vítima;469;BR-040/MG;Sul;Queda de Moto;0;0;0;1;0;0;0;0;0;0;1;0;0;0;0
07/07/2017;17:04:00;317;Acidente com Vítima;528,5;BR-040/MG;Norte;Capotamento;1;0;0;0;0;0;0;0;0;0;0;1;0;0;0
07/07/2017;17:02:00;315;Acidente com Vítima;3,5;BR-040/GO;Norte;Colisão traseira;1;0;0;1;0;0;0;0;0;0;1;1;0;0;0
07/07/2017;16:23:00;309;Acidente sem Vítima;533;BR-040/MG;Norte;Colisão traseira;4;0;0;0;0;0;0;0;0;0;4;0;0;0;0
07/07/2017;15:36:00;297;Acidente sem Vítima;699,024;BR-040/MG;Norte;Choque com objeto fixo;0;0;1;0;0;0;0;0;0;0;1;0;0;0;0
07/07/2017;14:57:00;288;Acidente sem Vítima;469,502;BR-040/MG;Norte;Capotamento;1;0;0;0;0;0;0;0;0;0;1;0;0;0;0
07/07/2017;14:34:00;282;Acidente sem Vítima;564,739;BR-040/MG;Sul;Choque com objeto fixo;1;0;0;0;0;0;0;0;0;0;1;0;0;0;0
07/07/2017;14:26:00;280;Acidente sem Vítima;511,006;BR-040/MG;Norte;Colisão traseira;1;0;0;1;0;0;0;0;0;0;3;0;0;0;0
07/07/2017;13:34:00;263;Acidente sem Vítima;726,93;BR-040/MG;Norte;Choque com objeto fixo;0;0;1;0;0;0;0;0;0;0;1;0;0;0;0
07/07/2017;13:09:00;258;Acidente sem Vítima;1,8;BR-040/GO;Norte;Colisão traseira;5;0;0;0;0;0;0;0;0;0;8;0;0;0;0
07/07/2017;12:56:00;255;Acidente sem Vítima;717,46;BR-040/MG;Norte;Choque em defensa;1;0;0;0;0;0;0;0;0;0;2;0;0;0;0
07/07/2017;12:42:00;250;Acidente sem Vítima;661,04;BR-040/MG;Sul;Choque com objeto fixo;1;0;0;0;0;0;0;0;0;0;4;0;0;0;0
07/07/2017;11:35:00;233;Acidente sem Vítima;2,25;BR-040/GO;Sul;Colisão traseira;4;0;0;0;0;0;0;0;0;0;8;0;0;0;0
07/07/2017;10:37:00;212;Acidente com Vítima;513;BR-040/MG;Norte;Queda de Moto;0;0;0;1;0;0;0;0;0;0;1;1;0;0;0
07/07/2017;08:58:00;180;Acidente sem Vítima;6,3;BR-040/DF;Norte;Abalroamento longitudinal;2;0;0;0;0;0;0;0;0;0;2;0;0;0;0
07/07/2017;08:53:00;178;Acidente sem Vítima;717,5;BR-040/MG;Norte;Choque em defensa;1;0;0;0;0;0;0;0;0;0;2;0;0;0;0
07/07/2017;05:51:00;129;Acidente sem Vítima;7,8;BR-040/GO;Sul;Abalroamento longitudinal;2;0;0;0;0;0;0;0;0;0;3;0;0;0;0
07/07/2017;04:56:00;121;Acidente com Vítima;737,496;BR-040/MG;Norte;Choque com objeto fixo;1;0;0;0;0;0;0;0;0;0;4;1;0;0;0
06/07/2017;23:43:00;421;Atropelamento sem Morte;0,021;BR-040/GO;Sul;Atropelamento de pedestre atravessando;0;0;0;1;0;0;0;0;0;0;1;1;0;0;0
06/07/2017;23:36:00;420;Atropelamento sem Morte;21,021;BR-040/GO;Norte;Atropelamento de pedestre atravessando;0;0;0;0;1;0;0;0;0;0;26;0;0;0;0
06/07/2017;22:08:00;402;Acidente sem Vítima;129,042;BR-040/MG;Sul;Abalroamento longitudinal;1;0;1;0;0;0;0;0;0;0;2;0;0;0;0
06/07/2017;22:00:00;400;Acidente sem Vítima;541,1;BR-040/MG;Sul;Colisão traseira;1;0;1;0;0;0;0;0;0;0;3;0;0;0;0
06/07/2017;21:00:00;387;Acidente com Vítima;539,8;BR-040/MG;Norte;Colisão traseira;1;0;1;0;0;0;0;0;0;0;1;2;0;0;0
06/07/2017;20:14:00;375;Acidente sem Vítima;528,78;BR-040/MG;Norte;Atropelamento de animal;2;0;0;0;0;0;0;0;0;0;2;0;0;0;0
06/07/2017;19:41:00;370;Acidente sem Vítima;528,4;BR-040/MG;Sul;Colisão traseira;2;0;0;0;0;0;0;0;0;0;2;0;0;0;0
06/07/2017;19:21:00;363;Acidente sem Vítima;576,526;BR-040/MG;Norte;Abalroamento transversal;2;0;1;0;0;0;0;0;0;0;3;0;0;0;0
06/07/2017;19:20:00;362;Atropelamento sem Morte;0,008;BR-040/GO;Norte;Atropelamento de pedestre atravessando;0;0;0;1;0;0;0;0;0;0;1;0;0;1;0
06/07/2017;19:11:00;359;Acidente com Vítima;546,5;BR-040/MG;Norte;Choque em barreira New Jersey;1;0;0;0;0;0;0;0;0;0;0;1;0;0;0
06/07/2017;19:10:00;358;Acidente sem Vítima;749,518;BR-040/MG;Sul;Queda de Carga;0;0;0;0;0;1;0;0;0;0;1;0;0;0;0
06/07/2017;18:07:00;339;Acidente sem Vítima;532,62;BR-040/MG;Sul;Colisão traseira;2;0;0;0;0;0;0;0;0;0;3;0;0;0;0
06/07/2017;16:53:00;319;Acidente sem Vítima;590,1;BR-040/MG;Norte;Colisão traseira;0;0;2;0;0;0;0;0;0;0;2;0;0;0;0
06/07/2017;14:07:00;275;Acidente com Vítima;544,1;BR-040/MG;Sul;Queda de Moto;0;0;0;1;0;0;0;0;0;0;0;1;0;0;0
06/07/2017;13:55:00;272;Acidente sem Vítima;90,15;BR-040/GO;Norte;Queda de Carga;0;0;1;0;0;0;0;0;0;0;2;0;0;0;0
06/07/2017;13:15:00;265;Acidente sem Vítima;766,7;BR-040/MG;Sul;Capotamento;0;0;1;0;0;0;0;0;0;0;1;0;0;0;0
06/07/2017;13:10:00;263;Acidente com Vítima;196,5;BR-040/MG;Norte;Queda de Moto;0;0;1;3;0;0;0;0;0;0;2;2;0;0;0
06/07/2017;12:12:00;254;Acidente sem Vítima;716,1;BR-040/MG;Norte;Capotamento;1;0;0;0;0;0;0;0;0;0;2;0;0;0;0
06/07/2017;10:29:00;222;Acidente com Vítima;543,85;BR-040/MG;Norte;Queda de Moto;0;0;0;1;0;0;0;0;0;0;0;1;0;0;0
06/07/2017;10:00:00;209;Acidente com Vítima;129,56;BR-040/GO;Norte;Colisão traseira;1;0;1;0;0;0;0;0;0;0;4;2;0;0;0
06/07/2017;09:36:00;201;Acidente sem Vítima;537,5;BR-040/MG;Norte;Colisão traseira;2;0;0;0;0;0;0;0;0;0;2;0;0;0;0
06/07/2017;08:42:00;179;Acidente com Vítima;413;BR-040/MG;Norte;Abalroamento transversal;1;0;1;0;0;0;0;0;0;0;1;3;0;0;0
06/07/2017;07:54:00;155;Acidente sem Vítima;431,3;BR-040/MG;Norte;Capotamento;1;0;0;0;0;0;0;0;0;0;4;0;0;0;0
06/07/2017;00:44:00;71;Acidente com Vítima;1,227;BR-040/GO;Sul;Queda de Moto;0;0;0;1;0;0;0;0;0;0;0;1;0;0;0
05/07/2017;23:06:00;367;Acidente com Vítima;2,525;BR-040/GO;Norte;Abalroamento longitudinal;1;0;0;1;0;0;0;0;0;0;3;1;0;0;0
05/07/2017;22:19:00;361;Acidente sem Vítima;536,1;BR-040/MG;Norte;Choque com objeto fixo;1;0;0;0;0;0;0;0;0;0;1;0;0;0;0
05/07/2017;16:52:00;283;Acidente sem Vítima;0,33;BR-040/DF;Norte;Colisão traseira;2;0;0;0;0;0;0;0;0;0;2;0;0;0;0
05/07/2017;16:27:00;273;Acidente sem Vítima;727,1;BR-040/MG;Sul;Choque em barreira New Jersey;1;0;0;0;0;0;0;0;0;0;1;0;0;0;0
05/07/2017;15:30:00;257;Acidente sem Vítima;695,2;BR-040/MG;Sul;Choque com objeto fixo;1;0;0;0;0;0;0;0;0;0;2;0;0;0;0
05/07/2017;12:12:00;217;Acidente sem Vítima;302,5;BR-040/MG;Sul;Abalroamento longitudinal;1;0;1;0;0;0;0;0;0;0;2;0;0;0;0
05/07/2017;11:11:00;200;Acidente com Vítima;737;BR-040/MG;Sul;Capotamento;1;0;0;0;0;0;0;0;0;0;1;0;0;0;0
05/07/2017;10:17:00;191;Acidente com Vítima;453,15;BR-040/MG;Sul;Choque com objeto fixo;1;0;0;0;0;0;0;0;0;0;0;1;0;0;0
05/07/2017;10:14:00;190;Acidente com Vítima;741,1;BR-040/MG;Sul;Abalroamento longitudinal;1;0;1;0;0;0;0;0;0;0;1;0;2;2;0
05/07/2017;09:30:00;175;Acidente sem Vítima;2,8;BR-040/GO;Sul;Colisão traseira;2;0;0;0;0;0;0;0;0;0;2;0;0;0;0
05/07/2017;09:24:00;172;Acidente sem Vítima;735,6;BR-040/MG;Norte;Choque com objeto fixo;1;0;0;0;0;0;0;0;0;0;1;0;0;0;0
05/07/2017;09:13:00;166;Acidente sem Vítima;619,5;BR-040/MG;Norte;Colisão traseira;2;0;0;0;0;0;0;0;0;0;2;0;0;0;0
05/07/2017;09:07:00;165;Acidente sem Vítima;98,049;BR-040/GO;Norte;Colisão traseira;0;0;2;0;0;0;0;0;0;0;2;0;0;0;0
05/07/2017;09:01:00;162;Acidente sem Vítima;526,886;BR-040/MG;Sul;Choque com objeto fixo;1;0;0;0;0;0;0;0;0;0;1;0;0;0;0
05/07/2017;08:58:00;160;Acidente sem Vítima;0,3;BR-040/GO;Norte;Colisão traseira;4;0;1;0;0;0;0;0;0;0;5;0;0;0;0
05/07/2017;07:34:00;132;Acidente com Vítima;525,82;BR-040/MG;Norte;Queda de Moto;0;0;0;1;0;0;0;0;0;0;0;1;0;0;0
05/07/2017;06:38:00;117;Acidente com Vítima;538,202;BR-040/MG;Sul;Capotamento;1;0;0;0;0;0;0;0;0;0;0;1;0;0;0
05/07/2017;05:50:00;111;Acidente com Vítima;10,25;BR-040/GO;Norte;Capotamento;1;0;0;0;0;1;0;0;0;0;2;3;0;0;0
04/07/2017;19:23:00;357;Acidente sem Vítima;43,8;BR-040/MG;Sul;Choque com objeto fixo;1;0;0;0;0;0;0;0;0;0;1;0;0;0;0
04/07/2017;18:49:00;348;Acidente sem Vítima;454,5;BR-040/MG;Sul;Queda de Moto;0;0;1;1;0;0;0;0;0;0;2;0;0;0;0
04/07/2017;18:22:00;337;Acidente sem Vítima;518,011;BR-040/MG;Norte;Colisão traseira;1;0;0;1;0;0;0;0;0;0;2;0;0;0;0
04/07/2017;18:09:00;330;Acidente sem Vítima;453,8;BR-040/MG;Sul;Queda de Moto;0;0;0;1;0;0;0;0;0;0;2;0;0;0;0
04/07/2017;15:30:00;284;Acidente sem Vítima;1,5;BR-040/GO;Sul;Colisão traseira;4;0;0;0;0;0;0;0;0;0;4;0;0;0;0
04/07/2017;14:24:00;267;Atropelamento sem Morte;2,5;BR-040/GO;Sul;Atropelamento de pedestre atravessando;0;0;0;1;0;0;0;0;0;0;1;1;0;0;0
04/07/2017;10:38:00;214;Acidente com Vítima;538,11;BR-040/MG;Norte;Queda de Moto;0;0;0;1;0;0;0;0;0;0;0;0;0;0;0
04/07/2017;09:53:00;198;Acidente sem Vítima;610,5;BR-040/MG;Norte;Colisão traseira;1;0;0;0;0;1;0;0;0;0;2;0;0;0;0
04/07/2017;02:33:00;30;Acidente com Vítima;79,1;BR-040/GO;Norte;Capotamento;1;0;0;0;0;0;0;0;0;0;0;1;0;0;0
03/07/2017;19:43:00;340;Acidente sem Vítima;532,1;BR-040/MG;Norte;Colisão traseira;2;0;0;0;0;0;0;0;0;0;3;0;0;0;0
03/07/2017;18:10:00;305;Acidente sem Vítima;4,5;BR-040/GO;Norte;Colisão traseira;2;0;0;0;0;0;0;0;0;0;3;0;0;0;0
03/07/2017;17:33:00;298;Acidente com Vítima;471,2;BR-040/MG;Sul;Queda de Moto;0;0;0;1;0;0;0;0;0;0;0;1;0;0;0
03/07/2017;16:15:00;276;Acidente sem Vítima;535,441;BR-040/MG;Sul;Colisão traseira;1;0;1;0;0;0;0;0;0;0;2;0;0;0;0
03/07/2017;08:03:00;136;Acidente sem Vítima;717,7;BR-040/MG;Sul;Capotamento;1;0;0;0;0;0;0;0;0;0;1;0;0;0;0
03/07/2017;07:47:00;131;Acidente sem Vítima;654,54;BR-040/MG;Norte;Choque com objeto fixo;1;0;0;0;0;0;0;0;0;0;1;0;0;0;0
03/07/2017;07:20:00;108;Acidente sem Vítima;522,89;BR-040/MG;Sul;Colisão traseira;1;0;0;0;1;0;0;0;0;0;36;0;0;0;0
03/07/2017;05:33:00;94;Acidente sem Vítima;716,953;BR-040/MG;Norte;Choque com objeto fixo;1;0;0;0;0;0;0;0;0;0;1;0;0;0;0
02/07/2017;20:36:00;222;Acidente sem Vítima;1,34;BR-040/DF;Norte;Choque em defensa;1;0;0;0;0;0;0;0;0;0;1;0;0;0;0
02/07/2017;19:50:00;207;Acidente sem Vítima;7,7;BR-040/GO;Sul;Abalroamento transversal;1;0;0;1;0;0;0;0;0;0;2;0;0;0;0
02/07/2017;19:12:00;197;Acidente sem Vítima;508,1;BR-040/MG;Norte;Choque com objeto fixo;0;0;1;0;0;0;0;0;0;0;1;0;0;0;0
02/07/2017;18:27:00;182;Acidente com Vítima;141,02;BR-040/MG;Norte;Atropelamento de animal;0;0;0;1;0;0;0;0;0;0;0;0;0;0;0
02/07/2017;18:23:00;181;Acidente sem Vítima;508,2;BR-040/MG;Sul;Colisão traseira;2;0;0;0;0;0;0;0;0;0;3;0;0;0;0