data;horario;n_da_ocorrencia;tipo_de_ocorrencia;km;trecho;sentido;tipo_de_acidente;automovel;bicicleta;caminhao;moto;onibus;outros;tracao_animal;transporte_de_cargas_especiais;trator_maquinas;utilitarios;ilesos;levemente_feridos;moderadamente_feridos;gravemente_feridos;mortos
02/07/2017;18:19:00;180;Acidente sem Vítima;3,01;BR-040/GO;Norte;Colisão traseira;3;0;0;0;0;0;0;0;0;0;3;0;0;0;0
02/07/2017;17:06:00;161;Acidente sem Vítima;548,1;BR-040/MG;Norte;Colisão traseira;4;0;0;0;0;0;0;0;0;0;4;0;0;0;0
02/07/2017;16:41:00;155;Acidente sem Vítima;534,1;BR-040/MG;Sul;Colisão traseira;1;0;1;0;0;0;0;0;0;0;2;0;0;0;0
02/07/2017;16:37:00;153;Acidente com Vítima;510,5;BR-040/MG;Sul;Colisão traseira;2;0;0;0;0;0;0;0;0;0;6;1;0;0;0
02/07/2017;15:26:00;138;Acidente sem Vítima;518,1;BR-040/MG;Sul;Capotamento;2;0;0;0;0;0;0;0;0;0;4;0;0;0;0
02/07/2017;14:31:00;127;Acidente com Vítima;3,1;BR-040/MG;Sul;Queda de Moto;0;0;0;1;0;0;0;0;0;0;0;1;0;0;0
02/07/2017;12:52:00;106;Acidente com Vítima;0,95;BR-040/GO;Norte;Queda de Moto;0;0;0;1;0;0;0;0;0;0;2;1;1;0;0
02/07/2017;12:25:00;101;Acidente com Morte;768,1;BR-040/MG;Sul;Abalroamento transversal;2;0;0;0;0;0;0;0;0;0;0;0;4;0;5
02/07/2017;12:12:00;100;Acidente sem Vítima;479,1;BR-040/MG;Sul;Abalroamento longitudinal;1;0;0;0;0;1;0;0;0;0;2;0;0;0;0
02/07/2017;09:35:00;64;Acidente com Morte;576,04;BR-040/MG;Norte;Colisão frontal;1;0;0;0;0;1;0;0;0;0;0;1;0;0;2
02/07/2017;06:52:00;34;Acidente sem Vítima;5;BR-040/DF;Sul;Choque com objeto fixo;1;0;0;0;0;0;0;0;0;0;1;0;0;0;0
02/07/2017;00:19:00;3;Acidente sem Vítima;643,2;BR-040/MG;Sul;Atropelamento de animal;1;0;0;0;0;0;0;0;0;0;1;0;0;0;0
01/07/2017;23:10:00;334;Acidente sem Vítima;579,8;BR-040/MG;Norte;Abalroamento longitudinal;2;0;0;0;0;0;0;0;0;0;2;0;0;0;0
01/07/2017;22:44:00;330;Acidente sem Vítima;74,7;BR-040/GO;Norte;Choque com objeto fixo;1;0;0;0;0;0;0;0;0;0;1;0;0;0;0
01/07/2017;21:27:00;316;Atropelamento com Morte;533,88;BR-040/MG;Sul;Atropelamento de pedestre caminhando;1;0;0;0;0;0;0;0;0;0;1;0;0;0;1
01/07/2017;21:20:00;314;Acidente com Vítima;569,98;BR-040/MG;Norte;Colisão frontal;2;0;0;0;0;0;0;0;0;0;0;0;3;1;0
01/07/2017;18:26:00;262;Acidente com Vítima;473,2;BR-040/MG;Norte;Queda de Moto;0;0;0;1;0;0;0;0;0;0;1;0;1;0;0
01/07/2017;17:54:00;252;Acidente sem Vítima;559,2;BR-040/MG;Sul;Colisão traseira;2;0;0;0;0;0;0;0;0;0;5;0;0;0;0
01/07/2017;17:20:00;244;Acidente com Vítima;559,1;BR-040/MG;Sul;Capotamento;1;0;0;0;0;0;0;0;0;0;0;0;2;0;0
01/07/2017;13:44:00;192;Acidente com Vítima;629,368;BR-040/MG;Norte;Queda de Moto;0;0;0;1;0;0;0;0;0;0;0;0;0;0;0
01/07/2017;13:36:00;187;Acidente sem Vítima;552,1;BR-040/MG;Norte;Colisão traseira;2;0;0;0;0;0;0;0;0;0;2;0;0;0;0
01/07/2017;11:59:00;157;Acidente com Vítima;533,101;BR-040/MG;Sul;Queda de Moto;0;0;0;1;0;0;0;0;0;0;0;1;0;0;0
01/07/2017;11:58:00;156;Acidente com Vítima;619,3;BR-040/MG;Norte;Abalroamento transversal;2;0;1;0;0;0;0;0;0;0;4;0;0;0;0
01/07/2017;11:32:00;146;Acidente sem Vítima;482,8;BR-040/MG;Sul;Choque com objeto fixo;1;0;0;0;0;0;0;0;0;0;4;0;0;0;0
01/07/2017;06:44:00;61;Acidente com Vítima;550,1;BR-040/MG;Sul;Capotamento;1;0;0;0;0;0;0;0;0;0;0;3;0;0;0
01/07/2017;03:42:00;41;Acidente sem Vítima;5;BR-040/GO;Sul;Abalroamento longitudinal;2;0;0;0;0;0;0;0;0;0;2;0;0;0;0
31/08/2017;22:16:00;405;Acidente sem Vítima;8,9;BR-040/GO;Sul;Colisão traseira;2;0;0;0;0;0;0;0;0;0;16;0;0;0;0
31/08/2017;20:55:00;393;Acidente sem Vítima;2,8;BR-040/GO;Sul;Abalroamento longitudinal;2;0;0;0;0;0;0;0;0;0;15;0;0;0;0
31/08/2017;20:12:00;381;Acidente com Vítima;228,15;BR-040/MG;Norte;Colisão traseira;2;0;0;0;0;0;0;0;0;0;1;0;2;0;0
31/08/2017;19:59:00;374;Acidente sem Vítima;136,5;BR-040/MG;Norte;Abalroamento longitudinal;2;0;0;0;0;0;0;0;0;0;2;0;0;0;0
31/08/2017;18:35:00;342;Acidente sem Vítima;136,5;BR-040/MG;Sul;Choque com objeto fixo;0;0;1;0;0;0;0;0;0;0;1;0;0;0;0
31/08/2017;18:03:00;328;Acidente com Vítima;43,2;BR-040/MG;Sul;Queda de Moto;0;0;0;1;0;0;0;0;0;0;1;0;1;0;0
31/08/2017;14:24:00;253;Acidente com Vítima;610,2;BR-040/MG;Sul;Abalroamento transversal;1;0;1;0;0;0;0;0;0;0;1;2;1;0;0
31/08/2017;10:03:00;184;Acidente sem Vítima;588,5;BR-040/MG;Norte;Choque com objeto fixo;1;0;0;0;0;0;0;0;0;0;1;0;0;0;0
31/08/2017;07:47:00;151;Acidente com Vítima;530,6;BR-040/MG;Sul;Colisão traseira;1;0;0;1;0;0;0;0;0;0;2;1;0;0;0
30/08/2017;19:24:00;337;Acidente sem Vítima;541,297;BR-040/MG;Norte;Colisão traseira;0;0;1;0;1;0;0;0;0;0;2;0;0;0;0
30/08/2017;16:11:00;280;Acidente com Vítima;539,6;BR-040/MG;Sul;Queda de Moto;0;0;0;1;0;0;0;0;0;0;0;1;0;0;0
30/08/2017;15:18:00;264;Acidente com Morte;586,05;BR-040/MG;Norte;Colisão frontal;1;0;1;0;0;0;0;0;0;0;1;0;0;0;1
30/08/2017;09:45:00;183;Acidente com Vítima;570,1;BR-040/MG;Norte;Abalroamento transversal;0;0;0;2;0;0;0;0;0;0;1;1;0;0;0
30/08/2017;08:40:00;167;Acidente sem Vítima;6,85;BR-040/DF;Norte;Queda de Moto;0;0;0;1;0;0;0;0;0;0;1;0;0;0;0
30/08/2017;08:03:00;159;Acidente sem Vítima;43,5;BR-040/MG;Sul;Abalroamento longitudinal;1;0;0;1;0;0;0;0;0;0;2;0;0;0;0
30/08/2017;05:58:00;117;Acidente sem Vítima;509,2;BR-040/MG;Sul;Capotamento;1;0;0;0;0;0;0;0;0;0;1;0;0;0;0
29/08/2017;23:02:00;411;Acidente sem Vítima;525,1;BR-040/MG;Norte;Choque com objeto fixo;1;0;0;0;0;0;0;0;0;0;1;0;0;0;0
29/08/2017;20:53:00;381;Atropelamento com Morte;459,97;BR-040/MG;Sul;Atropelamento de ciclista;1;1;0;0;0;0;0;0;0;0;1;0;0;0;1
29/08/2017;19:10:00;354;Acidente sem Vítima;7;BR-040/DF;Sul;Queda de Moto;0;0;0;1;0;0;0;0;0;0;2;0;0;0;0
29/08/2017;18:21:00;334;Acidente sem Vítima;44;BR-040/MG;Sul;Colisão traseira;1;0;0;1;0;0;0;0;0;0;2;0;0;0;0
29/08/2017;15:18:00;283;Acidente sem Vítima;510;BR-040/MG;Norte;Colisão traseira;0;0;1;0;1;1;0;0;0;0;25;0;0;0;0
29/08/2017;14:49:00;278;Acidente com Vítima;510;BR-040/MG;Norte;Colisão traseira;1;0;0;1;0;0;0;0;0;0;1;1;0;0;0
29/08/2017;14:04:00;259;Acidente sem Vítima;4;BR-040/GO;Norte;Abalroamento longitudinal;2;0;0;0;0;0;0;0;0;0;2;0;0;0;0
29/08/2017;11:22:00;209;Acidente sem Vítima;517;BR-040/MG;Sul;Colisão traseira;2;0;0;0;0;0;0;0;0;0;2;0;0;0;0
29/08/2017;10:18:00;183;Acidente com Vítima;550,36;BR-040/MG;Norte;Queda de Moto;0;0;0;1;0;0;0;0;0;0;0;1;0;0;0
29/08/2017;06:54:00;96;Acidente sem Vítima;517;BR-040/MG;Sul;Colisão traseira;2;0;0;0;0;0;0;0;0;0;2;0;0;0;0
29/08/2017;06:20:00;89;Acidente sem Vítima;500,5;BR-040/MG;Norte;Atropelamento de animal;0;0;0;1;0;0;0;0;0;0;2;0;0;0;0
29/08/2017;06:00:00;85;Acidente com Vítima;728,777;BR-040/MG;Norte;Queda de Carga;0;0;1;0;0;0;0;0;0;0;0;0;0;1;0
28/08/2017;21:44:00;395;Atropelamento com Morte;9,3;BR-040/GO;Sul;Atropelamento de pedestre atravessando;2;0;0;0;0;0;0;0;0;0;2;0;0;0;1
28/08/2017;20:28:00;384;Atropelamento sem Morte;4,1;BR-040/GO;Sul;Atropelamento de pedestre atravessando;0;0;0;1;0;0;0;0;0;0;0;1;0;0;0
28/08/2017;18:51:00;360;Acidente com Vítima;6,4;BR-040/GO;Norte;Colisão traseira;1;0;0;1;0;0;0;0;0;0;1;1;0;0;0
28/08/2017;17:26:00;332;Acidente sem Vítima;18,68;BR-040/GO;Norte;Abalroamento longitudinal;2;0;0;0;0;0;0;0;0;0;2;0;0;0;0
28/08/2017;17:23:00;331;Acidente com Vítima;527,2;BR-040/MG;Norte;Queda de Moto;0;0;0;1;0;0;0;0;0;0;0;1;0;0;0
28/08/2017;15:03:00;286;Acidente com Vítima;678;BR-040/MG;Sul;Choque com objeto fixo;1;0;0;0;0;0;0;0;0;0;0;1;0;0;0
28/08/2017;10:45:00;204;Acidente sem Vítima;295,47;BR-040/MG;Norte;Capotamento;1;0;0;0;0;0;0;0;0;0;2;0;0;0;0
28/08/2017;10:45:00;205;Acidente sem Vítima;0;Fora_Rota;Norte;Abalroamento longitudinal;2;0;0;0;0;0;0;0;0;0;3;0;0;0;0
28/08/2017;10:36:00;200;Acidente sem Vítima;7,8;BR-040/GO;Norte;Colisão traseira;1;0;0;0;1;0;0;0;0;0;18;0;0;0;0
28/08/2017;07:37:00;137;Acidente com Morte;519,9;BR-040/MG;Sul;Abalroamento longitudinal;0;0;1;2;0;0;0;0;0;0;1;0;0;0;1
28/08/2017;06:54:00;118;Acidente sem Vítima;0,1;BR-040/GO;Norte;Colisão traseira;1;0;0;1;0;0;0;0;0;0;2;0;0;0;0
28/08/2017;00:01:00;1;Acidente com Vítima;608,5;BR-040/MG;Norte;Queda de Moto;0;0;0;1;0;0;0;0;0;0;0;0;1;0;0
27/08/2017;22:42:00;265;Atropelamento sem Morte;16,3;BR-040/GO;Sul;Atropelamento de pedestre atravessando;1;0;0;0;0;0;0;0;0;0;1;0;1;0;0
27/08/2017;22:18:00;259;Acidente sem Vítima;554,3;BR-040/MG;Norte;Atropelamento de animal;2;0;0;0;0;0;0;0;0;0;5;0;0;0;0
27/08/2017;18:46:00;185;Atropelamento sem Morte;226,001;BR-040/MG;Norte;Atropelamento de pedestre caminhando;0;0;0;1;0;0;0;0;0;0;1;0;0;0;0
27/08/2017;18:37:00;180;Acidente com Vítima;12,9;BR-040/GO;Sul;Colisão traseira;2;0;0;0;0;0;0;0;0;0;2;2;0;0;0
27/08/2017;17:47:00;157;Acidente sem Vítima;517,2;BR-040/MG;Sul;Abalroamento transversal;2;0;0;0;0;0;0;0;0;0;6;0;0;0;0
27/08/2017;17:46:00;156;Acidente com Vítima;414,15;BR-040/MG;Sul;Queda de Moto;1;0;0;1;0;0;0;0;0;0;1;1;0;0;0
27/08/2017;17:26:00;151;Acidente com Vítima;762,1;BR-040/MG;Sul;Queda de Moto;0;0;0;1;0;0;0;0;0;0;0;2;0;0;0
27/08/2017;16:55:00;144;Acidente sem Vítima;446,5;BR-040/MG;Sul;Abalroamento longitudinal;2;0;0;0;0;0;0;0;0;0;6;0;0;0;0
27/08/2017;16:51:00;143;Acidente com Vítima;506,15;BR-040/MG;Sul;Queda de Moto;0;0;0;1;0;0;0;0;0;0;0;0;1;0;0
27/08/2017;15:36:00;129;Acidente com Vítima;2,1;BR-040/GO;Norte;Abalroamento transversal;1;0;0;1;0;1;0;0;0;0;2;0;1;0;0
27/08/2017;15:34:00;128;Acidente com Vítima;516,9;BR-040/MG;Sul;Colisão traseira;2;0;0;0;0;0;0;0;0;0;4;2;0;0;0
27/08/2017;15:25:00;126;Acidente sem Vítima;487;BR-040/MG;Sul;Abalroamento longitudinal;1;0;0;0;0;1;0;0;0;0;6;0;0;0;0
27/08/2017;15:13:00;123;Acidente com Vítima;518,8;BR-040/MG;Sul;Outros;2;0;1;1;0;0;0;0;0;0;2;2;0;0;0
27/08/2017;15:00:00;121;Acidente sem Vítima;632,1;BR-040/MG;Sul;Abalroamento longitudinal;2;0;0;0;0;0;0;0;0;0;2;0;0;0;0
27/08/2017;14:24:00;116;Acidente sem Vítima;712,8;BR-040/MG;Sul;Queda de Carga;0;0;1;0;0;0;0;0;0;0;1;0;0;0;0
27/08/2017;06:24:00;46;Acidente com Vítima;699,8;BR-040/MG;Sul;Colisão traseira;3;0;0;0;0;0;0;0;0;0;3;3;0;0;0
27/08/2017;05:22:00;39;Acidente com Vítima;91,086;BR-040/GO;Sul;Colisão frontal;1;0;0;0;1;1;0;0;0;0;7;0;0;1;0
27/08/2017;00:50:00;8;Acidente com Morte;544,4;BR-040/MG;Sul;Colisão traseira;1;0;1;0;0;0;0;0;0;0;1;0;0;0;1
27/08/2017;00:45:00;7;Acidente sem Vítima;506,5;BR-040/MG;Sul;Atropelamento de animal;4;0;0;0;0;0;0;0;0;0;9;0;0;0;0
27/08/2017;00:23:00;5;Acidente sem Vítima;618,1;BR-040/MG;Sul;Capotamento;1;0;0;0;0;0;0;0;0;0;4;0;0;0;0
26/08/2017;23:23:00;317;Acidente com Vítima;478,2;BR-040/MG;Norte;Capotamento;1;0;0;0;0;0;0;0;0;0;0;1;0;0;0
26/08/2017;22:24:00;298;Acidente com Morte;22,5;BR-040/GO;Norte;Atropelamento de animal;0;0;0;1;0;0;0;0;0;0;0;0;0;1;1
26/08/2017;21:19:00;288;Acidente sem Vítima;16,487;BR-040/GO;Norte;Colisão traseira;2;0;0;0;0;0;0;0;0;0;2;0;0;0;0
26/08/2017;20:49:00;280;Acidente com Vítima;550,2;BR-040/MG;Sul;Colisão traseira;1;0;1;0;0;0;0;0;0;0;1;0;1;0;0
26/08/2017;19:29:00;254;Acidente sem Vítima;7,2;BR-040/DF;Sul;Choque com objeto fixo;1;0;0;0;0;0;0;0;0;0;1;0;0;0;0
26/08/2017;18:47:00;236;Acidente sem Vítima;523,3;BR-040/MG;Sul;Colisão traseira;2;0;0;0;0;0;0;0;0;0;3;0;0;0;0
26/08/2017;18:34:00;230;Acidente sem Vítima;363,001;BR-040/MG;Norte;Choque com objeto fixo;1;0;0;0;0;0;0;0;0;0;1;0;0;0;0
26/08/2017;16:54:00;203;Atropelamento sem Morte;282;BR-040/MG;Norte;Atropelamento de pedestre atravessando;0;0;0;1;0;0;0;0;0;0;2;0;0;0;0
26/08/2017;16:05:00;187;Acidente sem Vítima;523,97;BR-040/MG;Sul;Atropelamento de animal;0;0;0;1;0;0;0;0;0;0;2;0;0;0;0
26/08/2017;15:54:00;185;Acidente com Vítima;734,4;BR-040/MG;Norte;Queda de Moto;0;0;0;1;0;0;0;0;0;0;0;2;0;0;0
26/08/2017;12:41:00;143;Acidente sem Vítima;547,15;BR-040/MG;Sul;Choque com objeto fixo;1;0;0;0;0;0;0;0;0;0;1;0;0;0;0
26/08/2017;12:19:00;136;Acidente sem Vítima;16,15;BR-040/GO;Sul;Colisão traseira;2;0;0;0;0;0;0;0;0;0;2;0;0;0;0
26/08/2017;11:51:00;129;Acidente sem Vítima;549,15;BR-040/MG;Sul;Colisão traseira;3;0;0;0;0;0;0;0;0;0;3;0;0;0;0
26/08/2017;11:43:00;127;Acidente sem Vítima;510,5;BR-040/MG;Norte;Colisão traseira;4;0;0;0;0;0;0;0;0;0;4;0;0;0;0
26/08/2017;11:41:00;126;Acidente com Vítima;69,5;BR-040/GO;Norte;Capotamento;1;0;0;0;0;0;0;0;0;0;1;0;1;0;0
26/08/2017;11:32:00;120;Acidente com Vítima;590,1;BR-040/MG;Norte;Queda de Carga;0;0;1;0;0;0;0;0;0;0;0;1;0;0;0
26/08/2017;11:17:00;117;Acidente com Vítima;608,3;BR-040/MG;Norte;Atropelamento de animal;1;0;0;0;0;0;0;0;0;0;0;0;1;0;0
26/08/2017;10:24:00;104;Acidente com Vítima;16,5;BR-040/GO;Sul;Queda de Moto;0;0;0;1;0;0;0;0;0;0;0;1;0;0;0
26/08/2017;08:20:00;84;Acidente sem Vítima;0,7;BR-040/GO;Sul;Colisão traseira;1;0;0;1;0;0;0;0;0;0;2;0;0;0;0
26/08/2017;07:57:00;64;Acidente sem Vítima;14;BR-040/GO;Norte;Colisão traseira;3;0;0;0;0;0;0;0;0;0;3;0;0;0;0
26/08/2017;07:52:00;63;Acidente sem Vítima;532,152;BR-040/MG;Norte;Colisão traseira;1;0;0;1;0;0;0;0;0;0;2;0;0;0;0
26/08/2017;07:10:00;57;Acidente sem Vítima;0,9;BR-040/GO;Norte;Capotamento;1;0;0;0;0;0;0;0;0;0;1;0;0;0;0
26/08/2017;06:38:00;48;Acidente sem Vítima;614,1;BR-040/MG;Norte;Choque com objeto fixo;1;0;0;0;0;0;0;0;0;0;1;0;0;0;0
26/08/2017;01:42:00;21;Atropelamento sem Morte;507,2;BR-040/MG;Sul;Atropelamento de pedestre atravessando;0;0;0;1;0;0;0;0;0;0;1;1;0;0;0
26/08/2017;01:23:00;18;Acidente sem Vítima;474,1;BR-040/MG;Norte;Choque com objeto fixo;1;0;0;0;0;0;0;0;0;0;2;0;0;0;0
26/08/2017;00:34:00;9;Acidente sem Vítima;14,4;BR-040/GO;Norte;Colisão traseira;2;0;0;0;0;0;0;0;0;0;3;0;0;0;0
25/08/2017;23:42:00;447;Acidente sem Vítima;502,2;BR-040/MG;Norte;Atropelamento de animal;0;0;1;0;0;0;0;0;0;0;1;0;0;0;0
25/08/2017;22:28:00;431;Acidente sem Vítima;498,4;BR-040/MG;Sul;Abalroamento transversal;1;0;0;1;0;0;0;0;0;0;5;0;0;0;0
25/08/2017;21:33:00;417;Acidente com Vítima;717,6;BR-040/MG;Sul;Choque em barreira New Jersey;1;0;1;0;0;0;0;0;0;0;1;1;0;0;0
25/08/2017;20:32:00;401;Acidente sem Vítima;659;BR-040/MG;Sul;Outros;1;0;0;0;0;0;0;0;0;0;1;0;0;0;0
25/08/2017;20:05:00;392;Acidente com Vítima;41,3;BR-040/MG;Norte;Queda de Moto;0;0;0;1;0;0;0;0;0;0;0;1;0;0;0
25/08/2017;19:42:00;385;Acidente com Vítima;510,4;BR-040/MG;Norte;Colisão traseira;3;0;1;0;0;0;0;0;0;0;7;0;2;0;0
25/08/2017;19:07:00;376;Acidente com Vítima;527;BR-040/MG;Sul;Queda de Moto;0;0;0;1;0;0;0;0;0;0;0;1;0;0;0
25/08/2017;18:48:00;368;Acidente com Vítima;0,2;BR-040/MG;Sul;Choque com objeto fixo;0;0;0;0;0;1;0;0;0;0;0;1;0;0;0
25/08/2017;18:40:00;362;Acidente com Vítima;16,6;BR-040/GO;Sul;Colisão traseira;1;0;1;0;0;0;0;0;0;0;1;0;3;0;0
25/08/2017;17:55:00;342;Acidente sem Vítima;5,01;BR-040/GO;Norte;Colisão traseira;2;0;0;0;0;0;0;0;0;0;5;0;0;0;0
25/08/2017;17:44:00;339;Acidente sem Vítima;5,3;BR-040/GO;Norte;Colisão traseira;2;0;0;0;0;0;0;0;0;0;2;0;0;0;0
25/08/2017;16:48:00;325;Acidente sem Vítima;5;BR-040/GO;Norte;Colisão traseira;1;0;0;1;0;0;0;0;0;0;2;0;0;0;0
25/08/2017;16:44:00;322;Acidente sem Vítima;523;BR-040/MG;Norte;Abalroamento longitudinal;0;0;0;2;0;0;0;0;0;0;2;0;0;0;0
25/08/2017;16:17:00;312;Acidente sem Vítima;5,15;BR-040/GO;Norte;Colisão traseira;2;0;0;0;0;0;0;0;0;0;2;0;0;0;0
25/08/2017;15:50:00;302;Acidente sem Vítima;470;BR-040/MG;Norte;Queda de Moto;0;0;0;1;0;0;0;0;0;0;2;0;0;0;0
25/08/2017;14:17:00;269;Acidente sem Vítima;0;BR-040/GO;Norte;Colisão traseira;3;0;0;0;0;0;0;0;0;0;7;0;0;0;0
25/08/2017;13:10:00;246;Acidente sem Vítima;748,15;BR-040/MG;Norte;Outros;1;0;0;0;1;0;0;0;0;0;4;0;0;0;0
25/08/2017;09:08:00;168;Acidente sem Vítima;622,1;BR-040/MG;Sul;Queda de Moto;0;0;0;1;0;0;0;0;0;0;1;0;0;0;0
25/08/2017;08:58:00;163;Acidente com Vítima;527;BR-040/MG;Sul;Queda de Moto;0;0;0;1;0;0;0;0;0;0;1;0;1;0;0
25/08/2017;08:16:00;147;Acidente sem Vítima;5;BR-040/DF;Norte;Colisão traseira;3;0;0;0;0;0;0;0;0;0;3;0;0;0;0
25/08/2017;08:08:00;142;Acidente sem Vítima;541,5;BR-040/MG;Sul;Colisão traseira;1;0;0;1;0;0;0;0;0;0;2;0;0;0;0
25/08/2017;08:06:00;139;Acidente sem Vítima;41,9;BR-040/MG;Norte;Colisão traseira;2;0;0;0;0;0;0;0;0;0;2;0;0;0;0
25/08/2017;08:04:00;138;Acidente com Vítima;7,1;BR-040/DF;Norte;Queda de Moto;0;0;0;1;0;0;0;0;0;0;0;1;0;0;0
24/08/2017;21:53:00;397;Acidente sem Vítima;11,1;BR-040/GO;Sul;Abalroamento longitudinal;1;0;1;0;0;0;0;0;0;0;2;0;0;0;0
24/08/2017;19:37:00;362;Atropelamento sem Morte;43;BR-040/MG;Sul;Atropelamento de ciclista;1;1;0;0;0;0;0;0;0;0;2;0;0;0;0
24/08/2017;17:47:00;320;Acidente sem Vítima;10;BR-040/GO;Norte;Queda de Moto;0;0;0;1;0;0;0;0;0;0;1;0;0;0;0
24/08/2017;17:20:00;313;Acidente com Vítima;656,3;BR-040/MG;Norte;Choque em barreira New Jersey;1;0;0;0;0;0;0;0;0;0;1;1;0;0;0
24/08/2017;16:57:00;305;Atropelamento sem Morte;7,9;BR-040/GO;Norte;Atropelamento de ciclista;1;1;0;0;0;0;0;0;0;0;1;1;0;0;0
24/08/2017;14:11:00;262;Acidente com Vítima;739,58;BR-040/MG;Norte;Colisão frontal;2;0;1;0;0;0;0;0;0;0;2;1;0;1;0
24/08/2017;12:18:00;229;Acidente sem Vítima;14,1;BR-040/GO;Sul;Abalroamento longitudinal;3;0;0;0;0;0;0;0;0;0;3;0;0;0;0
24/08/2017;11:46:00;222;Acidente sem Vítima;635,4;BR-040/MG;Norte;Abalroamento transversal;0;0;1;0;0;0;0;0;0;1;2;0;0;0;0
24/08/2017;11:20:00;219;Acidente sem Vítima;726,47;BR-040/MG;Sul;Capotamento;1;0;0;0;0;0;0;0;0;0;1;0;0;0;0
24/08/2017;01:50:00;68;Acidente sem Vítima;730,5;BR-040/MG;Norte;Outros;1;0;0;0;0;0;0;0;0;0;1;0;0;0;0
23/08/2017;23:59:00;361;Acidente sem Vítima;737,9;BR-040/MG;Norte;Choque em defensa;0;0;0;0;0;1;0;0;0;0;1;0;0;0;0
23/08/2017;21:26:00;339;Acidente com Vítima;5,5;BR-040/GO;Norte;Choque com objeto fixo;1;0;0;0;0;0;0;0;0;0;1;2;0;0;0
23/08/2017;19:43:00;308;Acidente sem Vítima;538,3;BR-040/MG;Norte;Colisão traseira;1;0;0;1;0;0;0;0;0;0;2;0;0;0;0
23/08/2017;18:55:00;288;Acidente sem Vítima;538,2;BR-040/MG;Norte;Colisão traseira;2;0;0;0;0;0;0;0;0;0;4;0;0;0;0
23/08/2017;17:31:00;261;Acidente sem Vítima;6,8;BR-040/GO;Norte;Queda de Moto;0;0;0;1;0;0;0;0;0;0;2;0;0;0;0
23/08/2017;16:44:00;251;Acidente sem Vítima;531,8;BR-040/MG;Sul;Colisão traseira;1;0;2;0;0;0;0;0;0;0;3;0;0;0;0
23/08/2017;16:43:00;250;Acidente sem Vítima;714;BR-040/MG;Sul;Colisão traseira;2;0;0;0;0;0;0;0;0;0;4;0;0;0;0
23/08/2017;14:24:00;213;Acidente sem Vítima;714,2;BR-040/MG;Norte;Colisão traseira;2;0;0;0;0;0;0;0;0;0;2;0;0;0;0
23/08/2017;13:18:00;203;Acidente sem Vítima;615,7;BR-040/MG;Sul;Abalroamento transversal;2;0;0;0;0;0;0;0;0;0;2;0;0;0;0
23/08/2017;11:08:00;179;Acidente sem Vítima;727,1;BR-040/MG;Sul;Choque em barreira New Jersey;1;0;0;0;0;0;0;0;0;0;1;0;0;0;0
23/08/2017;08:17:00;136;Acidente com Vítima;5,2;BR-040/DF;Norte;Queda de Moto;0;0;0;1;0;0;0;0;0;0;0;1;0;0;0
23/08/2017;08:16:00;135;Acidente com Vítima;593,34;BR-040/MG;Sul;Colisão traseira;0;0;1;1;0;0;0;0;0;0;1;1;0;0;0
23/08/2017;06:53:00;114;Atropelamento sem Morte;2,6;BR-040/DF;Norte;Atropelamento de pedestre atravessando;2;0;0;1;0;0;0;0;0;0;2;0;0;0;0
23/08/2017;05:28:00;105;Acidente com Vítima;509,8;BR-040/MG;Sul;Colisão traseira;2;0;0;0;0;0;0;0;0;0;2;0;2;0;0
23/08/2017;04:02:00;99;Acidente sem Vítima;751,6;BR-040/MG;Sul;Choque com objeto fixo;0;0;1;0;0;0;0;0;0;0;2;0;0;0;0
23/08/2017;00:46:00;3;Acidente sem Vítima;507,7;BR-040/MG;Norte;Choque com objeto fixo;1;0;0;0;0;0;0;0;0;0;1;0;0;0;0
22/08/2017;22:55:00;374;Acidente com Vítima;731,45;BR-040/MG;Sul;Queda de Carga;0;0;1;0;0;1;0;0;0;0;1;0;1;0;0
22/08/2017;17:33:00;285;Acidente sem Vítima;618,549;BR-040/MG;Sul;Choque com objeto fixo;1;0;0;0;0;0;0;0;0;0;1;0;0;0;0
22/08/2017;17:31:00;286;Acidente com Vítima;440,6;BR-040/MG;Norte;Colisão traseira;0;1;0;0;0;1;0;0;0;0;2;1;0;0;0
22/08/2017;11:13:00;199;Acidente com Vítima;44,8;BR-040/MG;Sul;Abalroamento longitudinal;2;0;0;0;0;0;0;0;0;0;2;1;0;0;0
22/08/2017;11:00:00;194;Acidente com Vítima;6,95;BR-040/GO;Norte;Queda de Moto;0;0;0;1;0;0;0;0;0;0;0;1;0;0;0
22/08/2017;09:53:00;168;Acidente com Vítima;85,9;BR-040/GO;Norte;Queda de Carga;0;0;1;0;0;0;0;0;0;0;1;1;0;0;0
22/08/2017;09:35:00;163;Acidente sem Vítima;732,2;BR-040/MG;Sul;Capotamento;1;0;0;0;0;0;0;0;0;0;1;0;0;0;0
22/08/2017;09:19:00;155;Acidente sem Vítima;594,28;BR-040/MG;Sul;Colisão traseira;3;0;0;0;0;0;0;0;0;0;4;0;0;0;0
22/08/2017;08:21:00;137;Acidente com Vítima;125,15;BR-040/GO;Sul;Capotamento;1;0;0;0;0;0;0;0;0;0;0;3;1;0;0
22/08/2017;08:03:00;130;Acidente sem Vítima;4,5;BR-040/GO;Norte;Colisão traseira;1;0;0;1;0;0;0;0;0;0;2;0;0;0;0