data;horario;n_da_ocorrencia;tipo_de_ocorrencia;km;trecho;sentido;tipo_de_acidente;automovel;bicicleta;caminhao;moto;onibus;outros;tracao_animal;transporte_de_cargas_especiais;trator_maquinas;utilitarios;ilesos;levemente_feridos;moderadamente_feridos;gravemente_feridos;mortos
22/08/2017;07:59:00;128;Acidente com Vítima;730;BR-040/MG;Norte;Capotamento;1;0;0;0;0;0;0;0;0;0;0;0;0;0;0
22/08/2017;07:48:00;125;Acidente sem Vítima;3;BR-040/GO;Norte;Abalroamento longitudinal;1;0;0;0;0;1;0;0;0;0;2;0;0;0;0
22/08/2017;07:06:00;114;Acidente com Vítima;603,17;BR-040/MG;Norte;Abalroamento longitudinal;0;0;1;0;0;1;0;0;0;0;1;0;0;0;0
22/08/2017;05:18:00;96;Acidente sem Vítima;495,5;BR-040/MG;Norte;Colisão traseira;0;0;2;0;0;0;0;0;0;0;2;0;0;0;0
21/08/2017;21:43:00;353;Acidente com Vítima;0,2;BR-040/DF;Norte;Queda de Moto;0;0;0;1;0;0;0;0;0;0;0;0;1;0;0
21/08/2017;18:30:00;291;Acidente com Vítima;1,8;BR-040/DF;Sul;Colisão traseira;1;0;0;1;0;0;0;0;0;0;1;1;1;0;0
21/08/2017;16:23:00;257;Acidente sem Vítima;418,15;BR-040/MG;Norte;Colisão traseira;2;0;0;0;0;0;0;0;0;0;2;0;0;0;0
21/08/2017;14:04:00;226;Acidente sem Vítima;481,8;BR-040/MG;Sul;Colisão traseira;3;0;0;0;0;0;0;0;0;0;3;0;0;0;0
21/08/2017;11:58:00;199;Acidente com Vítima;470,15;BR-040/MG;Norte;Outros;1;0;0;1;0;0;0;0;0;0;1;1;0;0;0
21/08/2017;11:19:00;190;Acidente sem Vítima;526,31;BR-040/MG;Sul;Colisão traseira;1;0;0;1;0;0;0;0;0;0;2;0;0;0;0
21/08/2017;09:56:00;171;Acidente sem Vítima;734,7;BR-040/MG;Norte;Abalroamento transversal;1;0;0;0;0;1;0;0;0;0;2;0;0;0;0
21/08/2017;07:06:00;107;Acidente com Vítima;522,785;BR-040/MG;Sul;Colisão traseira;1;0;0;1;0;0;0;0;0;0;1;1;0;0;0
21/08/2017;00:39:00;3;Acidente sem Vítima;699,4;BR-040/MG;Sul;Colisão traseira;2;0;0;0;0;0;0;0;0;0;3;0;0;0;0
21/08/2017;00:08:00;1;Acidente sem Vítima;431;BR-040/MG;Sul;Abalroamento transversal;1;0;0;1;0;0;0;0;0;0;2;0;0;0;0
20/08/2017;23:47:00;311;Acidente com Vítima;6,5;BR-040/DF;Norte;Colisão traseira;1;0;1;0;0;0;0;0;0;0;1;0;1;0;0
20/08/2017;22:33:00;302;Acidente sem Vítima;515,58;BR-040/MG;Norte;Choque com objeto fixo;1;0;0;0;0;0;0;0;0;0;1;0;0;0;0
20/08/2017;20:26:00;274;Atropelamento sem Morte;588,1;BR-040/MG;Norte;Atropelamento de pedestre caminhando;0;0;1;0;0;0;0;0;0;0;1;1;0;0;0
20/08/2017;20:10:00;269;Acidente sem Vítima;14,3;BR-040/GO;Sul;Choque com objeto fixo;1;0;0;0;1;0;0;0;0;0;16;0;0;0;0
20/08/2017;19:53:00;262;Acidente sem Vítima;5,1;BR-040/GO;Norte;Colisão traseira;2;0;0;0;0;0;0;0;0;0;2;0;0;0;0
20/08/2017;19:45:00;257;Acidente sem Vítima;10,01;BR-040/GO;Sul;Capotamento;1;0;0;0;0;0;0;0;0;0;1;0;0;0;0
20/08/2017;19:44:00;255;Acidente sem Vítima;557;BR-040/MG;Sul;Colisão traseira;2;0;0;0;0;0;0;0;0;0;2;0;0;0;0
20/08/2017;19:37:00;250;Acidente sem Vítima;769,1;BR-040/MG;Sul;Atropelamento de animal;1;0;0;0;0;0;0;0;0;0;3;0;0;0;0
20/08/2017;19:14:00;243;Acidente sem Vítima;498;BR-040/MG;Norte;Abalroamento longitudinal;1;0;1;0;0;0;0;0;0;0;2;0;0;0;0
20/08/2017;18:46:00;226;Acidente sem Vítima;553;BR-040/MG;Norte;Colisão traseira;4;0;0;0;0;0;0;0;0;0;4;0;0;0;0
20/08/2017;18:35:00;221;Acidente sem Vítima;2,5;BR-040/GO;Sul;Colisão traseira;3;0;0;0;0;0;0;0;0;0;7;0;0;0;0
20/08/2017;18:16:00;213;Acidente sem Vítima;510;BR-040/MG;Sul;Colisão traseira;2;0;0;0;0;0;0;0;0;0;2;0;0;0;0
20/08/2017;17:08:00;185;Acidente com Vítima;2,5;BR-040/GO;Sul;Queda de Moto;1;0;0;1;0;0;0;0;0;0;1;1;0;0;0
20/08/2017;14:06:00;132;Acidente sem Vítima;531,3;BR-040/MG;Sul;Abalroamento longitudinal;2;0;0;0;0;0;0;0;0;0;2;0;0;0;0
20/08/2017;13:24:00;125;Acidente sem Vítima;513,59;BR-040/MG;Norte;Queda de Moto;0;0;0;1;0;0;0;0;0;0;2;0;0;0;0
20/08/2017;12:30:00;104;Acidente sem Vítima;509,7;BR-040/MG;Norte;Colisão traseira;2;0;0;0;0;0;0;0;0;0;2;0;0;0;0
20/08/2017;11:50:00;94;Acidente sem Vítima;509,92;BR-040/MG;Norte;Capotamento;1;0;0;0;0;0;0;0;0;0;1;0;0;0;0
20/08/2017;10:29:00;79;Acidente com Vítima;424,18;BR-040/MG;Sul;Colisão traseira;1;0;0;1;0;0;0;0;0;0;1;1;0;0;0
20/08/2017;07:31:00;45;Acidente sem Vítima;488,92;BR-040/MG;Norte;Abalroamento longitudinal;1;0;1;0;0;0;0;0;0;0;6;0;0;0;0
20/08/2017;07:18:00;42;Acidente com Vítima;584,2;BR-040/MG;Sul;Choque com objeto fixo;1;0;0;0;0;0;0;0;0;0;1;1;0;0;0
20/08/2017;07:13:00;39;Acidente com Vítima;12;BR-040/GO;Sul;Colisão traseira;2;0;0;0;0;0;0;0;0;0;2;1;0;0;0
19/08/2017;23:25:00;295;Acidente sem Vítima;1,8;BR-040/GO;Norte;Abalroamento longitudinal;2;0;0;0;0;0;0;0;0;0;6;0;0;0;0
19/08/2017;22:47:00;288;Acidente sem Vítima;507,9;BR-040/MG;Norte;Capotamento;1;0;0;0;0;0;0;0;0;0;1;0;0;0;0
19/08/2017;20:42:00;262;Acidente com Vítima;535,1;BR-040/MG;Norte;Queda de Moto;0;0;0;1;0;0;0;0;0;0;1;0;0;0;0
19/08/2017;19:44:00;243;Acidente sem Vítima;567,2;BR-040/MG;Sul;Choque com objeto fixo;1;0;0;0;0;0;0;0;0;0;1;0;0;0;0
19/08/2017;19:35:00;237;Acidente sem Vítima;509,5;BR-040/MG;Norte;Colisão traseira;2;0;0;0;0;0;0;0;0;0;3;0;0;0;0
19/08/2017;19:26:00;232;Acidente com Vítima;47,9;BR-040/MG;Sul;Abalroamento longitudinal;2;0;1;0;0;0;0;0;0;0;1;3;0;0;0
19/08/2017;18:23:00;203;Atropelamento sem Morte;509,001;BR-040/MG;Sul;Atropelamento de pedestre atravessando;1;0;0;0;0;0;0;0;0;0;4;0;0;1;0
19/08/2017;16:28:00;176;Acidente com Vítima;553,2;BR-040/MG;Sul;Colisão traseira;1;0;1;0;0;0;0;0;0;0;3;1;0;0;0
19/08/2017;13:52:00;147;Acidente com Morte;3,45;BR-040/DF;Norte;Capotamento;2;0;0;0;0;0;0;0;0;0;1;0;2;0;1
19/08/2017;12:23:00;125;Acidente sem Vítima;565,15;BR-040/MG;Sul;Colisão traseira;3;0;0;0;0;0;0;0;0;0;3;0;0;0;0
19/08/2017;11:52:00;118;Acidente sem Vítima;243,1;BR-040/MG;Sul;Choque com objeto fixo;1;0;0;0;0;0;0;0;0;0;1;0;0;0;0
19/08/2017;08:38:00;72;Acidente com Vítima;529,85;BR-040/MG;Sul;Colisão traseira;1;0;0;1;0;0;0;0;0;0;3;1;0;0;0
19/08/2017;06:01:00;41;Acidente sem Vítima;304,1;BR-040/MG;Norte;Choque com objeto fixo;1;0;0;0;0;0;0;0;0;0;2;0;0;0;0
19/08/2017;02:17:00;23;Acidente sem Vítima;19,1;BR-040/GO;Sul;Capotamento;1;0;0;0;0;0;0;0;0;0;1;0;0;0;0
19/08/2017;00:27:00;4;Acidente com Vítima;307,1;BR-040/MG;Sul;Colisão traseira;2;0;0;0;0;0;0;0;0;0;6;4;0;0;0
18/08/2017;19:40:00;391;Acidente com Vítima;5,3;BR-040/DF;Norte;Colisão traseira;1;0;0;1;0;0;0;0;0;0;2;0;1;0;0
18/08/2017;19:34:00;388;Acidente sem Vítima;502,5;BR-040/MG;Sul;Colisão traseira;2;0;0;0;0;0;0;0;0;0;2;0;0;0;0
18/08/2017;18:58:00;368;Acidente com Morte;538,001;BR-040/MG;Norte;Colisão traseira;12;0;3;0;0;0;0;0;0;0;13;1;3;0;1
18/08/2017;17:26:00;333;Acidente com Vítima;513,8;BR-040/MG;Sul;Queda de Moto;0;0;0;1;0;0;0;0;0;0;0;2;0;0;0
18/08/2017;17:01:00;324;Acidente sem Vítima;12,6;BR-040/MG;Norte;Capotamento;1;0;0;0;0;0;0;0;0;0;1;0;0;0;0
18/08/2017;16:13:00;310;Acidente sem Vítima;604,5;BR-040/MG;Sul;Colisão traseira;5;0;0;0;1;0;0;0;0;0;14;0;0;0;0
18/08/2017;15:03:00;298;Acidente sem Vítima;529,5;BR-040/MG;Sul;Queda de Moto;0;0;1;1;0;0;0;0;0;0;2;0;0;0;0
18/08/2017;14:50:00;295;Acidente sem Vítima;627,6;BR-040/MG;Norte;Colisão traseira;1;0;0;1;0;0;0;0;0;0;2;0;0;0;0
18/08/2017;14:17:00;288;Acidente sem Vítima;50,001;BR-040/MG;Sul;Colisão traseira;1;0;1;0;0;0;0;0;0;0;3;0;0;0;0
18/08/2017;12:35:00;265;Acidente com Vítima;538;BR-040/MG;Sul;Colisão traseira;1;0;1;0;0;0;0;0;0;0;1;1;0;0;0
18/08/2017;12:31:00;261;Acidente sem Vítima;517;BR-040/MG;Sul;Colisão traseira;2;0;0;0;0;0;0;0;0;0;2;0;0;0;0
18/08/2017;12:19:00;254;Acidente sem Vítima;604,5;BR-040/MG;Norte;Abalroamento transversal;1;0;0;1;0;0;0;0;0;0;4;0;0;0;0
18/08/2017;12:15:00;251;Acidente sem Vítima;567,32;BR-040/MG;Sul;Queda de Carga;0;0;1;0;0;0;0;0;0;0;1;0;0;0;0
18/08/2017;12:02:00;246;Acidente com Vítima;603,5;BR-040/MG;Sul;Queda de Carga;0;0;1;0;0;0;0;0;0;0;0;1;1;0;0
18/08/2017;09:48:00;206;Acidente sem Vítima;11,5;BR-040/GO;Norte;Colisão traseira;2;0;0;0;0;0;0;0;0;0;2;0;0;0;0
18/08/2017;09:33:00;201;Acidente sem Vítima;4,1;BR-040/GO;Norte;Colisão traseira;3;0;0;0;0;0;0;0;0;0;3;0;0;0;0
18/08/2017;08:47:00;181;Acidente sem Vítima;50,9;BR-040/MG;Norte;Outros;1;0;0;0;0;0;0;0;0;0;2;0;0;0;0
18/08/2017;07:14:00;145;Acidente sem Vítima;6,1;BR-040/DF;Norte;Abalroamento longitudinal;1;0;1;0;0;0;0;0;0;0;3;0;0;0;0
18/08/2017;06:42:00;128;Acidente sem Vítima;704,8;BR-040/MG;Norte;Queda de Carga;0;0;1;0;0;0;0;0;0;0;1;0;0;0;0
18/08/2017;05:16:00;113;Acidente sem Vítima;734,85;BR-040/MG;Sul;Capotamento;1;0;0;0;0;0;0;0;0;0;2;0;0;0;0
18/08/2017;02:03:00;18;Acidente sem Vítima;612,2;BR-040/MG;Sul;Capotamento;1;0;0;0;0;0;0;0;0;0;1;0;0;0;0
17/08/2017;20:39:00;399;Acidente sem Vítima;768,1;BR-040/MG;Sul;Choque com objeto fixo;2;0;0;0;0;0;0;0;0;0;2;0;0;0;0
17/08/2017;19:53:00;389;Acidente sem Vítima;768,2;BR-040/MG;Sul;Choque com objeto fixo;1;0;0;0;0;0;0;0;0;0;1;0;0;0;0
17/08/2017;19:28:00;379;Acidente sem Vítima;532,05;BR-040/MG;Norte;Colisão traseira;3;0;0;0;0;0;0;0;0;0;5;0;0;0;0
17/08/2017;19:27:00;378;Acidente com Vítima;16,2;BR-040/GO;Sul;Abalroamento longitudinal;1;0;0;1;0;0;0;0;0;0;1;0;1;0;0
17/08/2017;18:39:00;358;Acidente sem Vítima;695,5;BR-040/MG;Norte;Abalroamento longitudinal;2;0;0;0;0;0;0;0;0;0;2;0;0;0;0
17/08/2017;16:38:00;328;Acidente com Vítima;536;BR-040/MG;Norte;Colisão traseira;1;0;0;1;0;0;0;0;0;0;2;0;1;0;0
17/08/2017;15:06:00;297;Acidente sem Vítima;515;BR-040/MG;Sul;Capotamento;1;0;0;0;0;0;0;0;0;0;1;0;0;0;0
17/08/2017;15:04:00;295;Acidente com Vítima;3,2;BR-040/GO;Sul;Abalroamento longitudinal;2;0;0;0;0;0;0;0;0;0;2;1;0;0;0
17/08/2017;13:40:00;265;Acidente sem Vítima;644;BR-040/MG;Norte;Queda de Moto;0;0;1;1;0;0;0;0;0;0;2;0;0;0;0
17/08/2017;13:34:00;263;Acidente com Vítima;622,308;BR-040/MG;Norte;Colisão traseira;1;0;0;1;0;0;0;0;0;0;2;0;1;0;0
17/08/2017;10:32:00;211;Acidente sem Vítima;699;BR-040/MG;Sul;Choque em defensa;1;0;0;1;0;0;0;0;0;0;2;0;0;0;0
17/08/2017;09:51:00;200;Atropelamento sem Morte;10,5;BR-040/GO;Sul;Atropelamento de ciclista;0;1;0;1;0;0;0;0;0;0;2;0;0;0;0
17/08/2017;07:33:00;142;Acidente sem Vítima;697;BR-040/MG;Norte;Choque em defensa;1;0;0;0;0;0;0;0;0;0;1;0;0;0;0
17/08/2017;06:11:00;80;Acidente com Vítima;1,4;BR-040/GO;Norte;Queda de Moto;1;0;0;1;0;0;0;0;0;0;2;1;0;0;0
17/08/2017;05:28:00;77;Acidente sem Vítima;505,4;BR-040/MG;Norte;Colisão traseira;0;0;2;0;0;0;0;0;0;0;3;0;0;0;0
17/08/2017;02:16:00;18;Acidente com Vítima;504,8;BR-040/MG;Sul;Colisão traseira;0;0;2;0;0;0;0;0;0;0;1;1;0;0;0
16/08/2017;21:19:00;409;Atropelamento sem Morte;477,7;BR-040/MG;Norte;Atropelamento de ciclista;0;1;1;0;0;0;0;0;0;0;1;0;0;1;0
16/08/2017;19:36:00;380;Acidente sem Vítima;527,2;BR-040/MG;Sul;Choque com objeto fixo;2;0;0;0;0;0;0;0;0;0;2;0;0;0;0
16/08/2017;18:07:00;353;Acidente com Vítima;679,8;BR-040/MG;Sul;Choque em barreira New Jersey;0;0;1;0;0;0;0;0;0;0;0;1;0;0;0
16/08/2017;17:30:00;348;Acidente sem Vítima;9,5;BR-040/GO;Sul;Abalroamento longitudinal;1;0;1;0;0;0;0;0;0;0;2;0;0;0;0
16/08/2017;16:19:00;325;Acidente sem Vítima;4,7;BR-040/GO;Norte;Abalroamento longitudinal;2;0;0;0;0;0;0;0;0;0;3;0;0;0;0
16/08/2017;15:25:00;316;Acidente com Vítima;526,1;BR-040/MG;Sul;Colisão traseira;2;0;0;0;0;0;0;0;0;0;5;1;0;0;0
16/08/2017;15:18:00;310;Acidente sem Vítima;533;BR-040/MG;Sul;Colisão traseira;2;0;0;0;0;0;0;0;0;0;3;0;0;0;0
16/08/2017;14:12:00;282;Acidente sem Vítima;562;BR-040/MG;Sul;Capotamento;1;0;1;1;0;0;0;0;0;0;3;0;0;0;0
16/08/2017;12:23:00;255;Acidente sem Vítima;62,4;BR-040/MG;Sul;Queda de Moto;1;0;0;0;0;0;0;0;0;0;1;0;0;0;0
16/08/2017;12:04:00;251;Acidente sem Vítima;509;BR-040/MG;Norte;Abalroamento longitudinal;1;0;1;0;0;0;0;0;0;0;2;0;0;0;0
16/08/2017;11:59:00;249;Acidente sem Vítima;574;BR-040/MG;Norte;Choque com objeto fixo;1;0;0;0;0;0;0;0;0;0;2;0;0;0;0
16/08/2017;09:31:00;190;Acidente sem Vítima;515,5;BR-040/MG;Sul;Colisão traseira;2;0;0;0;0;0;0;0;0;0;6;0;0;0;0
16/08/2017;08:35:00;169;Acidente com Vítima;516;BR-040/MG;Sul;Abalroamento longitudinal;0;0;1;1;0;0;0;0;0;0;1;1;0;0;0
16/08/2017;08:17:00;162;Acidente sem Vítima;567,001;BR-040/MG;Sul;Abalroamento longitudinal;2;0;0;0;0;0;0;0;0;1;3;0;0;0;0
16/08/2017;07:42:00;142;Acidente com Vítima;527;BR-040/MG;Sul;Abalroamento longitudinal;1;0;0;1;0;0;0;0;0;0;4;2;0;0;0
16/08/2017;07:07:00;89;Acidente com Vítima;2,5;BR-040/GO;Sul;Queda de Moto;0;0;0;1;0;0;0;0;0;0;0;0;1;0;0
16/08/2017;07:05:00;88;Acidente com Vítima;16,34;BR-040/GO;Sul;Queda de Moto;1;0;0;1;0;0;0;0;0;0;1;0;0;0;0
16/08/2017;06:10:00;76;Acidente sem Vítima;19,1;BR-040/GO;Sul;Queda de Moto;0;0;0;1;0;0;0;0;0;0;1;0;0;0;0
16/08/2017;00:58:00;45;Acidente com Vítima;2,8;BR-040/GO;Sul;Abalroamento transversal;1;0;0;1;0;0;0;0;0;0;2;1;0;0;0
15/08/2017;20:44:00;375;Acidente sem Vítima;614,014;BR-040/MG;Norte;Colisão traseira;0;0;1;1;0;0;0;0;0;0;3;0;0;0;0
15/08/2017;18:49:00;336;Acidente sem Vítima;755,05;BR-040/MG;Norte;Abalroamento longitudinal;0;0;0;1;0;1;0;0;0;0;2;0;0;0;0
15/08/2017;17:03:00;305;Acidente com Vítima;530,5;BR-040/MG;Sul;Colisão traseira;2;0;0;0;0;0;0;0;0;0;2;1;0;0;0
15/08/2017;16:47:00;295;Acidente sem Vítima;567,8;BR-040/MG;Norte;Abalroamento transversal;0;0;2;0;0;0;0;0;0;0;2;0;0;0;0
15/08/2017;16:23:00;287;Acidente sem Vítima;522,5;BR-040/MG;Sul;Colisão traseira;1;0;0;1;0;0;0;0;0;0;2;0;0;0;0
15/08/2017;15:41:00;259;Acidente com Vítima;35,5;BR-040/MG;Norte;Capotamento;0;0;0;1;0;0;0;0;0;0;0;0;1;0;0
15/08/2017;14:16:00;233;Acidente sem Vítima;525,6;BR-040/MG;Sul;Colisão traseira;1;0;1;0;0;0;0;0;0;0;2;0;0;0;0
15/08/2017;12:14:00;196;Acidente com Vítima;717,7;BR-040/MG;Norte;Choque em barreira New Jersey;1;0;0;0;0;0;0;0;0;0;1;1;0;0;0
15/08/2017;10:13:00;155;Acidente sem Vítima;726,732;BR-040/MG;Sul;Choque com objeto fixo;1;0;0;0;0;0;0;0;0;0;1;0;0;0;0
15/08/2017;09:32:00;142;Acidente com Vítima;511,5;BR-040/MG;Norte;Queda de Moto;0;0;0;1;0;0;0;0;0;0;0;1;0;0;0
15/08/2017;08:34:00;124;Acidente com Vítima;676,09;BR-040/MG;Norte;Abalroamento transversal;1;0;0;0;0;1;0;0;0;0;1;1;0;0;0
15/08/2017;08:23:00;118;Acidente sem Vítima;570,1;BR-040/MG;Sul;Outros;1;0;0;0;0;0;0;0;0;0;1;0;0;0;0
15/08/2017;03:23:00;78;Acidente sem Vítima;768,49;BR-040/MG;Sul;Atropelamento de animal;1;0;0;0;0;0;0;0;0;0;1;0;0;0;0
15/08/2017;01:29:00;72;Acidente com Vítima;534,05;BR-040/MG;Norte;Capotamento;1;0;0;0;0;0;0;0;0;0;0;2;1;1;0
14/08/2017;23:25:00;402;Acidente sem Vítima;520,8;BR-040/MG;Sul;Abalroamento longitudinal;2;0;0;0;0;0;0;0;0;0;2;0;0;0;0
14/08/2017;21:21:00;381;Acidente com Vítima;2,5;BR-040/GO;Sul;Colisão traseira;0;0;0;2;1;0;0;0;0;0;32;0;0;1;0
14/08/2017;18:43:00;328;Acidente sem Vítima;621,731;BR-040/MG;Sul;Colisão traseira;1;0;0;0;0;1;0;0;0;0;2;0;0;0;0
14/08/2017;16:27:00;275;Acidente com Vítima;13,5;BR-040/GO;Norte;Queda de Carga;2;0;0;0;0;0;0;0;0;0;3;1;0;0;0
14/08/2017;14:18:00;241;Acidente sem Vítima;540,6;BR-040/MG;Sul;Abalroamento longitudinal;1;0;0;0;0;1;0;0;0;0;2;0;0;0;0
14/08/2017;10:53:00;190;Acidente com Vítima;273,11;BR-040/MG;Sul;Queda de Moto;0;0;0;1;0;0;0;0;0;0;0;1;0;0;0
14/08/2017;08:30:00;127;Acidente sem Vítima;714,15;BR-040/MG;Sul;Colisão traseira;1;0;1;0;0;0;0;0;0;0;2;0;0;0;0
14/08/2017;07:39:00;100;Acidente com Vítima;516,8;BR-040/MG;Sul;Colisão traseira;3;0;1;1;0;0;0;0;0;0;7;1;0;0;0
14/08/2017;06:37:00;83;Acidente sem Vítima;575,001;BR-040/MG;Sul;Abalroamento longitudinal;1;0;1;0;0;0;0;0;0;0;2;0;0;0;0
14/08/2017;05:46:00;61;Acidente sem Vítima;575,15;BR-040/MG;Sul;Queda de Carga;0;0;2;0;0;0;0;0;0;0;2;0;0;0;0
14/08/2017;04:31:00;59;Acidente sem Vítima;2,2;BR-040/DF;Sul;Choque com objeto fixo;1;0;0;0;0;0;0;0;0;0;1;0;0;0;0
14/08/2017;02:11:00;48;Acidente sem Vítima;502,13;BR-040/MG;Norte;Atropelamento de animal;0;0;1;0;0;0;0;0;0;0;1;0;0;0;0
14/08/2017;00:49:00;4;Acidente com Vítima;535,5;BR-040/MG;Sul;Choque com objeto fixo;1;0;0;0;0;0;0;0;0;0;0;1;0;0;0
13/08/2017;21:26:00;278;Acidente sem Vítima;510,1;BR-040/MG;Sul;Abalroamento longitudinal;1;0;1;0;0;0;0;0;0;0;3;0;0;0;0
13/08/2017;20:40:00;264;Acidente sem Vítima;23,4;BR-040/GO;Norte;Capotamento;1;0;0;0;0;0;0;0;0;0;2;0;0;0;0
13/08/2017;19:47:00;253;Acidente sem Vítima;5,9;BR-040/GO;Norte;Abalroamento longitudinal;2;0;0;0;0;0;0;0;0;0;4;0;0;0;0
13/08/2017;19:37:00;249;Acidente com Vítima;667,1;BR-040/MG;Norte;Colisão traseira;2;0;0;0;0;0;0;0;0;0;1;0;0;0;0
13/08/2017;19:15:00;239;Acidente sem Vítima;3,8;BR-040/GO;Norte;Colisão traseira;3;0;0;0;0;0;0;0;0;0;8;0;0;0;0
13/08/2017;18:56:00;229;Acidente com Vítima;107,3;BR-040/MG;Sul;Capotamento;1;0;0;0;0;0;0;0;0;0;2;0;2;0;0
13/08/2017;18:38:00;219;Acidente sem Vítima;510,4;BR-040/MG;Sul;Colisão traseira;2;0;0;0;0;0;0;0;0;0;2;0;0;0;0
13/08/2017;18:21:00;208;Atropelamento sem Morte;747,9;BR-040/MG;Norte;Atropelamento de pedestre atravessando;1;0;0;0;0;0;0;0;0;0;1;1;0;0;0
13/08/2017;17:56:00;194;Acidente com Vítima;510;BR-040/MG;Sul;Colisão traseira;2;0;0;0;0;0;0;0;0;0;1;0;3;0;0
13/08/2017;17:38:00;191;Acidente com Vítima;526,1;BR-040/MG;Norte;Choque em defensa;1;0;0;0;0;0;0;0;0;0;0;0;1;0;0
13/08/2017;17:24:00;190;Acidente com Vítima;698,5;BR-040/MG;Sul;Queda de Moto;0;0;0;1;0;0;0;0;0;0;0;0;1;0;0
13/08/2017;17:19:00;188;Acidente sem Vítima;6,8;BR-040/GO;Norte;Colisão traseira;3;0;0;0;0;0;0;0;0;0;5;0;0;0;0
13/08/2017;17:15:00;185;Acidente com Vítima;457,5;BR-040/MG;Sul;Capotamento;1;0;0;0;0;0;0;0;0;0;1;3;1;0;0
13/08/2017;17:00:00;181;Acidente com Vítima;611,15;BR-040/MG;Norte;Choque com objeto fixo;0;0;0;1;0;0;0;0;0;0;0;0;1;0;0
13/08/2017;12:38:00;127;Acidente com Vítima;363,1;BR-040/MG;Sul;Capotamento;1;0;1;0;0;0;0;0;0;0;1;1;0;0;0
13/08/2017;09:44:00;84;Acidente sem Vítima;6,98;BR-040/GO;Norte;Colisão traseira;2;0;0;0;0;0;0;0;0;0;2;0;0;0;0
13/08/2017;08:40:00;74;Acidente com Vítima;718,15;BR-040/MG;Sul;Capotamento;1;0;0;0;0;0;0;0;0;0;1;1;0;0;0
13/08/2017;05:48:00;42;Acidente sem Vítima;536;BR-040/MG;Sul;Choque em barreira New Jersey;1;0;0;0;0;0;0;0;0;0;2;0;0;0;0
13/08/2017;05:46:00;41;Acidente sem Vítima;5;BR-040/DF;Sul;Choque em barreira New Jersey;1;0;0;0;0;0;0;0;0;0;1;0;0;0;0
13/08/2017;01:55:00;16;Acidente sem Vítima;8,1;BR-040/DF;Sul;Choque com objeto fixo;1;0;0;0;0;0;0;0;0;0;2;0;0;0;0
13/08/2017;00:15:00;2;Acidente com Vítima;521,8;BR-040/MG;Norte;Abalroamento longitudinal;3;0;0;0;0;0;0;0;0;0;10;0;1;1;0
12/08/2017;21:37:00;312;Acidente sem Vítima;2,5;BR-040/GO;Norte;Colisão traseira;2;0;0;0;0;0;0;0;0;0;5;0;0;0;0
12/08/2017;17:22:00;242;Acidente com Vítima;509,285;BR-040/MG;Norte;Capotamento;1;0;0;0;0;0;0;0;0;0;1;1;0;0;0
12/08/2017;15:04:00;198;Acidente com Vítima;530,9;BR-040/MG;Norte;Abalroamento transversal;1;0;0;1;0;0;0;0;0;0;4;1;0;0;0
12/08/2017;13:35:00;163;Acidente sem Vítima;127,5;BR-040/MG;Sul;Colisão traseira;2;0;0;0;0;0;0;0;0;0;6;0;0;0;0
12/08/2017;12:24:00;145;Acidente sem Vítima;4,92;BR-040/DF;Sul;Capotamento;1;0;0;0;0;0;0;0;0;0;1;0;0;0;0
12/08/2017;11:15:00;126;Acidente sem Vítima;89;BR-040/MG;Sul;Abalroamento transversal;2;0;0;0;0;0;0;0;0;0;5;0;0;0;0
12/08/2017;10:36:00;111;Acidente com Vítima;712,18;BR-040/MG;Sul;Capotamento;1;0;0;0;0;0;0;0;0;0;1;3;0;0;0
12/08/2017;09:48:00;96;Acidente sem Vítima;693,9;BR-040/MG;Norte;Colisão traseira;2;0;0;0;0;0;0;0;0;0;4;0;0;0;0
12/08/2017;09:31:00;90;Acidente sem Vítima;749,02;BR-040/MG;Sul;Choque com objeto fixo;1;0;0;0;0;0;0;0;0;0;2;0;0;0;0
12/08/2017;09:29:00;88;Acidente com Vítima;526;BR-040/MG;Sul;Queda de Moto;0;0;0;1;0;0;0;0;0;0;1;1;0;0;0
12/08/2017;09:16:00;86;Acidente sem Vítima;113;BR-040/MG;Sul;Choque com objeto fixo;1;0;0;0;0;0;0;0;0;0;3;0;0;0;0
12/08/2017;07:31:00;57;Acidente sem Vítima;729,98;BR-040/MG;Norte;Choque em barreira New Jersey;1;0;0;0;0;0;0;0;0;0;2;0;0;0;0
12/08/2017;06:38:00;44;Acidente sem Vítima;5,9;BR-040/DF;Norte;Abalroamento longitudinal;3;0;0;0;0;0;0;0;0;0;3;0;0;0;0
12/08/2017;05:44:00;32;Acidente com Vítima;684,3;BR-040/MG;Sul;Capotamento;1;0;0;0;0;0;0;0;0;0;0;0;2;1;0
12/08/2017;01:36:00;7;Acidente sem Vítima;9,546;BR-040/GO;Norte;Colisão traseira;2;0;0;0;0;0;0;0;0;0;4;0;0;0;0
11/08/2017;22:20:00;435;Acidente com Vítima;411,088;BR-040/MG;Norte;Atropelamento de animal;1;0;0;0;0;0;0;0;0;0;4;1;0;0;0
11/08/2017;21:27:00;417;Acidente sem Vítima;590,3;BR-040/MG;Sul;Colisão traseira;2;0;0;0;0;0;0;0;0;0;2;0;0;0;0