data;horario;n_da_ocorrencia;tipo_de_ocorrencia;km;trecho;sentido;tipo_de_acidente;automovel;bicicleta;caminhao;moto;onibus;outros;tracao_animal;transporte_de_cargas_especiais;trator_maquinas;utilitarios;ilesos;levemente_feridos;moderadamente_feridos;gravemente_feridos;mortos
11/08/2017;21:11:00;413;Acidente sem Vítima;132,85;BR-040/MG;Sul;Choque com objeto fixo;1;0;0;0;0;0;0;0;0;0;2;0;0;0;0
11/08/2017;19:45:00;395;Acidente sem Vítima;537,5;BR-040/MG;Norte;Abalroamento longitudinal;2;0;0;0;0;0;0;0;0;0;2;0;0;0;0
11/08/2017;19:17:00;363;Acidente sem Vítima;537,5;BR-040/MG;Norte;Colisão traseira;1;0;0;1;0;0;0;0;0;0;3;0;0;0;0
11/08/2017;19:04:00;359;Acidente com Vítima;668,2;BR-040/MG;Norte;Abalroamento longitudinal;1;0;0;1;0;0;0;0;0;0;1;0;0;1;0
11/08/2017;18:50:00;353;Acidente com Vítima;522,5;BR-040/MG;Norte;Colisão traseira;0;0;0;1;0;1;0;0;0;0;1;1;0;0;0
11/08/2017;18:16:00;334;Acidente com Vítima;605;BR-040/MG;Norte;Abalroamento transversal;2;0;0;0;0;0;0;0;0;0;3;2;0;0;0
11/08/2017;17:18:00;316;Acidente sem Vítima;532,4;BR-040/MG;Sul;Abalroamento longitudinal;2;0;0;0;0;0;0;0;0;0;2;0;0;0;0
11/08/2017;17:16:00;315;Acidente sem Vítima;544,5;BR-040/MG;Sul;Choque com objeto fixo;1;0;0;0;0;0;0;0;0;0;1;0;0;0;0
11/08/2017;16:59:00;312;Acidente sem Vítima;5,65;BR-040/GO;Norte;Colisão traseira;1;0;1;0;0;0;0;0;0;0;2;0;0;0;0
11/08/2017;16:17:00;297;Acidente sem Vítima;5,1;BR-040/DF;Norte;Colisão traseira;0;0;0;1;0;1;0;0;0;0;2;0;0;0;0
11/08/2017;13:54:00;242;Acidente sem Vítima;6,5;BR-040/GO;Norte;Colisão traseira;2;0;0;0;0;0;0;0;0;0;2;0;0;0;0
11/08/2017;09:21:00;174;Acidente com Vítima;70,5;BR-040/MG;Sul;Colisão traseira;1;0;1;0;0;0;0;0;0;0;2;0;1;0;0
11/08/2017;08:38:00;160;Acidente sem Vítima;154,3;BR-040/GO;Norte;Colisão traseira;1;0;1;0;0;0;0;0;0;0;2;0;0;0;0
11/08/2017;08:11:00;152;Acidente com Vítima;536,34;BR-040/MG;Sul;Abalroamento longitudinal;1;0;0;1;0;0;0;0;0;0;2;2;0;0;0
11/08/2017;07:53:00;148;Acidente com Vítima;541,1;BR-040/MG;Sul;Abalroamento longitudinal;1;0;0;1;0;0;0;0;0;0;1;0;1;0;0
10/08/2017;20:03:00;372;Acidente com Vítima;469,061;BR-040/MG;Sul;Capotamento;1;0;0;0;0;0;0;0;0;0;0;1;0;0;0
10/08/2017;19:56:00;371;Acidente sem Vítima;611,8;BR-040/MG;Sul;Abalroamento longitudinal;2;0;0;0;0;0;0;0;0;0;4;0;0;0;0
10/08/2017;19:31:00;364;Atropelamento sem Morte;21,257;BR-040/GO;Sul;Atropelamento de pedestre atravessando;2;0;0;0;0;0;0;0;0;0;2;0;0;0;0
10/08/2017;18:45:00;347;Atropelamento sem Morte;27,1;BR-040/GO;Norte;Atropelamento de ciclista;2;0;0;0;0;0;0;0;0;0;3;1;0;0;0
10/08/2017;13:06:00;252;Acidente com Vítima;43,5;BR-040/MG;Sul;Abalroamento transversal;1;0;0;1;0;0;0;0;0;0;1;1;0;0;0
10/08/2017;12:53:00;245;Acidente com Vítima;529,8;BR-040/MG;Sul;Colisão traseira;0;0;1;1;0;0;0;0;0;0;1;1;0;0;0
10/08/2017;12:14:00;233;Acidente sem Vítima;564,8;BR-040/MG;Sul;Colisão traseira;2;0;0;0;0;0;0;0;0;0;2;0;0;0;0
10/08/2017;12:10:00;232;Acidente com Vítima;560,15;BR-040/MG;Sul;Colisão traseira;3;0;0;0;0;0;0;0;0;0;3;1;0;0;0
10/08/2017;11:29:00;221;Acidente com Vítima;526,915;BR-040/MG;Norte;Queda de Moto;0;0;0;1;0;0;0;0;0;0;0;1;0;0;0
10/08/2017;10:55:00;211;Acidente sem Vítima;9,4;BR-040/MG;Sul;Choque com objeto fixo;1;0;0;0;0;0;0;0;0;0;1;0;0;0;0
10/08/2017;10:44:00;207;Acidente com Vítima;2,3;BR-040/GO;Norte;Abalroamento longitudinal;1;0;1;0;0;0;0;0;0;0;3;1;0;0;0
10/08/2017;10:20:00;197;Acidente sem Vítima;542,15;BR-040/MG;Sul;Colisão traseira;2;0;0;0;0;0;0;0;0;0;2;0;0;0;0
10/08/2017;09:21:00;175;Acidente sem Vítima;530,01;BR-040/MG;Sul;Colisão traseira;4;0;0;0;0;0;0;0;0;0;4;0;0;0;0
10/08/2017;08:23:00;151;Acidente sem Vítima;4,1;BR-040/GO;Sul;Outros;1;0;0;0;0;0;0;0;0;0;1;0;0;0;0
10/08/2017;06:00:00;118;Acidente sem Vítima;754,9;BR-040/MG;Sul;Queda de Carga;1;0;1;0;0;0;0;0;0;0;2;0;0;0;0
10/08/2017;04:12:00;110;Acidente sem Vítima;360,2;BR-040/MG;Norte;Choque com objeto fixo;0;0;1;0;0;0;0;0;0;0;1;0;0;0;0
10/08/2017;01:39:00;10;Acidente com Vítima;508,4;BR-040/MG;Sul;Choque em barreira New Jersey;2;0;0;0;0;0;0;0;0;0;4;2;0;0;0
09/08/2017;22:06:00;460;Acidente sem Vítima;25,1;BR-040/GO;Sul;Capotamento;1;0;0;0;0;0;0;0;0;0;2;0;0;0;0
09/08/2017;20:13:00;429;Acidente sem Vítima;2,6;BR-040/GO;Sul;Abalroamento longitudinal;1;0;0;1;0;0;0;0;0;0;2;0;0;0;0
09/08/2017;18:29:00;394;Acidente sem Vítima;534,41;BR-040/MG;Norte;Colisão traseira;2;0;0;0;0;0;0;0;0;0;2;0;0;0;0
09/08/2017;15:40:00;330;Acidente sem Vítima;564,12;BR-040/MG;Sul;Colisão traseira;1;0;1;1;0;0;0;0;0;0;3;0;0;0;0
09/08/2017;10:49:00;231;Acidente sem Vítima;527,1;BR-040/MG;Norte;Colisão traseira;0;0;1;1;0;0;0;0;0;0;2;0;0;0;0
09/08/2017;08:32:00;181;Acidente sem Vítima;523,5;BR-040/MG;Norte;Capotamento;2;0;0;0;0;0;0;0;0;0;2;0;0;0;0
09/08/2017;07:28:00;161;Acidente sem Vítima;49;BR-040/MG;Norte;Outros;0;0;1;0;0;0;0;0;0;0;1;0;0;0;0
08/08/2017;19:32:00;376;Acidente sem Vítima;6,8;BR-040/GO;Sul;Colisão traseira;3;0;0;0;0;0;0;0;0;0;4;0;0;0;0
08/08/2017;19:10:00;367;Acidente com Vítima;7,2;BR-040/GO;Norte;Queda de Moto;1;0;0;1;0;0;0;0;0;0;1;1;0;0;0
08/08/2017;17:18:00;333;Atropelamento sem Morte;532,7;BR-040/MG;Sul;Atropelamento de pedestre atravessando;1;0;0;1;0;0;0;0;0;0;2;0;1;0;0
08/08/2017;13:40:00;267;Acidente sem Vítima;685;BR-040/MG;Norte;Capotamento;1;0;0;0;0;0;0;0;0;0;1;0;0;0;0
08/08/2017;12:26:00;244;Atropelamento com Morte;12,9;BR-040/GO;Sul;Atropelamento de ciclista;1;1;0;0;0;0;0;0;0;0;4;0;0;0;1
08/08/2017;12:11:00;241;Acidente sem Vítima;485,95;BR-040/MG;Sul;Abalroamento longitudinal;1;0;1;0;0;0;0;0;0;0;2;0;0;0;0
08/08/2017;10:52:00;217;Acidente sem Vítima;493,9;BR-040/MG;Sul;Abalroamento longitudinal;1;0;1;0;0;0;0;0;0;0;2;0;0;0;0
08/08/2017;09:53:00;194;Acidente sem Vítima;510,45;BR-040/MG;Sul;Capotamento;1;0;0;0;0;0;0;0;0;0;1;0;0;0;0
08/08/2017;08:48:00;171;Acidente com Vítima;531,02;BR-040/MG;Sul;Colisão traseira;1;0;0;1;0;0;0;0;0;0;2;1;0;0;0
08/08/2017;08:37:00;165;Acidente com Vítima;145;BR-040/MG;Sul;Capotamento;0;0;1;0;0;0;0;0;0;0;0;0;2;0;0
08/08/2017;07:41:00;149;Acidente com Vítima;552,2;BR-040/MG;Norte;Choque em defensa;1;0;0;0;0;0;0;0;0;0;0;1;0;0;0
08/08/2017;07:08:00;145;Acidente sem Vítima;43;BR-040/MG;Norte;Abalroamento transversal;1;0;0;1;0;0;0;0;0;0;2;0;0;0;0
08/08/2017;06:52:00;137;Acidente sem Vítima;632,2;BR-040/MG;Sul;Queda de Carga;1;0;0;0;0;0;0;0;0;0;1;0;0;0;0
08/08/2017;06:47:00;135;Acidente com Vítima;567,33;BR-040/MG;Sul;Queda de Moto;0;0;0;1;0;0;0;0;0;0;0;0;1;0;0
08/08/2017;05:42:00;125;Acidente sem Vítima;651,3;BR-040/MG;Sul;Atropelamento de animal;0;0;1;0;0;0;0;0;0;0;2;0;0;0;0
07/08/2017;19:07:00;370;Acidente sem Vítima;35,2;BR-040/MG;Sul;Colisão traseira;2;0;0;0;0;0;0;0;0;0;2;0;0;0;0
07/08/2017;18:35:00;360;Acidente com Vítima;514,645;BR-040/MG;Norte;Queda de Moto;0;0;0;1;0;0;0;0;0;0;1;1;0;0;0
07/08/2017;18:28:00;359;Acidente sem Vítima;516,3;BR-040/MG;Norte;Colisão traseira;2;0;0;0;0;0;0;0;0;0;2;0;0;0;0
07/08/2017;14:05:00;276;Acidente com Vítima;742,5;BR-040/MG;Sul;Abalroamento longitudinal;1;0;0;1;0;0;0;0;0;0;1;0;0;0;0
07/08/2017;13:32:00;266;Acidente sem Vítima;534,15;BR-040/MG;Sul;Abalroamento longitudinal;1;0;1;0;0;0;0;0;0;0;2;0;0;0;0
07/08/2017;11:52:00;240;Acidente sem Vítima;534,15;BR-040/MG;Sul;Abalroamento longitudinal;0;0;2;0;0;0;0;0;0;0;2;0;0;0;0
07/08/2017;08:58:00;187;Atropelamento sem Morte;537,1;BR-040/MG;Norte;Atropelamento de pedestre atravessando;1;0;0;0;0;0;0;0;0;0;1;0;1;0;0
07/08/2017;08:35:00;177;Acidente sem Vítima;527,1;BR-040/MG;Norte;Queda de Carga;2;0;0;0;0;0;0;0;0;0;2;0;0;0;0
07/08/2017;07:49:00;163;Acidente sem Vítima;511,1;BR-040/MG;Sul;Colisão traseira;2;0;0;0;0;0;0;0;0;0;2;0;0;0;0
07/08/2017;07:33:00;155;Acidente com Vítima;526,1;BR-040/MG;Norte;Colisão traseira;0;0;1;1;0;0;0;0;0;0;1;1;0;0;0
07/08/2017;07:13:00;151;Acidente com Vítima;44,3;BR-040/MG;Norte;Abalroamento longitudinal;2;0;0;0;0;0;0;0;0;0;2;1;0;0;0
07/08/2017;06:25:00;134;Acidente com Vítima;509,8;BR-040/MG;Sul;Colisão traseira;1;0;0;1;0;0;0;0;0;0;1;0;1;0;0
07/08/2017;06:01:00;127;Acidente sem Vítima;3,5;BR-040/DF;Norte;Abalroamento longitudinal;1;0;0;1;0;0;0;0;0;0;2;0;0;0;0
07/08/2017;05:14:00;123;Atropelamento com Morte;507,865;BR-040/MG;Norte;Atropelamento de pedestre atravessando;1;0;0;0;0;0;0;0;0;0;1;0;0;0;1
07/08/2017;03:18:00;114;Acidente com Vítima;297,2;BR-040/MG;Sul;Atropelamento de animal;0;0;0;0;0;0;0;0;0;1;1;1;0;0;0
07/08/2017;02:19:00;110;Acidente com Vítima;10,025;BR-040/GO;Sul;Colisão frontal;2;0;0;0;0;0;0;0;0;0;1;0;0;0;0
07/08/2017;00:16:00;2;Acidente com Vítima;2,4;BR-040/GO;Sul;Abalroamento transversal;0;0;0;2;0;0;0;0;0;0;0;2;0;0;0
07/08/2017;00:03:00;1;Acidente sem Vítima;513,819;BR-040/MG;Sul;Choque com objeto fixo;1;0;0;0;0;1;0;0;0;0;8;0;0;0;0
06/08/2017;21:28:00;245;Acidente sem Vítima;577,2;BR-040/MG;Sul;Colisão traseira;2;0;0;0;0;0;0;0;0;0;4;0;0;0;0
06/08/2017;19:03:00;211;Acidente com Morte;614,1;BR-040/MG;Norte;Abalroamento longitudinal;4;0;0;0;0;0;0;0;0;0;3;4;1;1;1
06/08/2017;18:50:00;204;Acidente sem Vítima;68,5;BR-040/GO;Norte;Colisão traseira;1;0;0;0;0;0;0;0;0;1;7;0;0;0;0
06/08/2017;18:19:00;197;Acidente sem Vítima;719,5;BR-040/MG;Sul;Colisão traseira;2;0;0;0;0;0;0;0;0;0;6;0;0;0;0
06/08/2017;18:17:00;196;Acidente sem Vítima;542,2;BR-040/MG;Norte;Choque em defensa;1;0;0;0;0;0;0;0;0;0;1;0;0;0;0
06/08/2017;18:03:00;192;Acidente sem Vítima;501,542;BR-040/MG;Sul;Colisão traseira;2;0;0;0;0;0;0;0;0;0;4;0;0;0;0
06/08/2017;17:51:00;188;Acidente com Vítima;576,5;BR-040/MG;Norte;Abalroamento transversal;3;0;0;0;0;0;0;0;0;0;3;1;0;0;0
06/08/2017;16:24:00;172;Acidente com Vítima;89,542;BR-040/GO;Norte;Colisão frontal;2;0;0;0;0;0;0;0;0;0;1;4;2;1;0
06/08/2017;16:17:00;169;Atropelamento sem Morte;623,5;BR-040/MG;Norte;Atropelamento de pedestre caminhando;0;0;0;0;0;0;0;0;0;0;1;0;1;0;0
06/08/2017;16:15:00;168;Acidente sem Vítima;5,4;BR-040/GO;Norte;Colisão traseira;2;0;0;0;0;0;0;0;0;0;2;0;0;0;0
06/08/2017;16:10:00;165;Acidente com Vítima;558,1;BR-040/MG;Sul;Queda de Carga;1;0;0;0;0;0;0;0;0;0;0;1;0;0;0
06/08/2017;16:02:00;162;Acidente sem Vítima;446,1;BR-040/MG;Norte;Queda de Moto;0;0;0;1;0;0;0;0;0;0;1;0;0;0;0
06/08/2017;11:06:00;89;Acidente sem Vítima;51,15;BR-040/GO;Sul;Colisão traseira;1;0;0;0;0;0;0;0;0;1;2;0;0;0;0
06/08/2017;09:11:00;63;Acidente com Vítima;454,3;BR-040/MG;Norte;Colisão traseira;1;0;0;2;0;0;0;0;0;0;3;0;1;0;0
06/08/2017;06:56:00;46;Acidente sem Vítima;9,15;BR-040/GO;Norte;Queda de Moto;0;0;0;1;0;0;0;0;0;0;1;0;0;0;0
06/08/2017;06:50:00;43;Acidente com Morte;449,9;BR-040/MG;Norte;Capotamento;0;0;0;0;0;0;0;0;0;1;0;0;0;0;1
06/08/2017;04:21:00;33;Acidente sem Vítima;446,1;BR-040/MG;Sul;Choque com objeto fixo;1;0;0;0;0;0;0;0;0;0;1;0;0;0;0
06/08/2017;03:15:00;22;Acidente sem Vítima;411,5;BR-040/MG;Sul;Queda de Moto;0;0;0;1;0;0;0;0;0;0;1;0;0;0;0
06/08/2017;01:25:00;10;Acidente sem Vítima;7,7;BR-040/GO;Sul;Outros;2;0;0;0;0;0;0;0;0;0;2;0;0;0;0
06/08/2017;00:55:00;6;Acidente com Vítima;535,1;BR-040/MG;Norte;Capotamento;1;0;0;0;0;0;0;0;0;0;0;0;0;0;0
05/08/2017;23:32:00;299;Acidente sem Vítima;530,8;BR-040/MG;Norte;Colisão traseira;1;0;0;1;0;0;0;0;0;0;2;0;0;0;0
05/08/2017;21:59:00;281;Acidente com Vítima;2,8;BR-040/GO;Norte;Queda de Moto;0;0;0;2;0;0;0;0;0;0;2;1;0;0;0
05/08/2017;20:37:00;268;Acidente sem Vítima;516,37;BR-040/MG;Norte;Capotamento;1;0;0;0;0;0;0;0;0;0;1;0;0;0;0
05/08/2017;20:09:00;260;Acidente com Vítima;139,8;BR-040/MG;Sul;Colisão traseira;0;0;2;0;0;0;0;0;0;0;1;0;1;0;0
05/08/2017;18:20:00;232;Acidente com Vítima;5,5;BR-040/DF;Norte;Abalroamento longitudinal;1;0;0;1;0;0;0;0;0;0;1;1;0;0;0
05/08/2017;17:52:00;219;Acidente com Vítima;762,95;BR-040/MG;Sul;Abalroamento transversal;2;0;0;0;0;0;0;0;0;0;1;2;0;0;0
05/08/2017;15:10:00;186;Acidente sem Vítima;610,8;BR-040/MG;Norte;Colisão traseira;2;0;0;0;0;0;0;0;0;0;7;0;0;0;0
05/08/2017;15:03:00;183;Acidente sem Vítima;1,35;BR-040/GO;Sul;Colisão traseira;4;0;0;0;0;0;0;0;0;0;8;0;0;0;0
05/08/2017;14:32:00;178;Acidente sem Vítima;293,7;BR-040/MG;Norte;Colisão traseira;1;0;0;0;0;0;0;0;0;1;6;0;0;0;0
05/08/2017;13:31:00;161;Acidente com Vítima;550,8;BR-040/MG;Norte;Colisão traseira;1;0;0;1;0;0;0;0;0;0;1;1;0;0;0
05/08/2017;13:19:00;157;Acidente com Vítima;560;BR-040/MG;Sul;Choque com objeto fixo;0;1;0;0;0;0;0;0;0;0;0;0;1;0;0
05/08/2017;10:38:00;111;Acidente com Vítima;733,1;BR-040/MG;Sul;Abalroamento transversal;2;0;0;0;0;0;0;0;0;0;2;2;1;0;0
05/08/2017;06:32:00;49;Acidente com Vítima;543,5;BR-040/MG;Norte;Choque com objeto fixo;1;0;0;0;0;0;0;0;0;0;0;1;0;0;0
05/08/2017;06:23:00;46;Acidente sem Vítima;542,1;BR-040/MG;Norte;Choque com objeto fixo;1;0;0;0;0;0;0;0;0;0;1;0;0;0;0
05/08/2017;02:21:00;29;Acidente sem Vítima;600,7;BR-040/MG;Norte;Colisão traseira;0;0;1;0;0;1;0;0;0;0;2;0;0;0;0
05/08/2017;01:50:00;25;Acidente sem Vítima;615,24;BR-040/MG;Sul;Capotamento;1;0;0;0;0;0;0;0;0;0;1;0;0;0;0
05/08/2017;00:21:00;5;Acidente sem Vítima;4,2;BR-040/GO;Norte;Abalroamento transversal;1;0;1;0;0;0;0;0;0;0;2;0;0;0;0
04/08/2017;22:40:00;470;Acidente sem Vítima;701,15;BR-040/MG;Norte;Colisão traseira;2;0;0;0;0;0;0;0;0;0;5;0;0;0;0
04/08/2017;22:11:00;463;Acidente com Vítima;564,2;BR-040/MG;Norte;Choque com objeto fixo;1;0;0;0;0;0;0;0;0;0;0;2;0;1;0
04/08/2017;21:18:00;446;Acidente sem Vítima;2;BR-040/GO;Sul;Abalroamento longitudinal;0;0;1;1;0;0;0;0;0;0;2;0;0;0;0
04/08/2017;20:41:00;434;Acidente sem Vítima;533,01;BR-040/MG;Norte;Abalroamento longitudinal;1;0;1;0;0;0;0;0;0;0;2;0;0;0;0
04/08/2017;18:12:00;388;Acidente sem Vítima;544,001;BR-040/MG;Norte;Colisão traseira;3;0;0;0;0;0;0;0;0;0;3;0;0;0;0
04/08/2017;17:38:00;379;Acidente sem Vítima;9,7;BR-040/GO;Norte;Colisão traseira;2;0;0;0;0;0;0;0;0;0;6;0;0;0;0
04/08/2017;16:52:00;361;Acidente com Vítima;635,9;BR-040/MG;Norte;Abalroamento longitudinal;2;0;0;0;0;0;0;0;0;0;1;3;0;0;0
04/08/2017;16:12:00;334;Acidente com Vítima;632,1;BR-040/MG;Norte;Abalroamento transversal;1;0;0;1;0;0;0;0;0;0;5;1;0;0;0
04/08/2017;16:09:00;331;Acidente sem Vítima;567,279;BR-040/MG;Norte;Colisão traseira;2;0;0;0;0;0;0;0;0;0;3;0;0;0;0
04/08/2017;15:50:00;323;Acidente com Vítima;8,5;BR-040/GO;Norte;Colisão traseira;2;0;0;0;0;0;0;0;0;0;4;0;1;0;0
04/08/2017;12:33:00;268;Acidente sem Vítima;1,8;BR-040/GO;Sul;Colisão traseira;2;0;0;0;0;0;0;0;0;0;5;0;0;0;0
04/08/2017;12:30:00;266;Acidente com Vítima;3,15;BR-040/GO;Sul;Queda de Moto;0;0;0;1;0;0;0;0;0;0;1;1;0;0;0
04/08/2017;12:24:00;263;Acidente sem Vítima;1,8;BR-040/GO;Norte;Colisão traseira;2;0;0;0;0;0;0;0;0;0;4;0;0;0;0
04/08/2017;12:23:00;262;Acidente sem Vítima;1,85;BR-040/GO;Norte;Colisão traseira;2;0;0;0;0;0;0;0;0;0;2;0;0;0;0
04/08/2017;11:50:00;248;Acidente sem Vítima;2,5;BR-040/GO;Sul;Colisão traseira;2;0;0;0;0;0;0;0;0;0;2;0;0;0;0
04/08/2017;09:10:00;181;Acidente com Vítima;530,1;BR-040/MG;Sul;Colisão traseira;2;0;0;1;0;0;0;0;0;0;2;0;0;0;0
04/08/2017;08:29:00;168;Acidente com Vítima;2,27;BR-040/DF;Norte;Colisão traseira;1;0;0;1;0;0;0;0;0;0;4;0;0;0;0
04/08/2017;07:36:00;147;Acidente sem Vítima;5,01;BR-040/GO;Norte;Abalroamento longitudinal;1;0;0;1;0;0;0;0;0;0;3;0;0;0;0
04/08/2017;07:03:00;137;Acidente com Vítima;4,2;BR-040/GO;Norte;Queda de Moto;0;1;0;1;0;0;0;0;0;0;1;0;0;0;0
04/08/2017;06:42:00;130;Acidente sem Vítima;523;BR-040/MG;Sul;Colisão traseira;2;0;0;0;0;0;0;0;0;0;2;0;0;0;0
04/08/2017;06:22:00;127;Acidente sem Vítima;1,8;BR-040/DF;Norte;Colisão traseira;0;0;1;1;0;0;0;0;0;0;2;0;0;0;0
04/08/2017;01:46:00;87;Acidente sem Vítima;534;BR-040/MG;Norte;Choque em barreira New Jersey;1;0;0;0;0;0;0;0;0;0;1;0;0;0;0
03/08/2017;20:03:00;344;Acidente com Vítima;5,4;BR-040/DF;Sul;Abalroamento longitudinal;1;0;0;1;0;0;0;0;0;0;1;1;0;0;0
03/08/2017;19:47:00;340;Acidente sem Vítima;365,072;BR-040/MG;Sul;Queda de Moto;0;0;0;1;0;0;0;0;0;0;2;0;0;0;0
03/08/2017;19:09:00;331;Acidente com Vítima;512,2;BR-040/MG;Sul;Capotamento;1;0;0;0;0;0;0;0;0;0;0;0;0;1;0
03/08/2017;17:40:00;311;Acidente com Vítima;748,1;BR-040/MG;Sul;Queda de Moto;0;0;0;1;0;0;0;0;0;0;0;1;0;0;0
03/08/2017;16:02:00;281;Acidente sem Vítima;2,3;BR-040/GO;Norte;Abalroamento longitudinal;1;0;0;0;1;0;0;0;0;0;2;0;0;0;0
03/08/2017;13:34:00;244;Acidente com Vítima;739,7;BR-040/MG;Norte;Queda de Carga;0;0;0;0;0;1;0;0;0;0;0;0;1;0;0
03/08/2017;09:02:00;172;Acidente sem Vítima;526,1;BR-040/MG;Norte;Abalroamento longitudinal;1;0;1;0;1;0;0;0;0;0;3;0;0;0;0
03/08/2017;08:09:00;163;Acidente sem Vítima;542,5;BR-040/MG;Sul;Colisão traseira;2;0;0;0;0;0;0;0;0;0;2;0;0;0;0
03/08/2017;07:03:00;145;Acidente com Vítima;612,001;BR-040/MG;Sul;Queda de Moto;0;0;1;1;0;0;0;0;0;0;1;1;0;0;0
03/08/2017;07:00:00;142;Acidente sem Vítima;6,1;BR-040/DF;Norte;Colisão traseira;3;0;0;0;0;0;0;0;0;0;3;0;0;0;0
03/08/2017;00:10:00;6;Acidente sem Vítima;191,3;BR-040/MG;Sul;Atropelamento de animal;1;0;0;0;0;0;0;0;0;0;3;0;0;0;0
02/08/2017;23:46:00;348;Acidente sem Vítima;592,17;BR-040/MG;Norte;Choque em defensa;1;0;0;0;0;0;0;0;0;0;1;0;0;0;0
02/08/2017;22:47:00;335;Acidente sem Vítima;44,109;BR-040/MG;Norte;Abalroamento longitudinal;2;0;0;0;0;0;0;0;0;0;2;0;0;0;0
02/08/2017;16:20:00;258;Acidente com Vítima;12,9;BR-040/GO;Sul;Abalroamento longitudinal;1;0;0;1;0;0;0;0;0;0;2;1;0;0;0
02/08/2017;14:12:00;229;Acidente com Vítima;545,5;BR-040/MG;Sul;Choque em defensa;1;0;0;0;0;0;0;0;0;0;2;1;0;0;0
02/08/2017;13:11:00;210;Acidente sem Vítima;527,5;BR-040/MG;Norte;Colisão traseira;2;0;0;0;0;0;0;0;0;0;2;0;0;0;0
02/08/2017;12:14:00;198;Acidente com Vítima;522,5;BR-040/MG;Sul;Colisão traseira;3;0;0;0;0;0;0;0;0;0;6;2;0;0;0
02/08/2017;11:52:00;188;Acidente sem Vítima;450,1;BR-040/MG;Norte;Capotamento;1;0;0;0;0;0;0;0;0;0;1;0;0;0;0
02/08/2017;07:47:00;115;Acidente com Vítima;2,8;BR-040/GO;Norte;Queda de Moto;0;0;0;1;0;0;0;0;0;0;1;1;0;0;0
02/08/2017;00:12:00;2;Acidente sem Vítima;247,6;BR-040/MG;Norte;Outros;0;0;1;0;0;0;0;0;0;0;1;0;0;0;0
01/08/2017;19:09:00;304;Acidente sem Vítima;124,5;BR-040/MG;Norte;Colisão traseira;1;0;0;0;0;0;0;0;0;0;1;0;0;0;0
01/08/2017;16:25:00;265;Acidente com Vítima;42;BR-040/MG;Norte;Colisão traseira;1;0;0;1;0;0;0;0;0;0;1;1;0;0;0
01/08/2017;11:51:00;195;Acidente sem Vítima;537;BR-040/MG;Norte;Capotamento;1;0;0;0;0;0;0;0;0;0;2;0;0;0;0
01/08/2017;08:43:00;156;Acidente sem Vítima;594,7;BR-040/MG;Norte;Colisão traseira;1;0;0;0;0;1;0;0;0;0;3;0;0;0;0
01/08/2017;08:25:00;150;Acidente sem Vítima;537,2;BR-040/MG;Sul;Colisão traseira;4;0;0;0;0;0;0;0;0;0;6;0;0;0;0
30/09/2017;23:44:00;356;Acidente sem Vítima;487;BR-040/MG;Norte;Colisão traseira;2;0;0;0;0;0;0;0;0;0;2;0;0;0;0
30/09/2017;19:56:00;309;Acidente com Vítima;476;BR-040/MG;Norte;Colisão traseira;2;0;0;0;0;0;0;0;0;0;2;0;1;0;0
30/09/2017;19:06:00;292;Acidente com Vítima;44,7;BR-040/MG;Sul;Colisão frontal;1;0;0;1;0;0;0;0;0;0;3;0;1;0;0
30/09/2017;18:50:00;289;Acidente com Vítima;506,05;BR-040/MG;Norte;Queda de Carga;0;0;0;0;1;0;0;0;0;0;2;2;0;0;0
30/09/2017;16:04:00;251;Atropelamento sem Morte;1,7;BR-040/GO;Norte;Atropelamento de pedestre caminhando;1;0;0;0;0;0;0;0;0;0;1;1;0;0;0
30/09/2017;16:04:00;252;Acidente sem Vítima;712,9;BR-040/MG;Norte;Outros;1;0;0;0;0;0;0;0;0;0;1;0;0;0;0
30/09/2017;16:03:00;250;Acidente com Vítima;0,15;BR-040/MG;Sul;Abalroamento longitudinal;1;0;1;0;0;0;0;0;0;0;1;1;0;0;0
30/09/2017;15:14:00;239;Acidente sem Vítima;493,67;BR-040/MG;Norte;Choque com objeto fixo;1;0;0;0;0;0;0;0;0;0;4;0;0;0;0
30/09/2017;15:05:00;236;Acidente sem Vítima;718,1;BR-040/MG;Norte;Queda de Carga;1;0;0;0;0;0;0;0;0;0;1;0;0;0;0
30/09/2017;14:39:00;224;Acidente com Vítima;546,12;BR-040/MG;Norte;Outros;2;0;0;0;0;0;0;0;0;0;3;2;1;0;0
30/09/2017;14:31:00;219;Acidente com Vítima;448,4;BR-040/MG;Sul;Choque com objeto fixo;1;0;0;0;0;0;0;0;0;0;4;1;0;0;0
30/09/2017;14:07:00;211;Acidente com Vítima;527,32;BR-040/MG;Norte;Colisão traseira;3;0;1;0;0;0;0;0;0;0;6;1;0;0;0
30/09/2017;13:56:00;208;Acidente sem Vítima;739,6;BR-040/MG;Norte;Outros;1;0;0;0;0;0;0;0;0;0;2;0;0;0;0
30/09/2017;12:38:00;183;Acidente com Vítima;737,8;BR-040/MG;Norte;Capotamento;2;0;0;1;0;0;0;0;0;0;2;0;1;0;0
30/09/2017;12:31:00;180;Acidente sem Vítima;696;BR-040/MG;Sul;Choque com objeto fixo;1;0;0;0;0;0;0;0;0;0;1;0;0;0;0