data;horario;n_da_ocorrencia;tipo_de_ocorrencia;km;trecho;sentido;tipo_de_acidente;automovel;bicicleta;caminhao;moto;onibus;outros;tracao_animal;transporte_de_cargas_especiais;trator_maquinas;utilitarios;ilesos;levemente_feridos;moderadamente_feridos;gravemente_feridos;mortos
19/09/2017;17:46:00;258;Acidente sem Vítima;547,176;BR-040/MG;Norte;Colisão traseira;1;0;1;0;0;0;0;0;0;0;2;0;0;0;0
19/09/2017;16:25:00;242;Acidente com Vítima;532,1;BR-040/MG;Norte;Colisão traseira;3;0;0;0;0;0;0;0;0;0;3;1;0;0;0
19/09/2017;15:31:00;225;Acidente sem Vítima;438,5;BR-040/MG;Norte;Capotamento;1;0;0;0;0;0;0;0;0;0;1;0;0;0;0
19/09/2017;12:07:00;181;Acidente sem Vítima;543,5;BR-040/MG;Sul;Queda de Moto;0;0;0;1;0;0;0;0;0;0;1;0;0;0;0
19/09/2017;12:02:00;180;Acidente sem Vítima;626,2;BR-040/MG;Sul;Colisão traseira;2;0;0;0;0;0;0;0;0;0;2;0;0;0;0
19/09/2017;07:43:00;115;Acidente com Vítima;541,5;BR-040/MG;Sul;Colisão traseira;0;0;1;0;0;1;0;0;0;1;11;6;0;0;0
19/09/2017;07:41:00;114;Atropelamento sem Morte;1,001;BR-040/GO;Norte;Atropelamento de pedestre atravessando;1;0;0;1;0;0;0;0;0;0;2;0;0;1;0
19/09/2017;07:35:00;113;Acidente sem Vítima;1,2;BR-040/GO;Norte;Colisão traseira;1;0;0;1;0;0;0;0;0;0;3;0;0;0;0
19/09/2017;06:44:00;100;Atropelamento sem Morte;528,98;BR-040/MG;Sul;Atropelamento de pedestre atravessando;0;1;0;1;0;0;0;0;0;0;2;2;0;0;0
19/09/2017;03:00:00;79;Acidente com Vítima;323,01;BR-040/MG;Sul;Capotamento;0;0;1;0;0;0;0;0;0;0;0;1;0;0;0
18/09/2017;23:19:00;375;Acidente sem Vítima;758,02;BR-040/MG;Sul;Abalroamento longitudinal;1;0;1;0;0;0;0;0;0;0;3;0;0;0;0
18/09/2017;22:35:00;371;Acidente sem Vítima;71;BR-040/GO;Sul;Colisão traseira;0;0;2;0;0;0;0;0;0;0;2;0;0;0;0
18/09/2017;20:30:00;330;Acidente sem Vítima;520,2;BR-040/MG;Norte;Choque com objeto fixo;1;0;0;0;0;0;0;0;0;0;3;0;0;0;0
18/09/2017;19:38:00;325;Acidente sem Vítima;535,24;BR-040/MG;Norte;Colisão traseira;2;0;0;0;0;0;0;0;0;0;2;0;0;0;0
18/09/2017;18:49:00;315;Acidente sem Vítima;523,3;BR-040/MG;Norte;Abalroamento longitudinal;1;0;1;0;0;0;0;0;0;0;2;0;0;0;0
18/09/2017;18:24:00;306;Acidente sem Vítima;30,5;BR-040/GO;Norte;Colisão traseira;2;0;0;0;0;0;0;0;0;0;2;0;0;0;0
18/09/2017;14:47:00;242;Acidente sem Vítima;677,4;BR-040/MG;Norte;Capotamento;1;0;0;0;0;0;0;0;0;0;2;0;0;0;0
18/09/2017;11:15:00;180;Acidente sem Vítima;4,8;BR-040/DF;Norte;Queda de Moto;0;0;0;2;0;0;0;0;0;0;2;0;0;0;0
18/09/2017;09:39:00;157;Acidente sem Vítima;129;BR-040/MG;Norte;Colisão traseira;2;0;0;0;0;0;0;0;0;0;2;0;0;0;0
18/09/2017;08:54:00;147;Acidente sem Vítima;718;BR-040/MG;Norte;Choque em barreira New Jersey;1;0;0;0;0;0;0;0;0;0;1;0;0;0;0
18/09/2017;08:22:00;143;Acidente com Vítima;18,5;BR-040/GO;Norte;Queda de Moto;1;0;0;1;0;0;0;0;0;0;1;1;0;0;0
18/09/2017;08:12:00;135;Acidente sem Vítima;524;BR-040/MG;Norte;Colisão traseira;2;0;0;0;0;0;0;0;0;0;5;0;0;0;0
18/09/2017;06:37:00;100;Acidente sem Vítima;482,95;BR-040/MG;Sul;Queda de Carga;0;0;1;0;0;0;0;0;0;0;1;0;0;0;0
17/09/2017;22:46:00;265;Acidente com Vítima;102,3;BR-040/GO;Norte;Capotamento;1;0;0;0;0;0;0;0;0;0;3;1;1;0;0
17/09/2017;19:35:00;222;Acidente com Vítima;92,5;BR-040/MG;Sul;Abalroamento longitudinal;2;0;0;0;0;0;0;0;0;0;6;0;1;0;0
17/09/2017;17:23:00;193;Acidente sem Vítima;510;BR-040/MG;Sul;Abalroamento transversal;2;0;0;0;0;0;0;0;0;0;2;0;0;0;0
17/09/2017;16:53:00;182;Acidente sem Vítima;510;BR-040/MG;Norte;Colisão traseira;4;0;0;0;0;0;0;0;0;0;6;0;0;0;0
17/09/2017;16:31:00;174;Acidente sem Vítima;724;BR-040/MG;Norte;Choque em barreira New Jersey;1;0;0;0;0;0;0;0;0;0;1;0;0;0;0
17/09/2017;12:54:00;113;Acidente sem Vítima;4,1;BR-040/GO;Sul;Colisão traseira;2;0;0;0;0;0;0;0;0;0;9;0;0;0;0
17/09/2017;09:05:00;68;Acidente sem Vítima;524;BR-040/MG;Norte;Capotamento;2;0;0;0;0;0;0;0;0;0;4;0;0;0;0
17/09/2017;05:46:00;37;Acidente sem Vítima;41,1;BR-040/MG;Norte;Choque com objeto fixo;1;0;0;0;0;0;0;0;0;0;1;0;0;0;0
17/09/2017;00:32:00;5;Acidente sem Vítima;5,001;BR-040/GO;Sul;Colisão traseira;1;0;0;0;0;1;0;0;0;0;2;0;0;0;0
16/09/2017;22:20:00;272;Acidente sem Vítima;527,3;BR-040/MG;Sul;Choque com objeto fixo;1;0;0;0;0;0;0;0;0;0;1;0;0;0;0
16/09/2017;22:13:00;271;Acidente com Vítima;34,5;BR-040/GO;Sul;Choque com objeto fixo;2;0;0;0;0;0;0;0;0;0;1;0;1;0;0
16/09/2017;18:28:00;202;Acidente sem Vítima;714,2;BR-040/MG;Norte;Choque em defensa;0;0;1;0;0;0;0;0;0;0;1;0;0;0;0
16/09/2017;16:56:00;176;Acidente sem Vítima;16,6;BR-040/GO;Norte;Colisão traseira;2;0;0;0;0;0;0;0;0;0;2;0;0;0;0
16/09/2017;15:16:00;158;Acidente com Vítima;643,5;BR-040/MG;Sul;Queda de Moto;0;0;0;1;0;0;0;0;0;0;0;1;0;0;0
16/09/2017;13:26:00;145;Acidente sem Vítima;531,85;BR-040/MG;Sul;Colisão traseira;3;0;0;0;0;0;0;0;0;0;3;0;0;0;0
16/09/2017;13:01:00;137;Acidente sem Vítima;99,1;BR-040/GO;Sul;Colisão traseira;2;0;0;0;0;0;0;0;0;0;7;0;0;0;0
16/09/2017;12:59:00;136;Acidente com Vítima;531,7;BR-040/MG;Sul;Abalroamento longitudinal;1;0;0;1;0;0;0;0;0;0;1;0;1;0;0
16/09/2017;12:39:00;131;Acidente sem Vítima;532,001;BR-040/MG;Sul;Colisão traseira;2;0;0;0;0;1;0;0;0;0;3;0;0;0;0
16/09/2017;09:56:00;94;Acidente sem Vítima;600,5;BR-040/MG;Norte;Colisão traseira;0;0;2;0;0;0;0;0;0;0;2;0;0;0;0
16/09/2017;09:49:00;91;Acidente sem Vítima;600,5;BR-040/MG;Sul;Colisão traseira;2;0;0;0;0;0;0;0;0;0;4;0;0;0;0
16/09/2017;06:49:00;55;Acidente com Vítima;618,7;BR-040/MG;Sul;Colisão traseira;1;0;1;0;0;0;0;0;0;0;2;0;1;0;0
16/09/2017;06:49:00;56;Acidente com Vítima;522,5;BR-040/MG;Norte;Colisão traseira;1;0;0;1;0;0;0;0;0;0;1;0;0;0;0
16/09/2017;06:42:00;54;Acidente sem Vítima;524,5;BR-040/MG;Norte;Capotamento;1;0;0;0;0;0;0;0;0;0;1;0;0;0;0
16/09/2017;04:34:00;47;Acidente sem Vítima;6,8;BR-040/DF;Sul;Capotamento;1;0;0;0;0;0;0;0;0;0;1;0;0;0;0
16/09/2017;03:03:00;40;Acidente com Vítima;628,15;BR-040/MG;Norte;Colisão frontal;1;0;0;1;0;0;0;0;0;0;0;1;0;1;0
15/09/2017;23:55:00;388;Acidente sem Vítima;1,238;BR-040/GO;Sul;Abalroamento longitudinal;0;0;1;1;0;0;0;0;0;0;6;0;0;0;0
15/09/2017;23:51:00;387;Acidente sem Vítima;131,235;BR-040/MG;Sul;Queda de Moto;0;0;0;1;0;0;0;0;0;0;2;0;0;0;0
15/09/2017;23:17:00;374;Acidente sem Vítima;599;BR-040/MG;Norte;Abalroamento longitudinal;2;0;0;0;0;0;0;0;0;0;2;0;0;0;0
15/09/2017;23:08:00;369;Acidente sem Vítima;532,1;BR-040/MG;Norte;Colisão traseira;2;0;0;0;0;0;0;0;0;0;2;0;0;0;0
15/09/2017;23:07:00;368;Acidente sem Vítima;6,5;BR-040/DF;Sul;Colisão traseira;1;0;0;1;0;0;0;0;0;0;4;0;0;0;0
15/09/2017;21:22:00;360;Acidente sem Vítima;598,01;BR-040/MG;Norte;Colisão traseira;0;0;2;0;0;0;0;0;0;0;2;0;0;0;0
15/09/2017;20:30:00;342;Acidente com Vítima;92,1;BR-040/GO;Norte;Colisão traseira;0;0;0;1;0;1;0;0;0;0;2;1;0;0;0
15/09/2017;19:33:00;321;Acidente com Vítima;532,5;BR-040/MG;Norte;Queda de Moto;0;0;1;1;0;0;0;0;0;0;5;0;1;0;0
15/09/2017;19:23:00;319;Acidente sem Vítima;535,1;BR-040/MG;Sul;Colisão traseira;1;0;1;0;0;0;0;0;0;0;2;0;0;0;0
15/09/2017;18:53:00;304;Acidente sem Vítima;7,2;BR-040/GO;Norte;Colisão traseira;1;0;0;0;0;1;0;0;0;0;2;0;0;0;0
15/09/2017;16:51:00;265;Acidente sem Vítima;527,3;BR-040/MG;Norte;Queda de Carga;0;0;1;0;0;0;0;0;0;0;2;0;0;0;0
15/09/2017;13:08:00;206;Acidente sem Vítima;61,01;BR-040/GO;Norte;Abalroamento longitudinal;0;0;1;0;1;0;0;0;0;0;2;0;0;0;0
15/09/2017;13:06:00;204;Acidente sem Vítima;550,05;BR-040/MG;Norte;Colisão traseira;1;0;1;0;0;0;0;0;0;0;4;0;0;0;0
15/09/2017;12:55:00;198;Acidente sem Vítima;71,01;BR-040/GO;Norte;Capotamento;2;0;0;0;0;0;0;0;0;0;2;0;0;0;0
15/09/2017;12:42:00;189;Acidente sem Vítima;568,1;BR-040/MG;Sul;Choque com objeto fixo;2;0;0;0;0;0;0;0;0;0;2;0;0;0;0
15/09/2017;11:40:00;174;Acidente com Vítima;220,1;BR-040/MG;Sul;Outros;1;0;2;0;0;0;0;0;0;0;2;1;0;0;0
15/09/2017;10:14:00;157;Acidente com Vítima;697,4;BR-040/MG;Norte;Queda de Moto;0;0;0;1;0;0;0;0;0;0;0;1;0;0;0
15/09/2017;08:51:00;138;Acidente com Vítima;22,9;BR-040/MG;Norte;Capotamento;0;0;0;1;0;0;0;0;0;0;0;1;1;0;0
15/09/2017;08:19:00;128;Acidente sem Vítima;628,1;BR-040/MG;Sul;Abalroamento transversal;2;0;0;0;0;0;0;0;0;0;2;0;0;0;0
15/09/2017;01:05:00;10;Atropelamento sem Morte;530,1;BR-040/MG;Norte;Atropelamento de pedestre atravessando;0;0;0;1;0;0;0;0;0;0;0;0;1;0;0
14/09/2017;23:12:00;408;Acidente com Vítima;8;BR-040/DF;Sul;Colisão traseira;1;0;0;1;0;0;0;0;0;0;1;0;0;0;0
14/09/2017;21:21:00;382;Atropelamento sem Morte;1,5;BR-040/GO;Sul;Atropelamento em abrigo de ônibus;1;0;0;0;0;0;0;0;0;0;1;0;1;0;0
14/09/2017;18:39:00;340;Acidente com Morte;6,5;BR-040/GO;Sul;Colisão traseira;2;0;1;1;0;0;0;0;0;0;3;0;0;0;1
14/09/2017;16:05:00;292;Acidente com Vítima;5;BR-040/GO;Norte;Colisão traseira;1;0;0;2;0;0;0;0;0;0;2;0;0;0;0
14/09/2017;15:15:00;277;Acidente com Vítima;1,5;BR-040/GO;Norte;Abalroamento longitudinal;0;0;1;1;0;0;0;0;0;0;1;0;1;0;0
14/09/2017;13:58:00;253;Acidente sem Vítima;617,2;BR-040/MG;Sul;Outros;1;0;0;0;0;0;0;0;0;0;2;0;0;0;0
14/09/2017;11:44:00;223;Acidente sem Vítima;681,25;BR-040/MG;Norte;Colisão traseira;0;0;0;0;1;0;0;0;0;1;2;0;0;0;0
14/09/2017;08:08:00;151;Acidente com Vítima;533,26;BR-040/MG;Norte;Colisão traseira;0;0;1;1;0;0;0;0;0;0;1;1;0;0;0
13/09/2017;21:59:00;406;Acidente sem Vítima;521;BR-040/MG;Sul;Abalroamento longitudinal;2;0;0;0;0;0;0;0;0;0;2;0;0;0;0
13/09/2017;19:45:00;370;Acidente sem Vítima;519,8;BR-040/MG;Norte;Colisão traseira;2;0;0;0;0;0;0;0;0;0;3;0;0;0;0
13/09/2017;18:38:00;346;Acidente com Vítima;3,5;BR-040/DF;Sul;Queda de Moto;0;0;0;1;0;0;0;0;0;0;0;1;0;0;0
13/09/2017;18:30:00;338;Acidente com Vítima;443;BR-040/MG;Norte;Atropelamento de animal;0;0;0;1;0;0;0;0;0;0;0;1;0;0;0
13/09/2017;18:25:00;333;Acidente sem Vítima;10,005;BR-040/GO;Sul;Queda de Moto;1;0;0;1;0;0;0;0;0;0;2;0;0;0;0
13/09/2017;17:51:00;323;Acidente sem Vítima;4,7;BR-040/DF;Sul;Abalroamento longitudinal;1;0;0;1;0;0;0;0;0;0;3;0;0;0;0
13/09/2017;15:54:00;281;Acidente com Vítima;535,2;BR-040/MG;Norte;Queda de Moto;0;0;0;1;0;0;0;0;0;0;1;2;0;0;0
13/09/2017;14:59:00;271;Acidente com Morte;232,85;BR-040/MG;Norte;Colisão frontal;0;0;0;2;0;0;0;0;0;0;1;0;0;0;1
13/09/2017;13:19:00;229;Acidente sem Vítima;628,15;BR-040/MG;Norte;Abalroamento longitudinal;1;0;1;0;0;0;0;0;0;0;2;0;0;0;0
13/09/2017;11:06:00;202;Acidente com Vítima;682,8;BR-040/MG;Sul;Capotamento;1;0;0;0;0;0;0;0;0;0;0;0;0;1;0
13/09/2017;08:42:00;166;Acidente sem Vítima;525,28;BR-040/MG;Sul;Colisão traseira;4;0;0;0;0;0;0;0;0;0;7;0;0;0;0
13/09/2017;07:20:00;141;Acidente com Vítima;4,5;BR-040/DF;Norte;Colisão traseira;0;0;0;1;0;1;0;0;0;0;2;0;0;0;0
12/09/2017;23:40:00;371;Acidente com Vítima;11,3;BR-040/GO;Norte;Colisão traseira;0;0;0;2;0;0;0;0;0;0;3;1;1;0;0
12/09/2017;22:16:00;363;Acidente sem Vítima;4,3;BR-040/DF;Sul;Colisão traseira;2;0;0;0;0;0;0;0;0;0;3;0;0;0;0
12/09/2017;22:12:00;362;Acidente sem Vítima;519,02;BR-040/MG;Norte;Queda de Moto;0;0;0;1;0;0;0;0;0;0;1;0;0;0;0
12/09/2017;19:32:00;321;Acidente sem Vítima;721,5;BR-040/MG;Norte;Choque em barreira New Jersey;1;0;0;0;0;0;0;0;0;0;3;0;0;0;0
12/09/2017;18:51:00;310;Acidente sem Vítima;533;BR-040/MG;Norte;Abalroamento longitudinal;1;0;1;0;0;0;0;0;0;0;2;0;0;0;0
12/09/2017;17:31:00;279;Acidente sem Vítima;5,6;BR-040/GO;Sul;Choque com objeto fixo;1;0;0;0;0;0;0;0;0;0;1;0;0;0;0
12/09/2017;16:23:00;266;Acidente sem Vítima;44,6;BR-040/MG;Norte;Abalroamento transversal;1;0;0;1;0;0;0;0;0;0;2;0;0;0;0
12/09/2017;15:12:00;245;Acidente com Vítima;532,9;BR-040/MG;Sul;Abalroamento longitudinal;1;0;0;1;0;0;0;0;0;0;1;1;1;0;0
12/09/2017;08:36:00;148;Acidente com Vítima;1,3;BR-040/GO;Norte;Queda de Moto;1;0;0;1;0;0;0;0;0;0;1;1;0;0;0
12/09/2017;08:35:00;147;Acidente sem Vítima;442,15;BR-040/MG;Sul;Queda de Moto;0;0;0;1;0;0;0;0;0;0;1;0;0;0;0
12/09/2017;07:08:00;121;Acidente sem Vítima;532,5;BR-040/MG;Sul;Colisão traseira;3;0;0;0;0;0;0;0;0;0;3;0;0;0;0
12/09/2017;05:30:00;108;Acidente sem Vítima;364,5;BR-040/MG;Norte;Abalroamento longitudinal;1;0;1;0;0;0;0;0;0;0;2;0;0;0;0
11/09/2017;21:21:00;393;Acidente sem Vítima;98,5;BR-040/GO;Sul;Atropelamento de animal;0;0;0;0;1;0;0;0;0;0;30;0;0;0;0
11/09/2017;20:53:00;385;Atropelamento sem Morte;0,4;BR-040/GO;Norte;Atropelamento de pedestre atravessando;0;0;0;1;0;0;0;0;0;0;1;0;0;0;0
11/09/2017;19:54:00;372;Acidente sem Vítima;445,8;BR-040/MG;Sul;Outros;1;0;0;0;0;0;0;0;0;0;2;0;0;0;0
11/09/2017;19:31:00;363;Acidente sem Vítima;342,5;BR-040/MG;Norte;Outros;1;0;1;0;0;0;0;0;0;0;2;0;0;0;0
11/09/2017;18:47:00;350;Acidente sem Vítima;506,3;BR-040/MG;Sul;Abalroamento longitudinal;2;0;0;0;0;0;0;0;0;0;5;0;0;0;0
11/09/2017;18:22:00;339;Atropelamento sem Morte;0,4;BR-040/GO;Sul;Atropelamento de pedestre atravessando;0;0;0;1;0;0;0;0;0;0;1;1;0;0;0
11/09/2017;16:36:00;306;Acidente sem Vítima;611,1;BR-040/MG;Norte;Colisão traseira;1;0;0;1;0;0;0;0;0;0;2;0;0;0;0
11/09/2017;16:12:00;300;Acidente sem Vítima;487,15;BR-040/MG;Sul;Colisão traseira;2;0;0;0;0;0;0;0;0;0;2;0;0;0;0
11/09/2017;15:55:00;295;Acidente com Morte;368,001;BR-040/MG;Sul;Colisão frontal;1;0;0;1;0;0;0;0;0;0;1;0;0;0;2
11/09/2017;12:49:00;239;Acidente sem Vítima;523,42;BR-040/MG;Norte;Colisão traseira;1;0;0;1;0;0;0;0;0;0;2;0;0;0;0
11/09/2017;12:21:00;230;Acidente com Vítima;25,5;BR-040/GO;Norte;Capotamento;1;0;1;0;0;0;0;0;0;0;1;3;0;0;0
11/09/2017;12:07:00;225;Acidente sem Vítima;42,3;BR-040/MG;Norte;Colisão traseira;2;0;0;0;0;1;0;0;0;0;6;0;0;0;0
11/09/2017;12:01:00;222;Acidente com Vítima;475,5;BR-040/MG;Sul;Colisão traseira;1;0;1;0;0;0;0;0;0;0;2;3;0;0;0
11/09/2017;11:52:00;220;Acidente sem Vítima;597,48;BR-040/MG;Sul;Choque com objeto fixo;0;0;0;0;1;0;0;0;0;0;1;0;0;0;0
11/09/2017;10:43:00;205;Acidente com Vítima;576,1;BR-040/MG;Sul;Capotamento;0;0;1;0;0;0;0;0;0;0;0;0;5;1;0
11/09/2017;09:38:00;185;Acidente sem Vítima;7,7;BR-040/DF;Norte;Outros;2;0;0;1;0;0;0;0;0;0;3;0;0;0;0
11/09/2017;09:27:00;180;Acidente sem Vítima;68,6;BR-040/GO;Norte;Choque em barreira New Jersey;1;0;0;0;0;0;0;0;0;0;1;0;0;0;0
11/09/2017;08:08:00;158;Acidente sem Vítima;617,1;BR-040/MG;Sul;Colisão traseira;2;0;0;0;0;0;0;0;0;0;2;0;0;0;0
11/09/2017;07:01:00;141;Acidente com Vítima;522,52;BR-040/MG;Sul;Queda de Moto;1;0;0;1;0;0;0;0;0;0;1;1;1;0;0
11/09/2017;06:38:00;129;Acidente com Vítima;533,15;BR-040/MG;Norte;Colisão traseira;1;0;1;1;0;0;0;0;0;0;2;0;0;1;0
11/09/2017;06:26:00;127;Acidente sem Vítima;531,9;BR-040/MG;Norte;Abalroamento longitudinal;1;0;0;1;1;0;0;0;0;0;3;0;0;0;0
11/09/2017;05:25:00;117;Acidente com Vítima;2,3;BR-040/GO;Norte;Choque em barreira New Jersey;1;0;0;0;0;0;0;0;0;0;1;2;0;0;0
10/09/2017;23:10:00;346;Acidente com Vítima;8;BR-040/GO;Norte;Colisão traseira;1;0;0;1;0;0;0;0;0;0;1;0;1;0;0
10/09/2017;21:52:00;335;Acidente sem Vítima;17;BR-040/GO;Norte;Capotamento;1;0;0;0;0;0;0;0;0;0;1;0;0;0;0
10/09/2017;19:40:00;291;Acidente sem Vítima;702,9;BR-040/MG;Sul;Colisão traseira;2;0;0;0;0;0;0;0;0;0;6;0;0;0;0
10/09/2017;18:32:00;255;Acidente sem Vítima;674,5;BR-040/MG;Norte;Capotamento;1;0;0;0;0;0;0;0;0;0;3;0;0;0;0
10/09/2017;18:12:00;249;Acidente com Vítima;769,5;BR-040/MG;Norte;Queda de Moto;0;0;0;1;0;0;0;0;0;0;0;2;0;0;0
10/09/2017;17:26:00;230;Acidente com Vítima;645,3;BR-040/MG;Sul;Colisão traseira;1;0;0;0;0;0;0;0;0;1;2;1;0;0;0
10/09/2017;17:14:00;227;Acidente sem Vítima;498,8;BR-040/MG;Sul;Colisão traseira;1;0;1;0;0;0;0;0;0;0;4;0;0;0;0
10/09/2017;16:33:00;209;Acidente com Vítima;506,4;BR-040/MG;Sul;Colisão traseira;0;0;0;1;0;1;0;0;0;0;1;0;1;0;0
10/09/2017;15:35:00;180;Acidente sem Vítima;448,7;BR-040/MG;Sul;Colisão traseira;4;0;0;0;0;0;0;0;0;0;9;0;0;0;0
10/09/2017;15:31:00;177;Acidente sem Vítima;512;BR-040/MG;Norte;Colisão traseira;3;0;0;1;0;0;0;0;0;0;4;0;0;0;0
10/09/2017;12:04:00;110;Acidente com Vítima;692,2;BR-040/MG;Sul;Colisão traseira;2;0;0;0;0;0;0;0;0;0;3;3;0;0;0
10/09/2017;11:52:00;107;Acidente com Vítima;40;BR-040/MG;Norte;Abalroamento transversal;1;0;0;1;0;0;0;0;0;0;1;0;1;0;0
10/09/2017;08:39:00;57;Acidente sem Vítima;379,05;BR-040/MG;Sul;Abalroamento longitudinal;2;0;0;0;0;0;0;0;0;0;3;0;0;0;0
10/09/2017;07:08:00;42;Acidente sem Vítima;596,4;BR-040/MG;Norte;Abalroamento longitudinal;1;0;1;0;0;0;0;0;0;0;3;0;0;0;0
10/09/2017;05:53:00;35;Atropelamento sem Morte;534;BR-040/MG;Sul;Atropelamento de ciclista;0;1;0;1;0;0;0;0;0;0;0;2;0;0;0
10/09/2017;05:39:00;33;Acidente sem Vítima;621;BR-040/MG;Norte;Colisão traseira;2;0;0;0;0;0;0;0;0;0;7;0;0;0;0
10/09/2017;04:41:00;26;Atropelamento com Morte;286,3;BR-040/MG;Sul;Atropelamento de pedestre atravessando;2;0;0;0;0;1;0;0;0;0;3;0;0;0;1
10/09/2017;02:21:00;14;Acidente sem Vítima;544,1;BR-040/MG;Sul;Abalroamento longitudinal;2;0;0;0;0;0;0;0;0;0;3;0;0;0;0
10/09/2017;02:02:00;11;Acidente com Morte;424,6;BR-040/MG;Norte;Colisão traseira;0;0;0;1;0;1;0;0;0;0;1;0;0;0;1
09/09/2017;22:38:00;275;Acidente com Vítima;6,4;BR-040/GO;Norte;Choque com objeto fixo;1;0;0;0;0;0;0;0;0;0;0;1;0;0;0
09/09/2017;22:06:00;268;Acidente sem Vítima;667,1;BR-040/MG;Norte;Colisão traseira;2;0;0;0;0;0;0;0;0;0;3;0;0;0;0
09/09/2017;20:48:00;253;Acidente com Vítima;508,03;BR-040/MG;Norte;Capotamento;1;0;0;0;0;0;0;0;0;0;3;2;0;0;0
09/09/2017;19:42:00;235;Acidente com Vítima;462,2;BR-040/MG;Norte;Abalroamento transversal;0;0;0;1;0;1;0;0;0;0;1;0;0;0;0
09/09/2017;18:31:00;214;Acidente com Vítima;510,1;BR-040/MG;Sul;Queda de Moto;0;0;0;1;0;0;0;0;0;0;1;1;0;0;0
09/09/2017;11:49:00;108;Acidente com Vítima;18,2;BR-040/MG;Sul;Queda de Moto;0;0;0;1;0;0;0;0;0;0;1;1;0;0;0
09/09/2017;10:51:00;99;Acidente sem Vítima;3,5;BR-040/GO;Norte;Colisão traseira;3;0;0;0;0;0;0;0;0;0;4;0;0;0;0
09/09/2017;10:50:00;98;Acidente com Vítima;478,1;BR-040/MG;Sul;Capotamento;1;0;0;0;0;0;0;0;0;0;1;2;1;0;0
09/09/2017;09:54:00;88;Acidente sem Vítima;4,5;BR-040/GO;Sul;Colisão traseira;1;0;1;0;0;0;0;0;0;0;5;0;0;0;0
09/09/2017;09:14:00;79;Acidente sem Vítima;4,04;BR-040/GO;Sul;Queda de Moto;0;0;1;1;0;0;0;0;0;0;12;0;0;0;0
09/09/2017;08:25:00;66;Acidente sem Vítima;536;BR-040/MG;Sul;Abalroamento transversal;2;0;1;0;0;0;0;0;0;0;3;0;0;0;0
09/09/2017;00:21:00;3;Acidente com Vítima;8,05;BR-040/GO;Sul;Colisão traseira;1;0;0;1;0;0;0;0;0;0;3;1;0;0;0
08/09/2017;23:33:00;309;Acidente sem Vítima;1,8;BR-040/GO;Sul;Abalroamento longitudinal;1;0;0;1;0;0;0;0;0;0;2;0;0;0;0
08/09/2017;22:45:00;298;Atropelamento com Morte;631,32;BR-040/MG;Norte;Atropelamento de pedestre atravessando;1;0;0;0;0;0;0;0;0;0;1;0;0;0;1
08/09/2017;19:31:00;258;Acidente com Vítima;763,62;BR-040/MG;Norte;Choque com objeto fixo;1;0;0;0;0;0;0;0;0;0;0;2;0;0;0
08/09/2017;19:02:00;248;Acidente com Vítima;530,6;BR-040/MG;Norte;Abalroamento longitudinal;1;0;0;1;0;0;0;0;0;0;3;1;0;0;0
08/09/2017;18:17:00;236;Acidente com Vítima;522,7;BR-040/MG;Norte;Colisão traseira;2;0;0;1;0;0;0;0;0;0;2;1;0;1;0
08/09/2017;18:08:00;232;Atropelamento sem Morte;1,5;BR-040/GO;Sul;Atropelamento de pedestre atravessando;1;0;0;0;0;0;0;0;0;0;0;0;0;1;0
08/09/2017;17:38:00;225;Acidente com Vítima;44,12;BR-040/MG;Norte;Abalroamento longitudinal;1;0;0;1;0;0;0;0;0;0;1;1;0;0;0
08/09/2017;16:29:00;208;Acidente com Morte;567,9;BR-040/MG;Sul;Colisão frontal;2;0;1;0;0;0;0;0;0;0;2;0;0;0;2
08/09/2017;16:10:00;205;Acidente com Vítima;224,8;BR-040/MG;Norte;Queda de Carga;0;0;1;0;0;0;0;0;0;0;1;0;1;0;0
08/09/2017;15:41:00;195;Acidente com Vítima;532,8;BR-040/MG;Sul;Abalroamento longitudinal;1;0;0;1;0;0;0;0;0;0;1;1;0;0;0
08/09/2017;12:38:00;157;Acidente com Vítima;532,1;BR-040/MG;Sul;Queda de Moto;1;0;0;1;0;0;0;0;0;0;1;1;0;0;0
08/09/2017;11:24:00;139;Acidente sem Vítima;473,6;BR-040/MG;Norte;Queda de Carga;1;0;1;0;0;0;0;0;0;0;2;0;0;0;0
08/09/2017;09:15:00;100;Acidente sem Vítima;529,1;BR-040/MG;Sul;Queda de Carga;1;0;0;0;0;0;0;0;0;0;1;0;0;0;0
08/09/2017;09:07:00;93;Acidente sem Vítima;523,5;BR-040/MG;Sul;Capotamento;2;0;0;0;0;0;0;0;0;0;2;0;0;0;0
08/09/2017;07:33:00;62;Acidente sem Vítima;527,5;BR-040/MG;Norte;Colisão traseira;2;0;1;0;0;0;0;0;0;0;3;0;0;0;0
08/09/2017;07:19:00;56;Acidente sem Vítima;525,5;BR-040/MG;Sul;Colisão traseira;2;0;1;0;0;1;0;0;0;0;4;0;0;0;0
08/09/2017;02:59:00;25;Acidente sem Vítima;38,5;BR-040/GO;Norte;Queda de Carga;0;0;1;0;0;0;0;0;0;0;1;0;0;0;0
08/09/2017;02:06:00;20;Acidente sem Vítima;476,2;BR-040/MG;Norte;Atropelamento de animal;1;0;0;0;0;0;0;0;0;0;1;0;0;0;0