data;horario;n_da_ocorrencia;tipo_de_ocorrencia;km;trecho;sentido;tipo_de_acidente;automovel;bicicleta;caminhao;moto;onibus;outros;tracao_animal;transporte_de_cargas_especiais;trator_maquinas;utilitarios;ilesos;levemente_feridos;moderadamente_feridos;gravemente_feridos;mortos
08/09/2017;01:58:00;17;Acidente sem Vítima;476,2;BR-040/MG;Norte;Atropelamento de animal;1;0;0;0;0;0;0;0;0;0;1;0;0;0;0
07/09/2017;21:50:00;328;Acidente sem Vítima;747,9;BR-040/MG;Norte;Queda de Moto;0;0;0;1;0;0;0;0;0;0;2;0;0;0;0
07/09/2017;17:29:00;261;Acidente com Morte;526,68;BR-040/MG;Norte;Colisão traseira;1;0;1;0;0;0;0;0;0;0;2;0;0;0;1
07/09/2017;17:06:00;255;Acidente sem Vítima;520,1;BR-040/MG;Sul;Colisão traseira;1;0;0;0;0;1;0;0;0;0;2;0;0;0;0
07/09/2017;16:20:00;246;Acidente com Vítima;522,1;BR-040/MG;Norte;Queda de Moto;0;0;0;1;0;0;0;0;0;0;1;1;0;0;0
07/09/2017;16:08:00;243;Acidente sem Vítima;565,1;BR-040/MG;Norte;Colisão traseira;2;0;0;0;0;0;0;0;0;0;2;0;0;0;0
07/09/2017;15:53:00;237;Acidente com Vítima;524,5;BR-040/MG;Norte;Choque com objeto fixo;1;0;0;0;0;0;0;0;0;0;0;0;1;0;0
07/09/2017;15:34:00;230;Acidente sem Vítima;611,3;BR-040/MG;Sul;Colisão traseira;4;0;0;0;0;0;0;0;0;0;7;0;0;0;0
07/09/2017;14:29:00;211;Acidente sem Vítima;527,1;BR-040/MG;Norte;Colisão traseira;2;0;0;0;0;0;0;0;0;0;2;0;0;0;0
07/09/2017;13:27:00;196;Atropelamento sem Morte;534,1;BR-040/MG;Norte;Atropelamento de ciclista;1;0;0;0;0;0;0;0;0;0;1;1;0;0;0
07/09/2017;13:26:00;195;Acidente sem Vítima;523,1;BR-040/MG;Sul;Abalroamento longitudinal;1;0;1;0;0;0;0;0;0;0;2;0;0;0;0
07/09/2017;11:50:00;156;Acidente com Morte;29,05;BR-040/GO;Sul;Colisão frontal;3;0;1;0;0;0;0;0;0;0;3;0;0;0;1
07/09/2017;09:54:00;126;Acidente sem Vítima;1,5;BR-040/GO;Sul;Colisão traseira;3;0;0;0;0;0;0;0;0;0;5;0;0;0;0
07/09/2017;08:49:00;103;Acidente sem Vítima;350,35;BR-040/MG;Sul;Queda de Carga;1;0;0;0;0;0;0;0;0;0;1;0;0;0;0
07/09/2017;08:37:00;101;Acidente sem Vítima;567,1;BR-040/MG;Sul;Colisão traseira;3;0;0;0;0;0;0;0;0;0;5;0;0;0;0
07/09/2017;07:08:00;70;Acidente sem Vítima;58,15;BR-040/MG;Sul;Colisão traseira;2;0;0;1;0;0;0;0;0;0;3;0;0;0;0
07/09/2017;06:58:00;66;Acidente com Vítima;739,6;BR-040/MG;Norte;Queda de Carga;0;0;1;0;0;0;0;0;0;0;0;1;0;0;0
07/09/2017;03:03:00;34;Acidente com Vítima;594,5;BR-040/MG;Norte;Choque com objeto fixo;1;0;0;0;0;0;0;0;0;0;0;3;0;0;0
07/09/2017;00:00:00;48;Acidente sem Vítima;629;BR-040/MG;Sul;Choque com objeto fixo;1;0;0;0;0;0;0;0;0;0;1;0;0;0;0
06/09/2017;22:36:00;404;Acidente sem Vítima;638;BR-040/MG;Norte;Atropelamento de animal;0;0;1;0;0;0;0;0;0;0;1;0;0;0;0
06/09/2017;21:46:00;394;Acidente com Vítima;511,2;BR-040/MG;Norte;Abalroamento longitudinal;1;0;0;1;0;0;0;0;0;0;2;1;0;0;0
06/09/2017;20:03:00;366;Acidente sem Vítima;4,5;BR-040/GO;Norte;Abalroamento longitudinal;1;0;0;1;0;0;0;0;0;0;3;0;0;0;0
06/09/2017;19:15:00;350;Acidente sem Vítima;501,97;BR-040/MG;Norte;Atropelamento de animal;1;0;0;0;0;0;0;0;0;0;5;0;0;0;0
06/09/2017;17:47:00;316;Acidente sem Vítima;516,3;BR-040/MG;Sul;Abalroamento longitudinal;1;0;1;0;0;0;0;0;0;0;2;0;0;0;0
06/09/2017;17:12:00;302;Acidente com Morte;537,455;BR-040/MG;Norte;Colisão traseira;7;1;2;1;0;0;0;0;0;0;12;0;0;0;3
06/09/2017;16:10:00;283;Acidente com Vítima;749,04;BR-040/MG;Sul;Colisão frontal;3;0;0;0;0;0;0;0;0;0;2;1;0;0;0
06/09/2017;15:11:00;261;Acidente sem Vítima;599,48;BR-040/MG;Norte;Colisão traseira;2;0;0;0;0;0;0;0;0;0;2;0;0;0;0
06/09/2017;14:37:00;248;Acidente sem Vítima;589,65;BR-040/MG;Norte;Abalroamento longitudinal;2;0;0;0;0;0;0;0;0;0;2;0;0;0;0
06/09/2017;14:03:00;236;Acidente com Vítima;529;BR-040/MG;Norte;Capotamento;1;0;0;0;0;0;0;0;0;0;0;1;1;0;0
06/09/2017;11:09:00;194;Acidente com Vítima;1,2;BR-040/GO;Norte;Abalroamento longitudinal;1;0;0;1;0;0;0;0;0;0;1;1;0;0;0
06/09/2017;10:50:00;189;Acidente com Vítima;610,7;BR-040/MG;Norte;Colisão traseira;1;0;1;0;0;0;0;0;0;0;5;0;1;0;0
06/09/2017;09:59:00;173;Atropelamento sem Morte;7,5;BR-040/GO;Norte;Atropelamento de pedestre atravessando;1;0;0;0;0;0;0;0;0;0;1;1;0;0;0
06/09/2017;09:25:00;168;Acidente sem Vítima;354,1;BR-040/MG;Sul;Abalroamento longitudinal;2;0;1;0;0;0;0;0;0;0;6;0;0;0;0
06/09/2017;09:17:00;166;Acidente sem Vítima;349,15;BR-040/MG;Norte;Colisão traseira;4;0;0;0;0;0;0;0;0;0;5;0;0;0;0
06/09/2017;07:23:00;124;Acidente sem Vítima;541;BR-040/MG;Sul;Colisão traseira;2;0;0;0;0;0;0;0;0;0;5;0;0;0;0
06/09/2017;06:42:00;112;Acidente sem Vítima;524;BR-040/MG;Sul;Colisão traseira;1;0;2;0;0;0;0;0;0;1;4;0;0;0;0
06/09/2017;00:16:00;11;Acidente com Vítima;291,4;BR-040/MG;Norte;Colisão traseira;1;0;0;0;0;1;0;0;0;0;2;1;0;0;0
05/09/2017;21:56:00;352;Acidente sem Vítima;7,6;BR-040/GO;Norte;Colisão traseira;2;0;0;0;0;0;0;0;0;0;2;0;0;0;0
05/09/2017;20:53:00;343;Acidente com Vítima;2,8;BR-040/GO;Sul;Abalroamento longitudinal;1;0;0;1;0;0;0;0;0;0;1;2;0;0;0
05/09/2017;20:07:00;331;Acidente sem Vítima;705,3;BR-040/MG;Sul;Capotamento;1;0;0;0;0;0;0;0;0;0;1;0;0;0;0
05/09/2017;19:21:00;316;Acidente com Vítima;523,3;BR-040/MG;Sul;Colisão traseira;1;0;0;1;0;0;0;0;0;0;1;2;0;0;0
05/09/2017;08:12:00;143;Acidente sem Vítima;538;BR-040/MG;Norte;Colisão traseira;4;0;0;0;0;0;0;0;0;0;4;0;0;0;0
05/09/2017;08:00:00;138;Atropelamento sem Morte;5,8;BR-040/DF;Norte;Atropelamento de ciclista;1;1;0;1;0;0;0;0;0;0;1;1;1;0;0
05/09/2017;06:57:00;118;Acidente sem Vítima;577,2;BR-040/MG;Norte;Choque em veículo parado na pista;2;0;0;0;0;0;0;0;0;0;13;0;0;0;0
05/09/2017;06:51:00;114;Acidente com Vítima;4,1;BR-040/DF;Norte;Queda de Moto;0;0;0;1;0;0;0;0;0;0;0;1;0;0;0
05/09/2017;04:42:00;102;Acidente sem Vítima;476,565;BR-040/MG;Sul;Choque com objeto fixo;1;0;0;0;0;0;0;0;0;0;4;0;0;0;0
05/09/2017;01:12:00;90;Acidente sem Vítima;339;BR-040/MG;Sul;Atropelamento de animal;0;0;1;0;0;0;0;0;0;0;1;0;0;0;0
04/09/2017;22:48:00;373;Acidente sem Vítima;735,4;BR-040/MG;Sul;Choque com objeto fixo;0;0;1;0;0;0;0;0;0;0;1;0;0;0;0
04/09/2017;22:00:00;367;Acidente sem Vítima;6,4;BR-040/DF;Sul;Choque com objeto fixo;1;0;0;0;0;0;0;0;0;0;1;0;0;0;0
04/09/2017;19:04:00;327;Acidente sem Vítima;570,17;BR-040/MG;Sul;Atropelamento de animal;1;0;0;1;0;0;0;0;0;0;2;0;0;0;0
04/09/2017;18:42:00;321;Acidente sem Vítima;501,443;BR-040/MG;Sul;Colisão traseira;1;0;0;0;0;1;0;0;0;0;2;0;0;0;0
04/09/2017;18:35:00;317;Atropelamento com Morte;19,01;BR-040/GO;Sul;Atropelamento de pedestre atravessando;1;0;0;0;0;0;0;0;0;0;1;0;0;0;1
04/09/2017;17:25:00;298;Acidente sem Vítima;37,1;BR-040/MG;Sul;Choque com objeto fixo;2;0;0;0;0;0;0;0;0;0;2;0;0;0;0
04/09/2017;17:23:00;296;Acidente com Vítima;12,1;BR-040/GO;Sul;Colisão frontal;1;0;0;1;0;0;0;0;0;0;1;1;0;0;0
04/09/2017;16:45:00;288;Acidente com Vítima;531,774;BR-040/MG;Norte;Colisão traseira;1;0;0;1;0;0;0;0;0;0;2;1;0;0;0
04/09/2017;14:26:00;246;Acidente sem Vítima;2,5;BR-040/GO;Norte;Colisão traseira;2;0;0;0;0;0;0;0;0;0;2;0;0;0;0
04/09/2017;08:54:00;163;Acidente com Vítima;110,12;BR-040/GO;Norte;Capotamento;1;0;0;0;0;0;0;0;0;0;0;1;0;0;0
04/09/2017;08:32:00;155;Acidente sem Vítima;5,1;BR-040/DF;Norte;Colisão traseira;1;0;0;0;0;1;0;0;0;0;2;0;0;0;0
04/09/2017;05:09:00;106;Acidente sem Vítima;751,902;BR-040/MG;Norte;Queda de Carga;1;0;0;0;0;0;0;0;0;0;1;0;0;0;0
03/09/2017;21:30:00;263;Acidente com Vítima;518,639;BR-040/MG;Sul;Colisão traseira;2;0;0;0;0;0;0;0;0;0;2;0;1;0;0
03/09/2017;20:56:00;254;Acidente sem Vítima;518,639;BR-040/MG;Norte;Capotamento;1;0;0;0;0;0;0;0;0;0;1;0;0;0;0
03/09/2017;19:57:00;239;Acidente sem Vítima;531;BR-040/MG;Sul;Colisão traseira;2;0;0;0;0;0;0;0;0;0;5;0;0;0;0
03/09/2017;18:16:00;200;Acidente sem Vítima;643,01;BR-040/MG;Sul;Abalroamento longitudinal;1;0;0;0;0;1;0;0;0;0;2;0;0;0;0
03/09/2017;18:13:00;198;Acidente sem Vítima;485;BR-040/MG;Norte;Capotamento;1;0;0;0;0;0;0;0;0;0;1;0;0;0;0
03/09/2017;17:53:00;191;Acidente com Vítima;446,12;BR-040/MG;Norte;Queda de Moto;0;0;0;1;0;0;0;0;0;0;0;0;1;0;0
03/09/2017;16:52:00;169;Acidente com Vítima;5,1;BR-040/GO;Norte;Colisão traseira;2;0;0;0;0;0;0;0;0;0;2;0;1;0;0
03/09/2017;16:37:00;164;Acidente com Vítima;716,9;BR-040/MG;Norte;Queda de Moto;0;0;0;1;0;0;0;0;0;0;0;1;0;0;0
03/09/2017;16:30:00;163;Acidente com Vítima;3,1;BR-040/GO;Norte;Colisão traseira;4;0;0;0;0;0;0;0;0;0;3;0;1;0;0
03/09/2017;16:10:00;154;Acidente sem Vítima;473,25;BR-040/MG;Sul;Abalroamento longitudinal;1;0;1;0;0;0;0;0;0;0;2;0;0;0;0
03/09/2017;13:46:00;126;Acidente com Vítima;598,5;BR-040/MG;Sul;Queda de Moto;0;0;0;1;0;0;0;0;0;0;0;1;0;0;0
03/09/2017;13:24:00;122;Acidente sem Vítima;757,6;BR-040/MG;Norte;Abalroamento longitudinal;2;0;0;0;0;0;0;0;0;0;3;0;0;0;0
03/09/2017;11:26:00;101;Acidente com Vítima;564,29;BR-040/MG;Sul;Abalroamento longitudinal;1;0;0;1;0;0;0;0;0;0;2;1;1;0;0
03/09/2017;10:04:00;86;Atropelamento sem Morte;3,25;BR-040/GO;Sul;Atropelamento de ciclista;1;0;0;0;0;0;0;0;0;0;1;0;1;0;0
03/09/2017;09:33:00;81;Acidente sem Vítima;512,148;BR-040/MG;Norte;Queda de Moto;0;0;0;1;0;0;0;0;0;0;2;0;0;0;0
03/09/2017;08:38:00;66;Acidente sem Vítima;610,95;BR-040/MG;Norte;Colisão traseira;2;0;0;0;0;0;0;0;0;0;6;0;0;0;0
03/09/2017;06:54:00;40;Acidente com Vítima;127,1;BR-040/GO;Sul;Capotamento;1;0;0;0;0;0;0;0;0;0;0;1;1;0;0
03/09/2017;04:13:00;27;Acidente sem Vítima;1,5;BR-040/GO;Sul;Capotamento;1;0;0;0;0;0;0;0;0;0;1;0;0;0;0
03/09/2017;01:24:00;12;Acidente sem Vítima;0;BR-040/DF;Norte;Choque com objeto fixo;2;0;0;0;0;0;0;0;0;0;2;0;0;0;0
02/09/2017;23:19:00;346;Acidente com Vítima;506,18;BR-040/MG;Norte;Colisão traseira;2;0;0;0;0;0;0;0;0;0;4;0;1;0;0
02/09/2017;21:09:00;322;Acidente com Vítima;2,4;BR-040/GO;Norte;Abalroamento longitudinal;1;0;0;1;0;0;0;0;0;0;1;1;0;0;0
02/09/2017;19:13:00;296;Acidente sem Vítima;42;BR-040/MG;Norte;Abalroamento transversal;1;0;0;1;0;0;0;0;0;0;2;0;0;0;0
02/09/2017;19:07:00;295;Acidente com Vítima;533;BR-040/MG;Sul;Colisão traseira;1;0;0;1;0;0;0;0;0;0;1;1;0;0;0
02/09/2017;18:33:00;286;Acidente sem Vítima;25,4;BR-040/GO;Sul;Abalroamento longitudinal;1;0;1;0;0;0;0;0;0;0;2;0;0;0;0
02/09/2017;17:20:00;268;Acidente com Vítima;5,8;BR-040/GO;Sul;Choque com objeto fixo;1;0;0;0;0;0;0;0;0;0;0;1;0;0;0
02/09/2017;17:17:00;266;Atropelamento com Morte;8,3;BR-040/GO;Norte;Atropelamento de ciclista;1;1;0;0;0;0;0;0;0;0;1;0;0;0;1
02/09/2017;15:28:00;235;Acidente sem Vítima;562,8;BR-040/MG;Norte;Choque com objeto fixo;1;0;0;0;0;0;0;0;0;0;3;0;0;0;0
02/09/2017;14:43:00;223;Atropelamento sem Morte;545,02;BR-040/MG;Norte;Atropelamento de ciclista;1;0;0;0;0;0;0;0;0;0;1;0;0;0;0
02/09/2017;11:23:00;173;Acidente sem Vítima;508,024;BR-040/MG;Sul;Colisão traseira;2;0;1;0;0;0;0;0;0;0;3;0;0;0;0
02/09/2017;11:08:00;165;Acidente sem Vítima;582,5;BR-040/MG;Sul;Abalroamento longitudinal;2;0;1;0;0;0;0;0;0;0;5;0;0;0;0
02/09/2017;10:53:00;163;Acidente sem Vítima;508,027;BR-040/MG;Sul;Abalroamento longitudinal;2;0;0;0;0;0;0;0;0;0;2;0;0;0;0
02/09/2017;10:10:00;151;Acidente sem Vítima;247,5;BR-040/MG;Sul;Colisão traseira;1;0;1;0;0;0;0;0;0;0;6;0;0;0;0
02/09/2017;10:01:00;145;Acidente sem Vítima;458,2;BR-040/MG;Norte;Capotamento;1;0;0;0;0;0;0;0;0;0;1;0;0;0;0
02/09/2017;08:57:00;134;Acidente com Vítima;14,2;BR-040/GO;Norte;Colisão traseira;2;0;0;0;0;0;0;0;0;0;1;0;1;0;0
02/09/2017;08:55:00;131;Acidente com Vítima;11,8;BR-040/GO;Norte;Abalroamento transversal;1;0;0;1;0;0;0;0;0;0;5;1;0;0;0
02/09/2017;08:29:00;123;Acidente com Vítima;456,34;BR-040/MG;Norte;Colisão traseira;2;0;0;0;0;0;0;0;0;0;1;3;0;1;0
02/09/2017;03:30:00;45;Acidente sem Vítima;726,9;BR-040/MG;Norte;Choque em barreira New Jersey;0;0;1;0;0;0;0;0;0;0;1;0;0;0;0
02/09/2017;02:11:00;21;Acidente sem Vítima;4,5;BR-040/GO;Norte;Abalroamento longitudinal;1;0;0;1;0;0;0;0;0;0;2;0;0;0;0
01/09/2017;20:16:00;404;Acidente sem Vítima;515,5;BR-040/MG;Norte;Colisão traseira;2;0;0;0;0;0;0;0;0;0;2;0;0;0;0
01/09/2017;19:31:00;394;Atropelamento sem Morte;11,1;BR-040/GO;Norte;Atropelamento de pedestre atravessando;1;0;0;0;0;0;0;0;0;0;1;1;0;0;0
01/09/2017;18:58:00;380;Acidente sem Vítima;546;BR-040/MG;Sul;Abalroamento longitudinal;1;0;0;0;1;0;0;0;0;0;2;0;0;0;0
01/09/2017;16:39:00;339;Acidente com Vítima;512,15;BR-040/MG;Norte;Queda de Moto;0;0;0;2;0;0;0;0;0;0;1;0;1;0;0
01/09/2017;15:10:00;310;Acidente sem Vítima;544;BR-040/MG;Sul;Queda de Moto;0;0;0;1;0;0;0;0;0;0;1;0;0;0;0
01/09/2017;09:32:00;204;Acidente com Vítima;42;BR-040/GO;Norte;Capotamento;1;0;0;0;0;0;0;0;0;0;0;1;0;0;0
01/09/2017;09:03:00;192;Acidente sem Vítima;542,12;BR-040/MG;Sul;Choque em defensa;1;0;0;0;0;0;0;0;0;0;1;0;0;0;0
01/09/2017;07:26:00;161;Acidente com Vítima;469,9;BR-040/MG;Norte;Queda de Moto;0;0;0;1;0;0;0;0;0;0;2;1;1;0;0
01/09/2017;07:17:00;157;Acidente sem Vítima;542,5;BR-040/MG;Sul;Colisão traseira;1;0;0;1;0;0;0;0;0;0;3;0;0;0;0
01/09/2017;07:16:00;153;Acidente sem Vítima;679;BR-040/MG;Norte;Choque com objeto fixo;1;0;0;0;0;0;0;0;0;0;1;0;0;0;0
01/09/2017;07:11:00;150;Acidente sem Vítima;525,3;BR-040/MG;Sul;Colisão traseira;5;0;1;1;0;0;0;0;0;0;9;0;0;0;0
01/09/2017;06:29:00;137;Acidente com Vítima;534,15;BR-040/MG;Norte;Queda de Moto;0;0;0;1;0;0;0;0;0;0;0;1;0;0;0
01/09/2017;06:21:00;134;Acidente sem Vítima;739,556;BR-040/MG;Norte;Queda de Carga;0;0;1;0;0;0;0;0;0;0;1;0;0;0;0
31/10/2017;21:16:00;383;Acidente sem Vítima;49,35;BR-040/MG;Norte;Queda de Carga;0;0;0;0;1;0;0;0;0;0;3;0;0;0;0
31/10/2017;20:11:00;366;Acidente sem Vítima;144,1;BR-040/MG;Sul;Abalroamento transversal;2;0;0;0;0;0;0;0;0;0;2;0;0;0;0
31/10/2017;19:48:00;358;Acidente com Vítima;511;BR-040/MG;Norte;Queda de Moto;0;0;0;1;0;0;0;0;0;0;0;1;0;0;0
31/10/2017;17:57:00;327;Acidente sem Vítima;84,7;BR-040/GO;Sul;Capotamento;1;0;0;0;0;0;0;0;0;0;1;0;0;0;0
31/10/2017;12:25:00;224;Acidente com Vítima;2,2;BR-040/GO;Sul;Outros;0;0;0;0;1;0;0;0;0;0;40;0;0;1;0
31/10/2017;09:48:00;180;Acidente com Vítima;104,15;BR-040/MG;Sul;Choque com objeto fixo;1;0;0;0;0;0;0;0;0;0;3;0;1;0;0
31/10/2017;09:22:00;169;Acidente sem Vítima;660;BR-040/MG;Norte;Abalroamento transversal;0;0;0;2;0;0;0;0;0;0;2;0;0;0;0
31/10/2017;07:41:00;118;Acidente com Vítima;517,1;BR-040/MG;Sul;Abalroamento longitudinal;0;0;0;1;0;1;0;0;0;0;1;2;0;0;0
31/10/2017;07:39:00;117;Acidente sem Vítima;4,7;BR-040/DF;Norte;Colisão traseira;2;0;0;0;0;0;0;0;0;0;6;0;0;0;0
31/10/2017;03:49:00;65;Acidente com Vítima;626,5;BR-040/MG;Sul;Outros;1;0;0;0;0;0;0;0;0;0;0;0;1;0;0
30/10/2017;22:06:00;398;Acidente com Vítima;476,407;BR-040/MG;Norte;Choque com objeto fixo;1;0;0;0;0;0;0;0;0;0;0;2;0;0;0
30/10/2017;21:47:00;395;Acidente sem Vítima;714,1;BR-040/MG;Sul;Choque com objeto fixo;0;0;1;0;0;0;0;0;0;0;1;0;0;0;0
30/10/2017;19:22:00;354;Acidente sem Vítima;511,36;BR-040/MG;Norte;Colisão traseira;1;0;0;1;0;0;0;0;0;0;4;0;0;0;0
30/10/2017;16:58:00;309;Acidente sem Vítima;535,5;BR-040/MG;Norte;Abalroamento longitudinal;2;0;0;0;0;0;0;0;0;0;2;0;0;0;0
30/10/2017;15:57:00;293;Acidente sem Vítima;524,65;BR-040/MG;Norte;Colisão traseira;0;0;4;0;0;0;0;0;0;0;4;0;0;0;0
30/10/2017;10:25:00;210;Acidente com Vítima;16,1;BR-040/MG;Sul;Queda de Carga;0;0;1;0;0;0;0;0;0;0;1;1;0;0;0
30/10/2017;09:42:00;189;Acidente com Vítima;534,2;BR-040/MG;Sul;Abalroamento longitudinal;1;0;0;1;0;0;0;0;0;0;1;1;0;0;0
30/10/2017;08:58:00;171;Acidente sem Vítima;519,5;BR-040/MG;Norte;Choque com objeto fixo;1;0;0;0;0;0;0;0;0;0;1;0;0;0;0
30/10/2017;08:39:00;159;Acidente sem Vítima;534,5;BR-040/MG;Norte;Colisão traseira;2;0;0;0;0;0;0;0;0;0;2;0;0;0;0
30/10/2017;06:03:00;116;Acidente sem Vítima;514;BR-040/MG;Sul;Colisão traseira;3;0;0;0;0;0;0;0;0;0;3;0;0;0;0
30/10/2017;02:54:00;88;Acidente com Vítima;749;BR-040/MG;Sul;Queda de Moto;0;0;0;1;0;0;0;0;0;0;0;0;1;0;0
29/10/2017;23:05:00;301;Acidente sem Vítima;8,5;BR-040/GO;Norte;Choque com objeto fixo;2;0;0;0;0;0;0;0;0;0;2;0;0;0;0
29/10/2017;18:36:00;229;Acidente sem Vítima;57,9;BR-040/MG;Norte;Choque em defensa;0;0;1;0;0;0;0;0;0;0;2;0;0;0;0
29/10/2017;15:56:00;197;Acidente com Vítima;501,706;BR-040/MG;Norte;Abalroamento transversal;2;0;0;0;0;0;0;0;0;0;2;1;0;0;0
29/10/2017;14:56:00;180;Acidente sem Vítima;703,95;BR-040/MG;Norte;Choque com objeto fixo;1;0;0;0;0;0;0;0;0;0;1;0;0;0;0
29/10/2017;12:05:00;149;Acidente sem Vítima;515,5;BR-040/MG;Sul;Colisão traseira;2;0;0;0;0;0;0;0;0;0;2;0;0;0;0
29/10/2017;07:16:00;38;Acidente sem Vítima;504;BR-040/MG;Sul;Atropelamento de animal;0;0;1;0;0;0;0;0;0;0;1;0;0;0;0
29/10/2017;05:12:00;22;Acidente com Vítima;2,9;BR-040/DF;Norte;Capotamento;1;0;1;0;0;0;0;0;0;1;2;0;0;0;0
28/10/2017;21:15:00;348;Acidente sem Vítima;52;BR-040/MG;Norte;Atropelamento de animal;1;0;0;0;0;0;0;0;0;0;1;0;0;0;0
28/10/2017;21:12:00;346;Acidente sem Vítima;6,8;BR-040/GO;Sul;Choque com objeto fixo;2;0;0;0;0;0;0;0;0;0;2;0;0;0;0
28/10/2017;21:10:00;345;Acidente com Vítima;537,1;BR-040/MG;Sul;Colisão traseira;1;0;0;1;0;0;0;0;0;0;3;1;0;0;0
28/10/2017;18:37:00;305;Acidente sem Vítima;562,1;BR-040/MG;Norte;Choque com objeto fixo;1;0;0;0;0;0;0;0;0;0;2;0;0;0;0
28/10/2017;17:45:00;298;Acidente sem Vítima;16,9;BR-040/GO;Norte;Abalroamento longitudinal;1;0;1;0;0;0;0;0;0;0;2;0;0;0;0
28/10/2017;17:38:00;294;Acidente sem Vítima;567,5;BR-040/MG;Sul;Choque com objeto fixo;1;0;0;0;0;0;0;0;0;0;4;0;0;0;0
28/10/2017;15:56:00;269;Acidente sem Vítima;328;BR-040/MG;Norte;Colisão traseira;2;0;0;0;0;0;0;0;0;0;2;0;0;0;0
28/10/2017;12:42:00;228;Acidente com Vítima;31,15;BR-040/GO;Sul;Colisão frontal;2;0;0;0;0;0;0;0;0;0;2;1;0;0;0
28/10/2017;12:20:00;220;Acidente sem Vítima;643;BR-040/MG;Sul;Choque em barreira New Jersey;0;0;0;1;0;0;0;0;0;0;1;0;0;0;0
28/10/2017;11:17:00;202;Acidente sem Vítima;594,7;BR-040/MG;Sul;Colisão traseira;2;0;0;0;0;0;0;0;0;0;3;0;0;0;0
28/10/2017;10:41:00;190;Acidente sem Vítima;656;BR-040/MG;Norte;Outros;1;0;0;0;0;0;0;0;0;0;5;0;0;0;0
28/10/2017;10:20:00;183;Acidente sem Vítima;656;BR-040/MG;Norte;Choque em barreira New Jersey;1;0;0;0;0;0;0;0;0;0;1;0;0;0;0
28/10/2017;09:48:00;170;Acidente sem Vítima;504;BR-040/MG;Norte;Colisão traseira;1;0;1;0;0;0;0;0;0;0;2;0;0;0;0
28/10/2017;09:40:00;167;Acidente com Vítima;452,5;BR-040/MG;Norte;Choque em veículo parado na pista;1;0;1;0;0;0;0;0;0;0;2;2;0;0;0
28/10/2017;08:37:00;155;Acidente com Vítima;621;BR-040/MG;Norte;Colisão traseira;3;0;1;0;0;0;0;0;0;0;5;0;0;0;0
28/10/2017;08:32:00;153;Acidente sem Vítima;310,15;BR-040/MG;Norte;Choque com objeto fixo;1;0;0;0;0;0;0;0;0;0;1;0;0;0;0
28/10/2017;08:17:00;151;Acidente sem Vítima;705;BR-040/MG;Norte;Choque com objeto fixo;1;0;0;0;0;0;0;0;0;0;4;0;0;0;0
28/10/2017;07:57:00;146;Acidente com Vítima;0,3;BR-040/DF;Norte;Colisão traseira;1;0;0;1;0;0;0;0;0;0;1;0;0;0;0
28/10/2017;07:51:00;144;Acidente sem Vítima;452,5;BR-040/MG;Norte;Choque com objeto fixo;0;0;0;0;0;1;0;0;0;0;1;0;0;0;0
28/10/2017;07:40:00;142;Acidente com Vítima;533,8;BR-040/MG;Sul;Colisão traseira;2;0;1;0;0;0;0;0;0;0;1;0;0;0;0
28/10/2017;07:30:00;139;Acidente sem Vítima;526,15;BR-040/MG;Norte;Outros;0;0;1;1;0;0;0;0;0;0;2;0;0;0;0
28/10/2017;07:26:00;137;Acidente sem Vítima;567;BR-040/MG;Sul;Choque com objeto fixo;1;0;0;0;0;0;0;0;0;0;1;0;0;0;0
28/10/2017;07:00:00;132;Acidente sem Vítima;505,15;BR-040/MG;Norte;Choque com objeto fixo;0;0;1;0;0;0;0;0;0;0;1;0;0;0;0
28/10/2017;06:18:00;122;Acidente sem Vítima;471,15;BR-040/MG;Sul;Choque com objeto fixo;1;0;0;0;0;0;0;0;0;0;1;0;0;0;0
28/10/2017;05:53:00;120;Acidente sem Vítima;531,8;BR-040/MG;Sul;Colisão traseira;2;0;0;0;0;0;0;0;0;0;2;0;0;0;0
28/10/2017;04:44:00;103;Acidente sem Vítima;249,4;BR-040/MG;Norte;Capotamento;1;0;0;0;0;0;0;0;0;0;1;0;0;0;0
28/10/2017;03:25:00;79;Acidente sem Vítima;545,2;BR-040/MG;Norte;Choque em barreira New Jersey;1;0;0;0;0;0;0;0;0;0;1;0;0;0;0
27/10/2017;23:03:00;471;Acidente sem Vítima;695,5;BR-040/MG;Sul;Choque com objeto fixo;1;0;0;0;0;0;0;0;0;0;1;0;0;0;0
27/10/2017;22:20:00;452;Acidente com Vítima;697;BR-040/MG;Sul;Abalroamento longitudinal;0;0;1;1;0;0;0;0;0;0;1;0;0;1;0
27/10/2017;22:03:00;447;Acidente com Vítima;2,8;BR-040/GO;Sul;Colisão traseira;2;0;0;0;0;0;0;0;0;0;1;1;0;0;0
27/10/2017;21:47:00;442;Acidente sem Vítima;533,1;BR-040/MG;Sul;Colisão traseira;1;0;0;1;0;0;0;0;0;0;3;0;0;0;0