data;horario;n_da_ocorrencia;tipo_de_ocorrencia;km;trecho;sentido;tipo_de_acidente;automovel;bicicleta;caminhao;moto;onibus;outros;tracao_animal;transporte_de_cargas_especiais;trator_maquinas;utilitarios;ilesos;levemente_feridos;moderadamente_feridos;gravemente_feridos;mortos
29/12/2017;01:56:00;61;Acidente sem Vítima;684,735;BR-040/MG;Sul;Atropelamento de animal;1;0;0;0;0;0;0;0;0;0;3;0;0;0;0
29/12/2017;00:41:00;3;Acidente com Vítima;728,478;BR-040/MG;Sul;Choque com objeto fixo;1;0;0;0;0;0;0;0;0;0;4;1;0;0;0
28/12/2017;21:26:00;412;Atropelamento com Morte;434,6;BR-040/MG;Norte;Atropelamento de ciclista;2;0;0;0;0;0;0;0;0;0;3;0;0;0;1
28/12/2017;19:57:00;389;Acidente com Vítima;520,07;BR-040/MG;Norte;Colisão traseira;3;0;0;0;0;0;0;0;0;0;8;1;0;0;0
28/12/2017;18:03:00;337;Acidente com Vítima;517,32;BR-040/MG;Norte;Colisão traseira;2;0;1;1;0;0;0;0;0;0;7;2;1;0;0
28/12/2017;17:27:00;327;Acidente sem Vítima;656;BR-040/MG;Norte;Choque com objeto fixo;1;0;0;0;0;0;0;0;0;0;1;0;0;0;0
28/12/2017;16:06:00;304;Acidente sem Vítima;468,1;BR-040/MG;Norte;Colisão traseira;0;0;1;1;0;0;0;0;0;0;2;0;0;0;0
28/12/2017;15:29:00;290;Acidente sem Vítima;1,1;BR-040/GO;Norte;Colisão traseira;4;0;0;0;0;0;0;0;0;0;9;0;0;0;0
28/12/2017;14:07:00;271;Acidente com Vítima;706;BR-040/MG;Norte;Choque com objeto fixo;1;0;0;0;0;0;0;0;0;0;4;0;1;0;0
28/12/2017;13:23:00;255;Acidente sem Vítima;10,9;BR-040/GO;Sul;Colisão traseira;1;0;1;0;0;0;0;0;0;0;5;0;0;0;0
28/12/2017;12:48:00;241;Acidente com Vítima;533,1;BR-040/MG;Sul;Queda de Moto;0;0;0;1;0;0;0;0;0;0;0;2;0;0;0
28/12/2017;09:12:00;162;Acidente sem Vítima;544,1;BR-040/MG;Norte;Abalroamento longitudinal;0;0;1;0;1;0;0;0;0;0;2;0;0;0;0
28/12/2017;07:18:00;135;Acidente sem Vítima;571;BR-040/MG;Sul;Choque com objeto fixo;1;0;0;0;0;0;0;0;0;0;1;0;0;0;0
28/12/2017;06:53:00;122;Acidente com Vítima;282,2;BR-040/MG;Sul;Colisão traseira;1;0;1;0;0;0;0;0;0;0;2;1;2;0;0
28/12/2017;06:10:00;119;Acidente sem Vítima;54,2;BR-040/GO;Sul;Queda de Carga;1;0;0;0;0;1;0;0;0;0;2;0;0;0;0
28/12/2017;05:36:00;115;Acidente com Vítima;515,9;BR-040/MG;Sul;Queda de Moto;0;0;0;1;0;0;0;0;0;0;0;0;1;0;0
28/12/2017;05:20:00;110;Acidente sem Vítima;494,1;BR-040/MG;Sul;Colisão traseira;0;0;2;0;0;0;0;0;0;0;2;0;0;0;0
27/12/2017;23:20:00;463;Acidente com Vítima;281,27;BR-040/MG;Norte;Capotamento;1;0;0;0;0;0;0;0;0;0;0;0;2;1;0
27/12/2017;18:56:00;388;Acidente com Vítima;726,5;BR-040/MG;Sul;Queda de Moto;0;0;0;1;0;0;0;0;0;0;0;0;2;0;0
27/12/2017;18:29:00;381;Acidente com Vítima;688;BR-040/MG;Sul;Outros;1;0;0;1;0;0;0;0;0;0;1;0;1;0;0
27/12/2017;17:55:00;370;Acidente sem Vítima;760;BR-040/MG;Sul;Outros;1;0;0;0;0;0;0;0;0;0;4;0;0;0;0
27/12/2017;17:07:00;361;Acidente sem Vítima;592,8;BR-040/MG;Sul;Colisão traseira;2;0;0;0;0;0;0;0;0;0;2;0;0;0;0
27/12/2017;17:02:00;359;Acidente sem Vítima;592,9;BR-040/MG;Sul;Colisão traseira;3;0;0;0;0;0;0;0;0;0;3;0;0;0;0
27/12/2017;16:51:00;356;Acidente com Vítima;43,1;BR-040/MG;Sul;Abalroamento transversal;2;0;0;0;0;0;0;0;0;0;2;0;1;0;0
27/12/2017;16:30:00;349;Acidente com Vítima;739,3;BR-040/MG;Norte;Queda de Carga;1;0;1;0;0;0;0;0;0;0;1;1;0;0;0
27/12/2017;16:14:00;337;Acidente com Vítima;3,082;BR-040/DF;Sul;Choque com objeto fixo;1;0;0;0;0;0;0;0;0;0;1;0;0;1;0
27/12/2017;15:04:00;302;Acidente sem Vítima;530,3;BR-040/MG;Sul;Colisão traseira;1;0;0;1;0;0;0;0;0;0;2;0;0;0;0
27/12/2017;13:37:00;271;Acidente sem Vítima;566,7;BR-040/MG;Sul;Choque com objeto fixo;1;0;0;0;0;0;0;0;0;0;1;0;0;0;0
27/12/2017;12:25:00;257;Acidente sem Vítima;570,15;BR-040/MG;Norte;Choque com objeto fixo;2;0;0;0;0;0;0;0;0;0;3;0;0;0;0
27/12/2017;11:50:00;239;Acidente sem Vítima;37,1;BR-040/GO;Sul;Choque com objeto fixo;1;0;0;0;0;0;0;0;0;0;1;0;0;0;0
27/12/2017;11:38:00;235;Acidente sem Vítima;508;BR-040/MG;Norte;Colisão traseira;1;0;1;0;0;0;0;0;0;0;2;0;0;0;0
27/12/2017;11:37:00;234;Acidente sem Vítima;115;BR-040/MG;Norte;Colisão traseira;2;0;0;0;0;0;0;0;0;0;2;0;0;0;0
27/12/2017;10:49:00;222;Acidente com Vítima;226,5;BR-040/MG;Norte;Outros;2;0;0;0;0;0;0;0;0;0;2;1;0;0;0
27/12/2017;08:38:00;167;Acidente sem Vítima;8;BR-040/GO;Sul;Abalroamento longitudinal;2;0;0;0;0;0;0;0;0;0;2;0;0;0;0
27/12/2017;07:59:00;149;Acidente com Vítima;536;BR-040/MG;Sul;Abalroamento longitudinal;1;0;1;1;0;0;0;0;0;0;3;1;0;0;0
27/12/2017;07:28:00;137;Acidente sem Vítima;541,5;BR-040/MG;Norte;Colisão traseira;4;0;0;0;0;0;0;0;0;0;4;0;0;0;0
27/12/2017;05:33:00;110;Acidente sem Vítima;45;BR-040/MG;Norte;Atropelamento de animal;0;0;0;0;0;0;0;0;0;0;0;0;0;0;0
27/12/2017;05:25:00;109;Acidente sem Vítima;577;BR-040/MG;Sul;Abalroamento longitudinal;1;0;1;0;0;0;0;0;0;0;2;0;0;0;0
27/12/2017;04:29:00;105;Acidente sem Vítima;79,05;BR-040/MG;Norte;Atropelamento de animal;1;0;0;0;0;0;0;0;0;0;2;0;0;0;0
26/12/2017;20:40:00;387;Acidente sem Vítima;82,05;BR-040/MG;Sul;Atropelamento de animal;1;0;0;0;0;0;0;0;0;0;4;0;0;0;0
26/12/2017;17:57:00;326;Acidente sem Vítima;6,2;BR-040/GO;Sul;Abalroamento longitudinal;1;0;0;0;0;1;0;0;0;0;3;0;0;0;0
26/12/2017;16:05:00;297;Acidente sem Vítima;734,9;BR-040/MG;Sul;Capotamento;1;0;0;0;0;0;0;0;0;0;2;0;0;0;0
26/12/2017;15:49:00;295;Acidente sem Vítima;3,1;BR-040/MG;Norte;Abalroamento longitudinal;2;0;0;1;0;0;0;0;0;0;3;0;0;0;0
26/12/2017;14:55:00;272;Acidente com Vítima;688,4;BR-040/MG;Sul;Queda de Carga;0;0;1;0;0;0;0;0;0;0;0;0;1;0;0
26/12/2017;14:49:00;269;Acidente com Morte;644,2;BR-040/MG;Norte;Abalroamento transversal;1;0;0;0;0;1;0;0;0;0;1;0;0;0;4
26/12/2017;13:36:00;247;Acidente sem Vítima;526,1;BR-040/MG;Sul;Choque em barreira New Jersey;2;0;0;0;0;0;0;0;0;0;2;0;0;0;0
26/12/2017;12:47:00;234;Acidente sem Vítima;554;BR-040/MG;Sul;Colisão traseira;4;0;0;0;0;0;0;0;0;0;10;0;0;0;0
26/12/2017;12:21:00;224;Acidente com Vítima;303,7;BR-040/MG;Sul;Capotamento;3;0;0;0;0;0;0;0;0;0;7;2;0;2;0
26/12/2017;12:18:00;222;Acidente sem Vítima;589,3;BR-040/MG;Norte;Choque com objeto fixo;1;0;0;0;0;0;0;0;0;0;6;0;0;0;0
26/12/2017;12:13:00;219;Acidente com Vítima;15,8;BR-040/MG;Sul;Choque com objeto fixo;1;0;0;0;0;0;0;0;0;0;0;2;0;0;0
26/12/2017;11:54:00;206;Acidente com Vítima;129,7;BR-040/MG;Sul;Choque com objeto fixo;1;0;0;0;0;0;0;0;0;0;0;1;0;0;0
26/12/2017;11:34:00;199;Acidente com Vítima;119,1;BR-040/MG;Norte;Abalroamento transversal;2;0;0;0;0;0;0;0;0;0;2;0;2;0;0
26/12/2017;09:36:00;156;Acidente sem Vítima;618,4;BR-040/MG;Norte;Choque com objeto fixo;1;0;0;0;0;0;0;0;0;0;1;0;0;0;0
26/12/2017;09:34:00;155;Acidente sem Vítima;46,2;BR-040/MG;Sul;Outros;1;0;0;0;0;0;0;0;0;0;1;0;0;0;0
26/12/2017;09:00:00;142;Acidente sem Vítima;457;BR-040/MG;Sul;Choque com objeto fixo;1;0;0;0;0;0;0;0;0;0;1;0;0;0;0
26/12/2017;08:44:00;135;Acidente sem Vítima;463,3;BR-040/MG;Norte;Colisão traseira;2;0;0;0;0;0;0;0;0;0;5;0;0;0;0
26/12/2017;08:01:00;121;Acidente com Vítima;666,8;BR-040/MG;Norte;Abalroamento transversal;1;0;0;1;0;0;0;0;0;0;1;0;1;0;0
26/12/2017;07:47:00;117;Acidente com Vítima;16,2;BR-040/GO;Norte;Atropelamento de animal;0;0;0;1;0;0;0;0;0;0;0;1;0;0;0
26/12/2017;06:36:00;93;Acidente com Vítima;717,15;BR-040/MG;Norte;Choque em barreira New Jersey;1;0;0;0;0;0;0;0;0;0;0;1;0;0;0
26/12/2017;06:11:00;88;Atropelamento sem Morte;7,5;BR-040/GO;Norte;Atropelamento de pedestre atravessando;0;0;0;1;0;0;0;0;0;0;1;0;1;0;0
26/12/2017;03:52:00;77;Acidente sem Vítima;277,7;BR-040/MG;Sul;Queda de Carga;0;0;1;0;0;0;0;0;0;0;1;0;0;0;0
25/12/2017;23:14:00;301;Acidente sem Vítima;527,674;BR-040/MG;Norte;Abalroamento longitudinal;1;0;0;0;1;1;0;0;0;0;5;0;0;0;0
25/12/2017;20:53:00;265;Acidente sem Vítima;129,3;BR-040/MG;Norte;Choque com objeto fixo;1;0;0;0;0;0;0;0;0;0;1;0;0;0;0
25/12/2017;20:33:00;254;Acidente sem Vítima;460,6;BR-040/MG;Sul;Choque com objeto fixo;1;0;0;0;0;0;0;0;0;0;5;0;0;0;0
25/12/2017;17:28:00;176;Acidente sem Vítima;533,1;BR-040/MG;Norte;Colisão traseira;4;0;0;0;0;0;0;0;0;0;4;0;0;0;0
25/12/2017;16:53:00;166;Acidente sem Vítima;737,9;BR-040/MG;Sul;Choque com objeto fixo;1;0;0;0;0;0;0;0;0;0;1;0;0;0;0
25/12/2017;16:28:00;152;Acidente sem Vítima;736,7;BR-040/MG;Sul;Choque com objeto fixo;1;0;0;0;0;0;0;0;0;0;1;0;0;0;0
25/12/2017;16:22:00;149;Acidente sem Vítima;500,7;BR-040/MG;Norte;Queda de Carga;1;0;0;0;0;0;0;0;0;0;1;0;0;0;0
25/12/2017;15:14:00;123;Acidente sem Vítima;534,4;BR-040/MG;Norte;Queda de Carga;0;0;1;0;0;0;0;0;0;0;1;0;0;0;0
25/12/2017;15:11:00;122;Acidente sem Vítima;10,15;BR-040/GO;Norte;Abalroamento longitudinal;2;0;0;0;0;0;0;0;0;0;2;0;0;0;0
25/12/2017;13:52:00;98;Acidente sem Vítima;17,5;BR-040/GO;Sul;Abalroamento longitudinal;1;0;0;1;0;0;0;0;0;0;2;0;0;0;0
25/12/2017;10:22:00;62;Acidente sem Vítima;3,5;BR-040/GO;Sul;Abalroamento longitudinal;1;0;0;0;1;0;0;0;0;0;22;0;0;0;0
25/12/2017;09:48:00;57;Acidente sem Vítima;656,2;BR-040/MG;Sul;Choque com objeto fixo;1;0;0;0;0;0;0;0;0;0;1;0;0;0;0
25/12/2017;08:19:00;43;Acidente sem Vítima;5,15;BR-040/DF;Norte;Capotamento;1;0;0;0;0;0;0;0;0;0;2;0;0;0;0
25/12/2017;03:03:00;24;Acidente com Vítima;21,4;BR-040/GO;Norte;Colisão traseira;2;0;0;0;0;0;0;0;0;0;1;2;0;0;0
25/12/2017;02:30:00;21;Acidente sem Vítima;8,6;BR-040/GO;Sul;Colisão traseira;2;0;0;0;0;0;0;0;0;0;2;0;0;0;0
25/12/2017;00:03:00;1;Acidente sem Vítima;2,5;BR-040/GO;Norte;Choque com objeto fixo;1;0;0;0;0;0;0;0;0;0;2;0;0;0;0
24/12/2017;20:54:00;254;Acidente com Vítima;15,5;BR-040/GO;Norte;Colisão traseira;2;0;0;0;0;0;0;0;0;0;3;1;0;0;0
24/12/2017;18:43:00;217;Acidente com Vítima;510,017;BR-040/MG;Norte;Capotamento;1;0;0;0;0;0;0;0;0;0;0;1;0;0;0
24/12/2017;16:43:00;187;Acidente com Vítima;609,12;BR-040/MG;Sul;Queda de Moto;0;0;0;1;0;0;0;0;0;0;0;2;0;0;0
24/12/2017;16:24:00;182;Acidente sem Vítima;671,1;BR-040/MG;Sul;Choque com objeto fixo;1;0;0;0;0;0;0;0;0;0;1;0;0;0;0
24/12/2017;09:02:00;65;Acidente sem Vítima;555;BR-040/MG;Norte;Capotamento;1;0;0;0;0;0;0;0;0;0;1;0;0;0;0
24/12/2017;06:17:00;41;Acidente sem Vítima;409;BR-040/MG;Norte;Atropelamento de animal;1;0;0;0;0;0;0;0;0;0;1;0;0;0;0
24/12/2017;05:35:00;33;Acidente sem Vítima;671,05;BR-040/MG;Sul;Capotamento;2;0;0;0;0;0;0;0;0;0;5;0;0;0;0
24/12/2017;01:06:00;6;Acidente com Vítima;533;BR-040/MG;Sul;Choque com objeto fixo;0;0;0;1;0;0;0;0;0;0;0;0;2;0;0
23/12/2017;17:38:00;273;Acidente com Vítima;499,5;BR-040/MG;Sul;Capotamento;1;0;0;0;0;0;0;0;0;0;1;3;0;0;0
23/12/2017;15:31:00;228;Atropelamento sem Morte;1,17;BR-040/GO;Norte;Atropelamento de pedestre atravessando;0;0;0;0;1;0;0;0;0;0;1;0;1;0;0
23/12/2017;15:06:00;220;Acidente com Vítima;518;BR-040/MG;Norte;Colisão traseira;5;0;0;0;0;0;0;0;0;0;5;0;0;0;0
23/12/2017;14:43:00;210;Acidente sem Vítima;513,15;BR-040/MG;Norte;Choque em veículo parado na pista;0;0;2;0;0;0;0;0;0;0;2;0;0;0;0
23/12/2017;14:10:00;202;Acidente com Vítima;512,3;BR-040/MG;Norte;Queda de Moto;0;0;0;1;0;0;0;0;0;0;0;1;0;0;0
23/12/2017;14:04:00;200;Acidente com Vítima;85;BR-040/MG;Norte;Abalroamento longitudinal;0;0;2;0;0;0;0;0;0;0;1;1;0;0;0
23/12/2017;13:58:00;199;Acidente sem Vítima;510,15;BR-040/MG;Norte;Colisão traseira;3;0;0;0;0;0;0;0;0;0;3;0;0;0;0
23/12/2017;13:22:00;185;Acidente sem Vítima;513,15;BR-040/MG;Norte;Colisão traseira;5;0;0;1;0;0;0;0;0;0;6;0;0;0;0
23/12/2017;13:09:00;178;Acidente sem Vítima;729,5;BR-040/MG;Norte;Queda de Carga;0;0;1;0;0;0;0;0;0;0;1;0;0;0;0
23/12/2017;10:42:00;129;Acidente sem Vítima;614,7;BR-040/MG;Sul;Colisão traseira;2;0;0;0;0;0;0;0;0;0;3;0;0;0;0
23/12/2017;10:28:00;127;Acidente sem Vítima;12,5;BR-040/GO;Sul;Colisão traseira;2;0;0;0;0;0;0;0;0;0;2;0;0;0;0
23/12/2017;09:46:00;106;Acidente sem Vítima;455,2;BR-040/MG;Norte;Colisão traseira;4;0;0;0;0;0;0;0;0;0;4;0;0;0;0
23/12/2017;09:37:00;103;Acidente com Vítima;91,2;BR-040/GO;Sul;Colisão frontal;2;0;0;0;0;0;0;0;0;0;3;2;0;2;0
23/12/2017;09:18:00;100;Acidente com Vítima;731,89;BR-040/MG;Sul;Capotamento;1;0;0;0;0;0;0;0;0;0;0;1;1;0;0
23/12/2017;08:57:00;94;Acidente com Vítima;318,2;BR-040/MG;Sul;Choque com objeto fixo;1;0;0;0;0;0;0;0;0;0;2;2;0;0;0
23/12/2017;08:47:00;90;Acidente com Vítima;130;BR-040/GO;Sul;Choque com objeto fixo;1;0;0;0;0;0;0;0;0;0;3;0;0;0;0
23/12/2017;07:45:00;78;Acidente sem Vítima;7,1;BR-040/GO;Norte;Abalroamento transversal;3;0;0;0;0;0;0;0;0;0;4;0;0;0;0
23/12/2017;07:40:00;76;Acidente sem Vítima;712,5;BR-040/MG;Sul;Outros;1;0;0;0;1;0;0;0;0;0;2;0;0;0;0
23/12/2017;07:39:00;75;Acidente sem Vítima;533,5;BR-040/MG;Norte;Choque com objeto fixo;1;0;0;0;0;0;0;0;0;0;1;0;0;0;0
23/12/2017;07:01:00;61;Acidente sem Vítima;611,3;BR-040/MG;Norte;Colisão traseira;1;0;1;0;0;0;0;0;0;0;2;0;0;0;0
23/12/2017;06:57:00;58;Acidente sem Vítima;397,5;BR-040/MG;Norte;Colisão traseira;2;0;0;0;0;0;0;0;0;0;5;0;0;0;0
23/12/2017;06:35:00;49;Acidente com Vítima;184,4;BR-040/MG;Sul;Capotamento;1;0;0;0;0;0;0;0;0;0;0;0;0;1;0
23/12/2017;06:03:00;44;Acidente sem Vítima;454,6;BR-040/MG;Sul;Colisão traseira;2;0;0;0;0;0;0;0;0;0;2;0;0;0;0
23/12/2017;05:48:00;40;Acidente com Vítima;705,03;BR-040/MG;Norte;Queda de Carga;0;0;1;0;0;0;0;0;0;0;0;0;1;0;0
23/12/2017;00:12:00;4;Acidente com Vítima;16,4;BR-040/GO;Norte;Capotamento;1;0;0;0;0;0;0;0;0;0;0;2;0;0;0
22/12/2017;22:54:00;456;Acidente sem Vítima;18,7;BR-040/GO;Sul;Colisão traseira;2;0;0;0;0;0;0;0;0;0;2;0;0;0;0
22/12/2017;22:15:00;448;Acidente com Morte;130,3;BR-040/GO;Norte;Abalroamento longitudinal;2;0;0;0;0;0;0;0;0;0;2;1;0;0;1
22/12/2017;22:05:00;446;Acidente com Vítima;1,5;BR-040/DF;Sul;Abalroamento longitudinal;1;0;1;0;0;0;0;0;0;0;1;1;0;0;0
22/12/2017;18:27:00;353;Acidente com Vítima;535,1;BR-040/MG;Norte;Abalroamento longitudinal;1;0;0;1;0;0;0;0;0;0;2;1;0;0;0
22/12/2017;18:17:00;343;Acidente sem Vítima;455,1;BR-040/MG;Norte;Colisão traseira;1;0;1;0;0;0;0;0;0;0;2;0;0;0;0
22/12/2017;18:17:00;345;Acidente sem Vítima;567,1;BR-040/MG;Norte;Outros;1;0;0;0;0;0;0;0;0;0;1;0;0;0;0
22/12/2017;18:00:00;333;Acidente com Vítima;564,1;BR-040/MG;Sul;Abalroamento longitudinal;1;0;0;1;0;0;0;0;0;0;2;1;0;0;0
22/12/2017;16:48:00;306;Acidente sem Vítima;609,4;BR-040/MG;Sul;Queda de Moto;0;0;0;1;0;0;0;0;0;0;1;0;0;0;0
22/12/2017;16:48:00;307;Acidente sem Vítima;6,2;BR-040/DF;Norte;Colisão traseira;2;0;1;0;0;0;0;0;0;0;3;0;0;0;0
22/12/2017;16:13:00;288;Acidente sem Vítima;641,1;BR-040/MG;Norte;Choque com objeto fixo;1;0;0;0;0;0;0;0;0;0;1;0;0;0;0
22/12/2017;15:31:00;270;Acidente com Vítima;0,15;BR-040/GO;Sul;Abalroamento longitudinal;2;0;0;0;0;0;0;0;0;0;1;1;0;0;0
22/12/2017;15:14:00;263;Acidente sem Vítima;565,15;BR-040/MG;Sul;Queda de Carga;0;0;1;0;0;0;0;0;0;0;1;0;0;0;0
22/12/2017;14:45:00;252;Acidente sem Vítima;7;BR-040/GO;Norte;Choque com objeto fixo;1;0;0;0;0;0;0;0;0;0;1;0;0;0;0
22/12/2017;14:44:00;250;Acidente sem Vítima;585,96;BR-040/MG;Norte;Colisão traseira;1;0;1;0;0;1;0;0;0;0;5;0;0;0;0
22/12/2017;14:33:00;244;Acidente sem Vítima;459,05;BR-040/MG;Norte;Colisão traseira;2;0;0;0;0;0;0;0;0;1;14;0;0;0;0
22/12/2017;14:23:00;239;Acidente sem Vítima;485,15;BR-040/MG;Norte;Outros;1;0;1;0;0;0;0;0;0;0;2;0;0;0;0
22/12/2017;13:12:00;219;Atropelamento sem Morte;473,15;BR-040/MG;Sul;Atropelamento de pedestre atravessando;1;0;0;0;0;0;0;0;0;0;1;0;1;0;0
22/12/2017;12:46:00;215;Acidente sem Vítima;58,5;BR-040/GO;Norte;Abalroamento longitudinal;2;0;0;0;0;0;0;0;0;0;2;0;0;0;0
22/12/2017;12:34:00;209;Acidente sem Vítima;754,2;BR-040/MG;Sul;Queda de Carga;0;0;1;0;0;0;0;0;0;0;1;0;0;0;0
22/12/2017;12:03:00;200;Acidente com Vítima;42,1;BR-040/MG;Sul;Queda de Moto;0;0;0;1;0;0;0;0;0;0;0;1;0;0;0
22/12/2017;10:33:00;167;Acidente sem Vítima;129,9;BR-040/MG;Sul;Colisão traseira;2;0;0;0;0;0;0;0;0;0;2;0;0;0;0
22/12/2017;09:42:00;151;Acidente com Vítima;6;BR-040/MG;Sul;Capotamento;0;0;0;0;0;0;0;0;0;0;0;1;0;0;0
22/12/2017;09:29:00;147;Acidente com Vítima;4;BR-040/GO;Norte;Capotamento;1;0;0;0;0;0;0;0;0;0;1;0;0;0;0
22/12/2017;08:50:00;130;Acidente com Vítima;5,5;BR-040/GO;Sul;Queda de Moto;0;0;1;0;0;0;0;0;0;0;30;0;1;0;0
22/12/2017;07:30:00;98;Acidente sem Vítima;543,8;BR-040/MG;Sul;Abalroamento longitudinal;0;0;0;1;1;0;0;0;0;0;2;0;0;0;0
22/12/2017;07:27:00;96;Acidente sem Vítima;522,15;BR-040/MG;Sul;Colisão traseira;2;0;0;0;0;0;0;0;0;0;2;0;0;0;0
22/12/2017;07:06:00;89;Atropelamento sem Morte;709,1;BR-040/MG;Sul;Atropelamento de pedestre atravessando;2;0;0;0;0;0;0;0;0;0;4;1;0;0;0
21/12/2017;23:07:00;436;Acidente sem Vítima;443,147;BR-040/MG;Norte;Outros;1;0;0;0;0;0;0;0;0;0;1;0;0;0;0
21/12/2017;22:02:00;426;Acidente sem Vítima;520,069;BR-040/MG;Norte;Abalroamento longitudinal;2;0;0;0;0;0;0;0;0;0;2;0;0;0;0
21/12/2017;21:00:00;408;Acidente sem Vítima;405,5;BR-040/MG;Sul;Outros;0;0;1;0;0;0;0;0;0;0;2;0;0;0;0
21/12/2017;19:11:00;359;Acidente com Vítima;0,1;BR-040/GO;Sul;Colisão traseira;1;0;0;1;0;0;0;0;0;0;2;1;0;0;0
21/12/2017;17:06:00;308;Acidente com Vítima;517,1;BR-040/MG;Norte;Abalroamento transversal;2;0;0;0;0;0;0;0;0;0;1;2;0;0;0
21/12/2017;16:02:00;294;Acidente sem Vítima;626;BR-040/MG;Sul;Abalroamento transversal;2;0;0;0;0;0;0;0;0;0;6;0;0;0;0
21/12/2017;15:42:00;290;Acidente sem Vítima;445,1;BR-040/MG;Norte;Colisão traseira;3;0;0;0;0;0;0;0;0;0;3;0;0;0;0
21/12/2017;15:38:00;288;Acidente sem Vítima;535,1;BR-040/MG;Norte;Choque com objeto fixo;2;0;0;0;0;0;0;0;0;0;2;0;0;0;0
21/12/2017;14:02:00;255;Acidente com Vítima;608,1;BR-040/MG;Sul;Colisão traseira;2;0;1;0;0;0;0;0;0;0;3;7;0;0;0
21/12/2017;12:29:00;226;Acidente sem Vítima;2,8;BR-040/GO;Sul;Colisão traseira;1;0;0;1;0;0;0;0;0;0;4;0;0;0;0
21/12/2017;08:27:00;151;Acidente com Vítima;552,9;BR-040/MG;Sul;Colisão frontal;1;0;0;1;0;0;0;0;0;0;1;1;0;0;0
21/12/2017;06:36:00;114;Acidente com Vítima;608;BR-040/MG;Sul;Abalroamento transversal;3;0;0;0;0;0;0;0;0;0;2;1;1;0;0
21/12/2017;06:28:00;112;Acidente com Vítima;549,4;BR-040/MG;Norte;Choque com objeto fixo;1;0;0;0;0;0;0;0;0;0;1;1;0;0;0
21/12/2017;04:33:00;99;Acidente sem Vítima;280,7;BR-040/MG;Sul;Queda de Carga;0;0;1;0;0;0;0;0;0;0;1;0;0;0;0
21/12/2017;03:36:00;92;Acidente sem Vítima;527,09;BR-040/MG;Norte;Capotamento;1;0;0;0;1;0;0;0;0;0;2;0;0;0;0
21/12/2017;00:09:00;2;Acidente sem Vítima;5,7;BR-040/GO;Norte;Colisão traseira;2;0;0;0;0;0;0;0;0;0;2;0;0;0;0
20/12/2017;22:50:00;446;Acidente sem Vítima;3,4;BR-040/DF;Sul;Capotamento;2;0;0;0;0;0;0;0;0;0;4;0;0;0;0
20/12/2017;22:15:00;436;Acidente sem Vítima;456,036;BR-040/MG;Norte;Choque com objeto fixo;0;0;1;0;0;0;0;0;0;0;2;0;0;0;0
20/12/2017;20:17:00;393;Acidente com Vítima;535,258;BR-040/MG;Norte;Colisão traseira;1;0;0;1;0;0;0;0;0;0;1;0;1;0;0
20/12/2017;17:58:00;325;Acidente sem Vítima;534,648;BR-040/MG;Norte;Colisão traseira;3;0;0;0;0;0;0;0;0;0;3;0;0;0;0
20/12/2017;17:27:00;319;Acidente com Vítima;588,5;BR-040/MG;Sul;Queda de Moto;0;0;0;1;0;0;0;0;0;0;0;2;0;0;0
20/12/2017;14:18:00;260;Acidente com Vítima;542,2;BR-040/MG;Norte;Queda de Moto;0;0;0;2;0;0;0;0;0;0;1;0;1;0;0
20/12/2017;14:10:00;258;Acidente sem Vítima;528,2;BR-040/MG;Sul;Colisão traseira;3;0;0;0;0;0;0;0;0;0;3;0;0;0;0
20/12/2017;08:35:00;150;Acidente sem Vítima;6,2;BR-040/DF;Norte;Colisão traseira;0;0;0;1;1;0;0;0;0;0;2;0;0;0;0
20/12/2017;08:22:00;147;Acidente sem Vítima;102,4;BR-040/MG;Norte;Choque com objeto fixo;1;0;0;0;0;0;0;0;0;0;1;0;0;0;0
20/12/2017;08:05:00;141;Acidente sem Vítima;522,6;BR-040/MG;Norte;Colisão traseira;1;0;0;1;0;0;0;0;0;0;2;0;0;0;0
20/12/2017;06:06:00;108;Acidente sem Vítima;503,3;BR-040/MG;Norte;Colisão traseira;3;0;0;0;0;0;0;0;0;0;3;0;0;0;0
20/12/2017;05:20:00;105;Acidente sem Vítima;272,7;BR-040/MG;Sul;Atropelamento de animal;1;0;0;0;0;0;0;0;0;0;1;0;0;0;0
20/12/2017;05:05:00;103;Acidente com Vítima;435,75;BR-040/MG;Sul;Colisão traseira;1;0;0;0;0;1;0;0;0;0;3;1;1;0;0
20/12/2017;04:29:00;102;Acidente com Vítima;595,8;BR-040/MG;Norte;Queda de Carga;0;0;1;0;0;0;0;0;0;0;0;1;0;0;0
20/12/2017;04:07:00;98;Acidente sem Vítima;526,5;BR-040/MG;Norte;Colisão traseira;1;0;1;0;0;0;0;0;0;0;3;0;0;0;0
20/12/2017;02:52:00;70;Acidente com Vítima;4,5;BR-040/DF;Sul;Colisão frontal;1;0;0;1;0;0;0;0;0;0;1;0;1;0;0
20/12/2017;00:51:00;36;Acidente com Vítima;359;BR-040/MG;Sul;Queda de Moto;0;0;0;1;0;0;0;0;0;0;0;1;0;0;0
19/12/2017;21:00:00;422;Acidente sem Vítima;533,1;BR-040/MG;Norte;Colisão traseira;3;0;0;0;0;0;0;0;0;0;4;0;0;0;0