data;horario;n_da_ocorrencia;tipo_de_ocorrencia;km;trecho;sentido;tipo_de_acidente;automovel;bicicleta;caminhao;moto;onibus;outros;tracao_animal;transporte_de_cargas_especiais;trator_maquinas;utilitarios;ilesos;levemente_feridos;moderadamente_feridos;gravemente_feridos;mortos
19/01/2018;18:11:00;281;Acidente com Vítima;533,1;BR-040/MG;Norte;Colisão traseira;0;0;1;1;0;0;0;0;0;0;4;0;1;0;0
19/01/2018;16:18:00;232;Acidente com Vítima;2,9;BR-040/GO;Norte;Colisão traseira;1;0;0;1;0;0;0;0;0;0;4;0;1;0;0
19/01/2018;16:08:00;228;Acidente com Vítima;2,15;BR-040/GO;Sul;Abalroamento longitudinal;1;0;0;1;0;0;0;0;0;0;1;1;0;0;0
19/01/2018;12:01:00;172;Acidente com Vítima;12,015;BR-040/GO;Norte;Queda de Moto;0;0;0;1;0;0;0;0;0;0;0;1;0;0;0
19/01/2018;09:47:00;130;Acidente sem Vítima;538,2;BR-040/MG;Sul;Atropelamento de animal;1;0;0;0;0;0;0;0;0;0;1;0;0;0;0
19/01/2018;09:13:00;123;Acidente sem Vítima;530,33;BR-040/MG;Norte;Abalroamento longitudinal;0;0;1;1;0;0;0;0;0;0;2;0;0;0;0
19/01/2018;07:59:00;107;Acidente com Vítima;6,5;BR-040/DF;Norte;Colisão traseira;2;0;0;1;0;0;0;0;0;0;2;1;0;0;0
19/01/2018;07:45:00;104;Acidente sem Vítima;518,35;BR-040/MG;Sul;Capotamento;3;0;0;0;0;0;0;0;0;0;3;0;0;0;0
19/01/2018;07:13:00;96;Acidente com Vítima;525,1;BR-040/MG;Sul;Queda de Moto;0;0;0;1;0;0;0;0;0;0;0;1;0;0;0
19/01/2018;05:48:00;81;Acidente sem Vítima;528,42;BR-040/MG;Sul;Choque com objeto fixo;0;0;1;0;0;0;0;0;0;0;1;0;0;0;0
19/01/2018;04:04:00;74;Acidente com Vítima;486,3;BR-040/MG;Norte;Colisão traseira;1;0;1;0;0;0;0;0;0;0;1;0;1;0;0
18/01/2018;22:31:00;394;Acidente sem Vítima;503,89;BR-040/MG;Sul;Choque com objeto fixo;1;0;0;0;0;0;0;0;0;0;1;0;0;0;0
18/01/2018;17:38:00;330;Acidente com Vítima;531,78;BR-040/MG;Sul;Abalroamento longitudinal;1;0;0;1;0;0;0;0;0;0;2;0;1;0;0
18/01/2018;17:34:00;328;Acidente com Vítima;614,1;BR-040/MG;Sul;Colisão frontal;1;0;1;0;0;0;0;0;0;0;1;1;0;0;0
18/01/2018;16:21:00;308;Acidente com Vítima;65,102;BR-040/MG;Sul;Choque com objeto fixo;1;0;0;0;0;0;0;0;0;0;0;4;0;1;0
18/01/2018;15:07:00;281;Acidente sem Vítima;504,9;BR-040/MG;Sul;Colisão traseira;0;0;2;0;0;0;0;0;0;0;2;0;0;0;0
18/01/2018;14:28:00;270;Acidente com Vítima;524,9;BR-040/MG;Sul;Colisão traseira;0;0;0;0;0;2;0;0;0;0;2;1;0;0;0
18/01/2018;13:53:00;260;Acidente sem Vítima;2,5;BR-040/GO;Sul;Colisão traseira;1;0;0;0;0;1;0;0;0;0;3;0;0;0;0
18/01/2018;13:12:00;253;Acidente sem Vítima;24,15;BR-040/GO;Sul;Abalroamento transversal;2;0;0;0;0;0;0;0;0;0;7;0;0;0;0
18/01/2018;12:32:00;240;Acidente com Vítima;525,13;BR-040/MG;Sul;Capotamento;1;0;0;0;0;0;0;0;0;0;0;1;0;0;0
18/01/2018;12:26:00;237;Acidente sem Vítima;3,9;BR-040/GO;Sul;Colisão traseira;2;0;0;0;0;0;0;0;0;0;2;0;0;0;0
18/01/2018;10:05:00;192;Acidente sem Vítima;541,2;BR-040/MG;Sul;Colisão traseira;2;0;0;0;0;0;0;0;0;0;2;0;0;0;0
18/01/2018;07:38:00;119;Acidente sem Vítima;522;BR-040/MG;Sul;Colisão traseira;2;0;0;0;0;0;0;0;0;0;3;0;0;0;0
18/01/2018;06:35:00;89;Acidente sem Vítima;57,95;BR-040/MG;Norte;Capotamento;0;0;1;0;0;0;0;0;0;0;2;0;0;0;0
17/01/2018;22:23:00;358;Acidente sem Vítima;671,506;BR-040/MG;Norte;Atropelamento de animal;1;0;0;0;0;0;0;0;0;0;2;0;0;0;0
17/01/2018;20:16:00;332;Acidente com Vítima;529,11;BR-040/MG;Norte;Abalroamento longitudinal;1;0;0;1;0;0;0;0;0;0;1;0;1;0;0
17/01/2018;19:38:00;321;Acidente com Vítima;5,6;BR-040/DF;Norte;Abalroamento longitudinal;1;0;0;1;0;0;0;0;0;0;1;0;0;0;0
17/01/2018;18:46:00;302;Acidente sem Vítima;537,1;BR-040/MG;Norte;Abalroamento longitudinal;1;0;0;1;0;0;0;0;0;0;5;0;0;0;0
17/01/2018;14:59:00;237;Acidente sem Vítima;605,5;BR-040/MG;Sul;Choque com objeto fixo;0;0;1;0;0;0;0;0;0;0;1;0;0;0;0
17/01/2018;10:32:00;175;Acidente com Vítima;12;BR-040/GO;Sul;Choque com objeto fixo;1;0;0;0;0;0;0;0;0;0;0;0;1;0;0
17/01/2018;10:10:00;170;Acidente com Vítima;692,1;BR-040/MG;Sul;Queda de Moto;0;0;0;1;0;0;0;0;0;0;0;2;0;0;0
17/01/2018;10:07:00;168;Acidente com Vítima;478,1;BR-040/MG;Norte;Capotamento;1;0;0;0;0;0;0;0;0;0;1;1;0;0;0
17/01/2018;09:54:00;160;Acidente com Morte;677,1;BR-040/MG;Sul;Colisão traseira;0;0;2;0;0;0;0;0;0;0;1;1;0;0;1
16/01/2018;17:32:00;334;Atropelamento sem Morte;10,3;BR-040/GO;Sul;Atropelamento de pedestre atravessando;0;0;0;1;0;0;0;0;0;0;1;0;1;0;0
16/01/2018;17:23:00;333;Acidente com Vítima;2,2;BR-040/GO;Sul;Abalroamento longitudinal;1;0;0;1;0;0;0;0;0;0;1;1;0;0;0
16/01/2018;15:21:00;302;Acidente sem Vítima;523;BR-040/MG;Sul;Colisão traseira;2;0;0;0;0;0;0;0;0;0;2;0;0;0;0
16/01/2018;11:44:00;235;Acidente sem Vítima;510;BR-040/MG;Sul;Choque com objeto fixo;2;0;0;0;0;0;0;0;0;0;2;0;0;0;0
16/01/2018;09:17:00;177;Acidente sem Vítima;532;BR-040/MG;Sul;Colisão traseira;4;0;0;0;0;0;0;0;0;0;12;0;0;0;0
16/01/2018;03:51:00;81;Acidente com Vítima;538,4;BR-040/MG;Norte;Choque em barreira New Jersey;1;0;0;0;0;0;0;0;0;0;0;1;0;0;0
15/01/2018;23:25:00;420;Acidente sem Vítima;668,05;BR-040/MG;Norte;Choque com objeto fixo;2;0;0;0;0;0;0;0;0;0;2;0;0;0;0
15/01/2018;20:52:00;381;Acidente sem Vítima;385,5;BR-040/MG;Norte;Colisão traseira;0;0;2;0;0;0;0;0;0;0;2;0;0;0;0
15/01/2018;19:19:00;356;Acidente com Vítima;715,045;BR-040/MG;Norte;Choque em defensa;1;0;0;0;0;0;0;0;0;0;0;2;0;0;0
15/01/2018;19:13:00;351;Acidente com Vítima;756,1;BR-040/MG;Norte;Choque com objeto fixo;1;0;0;0;0;0;0;0;0;0;1;1;0;0;0
15/01/2018;18:14:00;332;Acidente sem Vítima;509;BR-040/MG;Norte;Colisão traseira;2;0;0;1;0;0;0;0;0;0;3;0;0;0;0
15/01/2018;16:17:00;304;Acidente com Vítima;5,5;BR-040/DF;Norte;Abalroamento longitudinal;1;0;0;1;0;0;0;0;0;0;1;1;0;0;0
15/01/2018;16:13:00;303;Acidente sem Vítima;418;BR-040/MG;Sul;Abalroamento longitudinal;1;0;1;0;0;0;0;0;0;0;2;0;0;0;0
15/01/2018;16:04:00;298;Acidente sem Vítima;4,8;BR-040/MG;Norte;Colisão traseira;1;0;1;0;0;0;0;0;0;0;7;0;0;0;0
15/01/2018;16:01:00;296;Acidente sem Vítima;384,6;BR-040/MG;Sul;Colisão traseira;2;0;0;0;0;0;0;0;0;0;4;0;0;0;0
15/01/2018;15:19:00;280;Acidente sem Vítima;717;BR-040/MG;Sul;Capotamento;1;0;0;0;0;0;0;0;0;0;1;0;0;0;0
15/01/2018;13:35:00;251;Acidente sem Vítima;521,15;BR-040/MG;Sul;Queda de Moto;0;0;0;1;0;0;0;0;0;0;1;0;0;0;0
15/01/2018;13:27:00;246;Acidente sem Vítima;503;BR-040/MG;Sul;Atropelamento de animal;0;0;1;0;0;0;0;0;0;0;1;0;0;0;0
15/01/2018;13:25:00;245;Acidente sem Vítima;738,4;BR-040/MG;Sul;Choque em barreira New Jersey;1;0;0;0;0;0;0;0;0;0;2;0;0;0;0
15/01/2018;10:43:00;196;Acidente com Vítima;3,7;BR-040/DF;Norte;Abalroamento longitudinal;1;0;0;1;0;0;0;0;0;0;2;0;0;0;0
15/01/2018;03:18:00;86;Acidente sem Vítima;516,95;BR-040/MG;Sul;Choque com objeto fixo;1;0;0;0;0;0;0;0;0;0;1;0;0;0;0
15/01/2018;01:01:00;7;Acidente sem Vítima;498,254;BR-040/MG;Sul;Atropelamento de animal;1;0;0;0;0;0;0;0;0;0;4;0;0;0;0
15/01/2018;00:14:00;3;Acidente sem Vítima;503,638;BR-040/MG;Sul;Choque com objeto fixo;1;0;0;0;0;0;0;0;0;0;1;0;0;0;0
15/01/2018;00:12:00;2;Acidente sem Vítima;726,3;BR-040/MG;Norte;Choque com objeto fixo;1;0;0;0;0;0;0;0;0;0;1;0;0;0;0
14/01/2018;22:05:00;296;Acidente sem Vítima;7,9;BR-040/GO;Norte;Queda de Moto;0;0;0;1;0;0;0;0;0;0;1;0;0;0;0
14/01/2018;22:00:00;294;Acidente com Morte;517,63;BR-040/MG;Norte;Abalroamento longitudinal;0;0;1;1;0;0;0;0;0;0;1;0;0;0;1
14/01/2018;21:27:00;281;Acidente sem Vítima;564,188;BR-040/MG;Sul;Choque com objeto fixo;1;0;0;0;0;0;0;0;0;0;3;0;0;0;0
14/01/2018;20:50:00;270;Atropelamento sem Morte;276,05;BR-040/MG;Norte;Atropelamento de pedestre atravessando;1;0;0;0;0;0;0;0;0;0;1;0;0;1;0
14/01/2018;20:12:00;260;Acidente sem Vítima;717,5;BR-040/MG;Norte;Choque em barreira New Jersey;1;0;0;0;0;0;0;0;0;0;5;0;0;0;0
14/01/2018;19:52:00;254;Acidente sem Vítima;570,1;BR-040/MG;Norte;Abalroamento longitudinal;1;0;1;0;0;0;0;0;0;0;5;0;0;0;0
14/01/2018;19:29:00;243;Acidente sem Vítima;716,1;BR-040/MG;Norte;Choque com objeto fixo;1;0;0;0;0;0;0;0;0;0;2;0;0;0;0
14/01/2018;19:11:00;239;Acidente com Vítima;460,7;BR-040/MG;Sul;Queda de Moto;0;0;0;1;0;0;0;0;0;0;0;1;1;0;0
14/01/2018;18:26:00;226;Acidente com Vítima;25,3;BR-040/GO;Sul;Abalroamento longitudinal;2;0;0;1;0;0;0;0;0;0;5;2;0;0;0
14/01/2018;18:13:00;221;Acidente com Vítima;695,12;BR-040/MG;Sul;Colisão frontal;2;0;0;0;0;0;0;0;0;0;1;0;1;0;0
14/01/2018;17:39:00;213;Acidente sem Vítima;728,1;BR-040/MG;Norte;Choque com objeto fixo;1;0;0;0;0;0;0;0;0;0;1;0;0;0;0
14/01/2018;17:25:00;207;Acidente sem Vítima;763,7;BR-040/MG;Sul;Capotamento;1;0;0;0;0;0;0;0;0;0;2;0;0;0;0
14/01/2018;16:45:00;201;Acidente sem Vítima;265,6;BR-040/MG;Sul;Abalroamento longitudinal;2;0;0;0;0;0;0;0;0;0;7;0;0;0;0
14/01/2018;16:03:00;183;Acidente sem Vítima;728,62;BR-040/MG;Sul;Choque em barreira New Jersey;1;0;0;0;0;0;0;0;0;0;1;0;0;0;0
14/01/2018;14:16:00;143;Acidente sem Vítima;468,1;BR-040/MG;Sul;Colisão traseira;1;0;1;0;0;0;0;0;0;0;2;0;0;0;0
14/01/2018;13:03:00;125;Acidente sem Vítima;428,1;BR-040/MG;Norte;Choque com objeto fixo;1;0;0;0;0;0;0;0;0;0;1;0;0;0;0
14/01/2018;12:32:00;120;Acidente sem Vítima;594,6;BR-040/MG;Norte;Choque em defensa;1;0;0;0;0;0;0;0;0;0;1;0;0;0;0
14/01/2018;11:08:00;105;Acidente com Vítima;251,5;BR-040/MG;Norte;Choque com objeto fixo;1;0;0;0;0;0;0;0;0;0;0;0;2;0;0
14/01/2018;11:06:00;103;Acidente com Vítima;645,3;BR-040/MG;Sul;Capotamento;1;0;0;0;0;0;0;0;0;0;1;1;3;0;0
14/01/2018;08:02:00;69;Acidente com Vítima;543,1;BR-040/MG;Norte;Choque em barreira New Jersey;1;0;0;0;0;0;0;0;0;0;0;0;0;1;0
14/01/2018;07:10:00;59;Acidente sem Vítima;444,1;BR-040/MG;Sul;Queda de Carga;0;0;1;0;0;0;0;0;0;0;1;0;0;0;0
14/01/2018;06:06:00;49;Acidente sem Vítima;539,1;BR-040/MG;Norte;Choque em barreira New Jersey;1;0;0;0;0;0;0;0;0;0;1;0;0;0;0
14/01/2018;03:07:00;37;Acidente sem Vítima;487,5;BR-040/MG;Sul;Colisão traseira;1;0;1;0;0;0;0;0;0;0;4;0;0;0;0
14/01/2018;01:39:00;26;Acidente sem Vítima;5,23;BR-040/GO;Sul;Colisão traseira;2;0;0;0;0;0;0;0;0;0;2;0;0;0;0
14/01/2018;00:45:00;14;Acidente sem Vítima;299,11;BR-040/MG;Sul;Capotamento;1;0;0;0;0;0;0;0;0;0;4;0;0;0;0
14/01/2018;00:43:00;13;Acidente com Vítima;43,4;BR-040/MG;Norte;Abalroamento longitudinal;1;0;0;1;0;0;0;0;0;0;1;1;0;0;0
14/01/2018;00:37:00;12;Acidente sem Vítima;3,2;BR-040/GO;Sul;Abalroamento longitudinal;1;0;0;1;0;0;0;0;0;0;2;0;0;0;0
13/01/2018;22:25:00;353;Acidente com Vítima;21,6;BR-040/GO;Sul;Abalroamento longitudinal;1;0;0;1;0;0;0;0;0;0;1;0;0;0;0
13/01/2018;19:02:00;279;Acidente com Vítima;468,113;BR-040/MG;Sul;Queda de Moto;0;0;0;1;0;0;0;0;0;0;0;1;0;0;0
13/01/2018;18:48:00;272;Acidente sem Vítima;564,973;BR-040/MG;Sul;Colisão traseira;2;0;0;0;0;0;0;0;0;0;9;0;0;0;0
13/01/2018;16:51:00;235;Acidente com Vítima;570,1;BR-040/MG;Sul;Outros;2;0;1;0;0;0;0;0;0;0;6;1;0;0;0
13/01/2018;16:48:00;234;Acidente sem Vítima;511,1;BR-040/MG;Norte;Colisão traseira;3;0;0;0;0;0;0;0;0;0;3;0;0;0;0
13/01/2018;15:37:00;221;Acidente com Vítima;148,3;BR-040/MG;Norte;Abalroamento longitudinal;1;0;1;0;0;0;0;0;0;0;5;1;0;0;0
13/01/2018;14:19:00;208;Acidente com Vítima;740,1;BR-040/MG;Sul;Abalroamento transversal;0;0;1;1;0;0;0;0;0;0;1;0;1;0;0
13/01/2018;13:37:00;195;Acidente com Vítima;511,1;BR-040/MG;Norte;Capotamento;3;0;0;0;0;0;0;0;0;0;3;1;0;0;0
13/01/2018;13:27:00;192;Acidente com Vítima;583,75;BR-040/MG;Sul;Colisão frontal;0;0;2;0;0;0;0;0;0;0;1;0;1;0;0
13/01/2018;13:13:00;188;Acidente com Vítima;543,2;BR-040/MG;Norte;Queda de Carga;0;0;1;0;0;0;0;0;0;0;1;2;0;0;0
13/01/2018;12:54:00;187;Acidente com Vítima;509,1;BR-040/MG;Norte;Colisão traseira;3;0;0;0;0;0;0;0;0;0;3;1;0;0;0
13/01/2018;12:28:00;179;Acidente sem Vítima;746,7;BR-040/MG;Sul;Abalroamento transversal;2;0;0;0;0;0;0;0;0;0;4;0;0;0;0
13/01/2018;10:02:00;142;Acidente sem Vítima;44;BR-040/MG;Sul;Abalroamento transversal;1;0;0;1;0;0;0;0;0;0;2;0;0;0;0
13/01/2018;06:43:00;96;Acidente sem Vítima;527,1;BR-040/MG;Norte;Capotamento;1;0;0;0;0;0;0;0;0;0;1;0;0;0;0
13/01/2018;06:16:00;86;Acidente com Vítima;687,5;BR-040/MG;Norte;Queda de Carga;0;0;1;0;0;0;0;0;0;0;0;1;0;0;0
13/01/2018;05:02:00;72;Acidente com Vítima;27;BR-040/GO;Sul;Colisão traseira;1;0;0;1;0;0;0;0;0;0;1;0;0;0;0
12/01/2018;23:07:00;387;Acidente sem Vítima;147;BR-040/MG;Norte;Colisão traseira;1;0;1;0;0;0;0;0;0;0;2;0;0;0;0
12/01/2018;22:19:00;372;Acidente sem Vítima;585,6;BR-040/MG;Norte;Choque com objeto fixo;1;0;0;0;0;0;0;0;0;0;2;0;0;0;0
12/01/2018;20:20:00;341;Acidente sem Vítima;491,1;BR-040/MG;Sul;Outros;1;0;1;0;0;0;0;0;0;0;2;0;0;0;0
12/01/2018;19:54:00;336;Acidente sem Vítima;557,5;BR-040/MG;Sul;Capotamento;1;0;0;0;0;0;0;0;0;0;1;0;0;0;0
12/01/2018;19:32:00;328;Acidente sem Vítima;10,7;BR-040/GO;Sul;Choque com objeto fixo;1;0;0;0;0;0;0;0;0;0;3;0;0;0;0
12/01/2018;18:52:00;313;Acidente sem Vítima;511;BR-040/MG;Norte;Colisão traseira;3;0;0;0;0;0;0;0;0;0;4;0;0;0;0
12/01/2018;18:05:00;293;Acidente com Morte;6,1;BR-040/DF;Sul;Abalroamento longitudinal;0;0;1;1;1;0;0;0;0;0;2;0;0;0;1
12/01/2018;17:29:00;279;Acidente sem Vítima;615,258;BR-040/MG;Sul;Colisão traseira;3;0;0;0;0;0;0;0;0;0;5;0;0;0;0
12/01/2018;15:55:00;246;Acidente sem Vítima;2,3;BR-040/DF;Sul;Colisão traseira;1;0;1;0;0;0;0;0;0;0;2;0;0;0;0
12/01/2018;15:31:00;236;Acidente com Vítima;544,03;BR-040/MG;Sul;Queda de Moto;1;0;0;1;0;0;0;0;0;0;1;1;0;0;0
12/01/2018;15:31:00;237;Acidente com Vítima;505,95;BR-040/MG;Sul;Colisão traseira;2;0;0;0;0;0;0;0;0;0;3;1;0;0;0
12/01/2018;15:11:00;225;Acidente sem Vítima;503;BR-040/MG;Sul;Choque com objeto fixo;1;0;0;0;0;0;0;0;0;0;1;0;0;0;0
12/01/2018;14:37:00;212;Acidente sem Vítima;473;BR-040/MG;Sul;Choque com objeto fixo;1;0;0;0;0;0;0;0;0;0;50;0;0;0;0
12/01/2018;14:01:00;203;Acidente sem Vítima;525,8;BR-040/MG;Norte;Abalroamento longitudinal;1;0;1;0;0;0;0;0;0;0;2;0;0;0;0
12/01/2018;10:11:00;144;Acidente sem Vítima;616,15;BR-040/MG;Sul;Abalroamento longitudinal;2;0;1;0;0;0;0;0;0;0;5;0;0;0;0
12/01/2018;10:06:00;143;Acidente com Vítima;533;BR-040/MG;Sul;Abalroamento transversal;0;0;0;1;0;0;0;0;0;1;2;1;0;0;0
12/01/2018;08:12:00;115;Acidente com Vítima;533,001;BR-040/MG;Norte;Colisão traseira;1;0;0;1;0;0;0;0;0;0;2;1;0;0;0
12/01/2018;07:15:00;97;Acidente com Vítima;528,5;BR-040/MG;Sul;Colisão traseira;2;0;0;1;0;0;0;0;0;0;4;1;0;0;0
12/01/2018;05:47:00;80;Acidente sem Vítima;1;BR-040/MG;Sul;Outros;1;0;0;0;0;0;0;0;0;0;1;0;0;0;0
12/01/2018;00:41:00;4;Acidente sem Vítima;618,5;BR-040/MG;Sul;Choque com objeto fixo;1;0;0;0;0;0;0;0;0;0;1;0;0;0;0
11/01/2018;21:23:00;364;Acidente com Vítima;3;BR-040/DF;Sul;Outros;0;0;1;1;0;0;0;0;0;0;1;0;0;0;0
11/01/2018;17:57:00;308;Acidente com Vítima;42,15;BR-040/MG;Sul;Queda de Moto;0;0;0;1;0;0;0;0;0;0;0;0;1;0;0
11/01/2018;16:55:00;287;Acidente sem Vítima;94,15;BR-040/GO;Sul;Colisão traseira;1;0;1;0;0;0;0;0;0;0;2;0;0;0;0
11/01/2018;15:52:00;272;Acidente sem Vítima;593,2;BR-040/MG;Sul;Outros;0;0;0;0;0;1;0;0;0;0;1;0;0;0;0
11/01/2018;12:46:00;227;Acidente sem Vítima;528,2;BR-040/MG;Sul;Colisão traseira;4;0;0;0;0;0;0;0;0;1;5;0;0;0;0
11/01/2018;09:09:00;152;Acidente com Vítima;156,28;BR-040/GO;Sul;Capotamento;0;0;1;0;0;0;0;0;0;0;0;2;0;0;0
11/01/2018;07:20:00;102;Acidente sem Vítima;733,15;BR-040/MG;Sul;Abalroamento longitudinal;0;0;2;0;0;0;0;0;0;0;2;0;0;0;0
11/01/2018;06:18:00;85;Acidente com Vítima;7,6;BR-040/DF;Sul;Colisão traseira;2;0;0;0;0;0;0;0;0;0;2;1;0;0;0
11/01/2018;01:08:00;51;Acidente sem Vítima;462,4;BR-040/MG;Norte;Colisão traseira;0;0;2;0;0;0;0;0;0;0;2;0;0;0;0
10/01/2018;23:16:00;417;Acidente sem Vítima;731,5;BR-040/MG;Sul;Queda de Carga;0;0;1;0;0;0;0;0;0;0;1;0;0;0;0
10/01/2018;21:12:00;377;Acidente com Vítima;583,95;BR-040/MG;Norte;Choque em defensa;1;0;0;0;0;0;0;0;0;0;0;1;0;0;0
10/01/2018;20:25:00;364;Acidente sem Vítima;638,65;BR-040/MG;Norte;Atropelamento de animal;1;0;0;0;0;0;0;0;0;0;1;0;0;0;0
10/01/2018;20:23:00;363;Acidente sem Vítima;676,84;BR-040/MG;Sul;Queda de Carga;0;0;1;0;0;0;0;0;0;0;1;0;0;0;0
10/01/2018;12:44:00;233;Acidente com Vítima;525,02;BR-040/MG;Norte;Queda de Moto;0;0;0;1;0;0;0;0;0;0;0;1;0;0;0
10/01/2018;11:32:00;211;Acidente sem Vítima;7,1;BR-040/GO;Sul;Colisão traseira;1;0;0;0;0;1;0;0;0;0;2;0;0;0;0
10/01/2018;11:06:00;204;Acidente sem Vítima;0,3;BR-040/GO;Norte;Abalroamento longitudinal;1;0;0;2;0;0;0;0;0;0;4;0;0;0;0
10/01/2018;08:36:00;153;Atropelamento com Morte;760,66;BR-040/MG;Norte;Atropelamento de pedestre atravessando;0;0;1;0;0;0;0;0;0;0;1;0;0;0;1
10/01/2018;07:55:00;141;Acidente sem Vítima;6,1;BR-040/GO;Norte;Colisão traseira;3;0;0;0;0;0;0;0;0;0;3;0;0;0;0
10/01/2018;06:41:00;110;Acidente sem Vítima;760,5;BR-040/MG;Sul;Abalroamento longitudinal;1;0;1;0;0;0;0;0;0;0;2;0;0;0;0
10/01/2018;01:53:00;61;Acidente com Vítima;464,12;BR-040/MG;Sul;Queda de Carga;0;0;1;0;0;0;0;0;0;0;0;1;0;0;0
09/01/2018;23:35:00;415;Acidente sem Vítima;676,7;BR-040/MG;Sul;Queda de Carga;0;0;1;0;0;0;0;0;0;0;1;0;0;0;0
09/01/2018;20:31:00;358;Acidente sem Vítima;505,12;BR-040/MG;Sul;Choque com objeto fixo;0;0;1;0;0;0;0;0;0;0;37;0;0;0;0
09/01/2018;19:19:00;331;Acidente com Vítima;96,018;BR-040/GO;Norte;Queda de Moto;0;0;0;1;0;0;0;0;0;0;0;1;0;0;0
09/01/2018;18:13:00;310;Acidente sem Vítima;2,3;BR-040/GO;Norte;Abalroamento longitudinal;0;0;0;1;0;1;0;0;0;0;3;0;0;0;0
09/01/2018;17:45:00;304;Acidente sem Vítima;478,15;BR-040/MG;Sul;Choque com objeto fixo;1;0;0;0;0;0;0;0;0;0;1;0;0;0;0
09/01/2018;16:38:00;290;Acidente sem Vítima;589;BR-040/MG;Norte;Choque com objeto fixo;0;0;1;0;0;0;0;0;0;0;1;0;0;0;0
09/01/2018;16:25:00;287;Acidente sem Vítima;129,9;BR-040/MG;Norte;Choque com objeto fixo;1;0;0;0;0;0;0;0;0;0;1;0;0;0;0
09/01/2018;16:12:00;282;Acidente com Vítima;525,1;BR-040/MG;Norte;Queda de Moto;0;0;0;1;0;0;0;0;0;0;1;1;0;0;0
09/01/2018;15:57:00;278;Acidente sem Vítima;667;BR-040/MG;Norte;Choque em defensa;1;0;0;0;0;0;0;0;0;0;1;0;0;0;0
09/01/2018;13:13:00;226;Acidente sem Vítima;603,7;BR-040/MG;Norte;Queda de Carga;0;0;1;0;0;0;0;0;0;0;1;0;0;0;0
09/01/2018;11:46:00;206;Acidente com Vítima;604,3;BR-040/MG;Sul;Choque com objeto fixo;1;0;0;0;0;0;0;0;0;0;0;1;0;0;0
09/01/2018;11:24:00;205;Acidente sem Vítima;549,025;BR-040/MG;Sul;Choque com objeto fixo;1;0;0;0;0;0;0;0;0;0;1;0;0;0;0
09/01/2018;10:01:00;176;Acidente sem Vítima;34,8;BR-040/MG;Sul;Queda de Carga;0;0;1;0;0;0;0;0;0;0;1;0;0;0;0
09/01/2018;07:36:00;123;Acidente com Vítima;5,5;BR-040/DF;Norte;Colisão traseira;4;0;0;0;0;0;0;0;0;0;3;2;0;0;0
09/01/2018;07:05:00;115;Acidente com Vítima;33,1;BR-040/GO;Sul;Abalroamento transversal;2;0;0;0;0;0;0;0;0;0;2;1;0;0;0
08/01/2018;23:44:00;405;Acidente sem Vítima;510,2;BR-040/MG;Sul;Queda de Moto;0;0;0;1;0;0;0;0;0;0;2;0;0;0;0
08/01/2018;21:16:00;375;Acidente sem Vítima;463,3;BR-040/MG;Sul;Queda de Moto;1;0;0;0;0;0;0;0;0;0;2;0;0;0;0
08/01/2018;18:47:00;332;Acidente com Vítima;7,1;BR-040/DF;Sul;Queda de Moto;0;0;0;1;0;0;0;0;0;0;0;1;0;0;0
08/01/2018;18:09:00;320;Acidente sem Vítima;562;BR-040/MG;Sul;Choque com objeto fixo;1;0;0;0;0;0;0;0;0;0;1;0;0;0;0
08/01/2018;17:53:00;315;Acidente com Vítima;179,8;BR-040/MG;Norte;Colisão traseira;2;0;0;0;0;0;0;0;0;0;1;1;2;0;0
08/01/2018;17:18:00;307;Acidente com Vítima;51,2;BR-040/GO;Norte;Capotamento;1;0;0;0;0;0;0;0;0;0;0;0;2;0;0
08/01/2018;14:34:00;254;Acidente com Vítima;666,02;BR-040/MG;Sul;Colisão traseira;2;0;0;0;0;0;0;0;0;0;2;1;0;0;0
08/01/2018;14:15:00;251;Acidente com Vítima;42;BR-040/MG;Sul;Colisão frontal;0;0;0;2;0;0;0;0;0;0;2;1;0;0;0
08/01/2018;13:15:00;229;Acidente com Vítima;566,3;BR-040/MG;Sul;Abalroamento transversal;1;0;0;1;0;0;0;0;0;0;2;1;0;2;0
08/01/2018;11:55:00;217;Acidente sem Vítima;2,1;BR-040/GO;Sul;Colisão traseira;1;0;0;1;0;0;0;0;0;0;3;0;0;0;0
08/01/2018;11:05:00;206;Acidente sem Vítima;460,15;BR-040/MG;Norte;Queda de Carga;0;0;1;0;0;0;0;0;0;0;1;0;0;0;0
08/01/2018;10:53:00;199;Acidente com Vítima;529,2;BR-040/MG;Sul;Queda de Moto;0;0;0;1;0;0;0;0;0;0;0;1;0;0;0
08/01/2018;10:51:00;195;Acidente sem Vítima;717,65;BR-040/MG;Sul;Capotamento;1;0;0;0;0;0;0;0;0;0;1;0;0;0;0
08/01/2018;09:54:00;174;Acidente com Vítima;92,5;BR-040/GO;Norte;Abalroamento transversal;2;0;0;0;0;0;0;0;0;0;5;1;0;0;0
08/01/2018;07:58:00;134;Acidente com Vítima;547,2;BR-040/MG;Sul;Abalroamento longitudinal;1;0;0;1;0;0;0;0;0;0;1;0;0;1;0
08/01/2018;07:34:00;126;Acidente com Vítima;597,2;BR-040/MG;Sul;Colisão traseira;3;0;0;0;0;0;0;0;0;0;3;3;0;0;0