data;horario;n_da_ocorrencia;tipo_de_ocorrencia;km;trecho;sentido;tipo_de_acidente;automovel;bicicleta;caminhao;moto;onibus;outros;tracao_animal;transporte_de_cargas_especiais;trator_maquinas;utilitarios;ilesos;levemente_feridos;moderadamente_feridos;gravemente_feridos;mortos
11/02/2018;05:17:00;53;Acidente sem Vítima;621,5;BR-040/MG;Sul;Choque em defensa;0;0;1;0;0;0;0;0;0;0;1;0;0;0;0
11/02/2018;04:16:00;48;Acidente com Vítima;633,7;BR-040/MG;Sul;Queda de Moto;0;0;0;1;0;0;0;0;0;0;1;0;1;0;0
11/02/2018;02:54:00;40;Acidente sem Vítima;534,5;BR-040/MG;Sul;Colisão traseira;2;0;0;0;0;0;0;0;0;0;2;0;0;0;0
11/02/2018;02:28:00;36;Acidente sem Vítima;3,7;BR-040/GO;Norte;Colisão traseira;3;0;0;0;0;0;0;0;0;0;5;0;0;0;0
11/02/2018;00:03:00;1;Acidente sem Vítima;509,823;BR-040/MG;Sul;Queda de Moto;0;0;0;1;0;0;0;0;0;0;1;0;0;0;0
10/02/2018;22:51:00;392;Acidente com Vítima;531,1;BR-040/MG;Norte;Colisão traseira;2;0;0;0;0;0;0;0;0;0;3;1;0;0;0
10/02/2018;20:50:00;357;Acidente sem Vítima;728,1;BR-040/MG;Sul;Choque com objeto fixo;1;0;0;0;0;0;0;0;0;0;4;0;0;0;0
10/02/2018;20:34:00;351;Acidente sem Vítima;462,5;BR-040/MG;Sul;Atropelamento de animal;1;0;0;0;0;0;0;0;0;0;1;0;0;0;0
10/02/2018;19:39:00;341;Acidente sem Vítima;2,6;BR-040/GO;Norte;Abalroamento longitudinal;2;0;0;0;0;0;0;0;0;0;2;0;0;0;0
10/02/2018;19:09:00;332;Acidente sem Vítima;528,645;BR-040/MG;Sul;Abalroamento longitudinal;2;0;0;0;0;0;0;0;0;0;2;0;0;0;0
10/02/2018;17:24:00;299;Acidente sem Vítima;3,4;BR-040/GO;Sul;Abalroamento longitudinal;1;0;1;0;0;0;0;0;0;0;2;0;0;0;0
10/02/2018;17:03:00;291;Acidente sem Vítima;328,1;BR-040/MG;Norte;Atropelamento de animal;1;0;0;0;0;0;0;0;0;0;1;0;0;0;0
10/02/2018;17:01:00;289;Acidente com Vítima;527,6;BR-040/MG;Sul;Capotamento;1;0;0;0;0;0;0;0;0;0;2;0;1;0;0
10/02/2018;16:43:00;284;Acidente sem Vítima;469,5;BR-040/MG;Sul;Queda de Carga;0;0;1;0;0;0;0;0;0;0;1;0;0;0;0
10/02/2018;16:18:00;276;Acidente com Vítima;444;BR-040/MG;Norte;Choque com objeto fixo;1;0;0;0;0;0;0;0;0;0;1;1;0;0;0
10/02/2018;16:14:00;275;Acidente com Vítima;50,1;BR-040/GO;Sul;Colisão traseira;4;0;0;0;0;0;0;0;0;0;4;0;1;0;0
10/02/2018;15:27:00;255;Acidente sem Vítima;622;BR-040/MG;Norte;Queda de Moto;0;0;0;1;0;0;0;0;0;0;1;0;0;0;0
10/02/2018;15:19:00;254;Acidente sem Vítima;526;BR-040/MG;Norte;Capotamento;1;0;0;0;0;0;0;0;0;0;1;0;0;0;0
10/02/2018;15:00:00;247;Acidente sem Vítima;556;BR-040/MG;Sul;Choque em defensa;1;0;0;0;0;0;0;0;0;0;3;0;0;0;0
10/02/2018;14:50:00;242;Acidente sem Vítima;716;BR-040/MG;Norte;Choque em defensa;1;0;0;0;0;0;0;0;0;0;1;0;0;0;0
10/02/2018;13:37:00;220;Acidente sem Vítima;43,1;BR-040/GO;Norte;Colisão traseira;4;0;0;0;0;0;0;0;0;0;4;0;0;0;0
10/02/2018;13:25:00;215;Acidente com Vítima;33,1;BR-040/GO;Sul;Abalroamento transversal;0;0;0;2;0;0;0;0;0;0;1;0;1;0;0
10/02/2018;13:04:00;208;Acidente sem Vítima;547;BR-040/MG;Sul;Abalroamento longitudinal;0;0;2;0;0;0;0;0;0;0;2;0;0;0;0
10/02/2018;12:50:00;203;Acidente sem Vítima;512;BR-040/MG;Norte;Colisão traseira;1;0;1;0;0;0;0;0;0;0;2;0;0;0;0
10/02/2018;11:45:00;181;Acidente sem Vítima;512;BR-040/MG;Norte;Colisão traseira;2;0;0;0;0;0;0;0;0;0;7;0;0;0;0
10/02/2018;09:20:00;136;Atropelamento com Morte;525,9;BR-040/MG;Sul;Atropelamento de pedestre atravessando;2;0;0;0;0;0;0;0;0;0;2;0;0;0;1
10/02/2018;07:22:00;101;Acidente sem Vítima;590;BR-040/MG;Norte;Abalroamento longitudinal;0;0;1;0;0;0;0;0;0;1;2;0;0;0;0
10/02/2018;07:13:00;99;Acidente sem Vítima;636,9;BR-040/MG;Norte;Abalroamento longitudinal;1;0;0;0;0;1;0;0;0;0;4;0;0;0;0
10/02/2018;05:06:00;75;Acidente sem Vítima;216,1;BR-040/MG;Norte;Abalroamento longitudinal;2;0;1;0;0;0;0;0;0;0;3;0;0;0;0
10/02/2018;04:40:00;70;Acidente sem Vítima;488,1;BR-040/MG;Norte;Choque com objeto fixo;1;0;0;0;0;0;0;0;0;0;1;0;0;0;0
10/02/2018;04:37:00;67;Acidente sem Vítima;536,65;BR-040/MG;Sul;Choque com objeto fixo;1;0;0;0;0;0;0;0;0;0;1;0;0;0;0
09/02/2018;21:53:00;467;Acidente com Vítima;356,2;BR-040/MG;Norte;Colisão traseira;1;0;1;0;0;1;0;0;0;0;5;1;0;0;0
09/02/2018;21:27:00;454;Acidente sem Vítima;2,2;BR-040/GO;Sul;Colisão traseira;2;0;0;0;0;0;0;0;0;0;3;0;0;0;0
09/02/2018;21:07:00;445;Acidente sem Vítima;565,005;BR-040/MG;Sul;Choque com objeto fixo;1;0;0;0;0;0;0;0;0;0;1;0;0;0;0
09/02/2018;21:07:00;446;Acidente com Vítima;767,6;BR-040/MG;Norte;Colisão traseira;1;0;0;1;0;0;0;0;0;0;3;1;0;0;0
09/02/2018;20:46:00;439;Acidente sem Vítima;2,2;BR-040/DF;Sul;Colisão traseira;2;0;0;0;0;0;0;0;0;1;7;0;0;0;0
09/02/2018;20:30:00;430;Acidente sem Vítima;533,1;BR-040/MG;Norte;Queda de Moto;2;0;0;0;0;0;0;0;0;0;2;0;0;0;0
09/02/2018;18:52:00;399;Acidente sem Vítima;328,1;BR-040/MG;Norte;Atropelamento de animal;2;0;0;0;0;0;0;0;0;0;7;0;0;0;0
09/02/2018;18:43:00;395;Acidente com Vítima;533,005;BR-040/MG;Norte;Colisão traseira;1;0;0;1;0;0;0;0;0;0;2;0;1;0;0
09/02/2018;18:30:00;387;Acidente com Vítima;5,5;BR-040/GO;Sul;Abalroamento longitudinal;1;0;0;3;0;0;0;0;0;0;3;2;0;0;0
09/02/2018;18:04:00;378;Acidente com Vítima;161,5;BR-040/MG;Norte;Capotamento;1;0;0;0;0;0;0;0;0;0;3;1;0;0;0
09/02/2018;17:54:00;374;Acidente sem Vítima;44,5;BR-040/MG;Norte;Abalroamento transversal;1;0;0;1;0;0;0;0;0;1;7;0;0;0;0
09/02/2018;17:53:00;372;Acidente sem Vítima;510;BR-040/MG;Norte;Colisão traseira;3;0;0;0;0;0;0;0;0;0;3;0;0;0;0
09/02/2018;17:44:00;367;Acidente com Vítima;3,15;BR-040/DF;Sul;Abalroamento longitudinal;1;0;0;1;0;0;0;0;0;0;2;1;0;0;0
09/02/2018;17:37:00;360;Acidente sem Vítima;525,01;BR-040/MG;Sul;Abalroamento longitudinal;1;0;0;1;0;0;0;0;0;0;2;0;0;0;0
09/02/2018;17:31:00;356;Acidente sem Vítima;562,1;BR-040/MG;Sul;Choque com objeto fixo;1;0;0;0;0;0;0;0;0;0;1;0;0;0;0
09/02/2018;15:42:00;314;Acidente com Vítima;636,2;BR-040/MG;Sul;Choque com objeto fixo;1;0;0;0;0;0;0;0;0;0;0;0;0;2;0
09/02/2018;15:02:00;295;Acidente sem Vítima;556,5;BR-040/MG;Sul;Choque em defensa;1;0;0;0;0;0;0;0;0;0;1;0;0;0;0
09/02/2018;14:46:00;287;Acidente sem Vítima;536;BR-040/MG;Sul;Abalroamento longitudinal;1;0;0;1;0;0;0;0;0;0;2;0;0;0;0
09/02/2018;14:29:00;277;Acidente com Vítima;593;BR-040/MG;Sul;Outros;1;0;0;0;0;0;0;0;0;0;4;1;0;0;0
09/02/2018;13:27:00;256;Acidente sem Vítima;726,9;BR-040/MG;Sul;Capotamento;1;0;0;0;0;0;0;0;0;0;2;0;0;0;0
09/02/2018;12:24:00;232;Acidente com Vítima;520,5;BR-040/MG;Norte;Colisão traseira;1;0;0;1;0;0;0;0;0;0;2;1;0;0;0
09/02/2018;08:40:00;152;Acidente sem Vítima;143;BR-040/MG;Norte;Abalroamento transversal;1;0;1;0;0;0;0;0;0;0;2;0;0;0;0
09/02/2018;08:15:00;145;Acidente sem Vítima;87,7;BR-040/MG;Sul;Queda de Moto;1;0;0;0;0;0;0;0;0;0;1;0;0;0;0
09/02/2018;06:37:00;112;Acidente sem Vítima;38,1;BR-040/MG;Norte;Queda de Carga;0;0;1;0;0;0;0;0;0;0;1;0;0;0;0
09/02/2018;06:23:00;108;Acidente com Vítima;80,7;BR-040/MG;Sul;Atropelamento de animal;1;0;0;0;0;0;0;0;0;0;0;1;0;0;0
09/02/2018;06:02:00;105;Acidente sem Vítima;295,113;BR-040/MG;Sul;Choque com objeto fixo;1;0;0;0;0;0;0;0;0;0;1;0;0;0;0
09/02/2018;05:33:00;101;Acidente sem Vítima;432;BR-040/MG;Norte;Colisão traseira;1;0;0;0;0;0;0;0;0;1;2;0;0;0;0
09/02/2018;02:21:00;77;Acidente sem Vítima;320,4;BR-040/MG;Norte;Atropelamento de animal;1;0;0;0;0;0;0;0;0;0;2;0;0;0;0
08/02/2018;22:04:00;394;Acidente com Vítima;672,9;BR-040/MG;Norte;Atropelamento de animal;1;0;0;0;0;0;0;0;0;0;0;1;0;0;0
08/02/2018;21:04:00;377;Acidente com Vítima;533,5;BR-040/MG;Sul;Abalroamento longitudinal;2;0;0;0;0;0;0;0;0;0;1;0;1;0;0
08/02/2018;20:22:00;369;Acidente sem Vítima;1,4;BR-040/DF;Sul;Queda de Moto;0;0;0;1;0;0;0;0;0;0;1;0;0;0;0
08/02/2018;18:41:00;340;Acidente sem Vítima;535;BR-040/MG;Norte;Colisão traseira;2;0;0;0;0;0;0;0;0;0;2;0;0;0;0
08/02/2018;18:22:00;333;Atropelamento sem Morte;459,98;BR-040/MG;Norte;Atropelamento de ciclista;1;0;0;0;0;0;0;0;0;0;1;0;1;0;0
08/02/2018;15:29:00;273;Acidente sem Vítima;7;BR-040/DF;Norte;Outros;1;0;0;0;0;0;0;0;0;0;1;0;0;0;0
08/02/2018;14:33:00;256;Acidente sem Vítima;463,15;BR-040/MG;Norte;Choque com objeto fixo;1;0;0;0;0;0;0;0;0;0;2;0;0;0;0
08/02/2018;11:52:00;202;Acidente sem Vítima;636;BR-040/MG;Sul;Colisão traseira;1;0;1;0;0;0;0;0;0;0;2;0;0;0;0
08/02/2018;11:51:00;200;Acidente com Vítima;1,7;BR-040/MG;Sul;Queda de Moto;0;0;0;1;0;0;0;0;0;0;1;1;0;0;0
08/02/2018;10:37:00;178;Acidente sem Vítima;535,15;BR-040/MG;Norte;Colisão traseira;0;0;2;0;0;0;0;0;0;0;2;0;0;0;0
08/02/2018;09:30:00;164;Acidente sem Vítima;517,5;BR-040/MG;Sul;Colisão traseira;1;0;1;0;0;0;0;0;0;0;4;0;0;0;0
08/02/2018;09:24:00;161;Acidente sem Vítima;118;BR-040/GO;Norte;Capotamento;1;0;0;0;0;0;0;0;0;0;2;0;0;0;0
08/02/2018;08:31:00;142;Acidente sem Vítima;509,7;BR-040/MG;Norte;Abalroamento longitudinal;1;0;0;1;0;0;0;0;0;0;3;0;0;0;0
08/02/2018;06:30:00;109;Acidente com Vítima;16,4;BR-040/MG;Norte;Colisão traseira;1;0;1;0;0;0;0;0;0;0;2;1;0;0;0
08/02/2018;03:25:00;91;Atropelamento com Morte;470,133;BR-040/MG;Norte;Atropelamento de pedestre caminhando;0;0;1;0;0;0;0;0;0;0;1;0;0;0;1
07/02/2018;23:20:00;393;Acidente sem Vítima;764,6;BR-040/MG;Norte;Colisão traseira;2;0;0;0;0;0;0;0;0;0;2;0;0;0;0
07/02/2018;17:45:00;267;Acidente sem Vítima;44,015;BR-040/MG;Sul;Colisão traseira;2;0;0;0;0;0;0;0;0;0;2;0;0;0;0
07/02/2018;16:28:00;257;Acidente com Vítima;609,25;BR-040/MG;Sul;Abalroamento longitudinal;1;0;0;1;0;0;0;0;0;0;1;1;0;0;0
07/02/2018;14:25:00;217;Acidente sem Vítima;647,2;BR-040/MG;Sul;Choque com objeto fixo;1;0;0;0;0;0;0;0;0;0;1;0;0;0;0
07/02/2018;13:37:00;207;Acidente sem Vítima;43,09;BR-040/MG;Norte;Abalroamento longitudinal;2;0;0;0;0;0;0;0;0;0;3;0;0;0;0
07/02/2018;08:31:00;120;Acidente sem Vítima;413,6;BR-040/MG;Norte;Choque com objeto fixo;1;0;0;0;0;1;0;0;0;0;2;0;0;0;0
07/02/2018;02:57:00;86;Acidente com Vítima;123,908;BR-040/GO;Norte;Queda de Carga;0;0;1;0;0;0;0;0;0;0;0;1;0;0;0
06/02/2018;23:57:00;382;Acidente sem Vítima;499,193;BR-040/MG;Norte;Choque em barreira New Jersey;1;0;0;0;0;0;0;0;0;0;2;0;0;0;0
06/02/2018;23:18:00;377;Acidente sem Vítima;518,1;BR-040/MG;Norte;Colisão traseira;2;0;0;0;0;0;0;0;0;0;4;0;0;0;0
06/02/2018;23:00:00;368;Acidente sem Vítima;473,1;BR-040/MG;Norte;Colisão traseira;2;0;0;0;0;0;0;0;0;0;2;0;0;0;0
06/02/2018;21:53:00;357;Acidente sem Vítima;618,52;BR-040/MG;Norte;Choque com objeto fixo;1;0;0;0;0;0;0;0;0;0;1;0;0;0;0
06/02/2018;21:51:00;356;Acidente com Vítima;464,181;BR-040/MG;Sul;Choque com objeto fixo;0;0;1;0;0;0;0;0;0;0;1;0;1;0;0
06/02/2018;19:26:00;305;Acidente com Vítima;523,1;BR-040/MG;Norte;Abalroamento longitudinal;1;0;0;1;0;0;0;0;0;0;1;1;0;0;0
06/02/2018;18:54:00;292;Atropelamento sem Morte;23,25;BR-040/GO;Norte;Atropelamento de pedestre atravessando;1;0;0;0;0;0;0;0;0;0;1;0;1;0;0
06/02/2018;18:25:00;279;Acidente sem Vítima;562,1;BR-040/MG;Norte;Capotamento;1;0;0;0;0;0;0;0;0;0;1;0;0;0;0
06/02/2018;18:08:00;271;Acidente sem Vítima;7,6;BR-040/GO;Sul;Abalroamento longitudinal;1;0;0;1;0;0;0;0;0;0;2;0;0;0;0
06/02/2018;17:46:00;264;Acidente sem Vítima;558,1;BR-040/MG;Sul;Choque em barreira New Jersey;1;0;0;0;0;0;0;0;0;0;1;0;0;0;0
06/02/2018;17:44:00;262;Acidente sem Vítima;562,1;BR-040/MG;Sul;Colisão traseira;2;0;1;1;0;0;0;0;0;0;4;0;0;0;0
06/02/2018;14:56:00;227;Acidente sem Vítima;453,1;BR-040/MG;Norte;Choque com objeto fixo;1;0;0;0;0;0;0;0;0;0;1;0;0;0;0
06/02/2018;14:54:00;226;Acidente sem Vítima;535,1;BR-040/MG;Sul;Colisão traseira;1;0;1;0;0;0;0;0;0;0;2;0;0;0;0
06/02/2018;14:36:00;222;Acidente sem Vítima;245,15;BR-040/MG;Sul;Colisão traseira;3;0;0;0;0;0;0;0;0;0;3;0;0;0;0
06/02/2018;13:11:00;204;Acidente com Vítima;5,005;BR-040/DF;Norte;Queda de Moto;0;0;0;1;0;1;0;0;0;0;1;1;0;0;0
06/02/2018;07:01:00;111;Acidente com Vítima;616;BR-040/MG;Sul;Abalroamento longitudinal;1;0;1;0;0;0;0;0;0;0;2;0;0;0;0
06/02/2018;06:15:00;104;Acidente com Vítima;519,9;BR-040/MG;Sul;Queda de Moto;0;0;0;1;0;0;0;0;0;0;1;1;0;0;0
06/02/2018;00:28:00;3;Acidente sem Vítima;593,1;BR-040/MG;Norte;Colisão traseira;0;0;3;0;0;0;0;0;0;0;3;0;0;0;0
05/02/2018;22:50:00;372;Acidente sem Vítima;538,05;BR-040/MG;Sul;Choque em barreira New Jersey;1;0;0;0;0;0;0;0;0;0;1;0;0;0;0
05/02/2018;17:11:00;296;Acidente com Morte;583,6;BR-040/MG;Sul;Colisão frontal;0;0;2;0;0;0;0;0;0;0;0;0;1;1;1
05/02/2018;17:07:00;293;Acidente sem Vítima;407,05;BR-040/MG;Sul;Choque com objeto fixo;0;0;1;0;0;0;0;0;0;0;2;0;0;0;0
05/02/2018;16:55:00;287;Acidente com Vítima;633,1;BR-040/MG;Norte;Abalroamento transversal;1;0;0;1;0;0;0;0;0;0;3;1;0;0;0
05/02/2018;15:54:00;273;Acidente sem Vítima;463;BR-040/MG;Norte;Choque com objeto fixo;1;0;0;0;0;0;0;0;0;0;1;0;0;0;0
05/02/2018;15:19:00;264;Acidente sem Vítima;503;BR-040/MG;Sul;Queda de Carga;0;0;1;0;0;0;0;0;0;0;2;0;0;0;0
05/02/2018;13:19:00;234;Acidente sem Vítima;749,7;BR-040/MG;Norte;Outros;1;0;0;0;0;0;0;0;0;0;1;0;0;0;0
05/02/2018;12:15:00;214;Acidente com Vítima;535,5;BR-040/MG;Sul;Queda de Moto;1;0;0;1;0;0;0;0;0;0;1;1;0;0;0
05/02/2018;09:52:00;162;Acidente sem Vítima;739,9;BR-040/MG;Norte;Choque com objeto fixo;1;0;0;0;0;0;0;0;0;0;2;0;0;0;0
05/02/2018;09:46:00;160;Acidente sem Vítima;562;BR-040/MG;Sul;Choque com objeto fixo;1;0;0;0;0;0;0;0;0;0;1;0;0;0;0
05/02/2018;09:16:00;149;Acidente sem Vítima;697;BR-040/MG;Sul;Choque em defensa;0;0;1;0;0;0;0;0;0;0;1;0;0;0;0
05/02/2018;08:52:00;141;Acidente sem Vítima;516;BR-040/MG;Sul;Colisão traseira;0;0;1;0;0;0;0;0;0;1;2;0;0;0;0
05/02/2018;08:38:00;137;Acidente sem Vítima;519,7;BR-040/MG;Sul;Abalroamento longitudinal;0;0;1;0;1;0;0;0;0;0;41;0;0;0;0
05/02/2018;08:33:00;132;Acidente sem Vítima;451;BR-040/MG;Norte;Queda de Carga;0;0;1;0;0;0;0;0;0;0;1;0;0;0;0
05/02/2018;07:11:00;102;Acidente com Morte;697;BR-040/MG;Sul;Colisão frontal;2;0;0;0;0;0;0;0;0;0;0;0;2;0;1
05/02/2018;06:56:00;101;Acidente sem Vítima;510;BR-040/MG;Sul;Colisão traseira;2;0;0;0;0;0;0;0;0;0;2;0;0;0;0
05/02/2018;06:40:00;99;Acidente com Morte;566,7;BR-040/MG;Sul;Colisão traseira;2;0;0;0;0;0;0;0;0;0;0;0;0;2;1
05/02/2018;00:29:00;8;Acidente sem Vítima;634,6;BR-040/MG;Sul;Capotamento;1;0;0;0;0;0;0;0;0;0;1;0;0;0;0
04/02/2018;21:50:00;246;Acidente sem Vítima;456,35;BR-040/MG;Sul;Atropelamento de animal;1;0;0;0;0;0;0;0;0;0;1;0;0;0;0
04/02/2018;20:54:00;236;Acidente sem Vítima;310,5;BR-040/MG;Sul;Abalroamento longitudinal;1;0;1;0;0;0;0;0;0;0;2;0;0;0;0
04/02/2018;20:53:00;235;Acidente sem Vítima;728,7;BR-040/MG;Sul;Queda de Carga;0;0;1;0;0;0;0;0;0;0;1;0;0;0;0
04/02/2018;18:33:00;206;Acidente sem Vítima;529,2;BR-040/MG;Sul;Choque com objeto fixo;1;0;0;0;0;0;0;0;0;0;1;0;0;0;0
04/02/2018;17:58:00;194;Acidente sem Vítima;727,1;BR-040/MG;Norte;Choque em defensa;1;0;0;0;0;0;0;0;0;0;1;0;0;0;0
04/02/2018;17:35:00;186;Acidente sem Vítima;716,5;BR-040/MG;Norte;Choque em defensa;1;0;0;0;0;0;0;0;0;0;3;0;0;0;0
04/02/2018;17:34:00;187;Acidente sem Vítima;81,7;BR-040/MG;Norte;Atropelamento de animal;1;0;0;0;0;0;0;0;0;0;1;0;0;0;0
04/02/2018;17:23:00;184;Acidente sem Vítima;299,101;BR-040/MG;Sul;Capotamento;1;0;0;0;0;0;0;0;0;0;1;0;0;0;0
04/02/2018;17:17:00;182;Atropelamento sem Morte;1,5;BR-040/GO;Norte;Atropelamento de pedestre atravessando;1;0;0;0;0;0;0;0;0;0;1;1;0;0;0
04/02/2018;14:54:00;145;Acidente sem Vítima;545;BR-040/MG;Sul;Choque com objeto fixo;1;0;0;0;0;0;0;0;0;0;1;0;0;0;0
04/02/2018;14:09:00;137;Acidente com Vítima;561,7;BR-040/MG;Norte;Capotamento;1;0;0;0;0;0;0;0;0;0;1;2;0;0;0
04/02/2018;12:11:00;112;Acidente com Vítima;648,278;BR-040/MG;Sul;Colisão frontal;2;0;0;0;0;0;0;0;0;0;2;1;0;1;0
04/02/2018;11:00:00;94;Acidente com Vítima;637,1;BR-040/MG;Norte;Abalroamento transversal;2;0;0;0;0;0;0;0;0;0;1;2;0;1;0
04/02/2018;09:48:00;74;Acidente sem Vítima;521;BR-040/MG;Norte;Capotamento;1;0;0;0;0;0;0;0;0;0;2;0;0;0;0
04/02/2018;09:23:00;62;Acidente com Vítima;516;BR-040/MG;Norte;Queda de Moto;0;0;0;1;0;0;0;0;0;0;1;0;1;0;0
04/02/2018;03:13:00;14;Acidente sem Vítima;8,8;BR-040/GO;Sul;Choque com objeto fixo;1;0;0;0;0;0;0;0;0;0;1;0;0;0;0
04/02/2018;00:10:00;1;Acidente sem Vítima;730,6;BR-040/MG;Norte;Choque em barreira New Jersey;1;0;0;0;0;0;0;0;0;0;1;0;0;0;0
03/02/2018;22:50:00;359;Acidente sem Vítima;765,7;BR-040/MG;Sul;Choque com objeto fixo;1;0;0;0;0;0;0;0;0;0;1;0;0;0;0
03/02/2018;21:47:00;347;Acidente sem Vítima;24,5;BR-040/MG;Norte;Colisão traseira;2;0;0;0;0;0;0;0;0;0;2;0;0;0;0
03/02/2018;20:55:00;340;Acidente sem Vítima;757,9;BR-040/MG;Sul;Colisão traseira;1;0;1;0;0;0;0;0;0;0;5;0;0;0;0
03/02/2018;20:22:00;330;Acidente sem Vítima;564,1;BR-040/MG;Sul;Colisão traseira;4;0;0;0;0;0;0;0;0;0;5;0;0;0;0
03/02/2018;19:52:00;325;Acidente sem Vítima;225,6;BR-040/MG;Norte;Choque com objeto fixo;1;0;0;0;0;0;0;0;0;0;1;0;0;0;0
03/02/2018;19:47:00;323;Acidente com Vítima;23,5;BR-040/GO;Sul;Choque com objeto fixo;1;0;0;0;0;0;0;0;0;0;2;1;0;1;0
03/02/2018;19:37:00;318;Acidente sem Vítima;544,1;BR-040/MG;Norte;Capotamento;1;0;0;0;0;0;0;0;0;0;2;0;0;0;0
03/02/2018;19:17:00;313;Acidente com Vítima;216,6;BR-040/MG;Norte;Choque com objeto fixo;1;0;0;0;0;0;0;0;0;0;1;1;0;0;0
03/02/2018;19:06:00;310;Acidente sem Vítima;525,3;BR-040/MG;Norte;Outros;2;0;0;0;0;0;0;0;0;0;2;0;0;0;0
03/02/2018;19:01:00;308;Acidente sem Vítima;566,66;BR-040/MG;Sul;Choque com objeto fixo;1;0;0;0;0;0;0;0;0;0;1;0;0;0;0
03/02/2018;18:48:00;306;Acidente com Vítima;539,3;BR-040/MG;Sul;Queda de Moto;0;0;0;1;0;0;0;0;0;0;0;0;1;0;0
03/02/2018;17:44:00;275;Acidente sem Vítima;560,51;BR-040/MG;Sul;Capotamento;1;0;0;0;0;0;0;0;0;0;1;0;0;0;0
03/02/2018;17:31:00;274;Acidente sem Vítima;567,215;BR-040/MG;Norte;Abalroamento longitudinal;2;0;0;0;0;0;0;0;0;0;2;0;0;0;0
03/02/2018;16:44:00;267;Acidente sem Vítima;474,15;BR-040/MG;Sul;Colisão traseira;2;0;0;0;0;0;0;0;0;0;2;0;0;0;0
03/02/2018;16:34:00;262;Acidente sem Vítima;473;BR-040/MG;Sul;Choque em defensa;1;0;0;0;0;0;0;0;0;0;1;0;0;0;0
03/02/2018;15:19:00;246;Acidente sem Vítima;60,3;BR-040/GO;Norte;Choque com objeto fixo;1;0;0;0;0;0;0;0;0;0;4;0;0;0;0
03/02/2018;14:41:00;239;Acidente sem Vítima;8,3;BR-040/DF;Sul;Choque com objeto fixo;1;0;0;0;0;0;0;0;0;0;1;0;0;0;0
03/02/2018;14:36:00;238;Acidente sem Vítima;153;BR-040/GO;Norte;Choque com objeto fixo;1;0;0;0;0;0;0;0;0;0;1;0;0;0;0
03/02/2018;14:23:00;234;Acidente sem Vítima;557,6;BR-040/MG;Norte;Capotamento;1;0;1;0;0;0;0;0;0;0;2;0;0;0;0
03/02/2018;12:26:00;205;Acidente com Vítima;515,72;BR-040/MG;Norte;Colisão traseira;6;0;0;1;0;0;0;0;0;0;6;2;0;0;0
03/02/2018;12:12:00;203;Acidente sem Vítima;596,01;BR-040/MG;Sul;Queda de Carga;1;0;1;0;0;0;0;0;0;0;2;0;0;0;0
03/02/2018;11:15:00;190;Acidente com Vítima;664,15;BR-040/MG;Norte;Queda de Moto;1;0;0;1;0;0;0;0;0;0;1;0;1;0;0
03/02/2018;10:19:00;167;Acidente sem Vítima;535,22;BR-040/MG;Norte;Abalroamento longitudinal;2;0;0;1;0;0;0;0;0;0;3;0;0;0;0
03/02/2018;08:33:00;125;Acidente sem Vítima;224,5;BR-040/MG;Norte;Choque com objeto fixo;1;0;0;0;0;0;0;0;0;0;2;0;0;0;0
03/02/2018;07:27:00;98;Acidente com Vítima;448,1;BR-040/MG;Norte;Choque com objeto fixo;1;0;0;0;0;0;0;0;0;0;3;2;0;0;0
03/02/2018;07:05:00;90;Acidente com Vítima;535,2;BR-040/MG;Sul;Choque em barreira New Jersey;1;0;0;0;0;0;0;0;0;0;0;1;0;0;0
03/02/2018;01:26:00;15;Acidente sem Vítima;504,955;BR-040/MG;Sul;Choque com objeto fixo;0;0;1;0;0;0;0;0;0;0;1;0;0;0;0
03/02/2018;00:25:00;3;Acidente com Morte;141,6;BR-040/MG;Sul;Colisão traseira;2;0;0;1;0;0;0;0;0;0;0;0;0;0;1
02/02/2018;21:17:00;303;Acidente sem Vítima;467,6;BR-040/MG;Sul;Choque com objeto fixo;1;0;0;0;0;0;0;0;0;0;1;0;0;0;0
02/02/2018;20:33:00;287;Acidente sem Vítima;349,5;BR-040/MG;Sul;Atropelamento de animal;0;0;1;0;0;0;0;0;0;0;2;0;0;0;0
02/02/2018;19:53:00;276;Acidente sem Vítima;552,01;BR-040/MG;Sul;Choque com objeto fixo;1;0;0;0;0;0;0;0;0;0;1;0;0;0;0
02/02/2018;18:03:00;253;Acidente sem Vítima;299,8;BR-040/MG;Norte;Colisão frontal;2;0;0;0;0;0;0;0;0;0;4;0;0;0;0
02/02/2018;16:30:00;244;Acidente sem Vítima;552,9;BR-040/MG;Sul;Outros;1;0;1;0;1;0;0;0;0;0;3;0;0;0;0
02/02/2018;16:16:00;243;Acidente sem Vítima;556,892;BR-040/MG;Sul;Choque em barreira New Jersey;1;0;0;0;0;0;0;0;0;0;1;0;0;0;0
02/02/2018;15:52:00;238;Acidente com Vítima;1,3;BR-040/MG;Norte;Capotamento;1;0;0;0;0;0;0;0;0;0;1;0;0;0;0
02/02/2018;13:59:00;219;Acidente sem Vítima;2,3;BR-040/GO;Sul;Colisão traseira;1;0;0;0;1;0;0;0;0;0;7;0;0;0;0