data;horario;n_da_ocorrencia;tipo_de_ocorrencia;km;trecho;sentido;tipo_de_acidente;automovel;bicicleta;caminhao;moto;onibus;outros;tracao_animal;transporte_de_cargas_especiais;trator_maquinas;utilitarios;ilesos;levemente_feridos;moderadamente_feridos;gravemente_feridos;mortos
02/02/2018;13:21:00;212;Acidente com Vítima;81,8;BR-040/MG;Norte;Choque com objeto fixo;1;0;0;0;0;0;0;0;0;0;0;2;1;0;0
02/02/2018;13:09:00;209;Acidente sem Vítima;597,5;BR-040/MG;Sul;Choque com objeto fixo;1;0;0;0;0;0;0;0;0;0;1;0;0;0;0
02/02/2018;12:28:00;200;Acidente sem Vítima;533,14;BR-040/MG;Sul;Queda de Moto;0;0;0;1;0;0;0;0;0;0;1;0;0;0;0
02/02/2018;11:47:00;190;Acidente com Vítima;528,3;BR-040/MG;Norte;Choque com objeto fixo;1;0;0;0;0;0;0;0;0;0;0;1;0;0;0
02/02/2018;09:43:00;162;Acidente sem Vítima;462,2;BR-040/MG;Norte;Colisão traseira;2;0;0;0;0;0;0;0;0;0;2;0;0;0;0
02/02/2018;09:29:00;158;Acidente com Vítima;462,5;BR-040/MG;Norte;Colisão traseira;1;0;1;0;0;0;0;0;0;0;1;2;0;0;0
02/02/2018;08:32:00;140;Acidente com Vítima;563;BR-040/MG;Sul;Abalroamento longitudinal;1;0;1;0;0;0;0;0;0;0;1;1;0;0;0
02/02/2018;08:24:00;137;Acidente com Vítima;251,5;BR-040/MG;Norte;Queda de Carga;1;0;0;0;0;0;0;0;0;0;1;2;0;0;0
02/02/2018;06:34:00;102;Acidente sem Vítima;547,2;BR-040/MG;Sul;Abalroamento longitudinal;2;0;0;0;0;0;0;0;0;0;2;0;0;0;0
02/02/2018;05:59:00;96;Acidente sem Vítima;506,812;BR-040/MG;Norte;Atropelamento de animal;0;0;1;0;0;0;0;0;0;0;1;0;0;0;0
02/02/2018;01:51:00;62;Acidente com Vítima;391,05;BR-040/MG;Norte;Abalroamento longitudinal;1;0;1;0;0;0;0;0;0;0;2;1;0;0;0
01/02/2018;23:25:00;447;Acidente sem Vítima;524,2;BR-040/MG;Sul;Capotamento;1;0;0;0;0;0;0;0;0;0;1;0;0;0;0
01/02/2018;20:38:00;393;Atropelamento sem Morte;702;BR-040/MG;Sul;Atropelamento de pedestre atravessando;0;0;0;1;0;0;0;0;0;0;0;0;1;1;0
01/02/2018;19:46:00;381;Acidente sem Vítima;546,1;BR-040/MG;Sul;Choque em barreira New Jersey;1;0;0;0;0;0;0;0;0;0;1;0;0;0;0
01/02/2018;19:06:00;374;Atropelamento sem Morte;1,8;BR-040/GO;Sul;Atropelamento de pedestre atravessando;1;0;0;0;0;0;0;0;0;0;1;1;0;0;0
01/02/2018;17:39:00;351;Acidente com Vítima;510,9;BR-040/MG;Norte;Queda de Moto;0;0;0;1;0;0;0;0;0;0;1;1;0;0;0
01/02/2018;16:42:00;332;Acidente sem Vítima;544,9;BR-040/MG;Sul;Queda de Carga;0;0;0;0;0;0;0;0;0;1;1;0;0;0;0
01/02/2018;16:01:00;324;Acidente sem Vítima;510,2;BR-040/MG;Norte;Choque com objeto fixo;1;0;0;0;0;0;0;0;0;0;1;0;0;0;0
01/02/2018;15:54:00;320;Acidente sem Vítima;521,15;BR-040/MG;Sul;Outros;1;0;0;0;0;0;0;0;0;0;1;0;0;0;0
01/02/2018;15:45:00;321;Acidente com Vítima;331;BR-040/MG;Sul;Capotamento;1;0;1;0;0;0;0;0;0;0;2;4;0;0;0
01/02/2018;13:43:00;269;Acidente sem Vítima;524;BR-040/MG;Norte;Choque em defensa;0;0;1;0;0;0;0;0;0;0;1;0;0;0;0
01/02/2018;13:13:00;257;Acidente sem Vítima;590,8;BR-040/MG;Norte;Abalroamento longitudinal;0;0;2;0;0;0;0;0;0;0;2;0;0;0;0
01/02/2018;11:42:00;233;Acidente com Vítima;77;BR-040/GO;Norte;Queda de Moto;0;0;0;1;0;0;0;0;0;0;0;0;1;0;0
01/02/2018;10:42:00;203;Acidente sem Vítima;28;BR-040/GO;Norte;Abalroamento longitudinal;1;0;2;0;0;0;0;0;0;0;3;0;0;0;0
01/02/2018;08:04:00;145;Acidente com Vítima;533,16;BR-040/MG;Sul;Abalroamento longitudinal;1;0;1;0;0;0;0;0;0;0;2;1;0;0;0
01/02/2018;07:52:00;138;Acidente sem Vítima;455,1;BR-040/MG;Norte;Capotamento;0;0;1;0;0;0;0;0;0;0;1;0;0;0;0
01/02/2018;07:21:00;124;Acidente sem Vítima;605;BR-040/MG;Norte;Choque em defensa;1;0;0;0;0;0;0;0;0;0;1;0;0;0;0
01/02/2018;07:04:00;115;Acidente sem Vítima;460,5;BR-040/MG;Sul;Choque com objeto fixo;1;0;0;0;0;0;0;0;0;0;1;0;0;0;0
31/03/2018;22:07:00;215;Acidente sem Vítima;509,7;BR-040/MG;Norte;Capotamento;1;0;0;0;0;0;0;0;0;0;1;0;0;0;0
31/03/2018;19:40:00;178;Acidente sem Vítima;655,6;BR-040/MG;Norte;Capotamento;1;0;0;0;0;0;0;0;0;0;1;0;0;0;0
31/03/2018;19:16:00;173;Acidente sem Vítima;526,5;BR-040/MG;Norte;Abalroamento longitudinal;1;0;1;0;0;0;0;0;0;0;2;0;0;0;0
31/03/2018;18:42:00;165;Acidente sem Vítima;567,639;BR-040/MG;Norte;Choque com objeto fixo;1;0;0;0;0;0;0;0;0;0;2;0;0;0;0
31/03/2018;10:49:00;73;Acidente sem Vítima;526,05;BR-040/MG;Sul;Abalroamento longitudinal;1;0;2;0;0;0;0;0;0;0;3;0;0;0;0
31/03/2018;08:35:00;40;Acidente com Vítima;43,1;BR-040/MG;Sul;Abalroamento longitudinal;0;0;0;2;0;0;0;0;0;0;2;1;0;0;0
31/03/2018;06:42:00;20;Acidente com Vítima;279,2;BR-040/MG;Norte;Queda de Moto;1;0;0;0;0;0;0;0;0;0;0;0;2;0;0
31/03/2018;00:10:00;1;Acidente sem Vítima;558,155;BR-040/MG;Sul;Atropelamento de animal;1;0;0;0;0;0;0;0;0;0;1;0;0;0;0
30/03/2018;23:54:00;249;Acidente com Vítima;463,926;BR-040/MG;Norte;Colisão traseira;1;0;0;0;0;1;0;0;0;0;3;2;0;0;0
30/03/2018;21:56:00;235;Acidente com Vítima;531,195;BR-040/MG;Norte;Abalroamento longitudinal;1;0;0;2;0;0;0;0;0;0;4;1;0;0;0
30/03/2018;13:58:00;132;Acidente com Vítima;269,5;BR-040/MG;Sul;Queda de Moto;0;0;0;1;0;0;0;0;0;0;0;2;0;0;0
30/03/2018;12:54:00;117;Acidente com Morte;516,05;BR-040/MG;Norte;Colisão traseira;2;0;0;1;0;0;0;0;0;0;2;0;0;0;1
30/03/2018;12:26:00;111;Acidente sem Vítima;513,01;BR-040/MG;Norte;Colisão traseira;4;0;0;0;0;0;0;0;0;0;4;0;0;0;0
30/03/2018;12:10:00;108;Acidente sem Vítima;512,9;BR-040/MG;Norte;Colisão traseira;2;0;0;0;0;0;0;0;0;0;2;0;0;0;0
30/03/2018;11:39:00;103;Acidente com Vítima;511,15;BR-040/MG;Norte;Abalroamento longitudinal;1;0;1;0;0;0;0;0;0;0;1;4;1;0;0
30/03/2018;11:32:00;100;Acidente sem Vítima;546,15;BR-040/MG;Sul;Colisão traseira;2;0;0;0;0;0;0;0;0;0;2;0;0;0;0
30/03/2018;10:44:00;81;Acidente com Vítima;551,5;BR-040/MG;Sul;Colisão traseira;3;0;0;0;0;0;0;0;0;0;3;1;0;0;0
30/03/2018;10:32:00;78;Acidente sem Vítima;425,343;BR-040/MG;Sul;Outros;1;0;0;0;0;0;0;0;0;0;2;0;0;0;0
30/03/2018;08:50:00;52;Acidente sem Vítima;0,1;BR-040/GO;Sul;Abalroamento longitudinal;1;0;0;1;0;0;0;0;0;0;4;0;0;0;0
30/03/2018;08:00:00;45;Acidente sem Vítima;621;BR-040/MG;Sul;Choque com objeto fixo;1;0;0;0;0;0;0;0;0;0;1;0;0;0;0
30/03/2018;06:48:00;34;Acidente sem Vítima;373,8;BR-040/MG;Norte;Choque com objeto fixo;1;0;0;0;0;0;0;0;0;0;4;0;0;0;0
30/03/2018;04:39:00;18;Acidente sem Vítima;16,5;BR-040/GO;Sul;Choque em defensa;1;0;0;0;0;0;0;0;0;0;1;0;0;0;0
29/03/2018;21:27:00;438;Acidente sem Vítima;623,3;BR-040/MG;Sul;Abalroamento longitudinal;2;0;0;0;0;0;0;0;0;0;4;0;0;0;0
29/03/2018;20:03:00;408;Atropelamento sem Morte;11,2;BR-040/GO;Sul;Atropelamento de ciclista;0;0;0;1;0;0;0;0;0;0;0;1;1;0;0
29/03/2018;18:43:00;381;Acidente sem Vítima;527;BR-040/MG;Norte;Abalroamento longitudinal;1;0;0;1;0;0;0;0;0;0;3;0;0;0;0
29/03/2018;18:16:00;372;Acidente sem Vítima;4,9;BR-040/GO;Norte;Colisão traseira;1;0;0;0;0;0;0;0;0;1;4;0;0;0;0
29/03/2018;17:52:00;365;Acidente sem Vítima;647,3;BR-040/MG;Norte;Choque com objeto fixo;1;0;0;0;0;0;0;0;0;0;3;0;0;0;0
29/03/2018;16:51:00;341;Acidente sem Vítima;533,3;BR-040/MG;Sul;Colisão traseira;2;0;0;0;0;0;0;0;0;0;3;0;0;0;0
29/03/2018;16:27:00;331;Acidente sem Vítima;596;BR-040/MG;Sul;Colisão traseira;2;0;0;0;0;0;0;0;0;0;2;0;0;0;0
29/03/2018;15:18:00;305;Acidente sem Vítima;714;BR-040/MG;Sul;Choque com objeto fixo;1;0;0;0;0;0;0;0;0;0;2;0;0;0;0
29/03/2018;12:32:00;264;Acidente com Vítima;531,4;BR-040/MG;Sul;Abalroamento longitudinal;1;0;0;1;0;0;0;0;0;0;1;1;0;0;0
29/03/2018;12:10:00;257;Acidente sem Vítima;598;BR-040/MG;Norte;Queda de Carga;0;0;1;0;0;0;0;0;0;0;1;0;0;0;0
29/03/2018;09:14:00;199;Atropelamento sem Morte;537,6;BR-040/MG;Sul;Atropelamento de pedestre atravessando;1;0;0;0;0;0;0;0;0;0;1;0;0;1;0
29/03/2018;08:11:00;156;Acidente sem Vítima;0,6;BR-040/GO;Norte;Colisão traseira;4;0;0;0;0;0;0;0;0;0;4;0;0;0;0
29/03/2018;03:28:00;76;Acidente sem Vítima;2;BR-040/DF;Sul;Choque em barreira New Jersey;1;0;0;0;0;0;0;0;0;0;1;0;0;0;0
28/03/2018;19:50:00;309;Atropelamento sem Morte;612,1;BR-040/MG;Sul;Atropelamento de pedestre atravessando;0;0;0;1;0;0;0;0;0;0;1;0;0;1;0
28/03/2018;14:19:00;224;Acidente sem Vítima;454,3;BR-040/MG;Norte;Outros;0;0;0;1;0;1;0;0;0;0;4;0;0;0;0
28/03/2018;14:11:00;219;Acidente sem Vítima;2,5;BR-040/GO;Sul;Outros;0;0;0;0;0;0;0;0;0;0;0;0;0;0;0
28/03/2018;13:07:00;206;Acidente sem Vítima;145;BR-040/MG;Sul;Choque com objeto fixo;1;0;0;0;0;0;0;0;0;0;1;0;0;0;0
28/03/2018;08:09:00;129;Acidente com Vítima;692,7;BR-040/MG;Sul;Colisão traseira;2;0;0;0;0;0;0;0;0;0;2;2;0;0;0
28/03/2018;06:33:00;85;Acidente sem Vítima;356,25;BR-040/MG;Sul;Colisão traseira;1;0;0;1;0;0;0;0;0;0;2;0;0;0;0
28/03/2018;05:06:00;77;Acidente sem Vítima;717,1;BR-040/MG;Norte;Choque com objeto fixo;1;0;1;0;0;0;0;0;0;0;2;0;0;0;0
28/03/2018;01:33:00;64;Acidente sem Vítima;12,3;BR-040/MG;Norte;Queda de Moto;1;0;0;0;0;0;0;0;0;0;1;0;0;0;0
27/03/2018;23:46:00;332;Acidente sem Vítima;39,065;BR-040/GO;Norte;Atropelamento de animal;0;0;1;0;0;0;0;0;0;0;1;0;0;0;0
27/03/2018;18:30:00;257;Acidente sem Vítima;465,9;BR-040/MG;Norte;Colisão traseira;2;0;0;0;0;0;0;0;0;0;2;0;0;0;0
27/03/2018;17:29:00;244;Acidente com Vítima;5,1;BR-040/DF;Sul;Colisão traseira;0;0;0;2;0;0;0;0;0;0;1;1;0;0;0
27/03/2018;16:15:00;226;Acidente com Vítima;663;BR-040/MG;Norte;Colisão traseira;2;0;0;0;0;0;0;0;0;0;1;1;0;0;0
27/03/2018;16:11:00;222;Acidente sem Vítima;12,5;BR-040/GO;Sul;Abalroamento longitudinal;2;0;0;0;0;0;0;0;0;0;2;0;0;0;0
27/03/2018;08:25:00;131;Acidente sem Vítima;546,02;BR-040/MG;Sul;Capotamento;1;0;0;0;0;0;0;0;0;0;2;0;0;0;0
27/03/2018;08:06:00;125;Acidente sem Vítima;530;BR-040/MG;Norte;Colisão traseira;1;0;0;1;0;0;0;0;0;0;2;0;0;0;0
27/03/2018;06:52:00;104;Acidente sem Vítima;137,8;BR-040/GO;Sul;Capotamento;0;0;0;0;0;1;0;0;0;0;1;0;0;0;0
27/03/2018;02:59:00;91;Acidente sem Vítima;564,75;BR-040/MG;Norte;Queda de Carga;0;0;1;0;0;0;0;0;0;0;1;0;0;0;0
26/03/2018;20:51:00;292;Acidente sem Vítima;234,625;BR-040/MG;Sul;Queda de Carga;0;0;1;0;0;0;0;0;0;0;1;0;0;0;0
26/03/2018;17:22:00;243;Acidente sem Vítima;570,5;BR-040/MG;Norte;Abalroamento longitudinal;0;0;1;0;0;0;0;0;0;1;2;0;0;0;0
26/03/2018;16:41:00;236;Acidente sem Vítima;388,15;BR-040/MG;Norte;Atropelamento de animal;1;0;0;0;0;0;0;0;0;0;1;0;0;0;0
26/03/2018;12:16:00;170;Acidente com Vítima;638,2;BR-040/MG;Sul;Queda de Moto;0;0;0;1;0;0;0;0;0;0;0;1;1;0;0
26/03/2018;09:12:00;131;Acidente sem Vítima;531,8;BR-040/MG;Sul;Colisão traseira;3;0;0;0;0;0;0;0;0;0;4;0;0;0;0
26/03/2018;07:27:00;98;Acidente sem Vítima;510,4;BR-040/MG;Sul;Colisão traseira;1;0;0;1;0;0;0;0;0;0;2;0;0;0;0
26/03/2018;07:02:00;91;Acidente sem Vítima;5,15;BR-040/MG;Norte;Abalroamento longitudinal;2;0;0;0;0;0;0;0;0;0;5;0;0;0;0
26/03/2018;06:19:00;82;Acidente sem Vítima;508,9;BR-040/MG;Sul;Colisão traseira;1;0;1;0;0;0;0;0;0;0;3;0;0;0;0
26/03/2018;00:45:00;31;Acidente sem Vítima;539,3;BR-040/MG;Sul;Choque em barreira New Jersey;1;0;0;0;0;0;0;0;0;0;3;0;0;0;0
25/03/2018;23:16:00;256;Acidente sem Vítima;494,1;BR-040/MG;Sul;Abalroamento longitudinal;2;0;0;0;0;0;0;0;0;0;4;0;0;0;0
25/03/2018;21:36:00;246;Acidente sem Vítima;517,6;BR-040/MG;Sul;Queda de Moto;0;0;0;1;0;0;0;0;0;0;1;0;0;0;0
25/03/2018;20:36:00;230;Acidente com Morte;47;BR-040/GO;Norte;Colisão frontal;1;0;0;0;0;0;0;0;0;1;1;1;1;0;1
25/03/2018;19:43:00;214;Acidente com Vítima;475,1;BR-040/MG;Norte;Queda de Moto;0;0;0;1;0;0;0;0;0;0;0;0;2;0;0
25/03/2018;19:21:00;208;Acidente sem Vítima;3,6;BR-040/GO;Norte;Colisão traseira;2;0;0;0;0;0;0;0;0;0;2;0;0;0;0
25/03/2018;19:05:00;203;Acidente sem Vítima;1,8;BR-040/GO;Sul;Colisão traseira;3;0;0;0;0;0;0;0;0;0;3;0;0;0;0
25/03/2018;18:27:00;189;Acidente sem Vítima;534,1;BR-040/MG;Norte;Colisão traseira;2;0;0;0;0;0;0;0;0;0;5;0;0;0;0
25/03/2018;18:25:00;188;Acidente sem Vítima;561;BR-040/MG;Sul;Choque em defensa;1;0;0;0;0;0;0;0;0;0;1;0;0;0;0
25/03/2018;17:32:00;182;Acidente com Morte;139,05;BR-040/GO;Norte;Colisão frontal;2;0;0;0;0;0;0;0;0;0;4;3;0;0;1
25/03/2018;16:34:00;160;Acidente sem Vítima;510,8;BR-040/MG;Norte;Colisão traseira;4;0;0;0;0;0;0;0;0;0;7;0;0;0;0
25/03/2018;16:19:00;156;Acidente sem Vítima;532;BR-040/MG;Sul;Choque em defensa;1;0;0;0;0;0;0;0;0;0;1;0;0;0;0
25/03/2018;15:33:00;147;Acidente sem Vítima;2,3;BR-040/GO;Norte;Abalroamento transversal;1;0;1;0;0;0;0;0;0;0;2;0;0;0;0
25/03/2018;15:32:00;146;Acidente sem Vítima;31,3;BR-040/GO;Sul;Choque com objeto fixo;1;0;0;0;0;0;0;0;0;0;2;0;0;0;0
25/03/2018;10:45:00;83;Acidente sem Vítima;464;BR-040/MG;Norte;Abalroamento longitudinal;1;0;1;0;0;0;0;0;0;0;3;0;0;0;0
25/03/2018;10:40:00;81;Acidente sem Vítima;491,451;BR-040/MG;Sul;Capotamento;1;0;0;0;0;0;0;0;0;0;2;0;0;0;0
25/03/2018;06:41:00;27;Acidente com Vítima;2,6;BR-040/GO;Sul;Abalroamento transversal;2;0;0;0;0;0;0;0;0;0;1;0;2;0;0
25/03/2018;05:09:00;19;Acidente com Vítima;632,1;BR-040/MG;Norte;Colisão traseira;1;0;0;1;0;0;0;0;0;0;4;2;0;0;0
24/03/2018;22:44:00;315;Acidente sem Vítima;533;BR-040/MG;Norte;Choque em barreira New Jersey;1;0;0;0;0;0;0;0;0;0;1;0;0;0;0
24/03/2018;15:39:00;221;Acidente com Vítima;289,5;BR-040/MG;Sul;Choque com objeto fixo;0;0;1;0;0;0;0;0;0;0;1;1;0;0;0
24/03/2018;13:56:00;199;Acidente com Vítima;358,5;BR-040/MG;Norte;Abalroamento transversal;2;0;0;0;0;0;0;0;0;0;2;0;1;0;0
24/03/2018;13:49:00;198;Acidente com Morte;6,9;BR-040/DF;Sul;Capotamento;1;0;0;0;0;0;0;0;0;0;1;0;0;0;1
24/03/2018;11:55:00;171;Acidente com Vítima;0,3;BR-040/DF;Norte;Queda de Moto;0;0;0;1;0;0;0;0;0;0;0;0;1;0;0
24/03/2018;08:11:00;102;Acidente sem Vítima;529;BR-040/MG;Norte;Colisão traseira;2;0;0;0;0;0;0;0;0;0;4;0;0;0;0
24/03/2018;07:50:00;99;Acidente sem Vítima;3,05;BR-040/DF;Sul;Abalroamento transversal;3;0;0;0;0;0;0;0;0;0;5;0;0;0;0
24/03/2018;05:18:00;71;Acidente sem Vítima;8,1;BR-040/GO;Norte;Choque com objeto fixo;1;0;0;0;0;0;0;0;0;0;2;0;0;0;0
24/03/2018;03:31:00;58;Acidente sem Vítima;626,05;BR-040/MG;Sul;Outros;0;0;1;0;0;0;0;0;0;0;3;0;0;0;0
24/03/2018;00:24:00;13;Acidente sem Vítima;0,5;BR-040/GO;Norte;Colisão traseira;1;0;0;1;0;0;0;0;0;0;2;0;0;0;0
23/03/2018;21:55:00;290;Acidente com Vítima;32,5;BR-040/GO;Sul;Capotamento;1;0;0;0;0;0;0;0;0;0;0;0;1;0;0
23/03/2018;20:14:00;274;Acidente com Vítima;132,5;BR-040/GO;Sul;Queda de Carga;0;0;1;0;0;0;0;0;0;0;0;0;1;0;0
23/03/2018;19:10:00;252;Acidente sem Vítima;6,9;BR-040/GO;Sul;Colisão traseira;1;0;0;1;0;0;0;0;0;0;3;0;0;0;0
23/03/2018;13:31:00;179;Acidente com Vítima;43,01;BR-040/MG;Sul;Abalroamento longitudinal;1;0;0;1;0;0;0;0;0;0;2;1;0;0;0
23/03/2018;13:19:00;174;Acidente sem Vítima;532,2;BR-040/MG;Sul;Colisão traseira;0;0;3;0;0;0;0;0;0;0;3;0;0;0;0
23/03/2018;12:51:00;170;Acidente sem Vítima;7,8;BR-040/GO;Sul;Abalroamento longitudinal;1;0;1;0;0;0;0;0;0;0;2;0;0;0;0
23/03/2018;08:38:00;119;Acidente sem Vítima;4,1;BR-040/DF;Sul;Choque com objeto fixo;2;0;0;0;0;0;0;0;0;0;2;0;0;0;0
23/03/2018;06:47:00;99;Acidente sem Vítima;548,2;BR-040/MG;Norte;Abalroamento longitudinal;2;0;0;0;0;0;0;0;0;0;2;0;0;0;0
23/03/2018;01:29:00;62;Acidente sem Vítima;99,01;BR-040/GO;Norte;Abalroamento longitudinal;1;0;1;0;0;0;0;0;0;0;3;0;0;0;0
22/03/2018;23:26:00;359;Acidente sem Vítima;545,45;BR-040/MG;Sul;Colisão traseira;1;0;1;0;0;0;0;0;0;0;3;0;0;0;0
22/03/2018;20:08:00;319;Acidente sem Vítima;640,4;BR-040/MG;Sul;Queda de Carga;0;0;1;0;0;0;0;0;0;0;1;0;0;0;0
22/03/2018;17:11:00;266;Acidente sem Vítima;637,7;BR-040/MG;Norte;Capotamento;1;0;0;0;0;0;0;0;0;0;1;0;0;0;0
22/03/2018;16:36:00;260;Acidente sem Vítima;474,2;BR-040/MG;Norte;Choque com objeto fixo;0;0;0;1;0;0;0;0;0;0;1;0;0;0;0
22/03/2018;15:54:00;253;Acidente sem Vítima;558;BR-040/MG;Sul;Capotamento;1;0;0;0;0;0;0;0;0;0;1;0;0;0;0
22/03/2018;14:48:00;235;Acidente sem Vítima;567,5;BR-040/MG;Norte;Choque em defensa;1;0;0;0;0;0;0;0;0;0;1;0;0;0;0
22/03/2018;13:44:00;226;Acidente sem Vítima;588,8;BR-040/MG;Sul;Queda de Carga;0;0;1;0;0;0;0;0;0;0;1;0;0;0;0
22/03/2018;13:03:00;215;Atropelamento sem Morte;738,1;BR-040/MG;Norte;Atropelamento de ciclista;0;1;0;1;0;0;0;0;0;0;1;1;0;0;0
22/03/2018;04:53:00;93;Acidente sem Vítima;526,005;BR-040/MG;Norte;Choque em defensa;1;0;0;0;0;0;0;0;0;0;2;0;0;0;0
21/03/2018;22:03:00;331;Acidente com Vítima;2,05;BR-040/GO;Norte;Abalroamento transversal;1;0;0;1;0;0;0;0;0;0;1;0;1;0;0
21/03/2018;18:45:00;274;Atropelamento sem Morte;527,1;BR-040/MG;Sul;Atropelamento de ciclista;0;1;0;1;0;0;0;0;0;0;0;0;2;0;0
21/03/2018;18:06:00;266;Acidente sem Vítima;517,53;BR-040/MG;Sul;Choque com objeto fixo;1;0;0;0;0;0;0;0;0;0;1;0;0;0;0
21/03/2018;17:28:00;263;Acidente com Vítima;745,7;BR-040/MG;Norte;Queda de Carga;0;0;0;0;0;1;0;0;0;0;0;1;0;0;0
21/03/2018;15:07:00;232;Acidente sem Vítima;688,8;BR-040/MG;Norte;Capotamento;1;0;0;0;0;0;0;0;0;0;2;0;0;0;0
21/03/2018;08:31:00;126;Acidente sem Vítima;525,5;BR-040/MG;Norte;Abalroamento longitudinal;1;0;0;0;0;1;0;0;0;0;2;0;0;0;0
21/03/2018;08:19:00;122;Acidente sem Vítima;660;BR-040/MG;Norte;Queda de Carga;0;0;0;0;1;0;0;0;0;0;1;0;0;0;0
21/03/2018;07:49:00;113;Acidente sem Vítima;1,9;BR-040/DF;Sul;Queda de Moto;0;0;0;1;0;0;0;0;0;0;1;0;0;0;0
21/03/2018;07:28:00;106;Acidente sem Vítima;62,4;BR-040/GO;Norte;Abalroamento longitudinal;2;0;0;0;0;0;0;0;0;0;2;0;0;0;0
21/03/2018;06:50:00;93;Atropelamento sem Morte;503,2;BR-040/MG;Sul;Atropelamento de pedestre caminhando;1;0;0;0;0;0;0;0;0;0;1;0;1;0;0
21/03/2018;04:44:00;78;Acidente sem Vítima;565;BR-040/MG;Sul;Choque em defensa;1;0;0;0;0;0;0;0;0;0;1;0;0;0;0
20/03/2018;22:51:00;357;Acidente sem Vítima;3,4;BR-040/DF;Norte;Colisão traseira;3;0;0;0;0;0;0;0;0;0;4;0;0;0;0
20/03/2018;19:17:00;323;Acidente sem Vítima;662,8;BR-040/MG;Sul;Choque com objeto fixo;1;0;0;0;0;0;0;0;0;0;1;0;0;0;0
20/03/2018;19:05:00;321;Acidente sem Vítima;486;BR-040/MG;Norte;Colisão traseira;1;0;1;0;0;0;0;0;0;0;2;0;0;0;0
20/03/2018;16:58:00;287;Acidente com Vítima;0,5;BR-040/GO;Norte;Colisão traseira;1;0;0;1;0;0;0;0;0;0;1;1;0;0;0
20/03/2018;16:29:00;274;Acidente com Vítima;638,1;BR-040/MG;Norte;Colisão traseira;1;0;1;1;0;0;0;0;0;0;2;0;0;2;0
20/03/2018;15:28:00;261;Acidente sem Vítima;638,67;BR-040/MG;Sul;Capotamento;1;0;0;0;0;0;0;0;0;0;1;0;0;0;0
20/03/2018;08:16:00;133;Acidente sem Vítima;504,2;BR-040/MG;Norte;Choque com objeto fixo;1;0;0;0;0;0;0;0;0;0;1;0;0;0;0
20/03/2018;08:06:00;130;Acidente sem Vítima;463,19;BR-040/MG;Sul;Choque com objeto fixo;1;0;0;0;0;0;0;0;0;0;4;0;0;0;0
20/03/2018;06:59:00;102;Acidente sem Vítima;474,5;BR-040/MG;Norte;Choque com objeto fixo;1;0;0;0;0;0;0;0;0;0;1;0;0;0;0
20/03/2018;06:33:00;96;Acidente com Vítima;510,2;BR-040/MG;Norte;Colisão traseira;3;0;0;0;1;0;0;0;0;0;2;2;0;0;0
19/03/2018;21:59:00;326;Acidente com Vítima;516,473;BR-040/MG;Sul;Colisão traseira;1;0;1;0;0;0;0;0;0;0;1;0;0;1;0
19/03/2018;19:22:00;293;Acidente com Vítima;534,704;BR-040/MG;Norte;Queda de Moto;0;0;0;1;0;0;0;0;0;0;0;1;0;0;0
19/03/2018;19:15:00;289;Acidente sem Vítima;662,01;BR-040/MG;Norte;Colisão frontal;1;0;0;1;0;0;0;0;0;0;2;0;0;0;0
19/03/2018;19:08:00;286;Acidente com Vítima;669,1;BR-040/MG;Sul;Colisão frontal;1;0;0;1;0;0;0;0;0;0;1;0;1;0;0
19/03/2018;18:03:00;262;Acidente sem Vítima;3,13;BR-040/DF;Sul;Abalroamento longitudinal;1;0;0;1;0;0;0;0;0;0;2;0;0;0;0
19/03/2018;16:55:00;248;Acidente sem Vítima;544,1;BR-040/MG;Sul;Abalroamento longitudinal;2;0;0;0;0;0;0;0;0;0;2;0;0;0;0
19/03/2018;14:27:00;213;Acidente sem Vítima;633,5;BR-040/MG;Sul;Abalroamento transversal;1;0;1;0;0;0;0;0;0;0;2;0;0;0;0
19/03/2018;14:13:00;211;Acidente com Vítima;521,1;BR-040/MG;Sul;Abalroamento longitudinal;1;0;0;1;0;0;0;0;0;0;1;0;1;0;0
19/03/2018;07:26:00;106;Acidente sem Vítima;553,1;BR-040/MG;Norte;Colisão traseira;1;0;1;0;0;0;0;0;0;0;2;0;0;0;0
19/03/2018;07:07:00;99;Acidente com Vítima;517,1;BR-040/MG;Norte;Colisão traseira;1;0;0;3;0;0;0;0;0;0;3;1;1;0;0
19/03/2018;06:27:00;91;Acidente sem Vítima;700,01;BR-040/MG;Norte;Atropelamento de animal;1;0;0;0;0;0;0;0;0;0;1;0;0;0;0
19/03/2018;05:19:00;87;Acidente com Vítima;3,1;BR-040/DF;Sul;Abalroamento transversal;2;0;0;0;0;0;0;0;0;0;3;1;0;0;0
18/03/2018;22:43:00;251;Acidente com Vítima;668,12;BR-040/MG;Norte;Abalroamento transversal;2;0;0;0;0;0;0;0;0;0;2;2;0;0;0
18/03/2018;17:42:00;160;Acidente com Vítima;6,5;BR-040/GO;Norte;Colisão traseira;4;0;0;0;0;0;0;0;0;0;8;0;1;0;0
18/03/2018;09:46:00;62;Acidente com Vítima;501,1;BR-040/MG;Norte;Queda de Moto;0;0;0;1;0;0;0;0;0;0;0;1;0;0;0