data;horario;n_da_ocorrencia;tipo_de_ocorrencia;km;trecho;sentido;tipo_de_acidente;automovel;bicicleta;caminhao;moto;onibus;outros;tracao_animal;transporte_de_cargas_especiais;trator_maquinas;utilitarios;ilesos;levemente_feridos;moderadamente_feridos;gravemente_feridos;mortos
20/04/2018;16:08:00;221;Acidente com Vítima;535;BR-040/MG;Norte;Abalroamento longitudinal;0;0;0;1;0;1;0;0;0;0;2;1;0;0;0
20/04/2018;12:26:00;175;Acidente sem Vítima;703;BR-040/MG;Sul;Colisão traseira;0;0;1;1;0;0;0;0;0;0;2;0;0;0;0
20/04/2018;10:46:00;153;Acidente com Vítima;517,2;BR-040/MG;Norte;Colisão traseira;2;0;0;1;0;0;0;0;0;0;3;0;0;0;0
20/04/2018;07:38:00;113;Acidente com Vítima;2,1;BR-040/DF;Norte;Colisão traseira;1;0;0;1;0;0;0;0;0;0;1;1;0;0;0
20/04/2018;07:27:00;107;Acidente com Vítima;530,2;BR-040/MG;Sul;Colisão traseira;0;0;0;1;0;1;0;0;0;0;2;1;0;0;0
20/04/2018;06:37:00;90;Acidente sem Vítima;9,9;BR-040/GO;Norte;Colisão traseira;2;0;0;0;0;0;0;0;0;0;2;0;0;0;0
20/04/2018;06:18:00;87;Acidente sem Vítima;89;BR-040/MG;Norte;Choque em defensa;0;0;1;0;0;0;0;0;0;0;1;0;0;0;0
20/04/2018;06:14:00;85;Acidente com Vítima;679,45;BR-040/MG;Sul;Colisão frontal;1;0;0;0;0;0;0;0;0;1;0;0;2;0;0
19/04/2018;23:32:00;328;Acidente com Vítima;43,086;BR-040/MG;Sul;Queda de Moto;0;0;0;1;0;0;0;0;0;0;0;1;0;0;0
19/04/2018;23:24:00;326;Acidente sem Vítima;700;BR-040/MG;Norte;Choque em defensa;1;0;0;0;0;0;0;0;0;0;2;0;0;0;0
19/04/2018;17:50:00;238;Acidente sem Vítima;409;BR-040/MG;Norte;Outros;0;0;1;0;0;0;0;0;0;0;1;0;0;0;0
19/04/2018;15:02:00;209;Acidente com Vítima;42,8;BR-040/MG;Norte;Colisão traseira;1;0;0;1;0;0;0;0;0;0;1;1;0;0;0
19/04/2018;10:39:00;164;Acidente com Vítima;758,1;BR-040/MG;Norte;Queda de Carga;1;0;1;0;0;0;0;0;0;0;1;2;0;0;0
19/04/2018;05:53:00;89;Acidente sem Vítima;518;BR-040/MG;Norte;Colisão traseira;1;0;0;1;0;0;0;0;0;0;3;0;0;0;0
19/04/2018;04:12:00;84;Acidente com Vítima;479;BR-040/MG;Sul;Colisão traseira;0;0;2;0;0;0;0;0;0;0;18;8;3;0;0
18/04/2018;22:43:00;288;Acidente com Vítima;512;BR-040/MG;Norte;Colisão traseira;2;0;0;0;0;0;0;0;0;0;1;0;2;0;0
18/04/2018;18:18:00;238;Acidente com Vítima;537;BR-040/MG;Norte;Abalroamento longitudinal;1;0;0;1;0;0;0;0;0;0;1;0;0;0;0
18/04/2018;17:33:00;231;Acidente sem Vítima;1,7;BR-040/DF;Norte;Abalroamento longitudinal;1;0;1;0;0;0;0;0;0;0;6;0;0;0;0
18/04/2018;13:41:00;187;Acidente sem Vítima;523,4;BR-040/MG;Sul;Colisão traseira;2;0;0;0;0;0;0;0;0;1;3;0;0;0;0
18/04/2018;12:48:00;180;Acidente sem Vítima;575;BR-040/MG;Sul;Abalroamento longitudinal;1;0;1;0;0;0;0;0;0;0;2;0;0;0;0
18/04/2018;11:57:00;175;Acidente com Morte;416,8;BR-040/MG;Sul;Choque com objeto fixo;1;0;0;0;0;0;0;0;0;0;0;0;0;0;1
18/04/2018;10:40:00;161;Acidente sem Vítima;248;BR-040/MG;Sul;Outros;1;0;0;1;0;0;0;0;0;0;2;0;0;0;0
18/04/2018;07:03:00;104;Atropelamento sem Morte;520,2;BR-040/MG;Sul;Atropelamento de pedestre atravessando;0;0;0;1;0;0;0;0;0;0;0;2;0;0;0
17/04/2018;21:56:00;291;Acidente sem Vítima;609,1;BR-040/MG;Norte;Choque com objeto fixo;1;0;0;0;0;0;0;0;0;0;1;0;0;0;0
17/04/2018;21:12:00;282;Acidente sem Vítima;525,5;BR-040/MG;Norte;Abalroamento longitudinal;1;0;1;0;0;0;0;0;0;0;2;0;0;0;0
17/04/2018;20:52:00;276;Acidente com Vítima;534;BR-040/MG;Sul;Abalroamento transversal;0;0;0;2;0;0;0;0;0;0;1;1;0;0;0
17/04/2018;19:51:00;267;Atropelamento sem Morte;28;BR-040/GO;Sul;Atropelamento de pedestre atravessando;0;0;0;1;0;0;0;0;0;0;1;2;0;0;0
17/04/2018;19:05:00;259;Acidente com Morte;500,7;BR-040/MG;Norte;Colisão traseira;0;0;2;0;0;0;0;0;0;0;1;0;0;0;1
17/04/2018;19:00:00;257;Acidente sem Vítima;2;BR-040/DF;Norte;Colisão traseira;0;0;0;2;0;0;0;0;0;0;3;0;0;0;0
17/04/2018;18:53:00;255;Atropelamento sem Morte;628,12;BR-040/MG;Sul;Atropelamento de pedestre caminhando;0;0;0;1;0;0;0;0;0;0;2;0;0;1;0
17/04/2018;16:32:00;223;Acidente com Vítima;5,1;BR-040/GO;Sul;Queda de Moto;1;0;0;1;0;0;0;0;0;0;1;1;0;0;0
17/04/2018;16:07:00;219;Acidente sem Vítima;536,2;BR-040/MG;Norte;Colisão traseira;3;0;0;0;0;0;0;0;0;0;4;0;0;0;0
17/04/2018;13:19:00;178;Acidente sem Vítima;588;BR-040/MG;Norte;Colisão traseira;0;0;3;0;0;0;0;0;0;0;3;0;0;0;0
17/04/2018;10:30:00;147;Acidente com Vítima;415,45;BR-040/MG;Sul;Queda de Moto;0;0;0;1;0;0;0;0;0;0;0;1;0;0;0
17/04/2018;08:18:00;114;Acidente sem Vítima;565,25;BR-040/MG;Sul;Colisão traseira;1;0;0;1;0;0;0;0;0;0;2;0;0;0;0
17/04/2018;06:23:00;80;Acidente sem Vítima;566,7;BR-040/MG;Norte;Queda de Carga;0;0;1;0;0;0;0;0;0;0;1;0;0;0;0
17/04/2018;02:49:00;74;Acidente sem Vítima;516,9;BR-040/MG;Norte;Choque com objeto fixo;1;0;0;0;0;0;0;0;0;0;1;0;0;0;0
16/04/2018;23:34:00;319;Acidente sem Vítima;728,3;BR-040/MG;Sul;Choque em barreira New Jersey;1;0;0;0;0;0;0;0;0;0;1;0;0;0;0
16/04/2018;19:24:00;268;Acidente sem Vítima;0,5;BR-040/GO;Sul;Colisão traseira;2;0;0;0;0;0;0;0;0;0;5;0;0;0;0
16/04/2018;19:05:00;265;Acidente sem Vítima;454;BR-040/MG;Sul;Choque com objeto fixo;1;0;0;0;0;0;0;0;0;0;1;0;0;0;0
16/04/2018;17:48:00;238;Acidente com Vítima;43,8;BR-040/MG;Norte;Abalroamento longitudinal;1;0;0;1;0;0;0;0;0;0;1;1;0;0;0
16/04/2018;14:54:00;202;Acidente com Vítima;344,5;BR-040/MG;Sul;Capotamento;1;0;0;0;0;0;0;0;0;0;0;0;0;0;0
16/04/2018;13:27:00;192;Acidente sem Vítima;595,44;BR-040/MG;Norte;Abalroamento longitudinal;0;0;2;0;0;0;0;0;0;0;2;0;0;0;0
16/04/2018;11:46:00;174;Acidente com Vítima;676,42;BR-040/MG;Sul;Colisão traseira;1;0;1;0;0;0;0;0;0;0;3;1;0;0;0
16/04/2018;10:19:00;142;Acidente sem Vítima;563;BR-040/MG;Norte;Abalroamento longitudinal;1;0;0;1;0;0;0;0;0;0;4;0;0;0;0
16/04/2018;10:16:00;141;Acidente com Vítima;189,5;BR-040/MG;Sul;Colisão traseira;0;0;1;1;0;0;0;0;0;0;1;0;1;0;0
16/04/2018;07:14:00;92;Acidente sem Vítima;7;BR-040/DF;Norte;Abalroamento longitudinal;1;0;1;0;0;0;0;0;0;0;2;0;0;0;0
16/04/2018;06:47:00;84;Acidente com Morte;293,15;BR-040/MG;Norte;Capotamento;1;0;0;0;0;0;0;0;0;0;0;0;0;0;1
16/04/2018;06:40:00;81;Acidente com Vítima;521,1;BR-040/MG;Sul;Abalroamento longitudinal;0;0;0;2;0;0;0;0;0;0;0;2;0;0;0
16/04/2018;06:38:00;78;Acidente sem Vítima;477;BR-040/MG;Sul;Atropelamento de animal;1;0;0;0;0;0;0;0;0;0;2;0;0;0;0
16/04/2018;00:34:00;10;Acidente sem Vítima;2,4;BR-040/GO;Sul;Colisão traseira;2;0;0;0;0;0;0;0;0;0;2;0;0;0;0
16/04/2018;00:10:00;5;Acidente com Vítima;10;BR-040/GO;Norte;Choque com objeto fixo;0;0;1;0;0;0;0;0;0;0;0;1;0;0;0
16/04/2018;00:05:00;3;Acidente sem Vítima;5;BR-040/GO;Sul;Colisão traseira;3;0;0;0;0;0;0;0;0;0;3;0;0;0;0
15/04/2018;23:25:00;253;Acidente sem Vítima;533,13;BR-040/MG;Norte;Colisão traseira;2;0;0;0;0;0;0;0;0;0;3;0;0;0;0
15/04/2018;22:42:00;244;Acidente com Vítima;1,2;BR-040/GO;Sul;Capotamento;1;0;0;0;0;0;0;0;0;0;1;1;0;0;0
15/04/2018;19:29:00;197;Acidente sem Vítima;464,1;BR-040/MG;Sul;Colisão traseira;2;0;0;0;0;0;0;0;0;0;4;0;0;0;0
15/04/2018;19:25:00;195;Acidente com Vítima;5;BR-040/DF;Norte;Colisão traseira;2;0;0;0;0;0;0;0;0;0;2;0;0;0;0
15/04/2018;18:53:00;184;Acidente sem Vítima;462,1;BR-040/MG;Sul;Choque com objeto fixo;1;0;0;0;0;0;0;0;0;0;3;0;0;0;0
15/04/2018;18:42:00;181;Acidente com Vítima;10;BR-040/GO;Sul;Colisão frontal;2;0;0;0;0;0;0;0;0;0;2;1;0;0;0
15/04/2018;18:20:00;178;Acidente com Vítima;387;BR-040/MG;Sul;Choque com objeto fixo;0;0;0;1;0;0;0;0;0;0;1;2;0;0;0
15/04/2018;18:12:00;171;Acidente sem Vítima;461,1;BR-040/MG;Sul;Colisão traseira;1;0;1;0;0;0;0;0;0;0;4;0;0;0;0
15/04/2018;17:21:00;157;Acidente sem Vítima;509;BR-040/MG;Sul;Colisão traseira;3;0;0;0;0;0;0;0;0;0;7;0;0;0;0
15/04/2018;17:06:00;153;Acidente com Vítima;5,1;BR-040/GO;Sul;Abalroamento longitudinal;1;0;0;1;0;0;0;0;0;0;1;0;0;1;0
15/04/2018;16:43:00;149;Acidente sem Vítima;468,2;BR-040/MG;Sul;Abalroamento longitudinal;1;0;0;0;0;0;0;0;0;1;2;0;0;0;0
15/04/2018;16:38:00;146;Acidente sem Vítima;439,5;BR-040/MG;Sul;Capotamento;1;0;0;0;0;0;0;0;0;0;5;0;0;0;0
15/04/2018;15:23:00;129;Acidente com Vítima;140,1;BR-040/MG;Norte;Choque com objeto fixo;1;0;0;0;0;0;0;0;0;0;0;1;0;0;0
15/04/2018;15:08:00;125;Acidente sem Vítima;263,5;BR-040/MG;Norte;Choque com objeto fixo;1;0;0;0;0;0;0;0;0;0;2;0;0;0;0
15/04/2018;14:52:00;124;Acidente sem Vítima;490;BR-040/MG;Sul;Choque com objeto fixo;1;0;0;0;0;0;0;0;0;0;1;0;0;0;0
15/04/2018;13:48:00;114;Acidente sem Vítima;465,9;BR-040/MG;Norte;Choque com objeto fixo;1;0;0;0;0;0;0;0;0;0;1;0;0;0;0
15/04/2018;12:52:00;105;Acidente com Vítima;677,82;BR-040/MG;Norte;Capotamento;1;0;0;0;0;0;0;0;0;0;1;0;2;0;0
15/04/2018;08:59:00;56;Acidente com Vítima;771,33;BR-040/MG;Sul;Abalroamento transversal;1;0;0;1;0;0;0;0;0;0;1;1;0;0;0
15/04/2018;05:52:00;29;Acidente com Vítima;414;BR-040/MG;Sul;Choque com objeto fixo;0;0;1;0;0;0;0;0;0;0;0;1;0;0;0
14/04/2018;22:18:00;283;Acidente com Vítima;616,273;BR-040/MG;Norte;Colisão traseira;2;0;0;0;0;0;0;0;0;0;3;1;0;0;0
14/04/2018;22:04:00;280;Atropelamento sem Morte;668,974;BR-040/MG;Norte;Atropelamento de pedestre caminhando;0;0;0;0;0;1;0;0;0;0;1;0;1;0;0
14/04/2018;21:30:00;276;Acidente sem Vítima;589,74;BR-040/MG;Norte;Queda de Moto;0;0;1;0;0;0;0;0;0;0;1;0;0;0;0
14/04/2018;20:26:00;260;Acidente sem Vítima;0,05;BR-040/GO;Sul;Colisão traseira;2;0;0;0;0;0;0;0;0;0;2;0;0;0;0
14/04/2018;18:07:00;209;Acidente sem Vítima;7,1;BR-040/DF;Norte;Abalroamento longitudinal;1;0;0;1;0;0;0;0;0;0;2;0;0;0;0
14/04/2018;17:58:00;204;Acidente sem Vítima;750,089;BR-040/MG;Sul;Choque com objeto fixo;1;0;0;0;0;0;0;0;0;0;1;0;0;0;0
14/04/2018;17:49:00;202;Acidente sem Vítima;509;BR-040/MG;Sul;Colisão traseira;1;0;0;1;0;0;0;0;0;0;2;0;0;0;0
14/04/2018;11:56:00;143;Acidente com Vítima;11,8;BR-040/GO;Sul;Choque com objeto fixo;1;0;0;0;0;0;0;0;0;0;0;0;2;0;0
14/04/2018;11:34:00;137;Acidente sem Vítima;618,1;BR-040/MG;Norte;Abalroamento longitudinal;1;0;1;0;0;0;0;0;0;0;4;0;0;0;0
14/04/2018;11:04:00;130;Acidente sem Vítima;514;BR-040/MG;Sul;Choque com objeto fixo;1;0;0;0;0;0;0;0;0;0;1;0;0;0;0
14/04/2018;10:59:00;129;Acidente sem Vítima;551;BR-040/MG;Sul;Colisão traseira;2;0;0;0;0;0;0;0;0;0;3;0;0;0;0
14/04/2018;08:44:00;93;Acidente sem Vítima;614;BR-040/MG;Sul;Outros;1;0;0;0;0;0;0;0;0;0;2;0;0;0;0
14/04/2018;07:31:00;74;Acidente sem Vítima;549,8;BR-040/MG;Norte;Capotamento;1;0;0;0;0;0;0;0;0;0;1;0;0;0;0
13/04/2018;20:47:00;314;Acidente sem Vítima;512,2;BR-040/MG;Norte;Colisão traseira;2;0;0;0;0;0;0;0;0;0;2;0;0;0;0
13/04/2018;18:59:00;283;Acidente sem Vítima;511,1;BR-040/MG;Norte;Colisão traseira;0;0;0;2;1;0;0;0;0;0;5;0;0;0;0
13/04/2018;17:06:00;247;Acidente sem Vítima;741,1;BR-040/MG;Norte;Abalroamento transversal;1;0;0;1;0;0;0;0;0;0;2;0;0;0;0
13/04/2018;13:24:00;199;Acidente com Vítima;544;BR-040/MG;Norte;Colisão frontal;1;0;0;1;0;0;0;0;0;0;2;0;1;0;0
13/04/2018;09:46:00;151;Acidente sem Vítima;90,2;BR-040/GO;Norte;Atropelamento de animal;1;0;0;0;0;0;0;0;0;0;1;0;0;0;0
13/04/2018;08:22:00;121;Acidente sem Vítima;517,4;BR-040/MG;Sul;Colisão traseira;1;0;2;0;0;0;0;0;0;0;3;0;0;0;0
13/04/2018;07:11:00;104;Acidente sem Vítima;717;BR-040/MG;Sul;Choque em defensa;1;0;0;0;0;0;0;0;0;0;4;0;0;0;0
13/04/2018;05:34:00;83;Acidente sem Vítima;14,7;BR-040/GO;Norte;Colisão traseira;2;0;0;0;0;0;0;0;0;0;6;0;0;0;0
12/04/2018;20:38:00;237;Acidente com Vítima;705;BR-040/MG;Sul;Colisão traseira;1;0;1;0;0;0;0;0;0;0;2;0;1;0;0
12/04/2018;20:32:00;234;Acidente sem Vítima;673,3;BR-040/MG;Norte;Queda de Carga;0;0;1;0;0;0;0;0;0;0;2;0;0;0;0
12/04/2018;19:11:00;218;Atropelamento sem Morte;2,9;BR-040/GO;Norte;Atropelamento de pedestre atravessando;1;0;0;0;0;0;0;0;0;0;3;0;1;0;0
12/04/2018;19:09:00;217;Atropelamento sem Morte;61,4;BR-040/GO;Sul;Atropelamento de ciclista;2;1;0;0;0;0;0;0;0;0;4;1;0;0;0
12/04/2018;15:43:00;181;Acidente com Vítima;712,5;BR-040/MG;Norte;Capotamento;1;0;0;0;0;0;0;0;0;0;0;0;1;0;0
12/04/2018;05:56:00;88;Acidente sem Vítima;476,15;BR-040/MG;Sul;Choque com objeto fixo;2;0;0;0;0;0;0;0;0;0;2;0;0;0;0
11/04/2018;22:30:00;276;Acidente sem Vítima;330;BR-040/MG;Norte;Choque com objeto fixo;0;0;1;0;0;0;0;0;0;0;1;0;0;0;0
11/04/2018;17:26:00;225;Acidente com Vítima;12,9;BR-040/GO;Sul;Abalroamento transversal;2;0;0;0;0;0;0;0;0;0;2;1;0;0;0
11/04/2018;16:10:00;203;Acidente sem Vítima;524,15;BR-040/MG;Norte;Choque com objeto fixo;1;0;0;0;0;0;0;0;0;0;1;0;0;0;0
11/04/2018;16:02:00;199;Acidente sem Vítima;524;BR-040/MG;Norte;Choque com objeto fixo;0;0;1;0;0;0;0;0;0;0;1;0;0;0;0
11/04/2018;14:02:00;180;Acidente com Vítima;5,5;BR-040/DF;Sul;Colisão traseira;1;0;0;1;0;0;0;0;0;0;2;1;0;0;0
11/04/2018;09:40:00;129;Acidente com Vítima;525,35;BR-040/MG;Sul;Abalroamento longitudinal;1;0;0;1;0;0;0;0;0;0;1;1;0;0;0
11/04/2018;09:08:00;124;Acidente sem Vítima;542,3;BR-040/MG;Sul;Colisão traseira;3;0;0;0;0;0;0;0;0;0;3;0;0;0;0
11/04/2018;08:01:00;110;Acidente com Vítima;534,15;BR-040/MG;Sul;Colisão traseira;4;0;0;0;0;0;0;0;0;0;3;1;0;0;0
11/04/2018;06:58:00;89;Atropelamento sem Morte;0,6;BR-040/GO;Norte;Atropelamento de pedestre atravessando;0;0;0;1;0;0;0;0;0;0;1;0;1;0;0
11/04/2018;04:56:00;79;Acidente com Vítima;1,5;BR-040/GO;Sul;Abalroamento transversal;1;0;0;1;0;0;0;0;0;0;3;1;0;0;0
11/04/2018;01:30:00;70;Acidente sem Vítima;720,005;BR-040/MG;Norte;Choque em barreira New Jersey;1;0;0;0;0;0;0;0;0;0;1;0;0;0;0
10/04/2018;18:34:00;266;Atropelamento sem Morte;4,9;BR-040/DF;Sul;Atropelamento de ciclista;1;1;0;0;0;0;0;0;0;0;2;1;0;0;0
10/04/2018;12:59:00;201;Acidente sem Vítima;670,5;BR-040/MG;Sul;Capotamento;1;0;0;0;0;0;0;0;0;0;4;0;0;0;0
10/04/2018;12:54:00;199;Acidente com Vítima;463,9;BR-040/MG;Sul;Colisão traseira;1;0;1;0;0;0;0;0;0;0;1;2;0;0;0
10/04/2018;11:00:00;175;Acidente sem Vítima;483;BR-040/MG;Norte;Colisão traseira;0;0;2;0;0;0;0;0;0;0;2;0;0;0;0
10/04/2018;05:10:00;76;Acidente com Vítima;628;BR-040/MG;Sul;Colisão traseira;1;0;0;1;0;0;0;0;0;0;1;0;1;0;0
10/04/2018;04:31:00;73;Acidente sem Vítima;587,4;BR-040/MG;Norte;Choque com objeto fixo;0;0;1;0;0;0;0;0;0;0;1;0;0;0;0
09/04/2018;23:40:00;344;Acidente sem Vítima;761,6;BR-040/MG;Norte;Colisão traseira;1;0;1;0;0;0;0;0;0;0;3;0;0;0;0
09/04/2018;22:12:00;333;Acidente com Vítima;620,85;BR-040/MG;Sul;Choque com objeto fixo;1;0;0;0;0;0;0;0;0;0;0;0;1;0;0
09/04/2018;19:07:00;296;Acidente sem Vítima;6,1;BR-040/GO;Sul;Colisão traseira;3;0;0;0;0;0;0;0;0;0;3;0;0;0;0
09/04/2018;18:24:00;279;Acidente sem Vítima;510,1;BR-040/MG;Norte;Colisão traseira;2;0;0;0;0;0;0;0;0;0;3;0;0;0;0
09/04/2018;17:56:00;269;Acidente sem Vítima;538,1;BR-040/MG;Norte;Colisão traseira;1;0;0;0;1;0;0;0;0;0;24;0;0;0;0
09/04/2018;11:44:00;191;Acidente com Vítima;542,3;BR-040/MG;Norte;Queda de Moto;0;0;0;1;0;0;0;0;0;0;0;0;1;0;0
09/04/2018;08:57:00;146;Acidente sem Vítima;547;BR-040/MG;Sul;Colisão traseira;1;0;1;0;0;0;0;0;0;0;2;0;0;0;0
09/04/2018;06:49:00;107;Acidente com Vítima;520,4;BR-040/MG;Sul;Abalroamento longitudinal;1;0;0;1;0;0;0;0;0;0;1;1;0;0;0
09/04/2018;06:37:00;102;Acidente com Vítima;535,9;BR-040/MG;Norte;Colisão traseira;1;0;0;1;0;0;0;0;0;0;1;1;1;0;0
09/04/2018;06:26:00;99;Acidente sem Vítima;541;BR-040/MG;Norte;Queda de Carga;0;0;1;0;0;0;0;0;0;0;1;0;0;0;0
09/04/2018;06:02:00;93;Acidente sem Vítima;28;BR-040/GO;Sul;Capotamento;1;0;0;0;0;0;0;0;0;0;1;0;0;0;0
09/04/2018;01:32:00;74;Acidente sem Vítima;9,735;BR-040/GO;Norte;Abalroamento transversal;2;0;0;0;0;0;0;0;0;0;2;0;0;0;0
08/04/2018;21:27:00;230;Acidente sem Vítima;6,5;BR-040/GO;Norte;Abalroamento transversal;1;0;0;0;0;1;0;0;0;0;6;0;0;0;0
08/04/2018;20:58:00;222;Acidente sem Vítima;9,757;BR-040/GO;Sul;Abalroamento transversal;1;0;0;0;0;0;0;0;0;1;4;0;0;0;0
08/04/2018;18:44:00;184;Acidente sem Vítima;518;BR-040/MG;Sul;Colisão traseira;2;0;0;0;0;0;0;0;0;0;2;0;0;0;0
08/04/2018;18:31:00;180;Acidente sem Vítima;3,3;BR-040/GO;Norte;Colisão traseira;2;0;0;0;0;0;0;0;0;0;2;0;0;0;0
08/04/2018;16:15:00;149;Acidente com Vítima;277,98;BR-040/MG;Sul;Abalroamento transversal;2;0;0;0;0;0;0;0;0;0;1;1;0;0;0
08/04/2018;15:52:00;146;Acidente sem Vítima;69,01;BR-040/GO;Sul;Choque com objeto fixo;1;0;0;0;0;0;0;0;0;0;1;0;0;0;0
08/04/2018;14:47:00;128;Atropelamento sem Morte;527;BR-040/MG;Sul;Atropelamento de pedestre atravessando;1;0;0;0;0;0;0;0;0;0;1;0;0;1;0
08/04/2018;13:39:00;116;Acidente sem Vítima;514,2;BR-040/MG;Sul;Capotamento;1;0;0;0;0;1;0;0;0;0;3;0;0;0;0
08/04/2018;13:27:00;114;Acidente sem Vítima;454,02;BR-040/MG;Norte;Outros;0;0;1;0;0;0;0;0;0;0;1;0;0;0;0
08/04/2018;10:35:00;84;Acidente sem Vítima;106;BR-040/GO;Sul;Queda de Carga;0;0;1;0;0;0;0;0;0;0;1;0;0;0;0
08/04/2018;09:50:00;75;Acidente sem Vítima;622;BR-040/MG;Norte;Colisão traseira;2;0;0;0;0;0;0;0;0;0;3;0;0;0;0
08/04/2018;07:44:00;47;Acidente sem Vítima;0,3;BR-040/DF;Norte;Choque em defensa;1;0;0;0;0;0;0;0;0;0;1;0;0;0;0
08/04/2018;00:28:00;6;Acidente com Vítima;73,5;BR-040/GO;Norte;Capotamento;1;0;0;0;0;1;0;0;0;0;1;1;0;0;0
07/04/2018;20:10:00;241;Acidente sem Vítima;7,6;BR-040/DF;Sul;Colisão traseira;2;0;0;0;0;3;0;0;0;0;6;0;0;0;0
07/04/2018;19:44:00;237;Acidente sem Vítima;499,98;BR-040/MG;Sul;Atropelamento de animal;1;0;0;0;0;0;0;0;0;0;5;0;0;0;0
07/04/2018;18:53:00;217;Acidente sem Vítima;536,5;BR-040/MG;Norte;Colisão traseira;3;0;0;0;0;0;0;0;0;0;3;0;0;0;0
07/04/2018;18:01:00;202;Acidente sem Vítima;456,5;BR-040/MG;Sul;Colisão traseira;2;0;0;0;0;0;0;0;0;0;2;0;0;0;0
07/04/2018;17:58:00;201;Acidente com Vítima;512;BR-040/MG;Sul;Colisão traseira;1;0;0;1;0;0;0;0;0;0;1;0;1;0;0
07/04/2018;17:09:00;186;Acidente sem Vítima;531,5;BR-040/MG;Sul;Choque com objeto fixo;1;0;0;0;0;0;0;0;0;0;1;0;0;0;0
07/04/2018;16:53:00;182;Acidente sem Vítima;531,2;BR-040/MG;Norte;Queda de Moto;0;0;0;1;0;0;0;0;0;0;1;0;0;0;0
07/04/2018;16:36:00;179;Acidente com Vítima;5,25;BR-040/DF;Norte;Choque com objeto fixo;1;0;0;0;0;0;0;0;0;0;2;1;0;0;0
07/04/2018;12:19:00;126;Acidente sem Vítima;590;BR-040/MG;Norte;Colisão traseira;2;0;0;0;0;0;0;0;0;0;4;0;0;0;0
07/04/2018;11:59:00;122;Acidente com Vítima;667,8;BR-040/MG;Norte;Atropelamento de animal;0;0;0;1;0;0;0;0;0;0;0;1;0;0;0
07/04/2018;08:42:00;73;Acidente com Vítima;623,9;BR-040/MG;Sul;Colisão traseira;2;0;0;0;0;0;0;0;0;0;4;2;0;0;0
07/04/2018;07:05:00;48;Acidente com Morte;206,01;BR-040/MG;Norte;Capotamento;1;0;0;0;0;0;0;0;0;0;0;0;0;1;1
07/04/2018;01:24:00;29;Acidente sem Vítima;148,005;BR-040/MG;Sul;Choque com objeto fixo;1;0;0;0;0;0;0;0;0;0;3;0;0;0;0
07/04/2018;00:00:00;2;Acidente com Vítima;577,1;BR-040/MG;Sul;Colisão traseira;2;0;0;0;0;0;0;0;0;0;15;1;0;0;0
06/04/2018;19:19:00;292;Acidente sem Vítima;513,3;BR-040/MG;Norte;Colisão traseira;3;0;0;0;0;0;0;0;0;0;4;0;0;0;0
06/04/2018;17:36:00;264;Acidente sem Vítima;304;BR-040/MG;Norte;Capotamento;1;0;0;0;0;0;0;0;0;0;1;0;0;0;0
06/04/2018;15:00:00;221;Acidente sem Vítima;650,3;BR-040/MG;Norte;Colisão traseira;2;0;0;0;0;0;0;0;0;0;3;0;0;0;0
06/04/2018;08:40:00;136;Acidente com Vítima;746,2;BR-040/MG;Sul;Queda de Carga;0;0;1;0;0;0;0;0;0;0;0;1;1;0;0
06/04/2018;08:20:00;132;Acidente com Vítima;512,2;BR-040/MG;Sul;Colisão traseira;0;0;0;2;0;0;0;0;0;0;0;0;2;0;0
06/04/2018;07:55:00;121;Acidente sem Vítima;5,25;BR-040/DF;Norte;Abalroamento longitudinal;1;0;1;0;0;0;0;0;0;0;3;0;0;0;0
06/04/2018;01:31:00;28;Acidente sem Vítima;24,3;BR-040/GO;Sul;Choque em defensa;1;0;0;0;0;0;0;0;0;0;1;0;0;0;0
05/04/2018;21:49:00;344;Acidente sem Vítima;549,1;BR-040/MG;Sul;Choque com objeto fixo;1;0;0;0;0;0;0;0;0;0;1;0;0;0;0
05/04/2018;20:49:00;328;Acidente com Vítima;524,05;BR-040/MG;Norte;Colisão traseira;0;0;0;1;0;1;0;0;0;0;1;2;0;0;0
05/04/2018;19:40:00;313;Acidente com Vítima;35,8;BR-040/MG;Norte;Colisão traseira;0;0;1;0;0;1;0;0;0;0;3;1;0;0;0
05/04/2018;19:35:00;311;Acidente com Vítima;519,9;BR-040/MG;Norte;Queda de Moto;0;0;0;1;0;0;0;0;0;0;0;1;0;0;0
05/04/2018;19:27:00;307;Acidente com Vítima;675,9;BR-040/MG;Norte;Abalroamento transversal;1;0;0;1;0;0;0;0;0;0;1;0;2;0;0
05/04/2018;18:43:00;292;Acidente sem Vítima;521,1;BR-040/MG;Sul;Outros;0;0;1;0;0;0;0;0;0;0;1;0;0;0;0
05/04/2018;18:30:00;373;Acidente sem Vítima;0;Fora_Rota;Leste;Abalroamento longitudinal;1;0;1;0;0;0;0;0;0;0;2;0;0;0;0
05/04/2018;17:59:00;273;Acidente sem Vítima;490,1;BR-040/MG;Norte;Capotamento;1;0;0;0;0;0;0;0;0;0;1;0;0;0;0