data;horario;n_da_ocorrencia;tipo_de_ocorrencia;km;trecho;sentido;tipo_de_acidente;automovel;bicicleta;caminhao;moto;onibus;outros;tracao_animal;transporte_de_cargas_especiais;trator_maquinas;utilitarios;ilesos;levemente_feridos;moderadamente_feridos;gravemente_feridos;mortos
05/04/2018;17:29:00;267;Acidente sem Vítima;510;BR-040/MG;Norte;Abalroamento transversal;0;0;2;0;0;0;0;0;0;0;2;0;0;0;0
05/04/2018;16:23:00;252;Acidente sem Vítima;449,9;BR-040/MG;Sul;Choque em defensa;0;0;1;0;0;0;0;0;0;0;1;0;0;0;0
05/04/2018;15:55:00;241;Acidente com Vítima;245,1;BR-040/MG;Norte;Choque em defensa;0;0;1;0;0;0;0;0;0;0;2;1;0;0;0
05/04/2018;15:08:00;232;Acidente sem Vítima;630,35;BR-040/MG;Sul;Colisão traseira;2;0;1;0;0;0;0;0;0;0;3;0;0;0;0
05/04/2018;13:47:00;214;Acidente com Vítima;42,15;BR-040/MG;Norte;Choque com objeto fixo;1;0;0;0;0;0;0;0;0;0;0;0;1;0;0
05/04/2018;08:14:00;123;Acidente com Vítima;524,2;BR-040/MG;Sul;Queda de Moto;0;0;0;1;0;0;0;0;0;0;0;2;0;0;0
05/04/2018;07:36:00;115;Acidente sem Vítima;92,7;BR-040/GO;Norte;Abalroamento longitudinal;2;0;0;0;0;0;0;0;0;0;4;0;0;0;0
04/04/2018;18:12:00;219;Acidente com Morte;566,2;BR-040/MG;Sul;Colisão frontal;1;0;1;0;1;1;0;0;0;0;4;0;0;1;1
04/04/2018;17:45:00;213;Acidente sem Vítima;606,405;BR-040/MG;Sul;Choque com objeto fixo;0;0;0;0;0;1;0;0;0;0;1;0;0;0;0
04/04/2018;16:53:00;203;Acidente sem Vítima;724;BR-040/MG;Norte;Queda de Moto;0;0;0;0;0;0;0;0;0;1;1;0;0;0;0
04/04/2018;16:21:00;198;Atropelamento sem Morte;508;BR-040/MG;Sul;Atropelamento de pedestre caminhando;1;0;0;0;0;0;0;0;0;0;1;0;1;0;0
04/04/2018;08:32:00;99;Acidente com Vítima;627,15;BR-040/MG;Norte;Abalroamento longitudinal;1;0;0;1;0;0;0;0;0;0;1;1;0;0;0
04/04/2018;07:15:00;73;Acidente sem Vítima;512;BR-040/MG;Sul;Abalroamento longitudinal;1;0;0;0;1;0;0;0;0;0;2;0;0;0;0
04/04/2018;03:38:00;56;Acidente sem Vítima;500,7;BR-040/MG;Norte;Queda de Carga;0;0;1;0;0;0;0;0;0;0;1;0;0;0;0
04/04/2018;01:53:00;51;Acidente sem Vítima;512,05;BR-040/MG;Sul;Capotamento;1;0;0;0;0;0;0;0;0;0;1;0;0;0;0
03/04/2018;21:34:00;323;Acidente sem Vítima;9,1;BR-040/GO;Sul;Choque com objeto fixo;1;0;0;0;0;0;0;0;0;0;1;0;0;0;0
03/04/2018;21:02:00;314;Acidente sem Vítima;624,2;BR-040/MG;Norte;Queda de Carga;0;0;1;0;0;0;0;0;0;0;1;0;0;0;0
03/04/2018;20:03:00;302;Acidente sem Vítima;606,523;BR-040/MG;Norte;Choque em defensa;1;0;0;0;0;0;0;0;0;0;2;0;0;0;0
03/04/2018;19:12:00;290;Acidente sem Vítima;665,034;BR-040/MG;Sul;Abalroamento transversal;2;0;0;0;0;0;0;0;0;0;2;0;0;0;0
03/04/2018;19:08:00;288;Acidente com Vítima;413,4;BR-040/MG;Sul;Colisão frontal;1;0;1;0;0;0;0;0;0;0;3;0;2;0;0
03/04/2018;17:49:00;262;Acidente com Vítima;8,01;BR-040/DF;Norte;Colisão traseira;4;0;0;0;0;0;0;0;0;0;3;0;0;1;0
03/04/2018;17:25:00;258;Acidente com Vítima;588,74;BR-040/MG;Sul;Colisão frontal;0;0;2;0;0;0;0;0;0;0;1;0;1;0;0
03/04/2018;17:24:00;257;Atropelamento sem Morte;509,01;BR-040/MG;Norte;Atropelamento de ciclista;1;1;0;0;0;0;0;0;0;0;8;0;0;0;0
03/04/2018;17:03:00;251;Acidente sem Vítima;621,01;BR-040/MG;Sul;Colisão traseira;2;0;0;0;0;0;0;0;0;0;2;0;0;0;0
03/04/2018;15:25:00;224;Acidente sem Vítima;674,2;BR-040/MG;Sul;Queda de Carga;0;0;1;0;0;0;0;0;0;0;1;0;0;0;0
03/04/2018;14:34:00;209;Acidente sem Vítima;544;BR-040/MG;Norte;Colisão traseira;3;0;0;0;0;0;0;0;0;0;6;0;0;0;0
03/04/2018;13:23:00;198;Acidente sem Vítima;485;BR-040/MG;Norte;Queda de Moto;0;0;1;0;0;0;0;0;0;0;3;0;0;0;0
03/04/2018;06:50:00;78;Atropelamento sem Morte;524,1;BR-040/MG;Sul;Atropelamento de pedestre atravessando;0;0;0;1;0;0;0;0;0;0;1;1;0;0;0
02/04/2018;22:10:00;339;Acidente com Vítima;618;BR-040/MG;Sul;Capotamento;1;0;0;0;0;0;0;0;0;0;0;1;0;0;0
02/04/2018;21:48:00;336;Acidente sem Vítima;611,3;BR-040/MG;Sul;Atropelamento de animal;1;0;0;0;0;0;0;0;0;0;1;0;0;0;0
02/04/2018;20:50:00;320;Acidente sem Vítima;475,6;BR-040/MG;Norte;Abalroamento longitudinal;1;0;1;0;0;0;0;0;0;0;2;0;0;0;0
02/04/2018;16:18:00;258;Acidente com Vítima;664,7;BR-040/MG;Norte;Colisão traseira;1;0;1;0;0;0;0;0;0;0;2;2;0;0;0
02/04/2018;15:52:00;250;Acidente sem Vítima;563,15;BR-040/MG;Sul;Choque em barreira New Jersey;1;0;0;0;0;0;0;0;0;0;1;0;0;0;0
02/04/2018;13:24:00;216;Acidente sem Vítima;516;BR-040/MG;Sul;Choque com objeto fixo;1;0;0;0;0;0;0;0;0;0;1;0;0;0;0
02/04/2018;12:49:00;206;Acidente sem Vítima;156,1;BR-040/GO;Sul;Choque com objeto fixo;1;0;0;0;0;0;0;0;0;0;1;0;0;0;0
02/04/2018;11:13:00;186;Acidente sem Vítima;577,3;BR-040/MG;Norte;Colisão traseira;1;0;1;0;0;0;0;0;0;0;2;0;0;0;0
02/04/2018;08:37:00;146;Acidente sem Vítima;0,3;BR-040/DF;Norte;Choque em defensa;0;0;1;0;0;0;0;0;0;0;1;0;0;0;0
02/04/2018;07:44:00;127;Acidente com Vítima;523;BR-040/MG;Sul;Colisão traseira;1;0;0;1;0;0;0;0;0;0;2;1;0;0;0
02/04/2018;07:27:00;121;Acidente com Vítima;535;BR-040/MG;Sul;Colisão traseira;1;0;0;1;0;0;0;0;0;0;2;1;0;0;0
02/04/2018;06:55:00;108;Acidente sem Vítima;484;BR-040/MG;Sul;Outros;2;0;0;0;0;0;0;0;0;0;2;0;0;0;0
02/04/2018;05:41:00;94;Acidente sem Vítima;2,9;BR-040/DF;Sul;Capotamento;1;0;0;0;0;0;0;0;0;0;1;0;0;0;0
01/04/2018;23:35:00;376;Acidente sem Vítima;483,2;BR-040/MG;Sul;Outros;2;0;0;0;0;0;0;0;0;0;5;0;0;0;0
01/04/2018;22:00:00;350;Acidente sem Vítima;5,2;BR-040/DF;Sul;Abalroamento longitudinal;2;0;0;0;0;0;0;0;0;0;3;0;0;0;0
01/04/2018;21:46:00;347;Acidente sem Vítima;563;BR-040/MG;Norte;Colisão traseira;2;0;0;0;0;0;0;0;0;0;9;0;0;0;0
01/04/2018;21:33:00;344;Acidente sem Vítima;588;BR-040/MG;Norte;Abalroamento longitudinal;1;0;1;0;0;0;0;0;0;0;2;0;0;0;0
01/04/2018;20:14:00;314;Acidente sem Vítima;506,5;BR-040/MG;Sul;Colisão traseira;2;0;0;0;0;0;0;0;0;0;4;0;0;0;0
01/04/2018;19:03:00;282;Acidente sem Vítima;4,8;BR-040/GO;Norte;Colisão traseira;3;0;0;0;0;0;0;0;0;0;3;0;0;0;0
01/04/2018;18:49:00;274;Acidente sem Vítima;462,1;BR-040/MG;Sul;Colisão traseira;2;0;0;2;0;0;0;0;0;0;4;0;0;0;0
01/04/2018;18:07:00;259;Acidente sem Vítima;454,1;BR-040/MG;Sul;Colisão traseira;2;0;0;0;0;0;0;0;0;0;4;0;0;0;0
01/04/2018;17:28:00;238;Atropelamento sem Morte;3,9;BR-040/GO;Norte;Atropelamento de ciclista;1;1;0;0;0;0;0;0;0;0;1;0;1;0;0
01/04/2018;16:25:00;206;Acidente com Vítima;462;BR-040/MG;Sul;Queda de Moto;1;0;0;2;0;0;0;0;0;0;1;1;1;3;0
01/04/2018;16:10:00;197;Acidente sem Vítima;672,8;BR-040/MG;Norte;Outros;1;0;0;0;0;0;0;0;0;0;3;0;0;0;0
01/04/2018;16:01:00;192;Acidente sem Vítima;36,09;BR-040/MG;Sul;Colisão traseira;2;0;0;0;0;0;0;0;0;0;14;0;0;0;0
01/04/2018;15:43:00;183;Acidente sem Vítima;461;BR-040/MG;Sul;Colisão traseira;2;0;0;1;0;0;0;0;0;0;5;0;0;0;0
30/06/2018;20:47:00;251;Acidente com Vítima;5;BR-040/GO;Norte;Colisão traseira;2;0;0;0;0;0;0;0;0;0;1;2;0;0;0
30/06/2018;19:52:00;239;Atropelamento sem Morte;7,3;BR-040/GO;Sul;Atropelamento de ciclista;1;1;0;0;0;0;0;0;0;0;1;1;0;0;0
30/06/2018;19:34:00;233;Acidente sem Vítima;520;BR-040/MG;Norte;Abalroamento longitudinal;1;0;0;1;0;0;0;0;0;0;2;0;0;0;0
30/06/2018;13:43:00;153;Acidente com Vítima;11,1;BR-040/GO;Sul;Colisão traseira;1;0;0;1;0;0;0;0;0;0;1;0;1;0;0
30/06/2018;12:04:00;130;Acidente com Vítima;9,8;BR-040/GO;Sul;Queda de Moto;1;0;0;1;0;0;0;0;0;0;1;1;0;0;0
30/06/2018;10:38:00;113;Atropelamento sem Morte;648;BR-040/MG;Norte;Atropelamento de ciclista;1;1;0;0;0;0;0;0;0;0;1;0;1;0;0
30/06/2018;09:07:00;92;Acidente com Vítima;541,4;BR-040/MG;Norte;Queda de Carga;0;0;1;0;0;0;0;0;0;0;0;1;0;0;0
30/06/2018;02:15:00;26;Acidente sem Vítima;588,35;BR-040/MG;Norte;Choque com objeto fixo;0;0;1;0;0;0;0;0;0;0;2;0;0;0;0
30/06/2018;02:02:00;24;Acidente sem Vítima;2,4;BR-040/GO;Sul;Colisão traseira;2;0;0;0;0;0;0;0;0;0;2;0;0;0;0
30/06/2018;01:26:00;15;Acidente sem Vítima;36,005;BR-040/MG;Sul;Queda de Moto;0;0;0;1;0;0;0;0;0;0;1;0;0;0;0
30/06/2018;01:19:00;13;Acidente sem Vítima;7,24;BR-040/GO;Sul;Choque com objeto fixo;1;0;0;0;0;0;0;0;0;0;1;0;0;0;0
29/06/2018;23:05:00;344;Atropelamento com Morte;48,1;BR-040/MG;Sul;Atropelamento de ciclista;0;0;0;0;1;0;0;0;0;0;25;0;0;0;1
29/06/2018;22:52:00;340;Acidente sem Vítima;543,1;BR-040/MG;Sul;Choque em barreira New Jersey;1;0;0;0;0;0;0;0;0;0;1;0;0;0;0
29/06/2018;21:18:00;329;Acidente sem Vítima;28,6;BR-040/GO;Norte;Atropelamento de animal;1;0;0;0;0;0;0;0;0;0;1;0;0;0;0
29/06/2018;21:09:00;326;Acidente sem Vítima;633,8;BR-040/MG;Norte;Abalroamento transversal;2;0;0;0;0;0;0;0;0;0;4;0;0;0;0
29/06/2018;19:49:00;304;Acidente com Vítima;683,9;BR-040/MG;Sul;Abalroamento longitudinal;1;0;1;0;0;0;0;0;0;0;3;1;0;0;0
29/06/2018;18:51:00;277;Acidente sem Vítima;0,8;BR-040/GO;Sul;Colisão traseira;1;0;0;1;0;0;0;0;0;0;4;0;0;0;0
29/06/2018;18:50:00;276;Acidente sem Vítima;533,1;BR-040/MG;Norte;Colisão traseira;1;0;1;0;0;0;0;0;0;0;2;0;0;0;0
29/06/2018;18:27:00;267;Acidente com Vítima;536,1;BR-040/MG;Norte;Queda de Moto;1;0;0;1;0;0;0;0;0;0;2;1;0;0;0
29/06/2018;18:16:00;261;Acidente sem Vítima;615,3;BR-040/MG;Sul;Abalroamento longitudinal;1;0;1;0;0;0;0;0;0;0;2;0;0;0;0
29/06/2018;17:39:00;252;Acidente com Vítima;474,3;BR-040/MG;Sul;Colisão traseira;1;0;0;1;0;0;0;0;0;0;1;0;1;0;0
29/06/2018;16:40:00;237;Acidente sem Vítima;459,05;BR-040/MG;Norte;Abalroamento longitudinal;1;0;0;0;0;0;0;0;0;1;2;0;0;0;0
29/06/2018;16:34:00;235;Acidente sem Vítima;608;BR-040/MG;Sul;Abalroamento transversal;0;0;2;0;0;0;0;0;0;0;2;0;0;0;0
29/06/2018;12:29:00;179;Acidente com Vítima;755;BR-040/MG;Sul;Choque com objeto fixo;1;0;0;0;0;0;0;0;0;0;1;2;0;0;0
29/06/2018;09:48:00;138;Acidente com Vítima;607;BR-040/MG;Norte;Colisão traseira;1;0;0;1;0;0;0;0;0;0;2;0;0;1;0
29/06/2018;09:23:00;130;Acidente sem Vítima;543,7;BR-040/MG;Sul;Colisão traseira;1;0;0;2;0;0;0;0;0;0;4;0;0;0;0
28/06/2018;23:53:00;360;Acidente sem Vítima;468,165;BR-040/MG;Norte;Abalroamento longitudinal;0;0;2;0;0;0;0;0;0;0;2;0;0;0;0
28/06/2018;18:45:00;280;Acidente sem Vítima;518,1;BR-040/MG;Norte;Colisão traseira;2;0;0;0;0;0;0;0;0;0;2;0;0;0;0
28/06/2018;17:16:00;251;Atropelamento sem Morte;598;BR-040/MG;Norte;Atropelamento de pedestre caminhando;0;0;1;0;0;1;0;0;0;0;1;0;1;0;0
28/06/2018;13:36:00;202;Acidente sem Vítima;576;BR-040/MG;Sul;Outros;0;0;1;0;0;0;0;0;0;0;1;0;0;0;0
28/06/2018;12:49:00;194;Acidente sem Vítima;588,2;BR-040/MG;Sul;Colisão traseira;0;0;1;0;0;1;0;0;0;0;2;0;0;0;0
28/06/2018;12:27:00;190;Acidente com Vítima;41;BR-040/MG;Sul;Abalroamento longitudinal;0;0;0;1;0;0;0;0;0;1;5;1;0;0;0
28/06/2018;10:56:00;172;Acidente sem Vítima;621;BR-040/MG;Norte;Colisão traseira;4;0;0;0;0;0;0;0;0;0;5;0;0;0;0
28/06/2018;07:56:00;121;Acidente com Vítima;6,2;BR-040/GO;Norte;Queda de Moto;1;0;0;1;0;0;0;0;0;0;1;0;1;0;0
28/06/2018;07:35:00;118;Acidente com Vítima;517,3;BR-040/MG;Sul;Queda de Moto;0;0;0;1;0;0;0;0;0;0;0;1;0;0;0
28/06/2018;07:14:00;109;Acidente com Vítima;5,8;BR-040/DF;Sul;Capotamento;1;0;0;0;0;0;0;0;0;0;0;0;1;0;0
28/06/2018;05:20:00;92;Acidente sem Vítima;643;BR-040/MG;Norte;Choque em defensa;1;0;0;0;0;0;0;0;0;0;6;0;0;0;0
27/06/2018;19:24:00;258;Acidente sem Vítima;536;BR-040/MG;Norte;Abalroamento longitudinal;2;0;0;0;0;0;0;0;0;0;3;0;0;0;0
27/06/2018;14:52:00;195;Atropelamento com Morte;11,1;BR-040/GO;Norte;Atropelamento de pedestre atravessando;1;0;0;0;0;0;0;0;0;0;1;0;0;0;1
27/06/2018;12:43:00;176;Acidente sem Vítima;527,01;BR-040/MG;Sul;Queda de Carga;0;0;1;0;0;0;0;0;0;0;1;0;0;0;0
27/06/2018;12:28:00;173;Acidente com Vítima;66,2;BR-040/GO;Norte;Queda de Carga;0;0;0;0;1;0;0;0;0;0;17;3;2;0;0
27/06/2018;10:14:00;139;Acidente sem Vítima;589,361;BR-040/MG;Sul;Colisão traseira;2;0;0;0;0;0;0;0;0;0;2;0;0;0;0
27/06/2018;08:31:00;112;Acidente com Vítima;3,1;BR-040/DF;Norte;Colisão traseira;1;0;0;1;0;0;0;0;0;0;1;1;0;0;0
27/06/2018;07:24:00;99;;541,285;BR-040/MG;Sul;;2;0;0;0;0;0;0;0;0;0;2;0;0;0;0
27/06/2018;07:21:00;95;Acidente com Vítima;6,1;BR-040/DF;Norte;Queda de Moto;0;0;0;1;0;0;0;0;0;0;1;0;0;0;0
27/06/2018;06:22:00;82;Acidente sem Vítima;547,15;BR-040/MG;Norte;Colisão traseira;1;0;0;1;0;0;0;0;0;0;2;0;0;0;0
27/06/2018;02:54:00;66;Acidente com Vítima;619,86;BR-040/MG;Norte;Queda de Carga;0;0;1;0;0;0;0;0;0;0;0;1;0;0;0
26/06/2018;22:07:00;266;Acidente sem Vítima;639,6;BR-040/MG;Sul;Queda de Moto;1;0;0;0;0;0;0;0;0;0;3;0;0;0;0
26/06/2018;21:58:00;263;Acidente sem Vítima;592,5;BR-040/MG;Norte;Colisão traseira;0;0;1;0;0;1;0;0;0;0;2;0;0;0;0
26/06/2018;21:37:00;259;Acidente sem Vítima;594,011;BR-040/MG;Norte;Abalroamento transversal;1;0;1;0;0;0;0;0;0;0;2;0;0;0;0
26/06/2018;21:18:00;254;Acidente com Vítima;516,8;BR-040/MG;Sul;Capotamento;2;0;0;0;0;0;0;0;0;0;1;2;0;0;0
26/06/2018;19:49:00;236;Acidente sem Vítima;597,015;BR-040/MG;Norte;Colisão traseira;0;0;0;0;0;2;0;0;0;0;2;0;0;0;0
26/06/2018;19:08:00;224;Acidente com Vítima;5,05;BR-040/GO;Sul;Queda de Moto;0;0;0;1;0;0;0;0;0;0;0;0;0;0;0
26/06/2018;18:48:00;216;Atropelamento sem Morte;13,8;BR-040/GO;Sul;Atropelamento de ciclista;0;1;0;1;0;0;0;0;0;0;1;1;0;0;0
26/06/2018;17:04:00;190;Atropelamento sem Morte;33,2;BR-040/GO;Norte;Atropelamento de pedestre atravessando;0;0;0;1;0;0;0;0;0;0;0;1;1;0;0
26/06/2018;13:34:00;155;Acidente sem Vítima;544,15;BR-040/MG;Norte;Abalroamento longitudinal;2;0;0;0;0;0;0;0;0;0;2;0;0;0;0
26/06/2018;11:57:00;141;Acidente sem Vítima;299,55;BR-040/MG;Norte;Queda de Carga;1;0;0;0;0;0;0;0;0;0;1;0;0;0;0
26/06/2018;09:52:00;128;Acidente sem Vítima;541,15;BR-040/MG;Sul;Colisão traseira;3;0;0;0;0;0;0;0;0;0;3;0;0;0;0
25/06/2018;22:39:00;302;Acidente com Vítima;535,415;BR-040/MG;Norte;Queda de Carga;0;0;1;0;0;0;0;0;0;0;1;1;0;0;0
25/06/2018;18:04:00;243;Acidente com Vítima;510,1;BR-040/MG;Sul;Queda de Moto;0;0;0;1;0;0;0;0;0;0;0;1;0;0;0
25/06/2018;12:04:00;169;Atropelamento sem Morte;0,3;BR-040/GO;Norte;Atropelamento de ciclista;1;1;0;1;0;0;0;0;0;0;3;1;0;0;0
25/06/2018;09:47:00;135;Acidente sem Vítima;701,5;BR-040/MG;Sul;Atropelamento de animal;1;0;0;0;0;0;0;0;0;0;1;0;0;0;0
25/06/2018;08:05:00;104;Atropelamento com Morte;632;BR-040/MG;Sul;Atropelamento de ciclista;0;1;1;0;0;0;0;0;0;0;1;0;0;0;1
25/06/2018;07:43:00;98;Acidente com Vítima;614,6;BR-040/MG;Norte;Abalroamento transversal;1;0;1;0;0;0;0;0;0;0;2;0;1;0;0
25/06/2018;07:12:00;87;Acidente com Vítima;549,02;BR-040/MG;Sul;Capotamento;1;0;0;0;1;0;0;0;0;0;1;0;3;0;0
25/06/2018;04:45:00;69;Acidente sem Vítima;515,4;BR-040/MG;Norte;Atropelamento de animal;0;0;1;0;0;0;0;0;0;0;1;0;0;0;0
24/06/2018;22:17:00;257;Acidente sem Vítima;546,7;BR-040/MG;Norte;Choque com objeto fixo;1;0;0;0;0;0;0;0;0;0;6;0;0;0;0
24/06/2018;21:59:00;254;Acidente com Vítima;462,3;BR-040/MG;Sul;Choque com objeto fixo;1;0;0;0;0;0;0;0;0;0;1;1;0;0;0
24/06/2018;20:32:00;235;Acidente com Vítima;3,1;BR-040/GO;Sul;Colisão traseira;1;0;0;1;0;0;0;0;0;0;3;1;0;0;0
24/06/2018;18:41:00;210;Acidente sem Vítima;0,8;BR-040/GO;Norte;Colisão traseira;1;0;0;1;0;0;0;0;0;0;5;0;0;0;0
24/06/2018;17:49:00;186;Acidente sem Vítima;510,1;BR-040/MG;Sul;Colisão traseira;3;0;0;0;0;0;0;0;0;0;3;0;0;0;0
24/06/2018;14:52:00;143;Acidente com Vítima;741,15;BR-040/MG;Norte;Colisão traseira;1;0;1;0;0;0;0;0;0;0;2;1;0;0;0
24/06/2018;10:25:00;80;Acidente sem Vítima;2,5;BR-040/GO;Sul;Colisão traseira;2;0;0;0;0;0;0;0;0;0;4;0;0;0;0
24/06/2018;05:51:00;36;Acidente sem Vítima;5,7;BR-040/GO;Sul;Colisão traseira;2;0;0;0;0;0;0;0;0;0;2;0;0;0;0
24/06/2018;02:06:00;11;Acidente sem Vítima;514,3;BR-040/MG;Sul;Choque com objeto fixo;1;0;0;0;0;0;0;0;0;0;1;0;0;0;0
24/06/2018;00:13:00;4;Acidente sem Vítima;539,005;BR-040/MG;Norte;Choque com objeto fixo;0;0;1;0;0;0;0;0;0;0;1;0;0;0;0
24/06/2018;00:11:00;2;Acidente com Morte;576,1;BR-040/MG;Norte;Choque com objeto fixo;1;0;0;0;0;0;0;0;0;0;0;0;2;2;1
23/06/2018;17:47:00;171;Acidente sem Vítima;517,18;BR-040/MG;Sul;Colisão traseira;1;0;1;0;0;0;0;0;0;0;2;0;0;0;0
23/06/2018;17:31:00;168;Acidente com Vítima;582,4;BR-040/MG;Norte;Abalroamento longitudinal;0;0;0;1;1;0;0;0;0;0;2;1;0;0;0
23/06/2018;16:14:00;159;Acidente com Vítima;517,659;BR-040/MG;Sul;Colisão traseira;1;0;0;1;0;0;0;0;0;0;1;1;0;0;0
23/06/2018;15:06:00;144;Acidente com Vítima;534,6;BR-040/MG;Norte;Colisão traseira;1;0;0;1;1;0;0;0;0;0;2;1;0;0;0
23/06/2018;14:44:00;141;Acidente sem Vítima;1,1;BR-040/GO;Sul;Abalroamento longitudinal;2;0;0;0;0;0;0;0;0;0;2;0;0;0;0
23/06/2018;13:21:00;125;Acidente sem Vítima;528,722;BR-040/MG;Sul;Abalroamento longitudinal;2;0;0;0;0;0;0;0;0;0;2;0;0;0;0
23/06/2018;12:51:00;121;Acidente sem Vítima;3,1;BR-040/GO;Norte;Colisão traseira;3;0;0;0;0;0;0;0;0;0;3;0;0;0;0
23/06/2018;12:06:00;115;Acidente com Vítima;656,3;BR-040/MG;Norte;Abalroamento transversal;0;0;2;0;0;0;0;0;0;0;1;0;1;0;0
23/06/2018;08:13:00;75;Acidente com Vítima;512,1;BR-040/MG;Norte;Colisão traseira;0;0;1;1;0;0;0;0;0;0;1;1;1;0;0
23/06/2018;08:08:00;73;Acidente com Morte;731;BR-040/MG;Norte;Colisão traseira;0;0;1;1;0;0;0;0;0;0;1;0;0;1;1
23/06/2018;07:18:00;57;Acidente com Vítima;2,9;BR-040/DF;Norte;Queda de Moto;0;0;0;1;0;0;0;0;0;0;0;0;0;1;0
23/06/2018;07:13:00;55;Acidente sem Vítima;657;BR-040/MG;Norte;Abalroamento longitudinal;1;0;1;0;0;0;0;0;0;0;3;0;0;0;0
23/06/2018;05:32:00;38;Acidente com Vítima;5,1;BR-040/GO;Norte;Colisão traseira;0;0;0;1;0;1;0;0;0;0;1;0;0;1;0
23/06/2018;03:58:00;27;Acidente com Vítima;7;BR-040/GO;Sul;Capotamento;1;0;0;0;0;0;0;0;0;0;1;0;1;0;0
23/06/2018;00:10:00;3;Acidente com Vítima;7,4;BR-040/GO;Norte;Capotamento;1;0;0;0;0;0;0;0;0;0;1;0;1;0;0
22/06/2018;23:56:00;321;Acidente sem Vítima;550;BR-040/MG;Norte;Choque com objeto fixo;1;0;0;0;0;0;0;0;0;0;1;0;0;0;0
22/06/2018;20:50:00;282;Acidente sem Vítima;628,8;BR-040/MG;Norte;Colisão traseira;1;0;0;1;0;0;0;0;0;0;5;0;0;0;0
22/06/2018;20:12:00;272;Acidente com Vítima;6,9;BR-040/GO;Sul;Queda de Moto;1;0;0;2;0;0;0;0;0;0;2;1;0;0;0
22/06/2018;19:48:00;264;Atropelamento sem Morte;1,6;BR-040/GO;Norte;Atropelamento de pedestre atravessando;1;0;0;0;0;0;0;0;0;0;1;0;0;0;0
22/06/2018;19:41:00;262;Acidente sem Vítima;586,082;BR-040/MG;Sul;Choque com objeto fixo;1;0;0;0;0;0;0;0;0;0;1;0;0;0;0
22/06/2018;18:32:00;243;Atropelamento sem Morte;7;BR-040/GO;Norte;Atropelamento de pedestre atravessando;1;0;0;0;0;0;0;0;0;0;1;0;1;0;0
22/06/2018;18:28:00;242;Atropelamento sem Morte;513,9;BR-040/MG;Norte;Atropelamento de pedestre atravessando;0;0;0;1;0;0;0;0;0;0;1;2;0;0;0
22/06/2018;18:19:00;237;Acidente sem Vítima;615;BR-040/MG;Sul;Colisão traseira;2;0;0;0;0;0;0;0;0;0;6;0;0;0;0
22/06/2018;17:34:00;217;Acidente sem Vítima;538,15;BR-040/MG;Norte;Colisão traseira;2;0;0;0;0;0;0;0;0;0;5;0;0;0;0
22/06/2018;16:39:00;202;Acidente sem Vítima;684,231;BR-040/MG;Sul;Queda de Moto;0;0;0;1;0;0;0;0;0;0;1;0;0;0;0
22/06/2018;12:18:00;126;Acidente sem Vítima;1,1;BR-040/GO;Norte;Colisão traseira;2;0;0;0;0;0;0;0;0;0;2;0;0;0;0
22/06/2018;04:33:00;63;Acidente sem Vítima;547,2;BR-040/MG;Sul;Choque com objeto fixo;1;0;0;0;0;0;0;0;0;0;1;0;0;0;0
21/06/2018;23:46:00;364;Acidente sem Vítima;489,1;BR-040/MG;Sul;Colisão traseira;1;0;1;0;0;0;0;0;0;0;2;0;0;0;0
21/06/2018;19:04:00;303;Acidente sem Vítima;524,5;BR-040/MG;Norte;Abalroamento longitudinal;2;0;0;0;0;0;0;0;0;0;2;0;0;0;0
21/06/2018;18:14:00;293;Acidente com Vítima;2,8;BR-040/MG;Sul;Abalroamento longitudinal;3;0;0;0;0;0;0;0;0;0;3;1;0;0;0
21/06/2018;17:56:00;286;Acidente com Vítima;465,5;BR-040/MG;Norte;Capotamento;1;0;0;0;0;0;0;0;0;0;0;1;0;0;0
21/06/2018;16:54:00;273;Acidente sem Vítima;668,15;BR-040/MG;Norte;Atropelamento de animal;1;0;0;0;0;0;0;0;0;0;1;0;0;0;0
21/06/2018;12:03:00;201;Acidente com Vítima;617,5;BR-040/MG;Sul;Colisão traseira;2;0;1;0;0;0;0;0;0;0;3;1;0;0;0
21/06/2018;11:46:00;199;Acidente sem Vítima;594;BR-040/MG;Sul;Colisão traseira;1;0;0;0;0;0;0;0;0;1;3;0;0;0;0
21/06/2018;09:07:00;154;Acidente sem Vítima;543,4;BR-040/MG;Sul;Colisão traseira;3;0;0;0;0;0;0;0;0;0;3;0;0;0;0
21/06/2018;07:45:00;106;Acidente com Vítima;543,5;BR-040/MG;Sul;Colisão traseira;2;0;0;1;0;0;0;0;0;0;2;0;1;0;0
21/06/2018;07:29:00;98;Acidente sem Vítima;438,6;BR-040/MG;Norte;Queda de Carga;1;0;0;0;0;0;0;0;0;0;1;0;0;0;0
21/06/2018;06:06:00;81;Acidente sem Vítima;548,7;BR-040/MG;Sul;Colisão traseira;0;0;2;0;0;0;0;0;0;0;2;0;0;0;0
21/06/2018;02:56:00;50;Acidente sem Vítima;481,5;BR-040/MG;Sul;Atropelamento de animal;0;0;1;0;0;0;0;0;0;0;1;0;0;0;0
21/06/2018;01:37:00;45;Acidente com Vítima;676,7;BR-040/MG;Sul;Queda de Carga;0;0;1;0;0;0;0;0;0;0;0;0;1;0;0