data;horario;n_da_ocorrencia;tipo_de_ocorrencia;km;trecho;sentido;tipo_de_acidente;automovel;bicicleta;caminhao;moto;onibus;outros;tracao_animal;transporte_de_cargas_especiais;trator_maquinas;utilitarios;ilesos;levemente_feridos;moderadamente_feridos;gravemente_feridos;mortos
22/07/2018;19:25:00;229;Acidente sem Vítima;564,1;BR-040/MG;Norte;Colisão traseira;2;0;0;0;0;0;0;0;0;0;3;0;0;0;0
22/07/2018;18:50:00;218;Acidente sem Vítima;542,1;BR-040/MG;Sul;Queda de Carga;2;0;0;0;0;1;0;0;0;0;7;0;0;0;0
22/07/2018;18:43:00;211;Atropelamento sem Morte;612,9;BR-040/MG;Sul;Atropelamento de pedestre atravessando;1;0;0;0;0;0;0;0;0;0;2;0;0;1;0
22/07/2018;18:18:00;202;Atropelamento sem Morte;509,1;BR-040/MG;Sul;Atropelamento de pedestre atravessando;1;0;0;0;0;0;0;0;0;0;1;1;0;0;0
22/07/2018;16:09:00;165;Acidente sem Vítima;551,15;BR-040/MG;Norte;Colisão traseira;3;0;0;0;0;0;0;0;0;0;3;0;0;0;0
22/07/2018;14:54:00;139;Acidente com Vítima;48,15;BR-040/MG;Norte;Choque com objeto fixo;1;0;0;0;0;0;0;0;0;0;0;1;0;0;0
22/07/2018;14:24:00;131;Acidente sem Vítima;747,64;BR-040/MG;Sul;Abalroamento transversal;2;0;0;0;0;0;0;0;0;0;2;0;0;0;0
22/07/2018;13:35:00;122;Acidente com Vítima;624;BR-040/MG;Norte;Choque em defensa;1;0;0;0;0;0;0;0;0;0;0;3;0;0;0
22/07/2018;13:27:00;118;Acidente sem Vítima;640;BR-040/MG;Norte;Choque com objeto fixo;1;0;0;0;0;0;0;0;0;0;1;0;0;0;0
22/07/2018;07:47:00;41;Acidente sem Vítima;48;BR-040/MG;Sul;Colisão traseira;1;0;1;0;0;0;0;0;0;0;2;0;0;0;0
22/07/2018;05:21:00;23;Acidente sem Vítima;14,8;BR-040/GO;Norte;Choque com objeto fixo;1;0;0;0;0;0;0;0;0;0;1;0;0;0;0
22/07/2018;05:12:00;21;Acidente sem Vítima;2,8;BR-040/GO;Sul;Colisão traseira;2;0;0;0;0;0;0;0;0;0;2;0;0;0;0
22/07/2018;02:44:00;19;Acidente com Morte;514,8;BR-040/MG;Norte;Choque em defensa;0;0;0;1;0;0;0;0;0;0;0;0;0;0;1
22/07/2018;02:15:00;16;Acidente sem Vítima;511,2;BR-040/MG;Norte;Queda de Moto;0;0;0;1;0;0;0;0;0;0;1;0;0;0;0
21/07/2018;22:46:00;227;Acidente com Vítima;532,8;BR-040/MG;Sul;Queda de Moto;0;0;0;1;0;0;0;0;0;0;0;1;0;0;0
21/07/2018;19:49:00;195;Atropelamento sem Morte;142,2;BR-040/MG;Norte;Atropelamento de ciclista;0;1;0;1;0;0;0;0;0;0;1;1;0;0;0
21/07/2018;19:14:00;190;Acidente sem Vítima;606,1;BR-040/MG;Norte;Atropelamento de animal;0;0;1;0;0;0;0;0;0;0;1;0;0;0;0
21/07/2018;19:06:00;189;Acidente sem Vítima;517,2;BR-040/MG;Norte;Colisão traseira;4;0;0;0;0;0;0;0;0;0;4;0;0;0;0
21/07/2018;15:02:00;143;Acidente com Vítima;18,001;BR-040/GO;Sul;Queda de Moto;0;0;0;2;0;0;0;0;0;0;2;1;0;0;0
21/07/2018;12:38:00;112;Acidente sem Vítima;1,2;BR-040/GO;Sul;Abalroamento longitudinal;1;0;0;0;1;0;0;0;0;0;2;0;0;0;0
21/07/2018;11:38:00;101;Acidente sem Vítima;128,001;BR-040/MG;Norte;Colisão traseira;2;0;0;0;0;0;0;0;0;0;2;0;0;0;0
21/07/2018;08:37:00;59;Acidente com Vítima;1;BR-040/DF;Norte;Queda de Moto;0;0;0;1;0;0;0;0;0;0;0;1;0;0;0
21/07/2018;07:09:00;45;Acidente com Vítima;558,1;BR-040/MG;Sul;Capotamento;1;0;0;0;0;0;0;0;0;0;4;1;1;0;0
21/07/2018;06:55:00;42;Acidente com Vítima;524,1;BR-040/MG;Sul;Abalroamento transversal;0;0;0;2;0;0;0;0;0;0;1;1;0;0;0
21/07/2018;06:27:00;31;Acidente sem Vítima;483,1;BR-040/MG;Norte;Colisão traseira;1;0;1;0;0;0;0;0;0;0;3;0;0;0;0
21/07/2018;02:48:00;18;Acidente sem Vítima;4,9;BR-040/GO;Norte;Colisão traseira;3;0;0;0;0;0;0;0;0;0;3;0;0;0;0
21/07/2018;01:41:00;16;Acidente sem Vítima;487;BR-040/MG;Norte;Colisão traseira;1;0;1;0;0;0;0;0;0;0;3;0;0;0;0
20/07/2018;20:25:00;299;Acidente sem Vítima;590,12;BR-040/MG;Sul;Colisão traseira;2;0;0;0;0;0;0;0;0;0;2;0;0;0;0
20/07/2018;20:17:00;298;Acidente sem Vítima;532,8;BR-040/MG;Sul;Abalroamento longitudinal;1;0;0;1;0;0;0;0;0;0;2;0;0;0;0
20/07/2018;19:15:00;283;Acidente sem Vítima;616,1;BR-040/MG;Sul;Colisão traseira;2;0;0;0;0;0;0;0;0;0;2;0;0;0;0
20/07/2018;18:57:00;276;Acidente com Vítima;4,5;BR-040/DF;Sul;Abalroamento longitudinal;1;0;0;1;0;0;0;0;0;0;1;1;0;0;0
20/07/2018;18:04:00;259;Acidente com Vítima;617,2;BR-040/MG;Sul;Colisão frontal;2;0;0;0;0;0;0;0;0;0;1;0;1;0;0
20/07/2018;16:30:00;237;Acidente sem Vítima;587,05;BR-040/MG;Sul;Colisão traseira;2;0;2;0;0;0;0;0;0;0;4;0;0;0;0
20/07/2018;15:30:00;225;Acidente com Vítima;529,1;BR-040/MG;Norte;Capotamento;1;0;0;0;0;0;0;0;0;0;1;0;1;0;0
20/07/2018;15:05:00;220;Acidente sem Vítima;535,1;BR-040/MG;Sul;Colisão traseira;0;0;0;2;0;0;0;0;0;0;2;0;0;0;0
20/07/2018;14:27:00;211;Acidente com Vítima;57,9;BR-040/MG;Norte;Capotamento;1;0;0;0;0;0;0;0;0;0;3;1;0;0;0
20/07/2018;11:07:00;169;Acidente sem Vítima;470,5;BR-040/MG;Sul;Colisão traseira;2;0;0;0;0;0;0;0;0;0;2;0;0;0;0
20/07/2018;10:46:00;159;Acidente sem Vítima;423,1;BR-040/MG;Norte;Colisão traseira;0;0;2;0;0;0;0;0;0;0;2;0;0;0;0
20/07/2018;10:24:00;153;Acidente com Vítima;10,001;BR-040/GO;Norte;Queda de Moto;0;0;0;1;0;0;0;0;0;0;0;0;1;0;0
20/07/2018;09:20:00;137;Acidente sem Vítima;716;BR-040/MG;Sul;Capotamento;1;0;0;0;0;0;0;0;0;0;2;0;0;0;0
20/07/2018;08:11:00;117;Acidente com Vítima;136,001;BR-040/MG;Sul;Queda de Moto;0;0;0;1;0;0;0;0;0;0;0;1;0;0;0
20/07/2018;05:36:00;82;Acidente sem Vítima;133,8;BR-040/GO;Norte;Capotamento;0;0;0;0;0;1;0;0;0;0;1;0;0;0;0
20/07/2018;01:25:00;50;Acidente sem Vítima;621,01;BR-040/MG;Norte;Atropelamento de animal;0;0;1;0;0;0;0;0;0;0;1;0;0;0;0
19/07/2018;21:51:00;332;Acidente sem Vítima;726,9;BR-040/MG;Sul;Choque em barreira New Jersey;1;0;0;0;0;0;0;0;0;0;1;0;0;0;0
19/07/2018;19:53:00;312;Acidente sem Vítima;522,1;BR-040/MG;Norte;Queda de Moto;1;0;0;0;0;0;0;0;0;0;1;0;0;0;0
19/07/2018;13:20:00;211;Acidente com Vítima;641,5;BR-040/MG;Sul;Queda de Moto;0;0;0;1;0;0;0;0;0;0;1;1;0;0;0
19/07/2018;13:05:00;205;Acidente sem Vítima;44;BR-040/MG;Norte;Abalroamento transversal;1;0;0;1;0;0;0;0;0;0;2;0;0;0;0
19/07/2018;12:42:00;201;Acidente sem Vítima;533,1;BR-040/MG;Norte;Colisão traseira;1;0;1;0;0;0;0;0;0;0;2;0;0;0;0
19/07/2018;12:29:00;194;Acidente sem Vítima;641,5;BR-040/MG;Sul;Queda de Carga;0;0;1;0;0;0;0;0;0;0;1;0;0;0;0
19/07/2018;09:01:00;140;Acidente sem Vítima;2;BR-040/GO;Sul;Colisão traseira;3;0;0;0;0;0;0;0;0;0;4;0;0;0;0
19/07/2018;07:52:00;117;Acidente com Vítima;2,3;BR-040/GO;Norte;Abalroamento longitudinal;1;0;0;1;0;0;0;0;0;0;1;1;0;0;0
19/07/2018;06:52:00;102;Acidente sem Vítima;74,2;BR-040/GO;Sul;Choque em defensa;2;0;0;0;0;0;0;0;0;0;2;0;0;0;0
19/07/2018;02:11:00;30;Acidente sem Vítima;503,1;BR-040/MG;Sul;Choque com objeto fixo;1;0;0;0;0;0;0;0;0;0;2;0;0;0;0
19/07/2018;00:03:00;5;Acidente com Vítima;7,5;BR-040/GO;Norte;Capotamento;1;0;0;0;0;0;0;0;0;0;0;0;1;0;0
18/07/2018;22:43:00;324;Acidente sem Vítima;2,1;BR-040/GO;Norte;Queda de Moto;0;0;0;1;0;0;0;0;0;0;1;0;0;0;0
18/07/2018;20:58:00;302;Acidente sem Vítima;541,2;BR-040/MG;Sul;Abalroamento longitudinal;1;0;0;1;0;0;0;0;0;0;2;0;0;0;0
18/07/2018;18:20:00;261;Acidente com Vítima;513,1;BR-040/MG;Norte;Queda de Moto;0;0;0;1;0;0;0;0;0;0;0;1;0;0;0
18/07/2018;10:00:00;143;Acidente sem Vítima;5,05;BR-040/GO;Sul;Abalroamento transversal;2;0;0;0;0;0;0;0;0;0;2;0;0;0;0
18/07/2018;01:11:00;66;Acidente sem Vítima;95,7;BR-040/GO;Sul;Atropelamento de animal;1;0;0;0;0;0;0;0;0;0;1;0;0;0;0
17/07/2018;22:43:00;279;Acidente com Vítima;507,9;BR-040/MG;Sul;Atropelamento de animal;0;0;0;1;0;0;0;0;0;0;0;1;0;0;0
17/07/2018;18:19:00;226;Atropelamento sem Morte;0,8;BR-040/GO;Sul;Atropelamento de ciclista;0;1;0;1;0;0;0;0;0;0;1;1;0;0;0
17/07/2018;17:33:00;215;Acidente sem Vítima;642,3;BR-040/MG;Norte;Choque com objeto fixo;1;0;0;0;0;0;0;0;0;0;1;0;0;0;0
17/07/2018;15:30:00;189;Acidente com Vítima;138,9;BR-040/GO;Norte;Capotamento;1;0;0;0;0;0;0;0;0;0;3;3;0;0;0
17/07/2018;13:43:00;173;Acidente sem Vítima;655,364;BR-040/MG;Norte;Choque com objeto fixo;0;0;1;0;0;0;0;0;0;0;1;0;0;0;0
17/07/2018;13:08:00;165;Acidente com Vítima;544,1;BR-040/MG;Norte;Queda de Moto;0;0;0;1;0;0;0;0;0;0;1;1;0;0;0
17/07/2018;09:24:00;131;Acidente com Vítima;3;BR-040/GO;Norte;Queda de Moto;1;0;0;1;0;0;0;0;0;0;1;1;0;0;0
17/07/2018;07:38:00;104;Acidente sem Vítima;3;BR-040/DF;Sul;Capotamento;0;0;0;1;0;1;0;0;0;0;2;0;0;0;0
17/07/2018;05:56:00;84;Atropelamento sem Morte;10,04;BR-040/GO;Norte;Atropelamento de ciclista;0;1;0;1;0;0;0;0;0;0;0;2;0;0;0
16/07/2018;18:47:00;265;Acidente sem Vítima;477,3;BR-040/MG;Norte;Choque com objeto fixo;1;0;0;0;0;0;0;0;0;0;2;0;0;0;0
16/07/2018;18:30:00;256;Acidente com Vítima;2;BR-040/DF;Sul;Colisão traseira;1;0;0;1;0;0;0;0;0;0;2;0;0;0;0
16/07/2018;14:30:00;193;Acidente sem Vítima;753;BR-040/MG;Sul;Colisão traseira;3;0;0;0;0;0;0;0;0;0;5;0;0;0;0
16/07/2018;09:35:00;124;Acidente sem Vítima;695,5;BR-040/MG;Sul;Colisão traseira;2;0;0;0;0;0;0;0;0;0;3;0;0;0;0
16/07/2018;09:15:00;117;Acidente sem Vítima;693,75;BR-040/MG;Sul;Colisão traseira;2;0;0;0;0;0;0;0;0;0;4;0;0;0;0
16/07/2018;03:14:00;65;Acidente sem Vítima;514,5;BR-040/MG;Sul;Queda de Carga;0;0;1;0;0;0;0;0;0;0;1;0;0;0;0
16/07/2018;00:07:00;2;Acidente com Vítima;611,5;BR-040/MG;Norte;Queda de Moto;0;0;0;1;0;0;0;0;0;0;0;0;2;0;0
15/07/2018;17:27:00;166;Acidente sem Vítima;590;BR-040/MG;Norte;Colisão traseira;2;0;0;0;0;0;0;0;0;0;5;0;0;0;0
15/07/2018;17:27:00;167;Atropelamento sem Morte;498;BR-040/MG;Sul;Atropelamento de pedestre caminhando;1;0;0;0;0;0;0;0;0;0;1;1;0;0;0
15/07/2018;17:09:00;163;Acidente sem Vítima;510,3;BR-040/MG;Sul;Colisão traseira;4;0;0;0;0;0;0;0;0;0;4;0;0;0;0
15/07/2018;16:30:00;150;Acidente com Vítima;379,5;BR-040/MG;Sul;Colisão traseira;1;0;0;1;0;0;0;0;0;0;3;0;1;0;0
15/07/2018;11:14:00;88;Acidente sem Vítima;504,96;BR-040/MG;Norte;Choque com objeto fixo;1;0;0;0;0;0;0;0;0;0;3;0;0;0;0
15/07/2018;05:04:00;31;Acidente com Vítima;534,6;BR-040/MG;Sul;Choque em barreira New Jersey;1;0;0;0;0;0;0;0;0;0;0;0;0;0;0
14/07/2018;23:16:00;237;Acidente sem Vítima;3,4;BR-040/GO;Sul;Atropelamento de animal;1;0;0;0;0;0;0;0;0;0;3;0;0;0;0
14/07/2018;22:50:00;235;Acidente sem Vítima;18,1;BR-040/MG;Sul;Abalroamento longitudinal;0;0;0;2;0;0;0;0;0;0;3;0;0;0;0
14/07/2018;18:51:00;193;Acidente com Vítima;3,1;BR-040/GO;Norte;Abalroamento longitudinal;1;0;0;1;0;0;0;0;0;0;1;1;0;0;0
14/07/2018;16:34:00;153;Acidente sem Vítima;553,2;BR-040/MG;Sul;Abalroamento longitudinal;1;0;0;1;0;0;0;0;0;0;3;0;0;0;0
14/07/2018;16:10:00;149;Acidente com Vítima;496,8;BR-040/MG;Sul;Choque em barreira New Jersey;1;0;0;0;0;0;0;0;0;0;3;1;0;0;0
14/07/2018;15:51:00;147;Acidente sem Vítima;628;BR-040/MG;Norte;Abalroamento longitudinal;1;0;0;0;1;0;0;0;0;0;4;0;0;0;0
14/07/2018;14:43:00;128;Acidente sem Vítima;508,8;BR-040/MG;Norte;Queda de Moto;0;0;0;1;0;0;0;0;0;0;1;0;0;0;0
14/07/2018;12:48:00;108;Acidente sem Vítima;469;BR-040/MG;Norte;Abalroamento longitudinal;1;0;1;0;0;0;0;0;0;0;2;0;0;0;0
14/07/2018;11:34:00;93;Acidente com Vítima;532,7;BR-040/MG;Sul;Colisão traseira;1;0;0;1;0;0;0;0;0;0;1;1;0;0;0
14/07/2018;11:26:00;88;Acidente sem Vítima;472,7;BR-040/MG;Norte;Queda de Carga;0;0;1;0;0;0;0;0;0;0;1;0;0;0;0
14/07/2018;10:23:00;69;Acidente com Vítima;12,6;BR-040/GO;Norte;Queda de Moto;0;0;0;1;0;0;0;0;0;0;0;1;0;0;0
14/07/2018;09:14:00;55;Acidente sem Vítima;267,98;BR-040/MG;Sul;Colisão traseira;2;0;0;0;0;1;0;0;0;0;5;0;0;0;0
14/07/2018;08:06:00;40;Acidente sem Vítima;7,2;BR-040/DF;Norte;Choque com objeto fixo;1;0;0;0;0;0;0;0;0;0;1;0;0;0;0
14/07/2018;06:37:00;24;Acidente sem Vítima;3,519;BR-040/GO;Norte;Choque com objeto fixo;1;0;0;0;0;0;0;0;0;0;1;0;0;0;0
14/07/2018;06:06:00;22;Acidente com Vítima;9,7;BR-040/GO;Norte;Abalroamento longitudinal;1;0;0;1;0;0;0;0;0;0;1;0;2;0;0
14/07/2018;02:46:00;13;Acidente sem Vítima;3,9;BR-040/GO;Sul;Colisão traseira;2;0;0;0;0;0;0;0;0;0;2;0;0;0;0
13/07/2018;22:08:00;305;Acidente sem Vítima;3,8;BR-040/DF;Sul;Abalroamento longitudinal;2;0;0;0;0;0;0;0;0;0;2;0;0;0;0
13/07/2018;17:15:00;236;Acidente sem Vítima;534,1;BR-040/MG;Norte;Abalroamento longitudinal;1;0;1;0;0;0;0;0;0;0;3;0;0;0;0
13/07/2018;16:37:00;228;Acidente sem Vítima;601,784;BR-040/MG;Sul;Colisão traseira;2;0;0;0;0;0;0;0;0;0;2;0;0;0;0
13/07/2018;14:17:00;187;Acidente sem Vítima;697,651;BR-040/MG;Norte;Colisão traseira;2;0;0;0;0;0;0;0;0;0;2;0;0;0;0
13/07/2018;13:33:00;173;Acidente sem Vítima;531,1;BR-040/MG;Sul;Colisão traseira;2;0;0;0;0;0;0;0;0;0;2;0;0;0;0
13/07/2018;13:00:00;163;Acidente sem Vítima;575,982;BR-040/MG;Norte;Colisão traseira;2;0;0;0;0;0;0;0;0;0;2;0;0;0;0
13/07/2018;10:35:00;136;Acidente com Vítima;44,8;BR-040/MG;Norte;Queda de Moto;0;0;0;1;0;0;0;0;0;0;0;0;0;0;0
13/07/2018;10:20:00;132;Acidente com Vítima;532,1;BR-040/MG;Sul;Queda de Moto;1;0;0;1;0;0;0;0;0;0;1;0;1;0;0
13/07/2018;01:24:00;32;Acidente sem Vítima;7;BR-040/DF;Norte;Colisão traseira;1;0;1;0;0;0;0;0;0;0;2;0;0;0;0
12/07/2018;19:55:00;303;Acidente sem Vítima;30;BR-040/GO;Sul;Colisão traseira;2;0;0;0;0;0;0;0;0;0;2;0;0;0;0
12/07/2018;18:52:00;296;Acidente sem Vítima;360,001;BR-040/MG;Norte;Atropelamento de animal;1;0;0;0;0;0;0;0;0;0;1;0;0;0;0
12/07/2018;18:19:00;282;Acidente sem Vítima;600,3;BR-040/MG;Norte;Colisão traseira;1;0;1;0;0;0;0;0;0;0;2;0;0;0;0
12/07/2018;17:42:00;270;Acidente sem Vítima;10,1;BR-040/GO;Norte;Queda de Moto;0;0;0;1;0;0;0;0;0;0;1;0;0;0;0
12/07/2018;16:34:00;244;Acidente com Vítima;527,1;BR-040/MG;Norte;Colisão traseira;1;0;0;1;0;0;0;0;0;0;2;2;0;0;0
12/07/2018;16:29:00;242;Acidente sem Vítima;2,5;BR-040/DF;Sul;Colisão traseira;2;0;0;0;0;0;0;0;0;0;2;0;0;0;0
12/07/2018;14:14:00;201;Acidente com Morte;3,001;BR-040/DF;Norte;Capotamento;1;0;0;0;0;0;0;0;0;0;0;0;0;0;1
12/07/2018;12:55:00;182;Acidente com Vítima;0,3;BR-040/GO;Norte;Abalroamento longitudinal;2;0;0;1;0;0;0;0;0;0;3;1;0;0;0
12/07/2018;11:56:00;165;Acidente sem Vítima;46;BR-040/MG;Sul;Colisão traseira;1;0;1;0;0;0;0;0;0;0;2;0;0;0;0
12/07/2018;09:07:00;127;Acidente com Vítima;1,8;BR-040/GO;Norte;Colisão traseira;1;0;0;1;0;0;0;0;0;0;1;1;0;0;0
12/07/2018;07:40:00;111;Acidente sem Vítima;5,3;BR-040/GO;Norte;Colisão traseira;5;0;0;0;0;0;0;0;0;0;8;0;0;0;0
12/07/2018;07:27:00;107;Acidente sem Vítima;760;BR-040/MG;Sul;Colisão traseira;1;0;0;0;1;0;0;0;0;0;2;0;0;0;0
12/07/2018;07:11:00;100;Acidente sem Vítima;524,9;BR-040/MG;Sul;Colisão traseira;3;0;0;0;0;0;0;0;0;0;3;0;0;0;0
12/07/2018;06:35:00;91;Acidente sem Vítima;419,1;BR-040/MG;Norte;Colisão traseira;3;0;0;0;0;0;0;0;0;0;3;0;0;0;0
12/07/2018;01:13:00;5;Acidente sem Vítima;608,005;BR-040/MG;Norte;Abalroamento transversal;0;0;2;0;0;0;0;0;0;0;2;0;0;0;0
11/07/2018;19:09:00;271;Acidente sem Vítima;368,1;BR-040/MG;Norte;Abalroamento longitudinal;1;0;1;0;0;0;0;0;0;0;4;0;0;0;0
11/07/2018;18:14:00;253;Atropelamento sem Morte;1,5;BR-040/GO;Sul;Atropelamento de pedestre atravessando;1;0;0;0;0;0;0;0;0;0;1;0;1;0;0
11/07/2018;17:41:00;246;Acidente com Vítima;6,3;BR-040/GO;Sul;Colisão traseira;1;0;0;1;0;0;0;0;0;0;2;1;0;0;0
11/07/2018;14:45:00;205;Acidente sem Vítima;729;BR-040/MG;Sul;Colisão traseira;1;0;2;0;0;0;0;0;0;0;3;0;0;0;0
11/07/2018;13:54:00;198;Acidente com Vítima;733;BR-040/MG;Norte;Abalroamento transversal;2;0;0;0;0;0;0;0;0;0;5;2;0;0;0
11/07/2018;13:44:00;195;Acidente sem Vítima;6,4;BR-040/GO;Sul;Capotamento;2;0;0;0;0;0;0;0;0;0;2;0;0;0;0
11/07/2018;13:01:00;186;Acidente sem Vítima;468,1;BR-040/MG;Norte;Choque com objeto fixo;1;0;0;0;0;0;0;0;0;0;1;0;0;0;0
11/07/2018;10:21:00;154;Acidente sem Vítima;735,5;BR-040/MG;Norte;Colisão traseira;1;0;1;0;0;0;0;0;0;0;4;0;0;0;0
11/07/2018;09:59:00;148;Acidente com Vítima;542,2;BR-040/MG;Sul;Colisão traseira;1;0;0;1;0;0;0;0;0;0;1;1;0;0;0
10/07/2018;22:55:00;335;Acidente sem Vítima;8,1;BR-040/GO;Sul;Capotamento;1;0;0;0;0;0;0;0;0;0;1;0;0;0;0
10/07/2018;20:43:00;304;Acidente com Vítima;523,6;BR-040/MG;Sul;Abalroamento longitudinal;1;0;0;1;0;0;0;0;0;0;1;1;1;0;0
10/07/2018;18:48:00;274;Acidente sem Vítima;531,1;BR-040/MG;Sul;Colisão traseira;0;0;1;1;0;0;0;0;0;0;2;0;0;0;0
10/07/2018;18:17:00;267;Acidente com Vítima;730,01;BR-040/MG;Norte;Queda de Carga;0;0;1;0;0;0;0;0;0;0;0;0;2;1;0
10/07/2018;15:25:00;216;Acidente sem Vítima;63,5;BR-040/MG;Norte;Queda de Carga;1;0;0;0;0;0;0;0;0;0;2;0;0;0;0
10/07/2018;13:48:00;191;Acidente com Vítima;389;BR-040/MG;Norte;Choque com objeto fixo;1;0;0;0;0;0;0;0;0;0;0;1;0;0;0
10/07/2018;13:38:00;189;Acidente sem Vítima;474,7;BR-040/MG;Sul;Choque em defensa;0;0;1;0;0;0;0;0;0;0;1;0;0;0;0
10/07/2018;11:33:00;163;Acidente sem Vítima;16,7;BR-040/MG;Sul;Colisão traseira;2;0;0;0;0;0;0;0;0;0;4;0;0;0;0
10/07/2018;09:56:00;145;Acidente com Vítima;464,5;BR-040/MG;Norte;Choque em defensa;0;0;0;0;0;0;0;0;0;1;0;1;0;0;0
10/07/2018;09:09:00;134;Acidente com Vítima;145;BR-040/MG;Norte;Abalroamento transversal;2;0;0;0;0;0;0;0;0;0;4;1;1;0;0
10/07/2018;06:10:00;82;Acidente com Vítima;605;BR-040/MG;Norte;Queda de Moto;0;0;0;1;0;0;0;0;0;0;1;0;1;0;0
10/07/2018;06:01:00;80;Acidente com Vítima;7,1;BR-040/GO;Norte;Queda de Moto;1;0;0;1;0;0;0;0;0;0;2;1;0;0;0
10/07/2018;05:56:00;79;Acidente sem Vítima;570;BR-040/MG;Sul;Colisão traseira;0;0;2;0;0;0;0;0;0;0;2;0;0;0;0
09/07/2018;20:19:00;303;Acidente com Vítima;513,96;BR-040/MG;Sul;Queda de Moto;0;0;0;1;0;0;0;0;0;0;0;1;0;0;0
09/07/2018;18:10:00;271;Acidente sem Vítima;506,3;BR-040/MG;Sul;Colisão traseira;2;0;0;0;0;0;0;0;0;0;3;0;0;0;0
09/07/2018;16:43:00;253;Acidente sem Vítima;443,5;BR-040/MG;Sul;Capotamento;1;0;0;0;0;0;0;0;0;0;5;0;0;0;0
09/07/2018;16:03:00;240;Acidente sem Vítima;43,001;BR-040/MG;Norte;Colisão traseira;3;0;0;0;0;0;0;0;0;0;3;0;0;0;0
09/07/2018;14:01:00;208;Atropelamento sem Morte;7;BR-040/GO;Sul;Atropelamento de pedestre atravessando;1;0;0;0;0;0;0;0;0;0;1;1;0;0;0
09/07/2018;08:47:00;127;Acidente com Vítima;517,1;BR-040/MG;Sul;Queda de Moto;0;0;0;1;0;0;0;0;0;0;0;1;0;0;0
09/07/2018;06:34:00;86;Acidente com Vítima;515,1;BR-040/MG;Sul;Colisão traseira;0;0;1;1;0;0;0;0;0;0;2;1;0;0;0
09/07/2018;05:57:00;83;Acidente sem Vítima;700,132;BR-040/MG;Norte;Choque em barreira New Jersey;1;0;0;0;0;0;0;0;0;0;1;0;0;0;0
08/07/2018;23:30:00;261;Acidente sem Vítima;563,1;BR-040/MG;Sul;Colisão traseira;0;0;1;0;0;1;0;0;0;0;2;0;0;0;0
08/07/2018;21:08:00;247;Acidente com Vítima;8,4;BR-040/GO;Norte;Capotamento;1;0;0;0;0;0;0;0;0;0;1;0;0;0;0
08/07/2018;19:44:00;231;Acidente com Vítima;473,1;BR-040/MG;Sul;Queda de Moto;0;0;0;1;0;0;0;0;0;0;0;1;0;0;0
08/07/2018;18:15:00;199;Acidente sem Vítima;551;BR-040/MG;Norte;Colisão traseira;3;0;0;0;0;0;0;0;0;0;7;0;0;0;0
08/07/2018;17:42:00;186;Acidente sem Vítima;510,2;BR-040/MG;Sul;Colisão traseira;3;0;0;0;0;0;0;0;0;0;8;0;0;0;0
08/07/2018;16:42:00;171;Acidente sem Vítima;2;BR-040/GO;Norte;Colisão traseira;3;0;0;0;0;0;0;0;0;0;3;0;0;0;0
08/07/2018;16:39:00;170;Acidente com Vítima;0,8;BR-040/GO;Norte;Choque com objeto fixo;3;0;0;0;0;0;0;0;0;0;2;0;0;0;0
08/07/2018;16:04:00;157;Acidente sem Vítima;532,1;BR-040/MG;Sul;Queda de Moto;0;0;0;1;0;0;0;0;0;0;1;0;0;0;0
08/07/2018;14:19:00;126;Acidente sem Vítima;758,1;BR-040/MG;Norte;Abalroamento longitudinal;1;0;0;0;0;1;0;0;0;0;3;0;0;0;0
08/07/2018;14:00:00;124;Acidente sem Vítima;509,1;BR-040/MG;Norte;Abalroamento longitudinal;0;0;2;0;0;0;0;0;0;0;2;0;0;0;0
08/07/2018;11:47:00;94;Acidente sem Vítima;18,474;BR-040/GO;Sul;Capotamento;1;0;0;0;0;0;0;0;0;0;1;0;0;0;0
08/07/2018;09:00:00;56;Acidente com Vítima;526,1;BR-040/MG;Norte;Colisão frontal;1;0;0;1;0;0;0;0;0;0;2;1;0;0;0
08/07/2018;08:42:00;50;Acidente sem Vítima;546,1;BR-040/MG;Norte;Colisão traseira;2;0;0;0;0;0;0;0;0;0;2;0;0;0;0
08/07/2018;05:26:00;27;Acidente sem Vítima;628,4;BR-040/MG;Sul;Abalroamento transversal;2;0;0;0;0;0;0;0;0;0;2;0;0;0;0
08/07/2018;04:11:00;21;Acidente sem Vítima;521,1;BR-040/MG;Norte;Choque com objeto fixo;1;0;0;0;0;0;0;0;0;0;1;0;0;0;0
08/07/2018;01:00:00;7;Acidente com Vítima;7,1;BR-040/GO;Sul;Colisão traseira;1;0;0;1;0;0;0;0;0;0;1;1;0;0;0
07/07/2018;21:41:00;273;Atropelamento sem Morte;0,042;BR-040/GO;Norte;Atropelamento de pedestre atravessando;0;0;0;0;0;0;0;0;0;0;0;0;0;1;0
07/07/2018;20:04:00;255;Acidente com Vítima;1,5;BR-040/GO;Sul;Colisão traseira;2;0;0;0;0;0;0;0;0;0;5;1;0;0;0
07/07/2018;18:38:00;239;Acidente com Vítima;675,6;BR-040/MG;Sul;Choque com objeto fixo;0;0;1;0;0;0;0;0;0;0;0;1;0;0;0
07/07/2018;17:30:00;218;Acidente com Vítima;434,4;BR-040/MG;Norte;Abalroamento longitudinal;1;0;0;1;0;0;0;0;0;0;1;1;0;0;0