data;horario;n_da_ocorrencia;tipo_de_ocorrencia;km;trecho;sentido;tipo_de_acidente;automovel;bicicleta;caminhao;moto;onibus;outros;tracao_animal;transporte_de_cargas_especiais;trator_maquinas;utilitarios;ilesos;levemente_feridos;moderadamente_feridos;gravemente_feridos;mortos
31/10/2018;07:43:00;132;Acidente sem Vítima;523,1;BR-040/MG;Norte;Abalroamento longitudinal;1;0;0;1;0;0;0;0;0;0;4;0;0;0;0
31/10/2018;00:53:00;14;Acidente com Vítima;604,8;BR-040/MG;Sul;Choque com objeto fixo;1;0;0;0;0;0;0;0;0;0;0;0;0;1;0
30/10/2018;20:02:00;383;Acidente com Vítima;465,1;BR-040/MG;Sul;Colisão traseira;2;0;0;0;0;0;0;0;0;0;3;1;0;0;0
30/10/2018;18:47:00;366;Acidente com Vítima;633,1;BR-040/MG;Sul;Abalroamento transversal;1;0;0;1;0;0;0;0;0;0;5;0;1;0;0
30/10/2018;17:29:00;351;Acidente com Vítima;0;Fora_Rota;Leste;Colisão frontal;0;0;0;0;0;0;0;0;0;0;0;2;0;0;0
30/10/2018;14:16:00;291;Acidente sem Vítima;2,2;BR-040/GO;Sul;Colisão traseira;2;0;0;0;0;0;0;0;0;0;2;0;0;0;0
30/10/2018;14:06:00;286;Acidente com Vítima;118,2;BR-040/GO;Norte;Capotamento;1;0;0;0;0;0;0;0;0;0;0;0;0;2;0
30/10/2018;12:11:00;252;Acidente com Vítima;466,1;BR-040/MG;Norte;Queda de Moto;0;0;0;1;0;0;0;0;0;0;0;1;0;0;0
30/10/2018;09:28:00;174;Acidente sem Vítima;542,1;BR-040/MG;Sul;Colisão traseira;3;0;0;0;0;0;0;0;0;0;3;0;0;0;0
30/10/2018;08:20:00;138;Acidente sem Vítima;533,1;BR-040/MG;Sul;Colisão traseira;2;0;0;0;0;0;0;0;0;0;2;0;0;0;0
30/10/2018;05:41:00;79;Acidente com Vítima;656,317;BR-040/MG;Norte;Choque em barreira New Jersey;1;0;0;0;0;0;0;0;0;0;1;1;0;0;0
30/10/2018;04:24:00;78;Acidente sem Vítima;587,147;BR-040/MG;Sul;Queda de Carga;0;0;1;0;0;0;0;0;0;0;1;0;0;0;0
30/10/2018;03:00:00;74;Acidente sem Vítima;708,1;BR-040/MG;Sul;Colisão traseira;0;0;2;0;0;0;0;0;0;0;2;0;0;0;0
29/10/2018;21:04:00;313;Atropelamento com Morte;498,45;BR-040/MG;Sul;Atropelamento de ciclista;1;1;0;0;0;0;0;0;0;0;1;0;0;0;1
29/10/2018;19:55:00;299;Atropelamento sem Morte;503,8;BR-040/MG;Sul;Atropelamento de pedestre atravessando;0;0;0;1;0;0;0;0;0;0;1;2;0;0;0
29/10/2018;18:34:00;279;Acidente sem Vítima;668,594;BR-040/MG;Norte;Abalroamento longitudinal;1;0;1;0;0;0;0;0;0;0;2;0;0;0;0
29/10/2018;17:38:00;267;Acidente sem Vítima;42,95;BR-040/GO;Sul;Capotamento;1;0;0;0;0;0;0;0;0;0;1;0;0;0;0
29/10/2018;14:19:00;218;Acidente sem Vítima;455,5;BR-040/MG;Norte;Choque com objeto fixo;0;0;1;0;0;0;0;0;0;0;1;0;0;0;0
29/10/2018;13:44:00;212;Acidente sem Vítima;504,01;BR-040/MG;Sul;Queda de Carga;1;0;0;0;0;0;0;0;0;0;1;0;0;0;0
29/10/2018;12:55:00;203;Acidente com Vítima;93,001;BR-040/GO;Norte;Colisão traseira;2;0;0;0;0;0;0;0;0;0;3;1;0;0;0
29/10/2018;09:45:00;151;Acidente com Vítima;525,3;BR-040/MG;Sul;Colisão traseira;1;0;0;0;2;0;0;0;0;0;3;11;1;0;0
29/10/2018;06:38:00;102;Acidente sem Vítima;514,25;BR-040/MG;Sul;Colisão traseira;4;0;0;0;0;0;0;0;0;0;4;0;0;0;0
29/10/2018;06:10:00;92;Acidente com Morte;53,6;BR-040/GO;Sul;Capotamento;1;0;0;0;0;0;0;0;0;0;0;0;0;0;1
29/10/2018;04:12:00;74;Acidente sem Vítima;29,7;BR-040/GO;Norte;Choque em barreira New Jersey;1;0;0;0;0;0;0;0;0;0;1;0;0;0;0
29/10/2018;00:00:00;1;Acidente sem Vítima;2,6;BR-040/GO;Norte;Colisão traseira;2;0;0;0;0;0;0;0;0;0;2;0;0;0;0
28/10/2018;22:14:00;215;Acidente com Vítima;10;BR-040/GO;Norte;Capotamento;1;0;0;0;0;0;0;0;0;0;0;0;1;0;0
28/10/2018;19:55:00;181;Acidente sem Vítima;674,79;BR-040/MG;Norte;Choque em defensa;1;0;0;0;0;0;0;0;0;0;1;0;0;0;0
28/10/2018;15:12:00;115;Acidente com Vítima;78,8;BR-040/MG;Norte;Colisão frontal;3;0;0;1;0;0;0;0;0;0;4;0;3;0;0
28/10/2018;12:39:00;93;Acidente sem Vítima;533;BR-040/MG;Norte;Abalroamento longitudinal;1;0;1;0;0;0;0;0;0;0;2;0;0;0;0
28/10/2018;12:32:00;89;Atropelamento sem Morte;509;BR-040/MG;Sul;Atropelamento de ciclista;1;1;0;0;0;0;0;0;0;0;2;1;0;0;0
28/10/2018;10:02:00;56;Acidente sem Vítima;660,01;BR-040/MG;Norte;Choque com objeto fixo;1;0;0;0;0;0;0;0;0;0;1;0;0;0;0
28/10/2018;06:46:00;22;Acidente sem Vítima;299,8;BR-040/MG;Norte;Choque com objeto fixo;1;0;0;0;0;0;0;0;0;0;2;0;0;0;0
28/10/2018;00:29:00;4;Acidente sem Vítima;483,12;BR-040/MG;Norte;Choque com objeto fixo;1;0;0;0;0;0;0;0;0;0;1;0;0;0;0
27/10/2018;21:42:00;322;Acidente com Vítima;519,1;BR-040/MG;Norte;Abalroamento longitudinal;1;0;0;1;0;0;0;0;0;0;1;0;1;0;0
27/10/2018;21:21:00;319;Acidente sem Vítima;9,9;BR-040/GO;Sul;Capotamento;1;0;0;0;0;0;0;0;0;0;1;0;0;0;0
27/10/2018;20:14:00;311;Acidente sem Vítima;730,1;BR-040/MG;Norte;Choque em barreira New Jersey;1;0;0;0;0;0;0;0;0;0;1;0;0;0;0
27/10/2018;18:54:00;300;Acidente sem Vítima;12,6;BR-040/GO;Sul;Colisão traseira;2;0;0;0;0;1;0;0;0;0;3;0;0;0;0
27/10/2018;18:49:00;296;Acidente sem Vítima;760,9;BR-040/MG;Sul;Choque com objeto fixo;1;0;0;0;0;0;0;0;0;0;2;0;0;0;0
27/10/2018;18:39:00;294;Acidente sem Vítima;8,9;BR-040/GO;Sul;Colisão traseira;1;0;0;0;0;0;0;0;0;0;1;0;0;0;0
27/10/2018;17:53:00;289;Acidente com Vítima;561,1;BR-040/MG;Norte;Queda de Moto;0;0;0;1;0;0;0;0;0;0;0;1;0;0;0
27/10/2018;17:18:00;277;Acidente sem Vítima;622,3;BR-040/MG;Sul;Colisão frontal;2;0;0;0;0;0;0;0;0;0;3;0;0;0;0
27/10/2018;15:29:00;230;Acidente sem Vítima;453,1;BR-040/MG;Norte;Choque com objeto fixo;2;0;0;0;0;0;0;0;0;0;2;0;0;0;0
27/10/2018;15:09:00;221;Acidente sem Vítima;750;BR-040/MG;Norte;Choque com objeto fixo;1;0;0;0;0;0;0;0;0;0;4;0;0;0;0
27/10/2018;14:55:00;215;Acidente sem Vítima;720,5;BR-040/MG;Norte;Colisão traseira;2;0;0;0;0;0;0;0;0;0;2;0;0;0;0
27/10/2018;14:20:00;201;Acidente sem Vítima;514,1;BR-040/MG;Sul;Choque com objeto na pista;0;0;1;1;0;0;0;0;0;0;2;0;0;0;0
27/10/2018;13:55:00;185;Acidente com Vítima;470,1;BR-040/MG;Norte;Choque com objeto fixo;0;0;1;0;0;0;0;0;0;0;1;1;0;0;0
27/10/2018;12:21:00;157;Acidente sem Vítima;520,15;BR-040/MG;Sul;Queda de Moto;0;0;0;1;0;0;0;0;0;0;1;0;0;0;0
27/10/2018;12:13:00;154;Acidente com Vítima;43;BR-040/MG;Sul;Abalroamento transversal;1;0;0;1;0;0;0;0;0;0;2;0;2;0;0
27/10/2018;04:37:00;53;Acidente com Vítima;535,5;BR-040/MG;Sul;Capotamento;1;0;0;0;0;0;0;0;0;0;0;0;0;1;0
27/10/2018;02:39:00;44;Acidente com Vítima;729,8;BR-040/MG;Sul;Colisão traseira;1;0;0;0;1;0;0;0;0;0;19;0;1;0;0
27/10/2018;01:23:00;34;Acidente sem Vítima;546,1;BR-040/MG;Norte;Abalroamento transversal;2;0;0;0;0;0;0;0;0;0;2;0;0;0;0
26/10/2018;23:50:00;389;Acidente sem Vítima;2,8;BR-040/GO;Sul;Colisão traseira;2;0;0;0;0;0;0;0;0;0;2;0;0;0;0
26/10/2018;22:32:00;377;Acidente sem Vítima;556,309;BR-040/MG;Norte;Choque com objeto fixo;0;0;1;0;0;0;0;0;0;0;1;0;0;0;0
26/10/2018;22:11:00;368;Acidente sem Vítima;728;BR-040/MG;Norte;Capotamento;1;0;0;0;0;0;0;0;0;0;3;0;0;0;0
26/10/2018;19:28:00;332;Acidente sem Vítima;521,5;BR-040/MG;Norte;Choque com objeto fixo;1;0;1;0;0;0;0;0;0;0;2;0;0;0;0
26/10/2018;18:46:00;315;Atropelamento sem Morte;95,1;BR-040/GO;Sul;Atropelamento de ciclista;0;0;1;0;0;0;0;0;0;0;2;0;0;0;0
26/10/2018;15:38:00;265;Acidente com Vítima;689,3;BR-040/MG;Norte;Colisão traseira;2;0;0;0;0;0;0;0;0;0;5;1;2;0;0
26/10/2018;15:07:00;261;Acidente com Vítima;7,85;BR-040/GO;Norte;Abalroamento transversal;1;0;0;1;0;0;0;0;0;0;2;1;0;0;0
26/10/2018;14:34:00;250;Acidente sem Vítima;526,1;BR-040/MG;Norte;Choque em defensa;1;0;0;0;0;0;0;0;0;0;1;0;0;0;0
26/10/2018;13:39:00;235;Acidente sem Vítima;530,1;BR-040/MG;Sul;Abalroamento longitudinal;2;0;0;0;0;0;0;0;0;0;2;0;0;0;0
26/10/2018;12:34:00;210;Acidente sem Vítima;565,8;BR-040/MG;Norte;Choque com objeto fixo;2;0;0;0;0;0;0;0;0;0;2;0;0;0;0
26/10/2018;12:01:00;203;Acidente com Vítima;771,2;BR-040/MG;Norte;Queda de Moto;0;0;0;1;0;0;0;0;0;0;0;1;0;0;0
26/10/2018;11:25:00;193;Acidente com Vítima;636;BR-040/MG;Sul;Capotamento;1;0;0;0;0;0;0;0;0;0;0;1;0;0;0
26/10/2018;03:37:00;81;Acidente sem Vítima;752,01;BR-040/MG;Sul;Choque com objeto fixo;0;0;1;0;0;0;0;0;0;0;1;0;0;0;0
25/10/2018;23:55:00;376;Acidente sem Vítima;705,4;BR-040/MG;Norte;Choque em barreira New Jersey;1;0;0;0;0;0;0;0;0;0;1;0;0;0;0
25/10/2018;21:56:00;354;Acidente com Vítima;1,5;BR-040/GO;Sul;Atropelamento de animal;0;0;0;1;0;0;0;0;0;0;0;0;1;0;0
25/10/2018;21:02:00;346;Acidente com Morte;690,371;BR-040/MG;Norte;Queda de Moto;0;0;0;1;0;0;0;0;0;0;0;0;0;0;1
25/10/2018;20:41:00;338;Acidente sem Vítima;518,4;BR-040/MG;Norte;;1;0;0;0;0;0;0;0;0;0;1;0;0;0;0
25/10/2018;20:32:00;333;Acidente com Vítima;33,3;BR-040/GO;Sul;Capotamento;1;0;0;0;0;0;0;0;0;0;0;0;0;0;0
25/10/2018;18:48:00;307;Acidente com Vítima;2,3;BR-040/DF;Sul;Colisão traseira;1;0;0;1;0;0;0;0;0;0;2;0;1;0;0
25/10/2018;18:35:00;302;Acidente com Vítima;654,86;BR-040/MG;Norte;Choque em barreira New Jersey;2;0;0;0;0;0;0;0;0;0;4;2;0;0;0
25/10/2018;18:16:00;295;Acidente com Vítima;5,3;BR-040/GO;Norte;Abalroamento transversal;3;0;0;0;0;0;0;0;0;0;2;1;1;0;0
25/10/2018;16:33:00;266;Acidente sem Vítima;97,4;BR-040/GO;Sul;Choque com objeto fixo;1;0;0;0;0;0;0;0;0;0;1;0;0;0;0
25/10/2018;16:27:00;263;Acidente sem Vítima;735;BR-040/MG;Norte;Choque em defensa;1;0;0;0;0;0;0;0;0;0;2;0;0;0;0
25/10/2018;16:27:00;271;Acidente sem Vítima;735;BR-040/MG;Norte;Colisão traseira;1;0;0;0;0;0;0;0;0;0;1;0;0;0;0
25/10/2018;16:06:00;255;Acidente sem Vítima;59;BR-040/GO;Norte;Choque com objeto fixo;1;0;0;0;0;0;0;0;0;0;1;0;0;0;0
25/10/2018;16:01:00;252;Acidente sem Vítima;738;BR-040/MG;Norte;Choque com objeto fixo;1;0;0;0;0;0;0;0;0;0;1;0;0;0;0
25/10/2018;12:59:00;195;Acidente sem Vítima;735,5;BR-040/MG;Sul;Choque com objeto fixo;1;0;0;0;0;0;0;0;0;0;1;0;0;0;0
25/10/2018;07:41:00;118;Acidente com Vítima;6,2;BR-040/DF;Norte;Colisão traseira;0;0;0;1;0;0;0;0;0;0;0;1;0;0;0
24/10/2018;20:50:00;316;Acidente sem Vítima;449;BR-040/MG;Norte;Choque em defensa;0;0;1;0;0;0;0;0;0;0;1;0;0;0;0
24/10/2018;20:03:00;308;Acidente sem Vítima;515;BR-040/MG;Norte;Abalroamento longitudinal;1;0;0;1;0;0;0;0;0;0;2;0;0;0;0
24/10/2018;20:00:00;305;Acidente sem Vítima;449;BR-040/MG;Norte;Choque em defensa;1;0;0;0;0;1;0;0;0;0;1;0;0;0;0
24/10/2018;19:08:00;285;Acidente sem Vítima;299,15;BR-040/MG;Sul;Capotamento;1;0;0;0;0;0;0;0;0;0;3;0;0;0;0
24/10/2018;18:55:00;283;Acidente com Vítima;537,22;BR-040/MG;Norte;Colisão traseira;1;0;0;1;0;0;0;0;0;0;1;1;0;0;0
24/10/2018;18:27:00;273;Acidente com Vítima;50,4;BR-040/MG;Sul;Abalroamento longitudinal;2;0;0;0;0;0;0;0;0;0;2;1;0;0;0
24/10/2018;17:41:00;260;Acidente sem Vítima;656,3;BR-040/MG;Norte;Choque com objeto fixo;1;0;0;0;0;0;0;0;0;0;4;0;0;0;0
24/10/2018;14:23:00;200;Acidente sem Vítima;5;BR-040/DF;Sul;Abalroamento longitudinal;2;0;0;0;0;0;0;0;0;0;2;0;0;0;0
24/10/2018;12:02:00;175;Acidente sem Vítima;8,9;BR-040/GO;Norte;Choque com objeto fixo;0;0;0;0;0;1;0;0;0;0;1;0;0;0;0
24/10/2018;10:15:00;153;Acidente com Vítima;652,3;BR-040/MG;Norte;Abalroamento longitudinal;1;0;0;1;0;1;0;0;0;0;3;0;1;0;0
24/10/2018;09:18:00;136;Acidente sem Vítima;1,5;BR-040/DF;Norte;Colisão traseira;3;0;0;0;0;0;0;0;0;0;3;0;0;0;0
24/10/2018;07:15:00;104;Acidente sem Vítima;542,2;BR-040/MG;Sul;Colisão traseira;2;0;0;0;0;0;0;0;0;0;2;0;0;0;0
24/10/2018;06:19:00;96;Acidente com Vítima;544,05;BR-040/MG;Sul;Colisão traseira;0;0;0;1;1;0;0;0;0;0;2;1;0;0;0
24/10/2018;06:18:00;94;Acidente com Vítima;544,2;BR-040/MG;Sul;Queda de Moto;0;0;0;1;0;0;0;0;0;0;0;1;0;0;0
23/10/2018;19:57:00;297;Acidente com Vítima;519,1;BR-040/MG;Sul;Queda de Moto;0;0;0;1;0;0;0;0;0;0;0;0;1;0;0
23/10/2018;18:52:00;283;Acidente com Vítima;511,95;BR-040/MG;Sul;Colisão traseira;1;0;0;1;0;0;0;0;0;0;1;0;1;0;0
23/10/2018;18:07:00;268;Acidente com Vítima;526,3;BR-040/MG;Sul;Abalroamento longitudinal;0;0;0;2;0;0;0;0;0;0;0;2;0;0;0
23/10/2018;17:17:00;257;Acidente sem Vítima;42,8;BR-040/MG;Norte;Abalroamento transversal;1;0;0;0;0;1;0;0;0;0;2;0;0;0;0
23/10/2018;16:45:00;251;Acidente sem Vítima;90,1;BR-040/GO;Norte;Capotamento;1;0;0;0;0;0;0;0;0;0;1;0;0;0;0
23/10/2018;13:52:00;208;Acidente com Vítima;5,15;BR-040/GO;Sul;Abalroamento transversal;1;0;1;0;0;0;0;0;0;0;29;2;0;0;0
23/10/2018;12:31:00;192;Acidente sem Vítima;598;BR-040/MG;Norte;Colisão traseira;0;0;2;0;0;0;0;0;0;0;31;0;0;0;0
23/10/2018;10:09:00;149;Acidente com Vítima;494,1;BR-040/MG;Norte;Queda de Carga;2;0;0;0;0;1;0;0;0;0;3;0;0;0;0
23/10/2018;09:47:00;144;Acidente com Vítima;8,2;BR-040/DF;Norte;Abalroamento longitudinal;1;0;0;1;0;0;0;0;0;0;3;1;0;0;0
23/10/2018;08:54:00;126;Acidente sem Vítima;468,1;BR-040/MG;Norte;Colisão traseira;1;0;1;0;0;0;0;0;0;0;2;0;0;0;0
23/10/2018;07:45:00;104;Acidente com Vítima;92,5;BR-040/GO;Norte;Abalroamento transversal;1;0;1;0;0;0;0;0;0;0;1;0;0;0;0
23/10/2018;07:29:00;95;Acidente com Vítima;0,3;BR-040/GO;Norte;Colisão traseira;1;0;0;1;0;0;0;0;0;0;1;0;1;0;0
22/10/2018;22:05:00;338;Acidente sem Vítima;132,1;BR-040/GO;Sul;Choque com objeto fixo;1;0;0;0;0;0;0;0;0;0;1;0;0;0;0
22/10/2018;19:34:00;311;Acidente sem Vítima;609;BR-040/MG;Sul;Abalroamento longitudinal;0;0;2;0;0;0;0;0;0;0;2;0;0;0;0
22/10/2018;16:24:00;259;Acidente sem Vítima;496,8;BR-040/MG;Norte;Colisão traseira;0;0;2;0;0;0;0;0;0;0;2;0;0;0;0
22/10/2018;13:26:00;215;Acidente com Vítima;504,1;BR-040/MG;Sul;Colisão traseira;0;0;2;0;0;1;0;0;0;0;3;1;0;0;0
22/10/2018;08:46:00;139;Acidente sem Vítima;544,1;BR-040/MG;Norte;Abalroamento longitudinal;2;0;0;0;0;0;0;0;0;0;2;0;0;0;0
22/10/2018;08:14:00;125;Acidente com Vítima;509,1;BR-040/MG;Norte;Choque com objeto fixo;1;0;0;0;0;0;0;0;0;0;0;1;0;0;0
22/10/2018;07:46:00;115;Acidente com Vítima;514,5;BR-040/MG;Sul;Colisão traseira;1;0;0;1;0;0;0;0;0;0;1;1;0;0;0
22/10/2018;07:43:00;113;Acidente sem Vítima;528,1;BR-040/MG;Sul;Colisão traseira;1;0;1;0;0;0;0;0;0;0;2;0;0;0;0
22/10/2018;07:05:00;99;Acidente sem Vítima;512,1;BR-040/MG;Sul;Colisão traseira;2;0;0;0;0;0;0;0;0;0;2;0;0;0;0
22/10/2018;06:53:00;95;Atropelamento sem Morte;516,1;BR-040/MG;Sul;Atropelamento de pedestre atravessando;1;0;0;0;0;0;0;0;0;0;5;0;1;0;0
22/10/2018;04:39:00;77;Acidente sem Vítima;55,5;BR-040/GO;Sul;Outros;1;0;0;0;0;0;0;0;0;0;1;0;0;0;0
22/10/2018;03:57:00;75;Acidente sem Vítima;540,2;BR-040/MG;Sul;Choque com objeto fixo;1;0;0;0;0;0;0;0;0;0;2;0;0;0;0
21/10/2018;21:40:00;247;Acidente sem Vítima;523,01;BR-040/MG;Sul;Abalroamento longitudinal;2;0;0;0;0;0;0;0;0;0;3;0;0;0;0
21/10/2018;20:13:00;224;Acidente sem Vítima;509,01;BR-040/MG;Sul;Choque com objeto fixo;1;0;0;0;0;0;0;0;0;0;1;0;0;0;0
21/10/2018;19:53:00;220;Acidente sem Vítima;753,676;BR-040/MG;Sul;Atropelamento de animal;0;0;0;1;0;0;0;0;0;0;2;0;0;0;0
21/10/2018;19:12:00;212;Acidente sem Vítima;510,8;BR-040/MG;Sul;Colisão traseira;1;0;1;0;0;0;0;0;0;0;3;0;0;0;0
21/10/2018;19:08:00;210;Acidente sem Vítima;510,7;BR-040/MG;Sul;Colisão traseira;2;0;0;0;0;0;0;0;0;0;2;0;0;0;0
21/10/2018;18:52:00;202;Acidente sem Vítima;517,5;BR-040/MG;Sul;Colisão traseira;3;0;0;0;0;0;0;0;0;0;5;0;0;0;0
21/10/2018;18:43:00;200;Acidente com Vítima;541,04;BR-040/MG;Norte;Colisão traseira;2;0;1;0;0;0;0;0;0;0;1;1;0;0;0
21/10/2018;17:50:00;181;Acidente sem Vítima;589,932;BR-040/MG;Norte;Abalroamento transversal;2;0;0;0;0;0;0;0;0;0;5;0;0;0;0
21/10/2018;17:01:00;164;Acidente sem Vítima;49;BR-040/MG;Norte;Queda de Moto;1;0;0;0;0;0;0;0;0;0;1;0;0;0;0
21/10/2018;15:41:00;149;Acidente com Vítima;111;BR-040/GO;Norte;Choque em defensa;1;0;0;0;0;0;0;0;0;0;0;1;1;0;0
21/10/2018;15:24:00;141;Acidente sem Vítima;539,1;BR-040/MG;Norte;Capotamento;1;0;0;0;0;0;0;0;0;0;4;0;0;0;0
21/10/2018;14:41:00;127;Acidente sem Vítima;507,3;BR-040/MG;Norte;Colisão traseira;2;0;0;0;0;0;0;0;0;0;2;0;0;0;0
21/10/2018;12:50:00;107;Acidente com Vítima;1,7;BR-040/GO;Norte;Queda de Moto;0;0;0;1;0;0;0;0;0;0;0;2;0;0;0
21/10/2018;12:38:00;106;Acidente sem Vítima;448,65;BR-040/MG;Norte;Abalroamento longitudinal;1;0;1;0;0;0;0;0;0;0;2;0;0;0;0
21/10/2018;11:15:00;86;Acidente sem Vítima;588;BR-040/MG;Sul;Colisão frontal;2;0;0;0;0;0;0;0;0;0;2;0;0;0;0
21/10/2018;07:39:00;39;Acidente sem Vítima;697;BR-040/MG;Sul;Choque com objeto fixo;1;0;0;0;0;0;0;0;0;0;2;0;0;0;0
21/10/2018;06:52:00;27;Acidente sem Vítima;718,1;BR-040/MG;Norte;Outros;0;0;0;0;1;0;0;0;0;0;1;0;0;0;0
21/10/2018;04:06:00;15;Acidente sem Vítima;664,654;BR-040/MG;Norte;Capotamento;1;0;0;0;0;0;0;0;0;0;1;0;0;0;0
20/10/2018;23:05:00;316;Acidente sem Vítima;503,8;BR-040/MG;Norte;Atropelamento de animal;1;0;0;0;0;0;0;0;0;0;3;0;0;0;0
20/10/2018;22:09:00;309;Acidente com Vítima;618,9;BR-040/MG;Norte;Queda de Moto;0;0;0;1;0;0;0;0;0;0;0;0;0;1;0
20/10/2018;20:37:00;291;Acidente sem Vítima;524,8;BR-040/MG;Norte;Colisão traseira;2;0;0;0;0;0;0;0;0;0;3;0;0;0;0
20/10/2018;19:34:00;272;Acidente com Vítima;549,245;BR-040/MG;Norte;Capotamento;1;0;0;0;0;0;0;0;0;0;0;0;1;0;0
20/10/2018;19:11:00;265;Acidente sem Vítima;506,4;BR-040/MG;Norte;Colisão traseira;1;0;0;0;0;0;0;0;0;0;2;0;0;0;0
20/10/2018;18:17:00;251;Acidente com Vítima;1,5;BR-040/GO;Norte;Colisão traseira;1;0;0;1;0;0;0;0;0;0;1;1;0;0;0
20/10/2018;13:35:00;193;Acidente com Vítima;133,001;BR-040/MG;Norte;Capotamento;1;0;0;0;0;0;0;0;0;0;2;1;0;0;0
20/10/2018;12:29:00;176;Acidente sem Vítima;633,5;BR-040/MG;Norte;Abalroamento longitudinal;1;0;0;1;0;0;0;0;0;0;2;0;1;0;0
20/10/2018;08:29:00;93;Acidente sem Vítima;487,2;BR-040/MG;Norte;Colisão traseira;2;0;0;0;0;0;0;0;0;0;2;0;0;0;0
20/10/2018;03:18:00;47;Acidente sem Vítima;350,8;BR-040/MG;Norte;Atropelamento de animal;1;0;1;0;0;0;0;0;0;0;4;0;0;0;0
20/10/2018;01:13:00;19;Acidente sem Vítima;504,6;BR-040/MG;Sul;Outros;1;0;0;0;0;0;0;0;0;0;2;0;0;0;0
20/10/2018;00:21:00;15;Acidente sem Vítima;1,2;BR-040/GO;Norte;Colisão traseira;1;0;0;0;0;0;0;0;0;0;4;0;0;0;0
19/10/2018;23:28:00;376;Acidente com Vítima;71,5;BR-040/GO;Norte;Capotamento;1;0;0;0;0;0;0;0;0;0;2;1;1;0;0
19/10/2018;20:09:00;339;Acidente sem Vítima;749;BR-040/MG;Norte;Capotamento;1;0;0;0;0;0;0;0;0;0;2;0;0;0;0
19/10/2018;19:43:00;338;Atropelamento sem Morte;314,7;BR-040/MG;Sul;Atropelamento de pedestre atravessando;0;0;1;0;0;0;0;0;0;0;1;1;0;0;0
19/10/2018;19:19:00;332;Acidente sem Vítima;517,1;BR-040/MG;Sul;;1;0;0;0;0;0;0;0;0;0;2;0;0;0;0
19/10/2018;18:01:00;309;Acidente sem Vítima;541,4;BR-040/MG;Norte;Colisão traseira;3;0;0;0;0;0;0;0;0;0;3;0;0;0;0
19/10/2018;12:56:00;205;Acidente sem Vítima;469,1;BR-040/MG;Norte;Queda de Carga;1;0;0;0;0;0;0;0;0;0;1;0;0;0;0
19/10/2018;11:49:00;189;Acidente sem Vítima;751,5;BR-040/MG;Sul;Choque com objeto fixo;1;0;0;0;0;0;0;0;0;0;1;0;0;0;0
19/10/2018;08:42:00;133;Acidente sem Vítima;5,5;BR-040/GO;Norte;Colisão traseira;2;0;0;0;0;0;0;0;0;0;3;0;0;0;0
19/10/2018;07:36:00;116;Acidente sem Vítima;525,1;BR-040/MG;Sul;Queda de Moto;1;0;0;0;0;0;0;0;0;0;1;0;0;0;0
19/10/2018;07:15:00;110;Acidente sem Vítima;523,8;BR-040/MG;Norte;Abalroamento longitudinal;1;0;0;1;0;0;0;0;0;0;2;0;0;0;0
19/10/2018;05:53:00;95;Acidente sem Vítima;41,1;BR-040/GO;Sul;Capotamento;1;0;0;0;0;0;0;0;0;0;1;0;0;0;0
19/10/2018;05:20:00;87;Acidente com Vítima;74,11;BR-040/GO;Norte;Choque em defensa;1;0;0;0;0;0;0;0;0;0;2;0;1;0;0
18/10/2018;23:31:00;376;Acidente com Vítima;447,1;BR-040/MG;Norte;Queda de Moto;0;0;0;1;0;0;0;0;0;0;0;1;0;0;0
18/10/2018;22:59:00;373;Acidente sem Vítima;30,1;BR-040/GO;Sul;Capotamento;1;0;0;0;0;0;0;0;0;0;1;0;0;0;0
18/10/2018;22:30:00;367;Atropelamento sem Morte;4,2;BR-040/GO;Norte;Atropelamento de pedestre atravessando;0;0;0;1;0;0;0;0;0;0;1;1;0;0;0
18/10/2018;19:51:00;342;Acidente sem Vítima;98,1;BR-040/MG;Sul;Atropelamento de animal;1;0;0;0;0;0;0;0;0;0;2;0;0;0;0
18/10/2018;18:26:00;317;Acidente sem Vítima;6,5;BR-040/GO;Norte;Colisão traseira;2;0;0;0;0;0;0;0;0;0;2;0;0;0;0
18/10/2018;18:20:00;315;Acidente sem Vítima;720,8;BR-040/MG;Sul;Capotamento;1;0;0;0;0;0;0;0;0;0;1;0;0;0;0
18/10/2018;17:31:00;303;Atropelamento sem Morte;7,7;BR-040/GO;Norte;;1;0;0;0;0;0;0;0;0;0;1;0;1;0;0
18/10/2018;16:47:00;288;Acidente com Vítima;536,5;BR-040/MG;Norte;Choque com objeto fixo;0;0;0;1;0;0;0;0;0;0;0;0;1;0;0
18/10/2018;16:46:00;287;Acidente com Vítima;69;BR-040/GO;Norte;Choque com objeto fixo;0;0;1;0;0;0;0;0;0;0;0;1;0;0;0
18/10/2018;13:58:00;245;Acidente sem Vítima;518,1;BR-040/MG;Norte;Choque com objeto na pista;0;0;0;1;0;0;0;0;0;0;1;0;0;0;0
18/10/2018;13:52:00;242;Acidente sem Vítima;537,4;BR-040/MG;Norte;Choque em defensa;1;0;0;0;0;0;0;0;0;0;1;0;0;0;0