data;horario;n_da_ocorrencia;tipo_de_ocorrencia;km;trecho;sentido;tipo_de_acidente;automovel;bicicleta;caminhao;moto;onibus;outros;tracao_animal;transporte_de_cargas_especiais;trator_maquinas;utilitarios;ilesos;levemente_feridos;moderadamente_feridos;gravemente_feridos;mortos
08/10/2018;16:42:00;225;Acidente sem Vítima;449,12;BR-040/MG;Norte;Capotamento;1;0;0;0;0;0;0;0;0;0;1;0;0;0;0
08/10/2018;09:06:00;121;Acidente sem Vítima;621,4;BR-040/MG;Sul;Colisão traseira;2;0;0;0;0;0;0;0;0;0;3;0;0;0;0
08/10/2018;08:51:00;118;Acidente sem Vítima;587;BR-040/MG;Norte;Colisão traseira;1;0;1;0;1;0;0;0;0;0;7;0;0;0;0
08/10/2018;08:22:00;109;Acidente sem Vítima;549,4;BR-040/MG;Sul;Colisão traseira;2;0;0;0;0;0;0;0;0;0;2;0;0;0;0
07/10/2018;23:49:00;248;Acidente com Vítima;685,9;BR-040/MG;Norte;Colisão traseira;1;0;0;1;0;0;0;0;0;0;1;0;0;1;0
07/10/2018;21:48:00;236;Acidente com Vítima;1,1;BR-040/GO;Sul;Abalroamento longitudinal;2;0;0;0;0;0;0;0;0;0;4;1;0;0;0
07/10/2018;16:48:00;173;Acidente sem Vítima;535,5;BR-040/MG;Sul;Abalroamento longitudinal;3;0;0;0;0;0;0;0;0;0;3;0;0;0;0
07/10/2018;16:27:00;166;Acidente com Vítima;224,5;BR-040/MG;Norte;Queda de Carga;0;0;1;0;0;0;0;0;0;0;0;1;0;0;0
07/10/2018;16:12:00;160;Acidente sem Vítima;764,4;BR-040/MG;Sul;Outros;1;0;0;0;0;0;0;0;0;0;1;0;0;0;0
07/10/2018;14:00:00;123;Acidente sem Vítima;543,1;BR-040/MG;Norte;;1;0;0;0;0;0;0;0;0;0;1;0;0;0;0
07/10/2018;12:42:00;112;Acidente com Vítima;527,1;BR-040/MG;Norte;Colisão traseira;2;0;0;0;0;0;0;0;0;0;2;1;0;0;0
07/10/2018;12:27:00;109;Acidente sem Vítima;493,1;BR-040/MG;Norte;Choque em barreira New Jersey;1;0;0;0;0;0;0;0;0;0;1;0;0;0;0
07/10/2018;12:16:00;105;Acidente sem Vítima;559,16;BR-040/MG;Sul;Colisão traseira;2;0;0;0;0;0;0;0;0;0;2;0;0;0;0
07/10/2018;12:15:00;104;Acidente sem Vítima;509,1;BR-040/MG;Norte;Choque com objeto fixo;0;0;1;0;0;0;0;0;0;0;1;0;0;0;0
07/10/2018;12:05:00;100;Acidente sem Vítima;559,1;BR-040/MG;Sul;Colisão traseira;2;0;0;0;0;0;0;0;0;0;2;0;0;0;0
07/10/2018;11:50:00;93;Acidente sem Vítima;460,3;BR-040/MG;Sul;Queda de Carga;1;0;0;0;0;0;0;0;0;0;1;0;0;0;0
07/10/2018;11:21:00;85;Acidente sem Vítima;493,15;BR-040/MG;Norte;Capotamento;1;0;0;0;0;0;0;0;0;0;2;0;0;0;0
07/10/2018;11:18:00;81;Acidente sem Vítima;475,15;BR-040/MG;Norte;Choque com objeto fixo;1;0;0;0;0;0;0;0;0;0;1;0;0;0;0
07/10/2018;11:04:00;80;Acidente sem Vítima;618,5;BR-040/MG;Norte;Colisão traseira;2;0;0;0;0;0;0;0;0;0;5;0;0;0;0
07/10/2018;10:37:00;71;Acidente sem Vítima;462,1;BR-040/MG;Sul;Choque em defensa;0;0;0;0;0;0;0;0;0;1;1;0;0;0;0
07/10/2018;10:34:00;70;Acidente sem Vítima;465,3;BR-040/MG;Norte;Capotamento;1;0;0;0;0;0;0;0;0;0;2;0;0;0;0
07/10/2018;10:24:00;67;Acidente sem Vítima;483,1;BR-040/MG;Norte;Choque em barreira New Jersey;1;0;0;0;0;0;0;0;0;0;1;0;0;0;0
07/10/2018;10:21:00;66;Acidente sem Vítima;474,1;BR-040/MG;Norte;Abalroamento transversal;2;0;0;0;0;0;0;0;0;0;2;0;0;0;0
07/10/2018;10:18:00;65;Acidente sem Vítima;462,5;BR-040/MG;Norte;Choque com objeto fixo;1;0;0;0;0;0;0;0;0;0;1;0;0;0;0
07/10/2018;07:27:00;46;Acidente sem Vítima;764,3;BR-040/MG;Sul;Choque com objeto fixo;1;0;0;0;0;0;0;0;0;0;1;0;0;0;0
07/10/2018;07:25:00;44;Acidente sem Vítima;621,7;BR-040/MG;Sul;Colisão traseira;2;0;0;0;0;0;0;0;0;0;7;0;0;0;0
07/10/2018;07:00:00;41;Acidente sem Vítima;692,7;BR-040/MG;Sul;Colisão traseira;2;0;0;0;0;0;0;0;0;0;5;0;0;0;0
07/10/2018;06:45:00;37;Acidente com Vítima;0;BR-040/GO;Norte;Queda de Moto;0;0;0;1;0;0;0;0;0;0;1;1;0;0;0
07/10/2018;05:54:00;28;Acidente com Vítima;276,4;BR-040/MG;Sul;Choque com objeto fixo;1;0;0;0;0;0;0;0;0;0;0;0;2;2;0
07/10/2018;04:28:00;20;Acidente sem Vítima;513,75;BR-040/MG;Norte;Capotamento;1;0;0;0;0;0;0;0;0;0;1;0;0;0;0
06/10/2018;22:53:00;278;Acidente com Vítima;533,1;BR-040/MG;Norte;Capotamento;1;0;0;0;0;0;0;0;0;0;0;0;0;0;0
06/10/2018;20:12:00;247;Acidente sem Vítima;137,1;BR-040/MG;Sul;Abalroamento longitudinal;1;0;1;0;0;0;0;0;0;0;2;0;0;0;0
06/10/2018;19:49:00;240;Atropelamento sem Morte;4,3;BR-040/GO;Norte;Atropelamento de pedestre atravessando;1;0;0;0;0;0;0;0;0;0;3;0;1;0;0
06/10/2018;19:21:00;234;Acidente sem Vítima;281;BR-040/MG;Sul;Colisão traseira;1;0;0;1;0;0;0;0;0;0;3;0;0;0;0
06/10/2018;14:41:00;180;Acidente sem Vítima;4,7;BR-040/GO;Norte;Colisão traseira;2;0;0;0;0;0;0;0;0;0;6;0;0;0;0
06/10/2018;11:33:00;141;Acidente com Vítima;656,001;BR-040/MG;Norte;Capotamento;1;0;0;0;0;0;0;0;0;0;3;1;1;0;0
06/10/2018;09:13:00;106;Acidente sem Vítima;731,2;BR-040/MG;Sul;Choque com objeto fixo;1;0;0;0;0;0;0;0;0;0;1;0;0;0;0
06/10/2018;06:45:00;50;Acidente com Vítima;750;BR-040/MG;Sul;Choque com objeto fixo;1;0;0;0;0;0;0;0;0;0;2;1;1;0;0
06/10/2018;06:08:00;38;Acidente sem Vítima;363,95;BR-040/MG;Sul;Choque com objeto fixo;1;0;0;0;0;0;0;0;0;0;1;0;0;0;0
06/10/2018;02:54:00;24;Acidente sem Vítima;507,1;BR-040/MG;Norte;Outros;1;0;0;0;0;0;0;0;0;0;1;0;0;0;0
05/10/2018;22:51:00;305;Acidente com Vítima;524,1;BR-040/MG;Norte;Queda de Moto;0;0;0;1;0;0;0;0;0;0;0;1;0;0;0
05/10/2018;20:04:00;277;Acidente sem Vítima;642,1;BR-040/MG;Norte;Queda de Carga;0;0;1;0;0;0;0;0;0;0;1;0;0;0;0
05/10/2018;19:04:00;257;Acidente sem Vítima;461,6;BR-040/MG;Sul;Queda de Carga;0;0;0;0;0;1;0;0;0;0;1;0;0;0;0
05/10/2018;18:23:00;247;Acidente com Vítima;521,1;BR-040/MG;Sul;Queda de Moto;0;0;0;1;0;0;0;0;0;0;0;1;0;0;0
05/10/2018;17:01:00;228;Acidente sem Vítima;58;BR-040/GO;Sul;Capotamento;1;0;0;0;0;0;0;0;0;0;1;0;0;0;0
05/10/2018;15:35:00;205;Acidente com Vítima;53,001;BR-040/GO;Norte;Capotamento;1;0;0;0;0;0;0;0;0;0;0;2;0;0;0
05/10/2018;09:39:00;122;Acidente sem Vítima;697;BR-040/MG;Sul;Colisão traseira;2;0;0;0;0;0;0;0;0;1;5;0;0;0;0
05/10/2018;08:03:00;105;Acidente sem Vítima;339;BR-040/MG;Sul;Queda de Carga;0;0;1;0;0;0;0;0;0;0;1;0;0;0;0
05/10/2018;08:01:00;104;Atropelamento sem Morte;532;BR-040/MG;Sul;Atropelamento de pedestre caminhando;1;0;0;0;0;0;0;0;0;0;1;0;1;0;0
05/10/2018;07:27:00;97;Acidente sem Vítima;544,01;BR-040/MG;Norte;Queda de Moto;0;0;0;1;0;0;0;0;0;0;2;2;0;0;0
05/10/2018;04:44:00;66;Acidente sem Vítima;84,8;BR-040/GO;Norte;Queda de Carga;0;0;1;0;0;0;0;0;0;0;1;0;0;0;0
05/10/2018;03:30:00;60;Acidente sem Vítima;6,4;BR-040/DF;Sul;Colisão traseira;2;0;0;0;0;0;0;0;0;0;2;0;0;0;0
04/10/2018;21:24:00;310;Acidente com Vítima;427,2;BR-040/MG;Norte;Capotamento;1;0;0;0;0;0;0;0;0;0;0;1;0;0;0
04/10/2018;19:48:00;293;Acidente sem Vítima;608;BR-040/MG;Sul;Abalroamento transversal;2;0;0;0;0;0;0;0;0;0;2;0;0;0;0
04/10/2018;19:35:00;287;Acidente sem Vítima;18;BR-040/GO;Norte;Queda de Moto;0;0;0;1;0;0;0;0;0;0;1;0;0;0;0
04/10/2018;16:28:00;232;Acidente sem Vítima;85,3;BR-040/GO;Sul;Capotamento;1;0;0;0;0;0;0;0;0;0;1;0;0;0;0
04/10/2018;16:11:00;227;Acidente sem Vítima;464;BR-040/MG;Sul;Outros;1;0;0;0;0;0;0;0;0;0;1;0;0;0;0
04/10/2018;16:09:00;226;Acidente sem Vítima;505,905;BR-040/MG;Sul;Choque com objeto fixo;1;0;0;0;0;0;0;0;0;0;1;0;0;0;0
04/10/2018;16:03:00;222;Acidente sem Vítima;504,3;BR-040/MG;Sul;Outros;1;0;0;0;0;0;0;0;0;0;1;0;0;0;0
04/10/2018;15:28:00;212;Acidente sem Vítima;655,89;BR-040/MG;Norte;Capotamento;1;0;0;0;0;0;0;0;0;0;1;0;0;0;0
04/10/2018;15:03:00;206;Acidente sem Vítima;706,88;BR-040/MG;Norte;Choque com objeto fixo;1;0;0;0;0;0;0;0;0;0;1;0;0;0;0
04/10/2018;12:36:00;167;Acidente sem Vítima;11,9;BR-040/GO;Norte;Colisão traseira;1;0;0;1;0;0;0;0;0;0;2;0;0;0;0
04/10/2018;12:31:00;166;Acidente com Vítima;521,1;BR-040/MG;Sul;Queda de Moto;0;0;0;1;0;0;0;0;0;0;2;2;0;0;0
04/10/2018;09:11:00;127;Acidente com Vítima;11,15;BR-040/GO;Norte;Abalroamento transversal;1;0;0;1;0;0;0;0;0;0;1;1;1;0;0
04/10/2018;08:01:00;109;Acidente com Vítima;552;BR-040/MG;Norte;Abalroamento transversal;1;0;0;1;0;0;0;0;0;0;2;0;1;0;0
04/10/2018;01:05:00;8;Acidente sem Vítima;586,5;BR-040/MG;Norte;Colisão traseira;1;0;1;0;0;0;0;0;0;0;2;0;0;0;0
03/10/2018;16:11:00;237;Acidente sem Vítima;633;BR-040/MG;Norte;Colisão frontal;2;0;0;0;0;0;0;0;0;0;2;0;0;0;0
03/10/2018;16:08:00;236;Acidente sem Vítima;468,1;BR-040/MG;Norte;Abalroamento longitudinal;1;0;1;0;0;0;0;0;0;0;2;0;0;0;0
03/10/2018;15:11:00;220;Acidente com Vítima;44,1;BR-040/MG;Sul;Abalroamento transversal;1;0;0;1;0;0;0;0;0;0;1;2;0;0;0
03/10/2018;13:05:00;189;Acidente sem Vítima;136,5;BR-040/GO;Sul;Choque em defensa;0;0;1;0;0;0;0;0;0;0;1;0;0;0;0
03/10/2018;12:08:00;173;Acidente sem Vítima;706,01;BR-040/MG;Sul;Capotamento;1;0;0;0;0;0;0;0;0;0;3;0;0;0;0
03/10/2018;11:14:00;162;Acidente com Vítima;568,7;BR-040/MG;Sul;Colisão traseira;0;0;1;1;0;0;0;0;0;0;1;0;0;1;0
03/10/2018;07:35:00;98;Acidente com Vítima;538,1;BR-040/MG;Norte;Queda de Moto;0;0;0;1;0;0;0;0;0;0;0;1;0;0;0
03/10/2018;07:11:00;92;Acidente sem Vítima;479,1;BR-040/MG;Norte;Abalroamento longitudinal;0;0;2;0;0;0;0;0;0;0;2;0;0;0;0
03/10/2018;06:55:00;86;Acidente sem Vítima;467,1;BR-040/MG;Sul;Abalroamento longitudinal;2;0;0;0;0;0;0;0;0;0;2;0;0;0;0
03/10/2018;06:45:00;83;Acidente com Vítima;535,1;BR-040/MG;Norte;Queda de Moto;1;0;0;1;0;0;0;0;0;0;1;0;1;0;0
03/10/2018;06:40:00;81;Acidente com Vítima;5,7;BR-040/DF;Norte;Colisão traseira;0;0;0;3;0;0;0;0;0;0;3;1;0;0;0
03/10/2018;00:24:00;2;Acidente com Vítima;429,05;BR-040/MG;Norte;Choque com objeto fixo;0;0;1;0;0;0;0;0;0;0;0;0;1;0;0
02/10/2018;22:45:00;328;Acidente sem Vítima;213,1;BR-040/MG;Norte;Colisão traseira;0;0;2;0;0;0;0;0;0;0;3;0;0;0;0
02/10/2018;22:04:00;324;Acidente sem Vítima;29,5;BR-040/GO;Norte;Capotamento;1;0;0;0;0;0;0;0;0;0;1;0;0;0;0
02/10/2018;21:35:00;315;Acidente sem Vítima;610,5;BR-040/MG;Sul;Colisão traseira;1;0;1;0;0;0;0;0;0;0;2;0;0;0;0
02/10/2018;19:03:00;279;Acidente sem Vítima;23,5;BR-040/GO;Sul;Abalroamento transversal;2;0;0;0;0;0;0;0;0;0;5;0;0;0;0
02/10/2018;15:13:00;225;Acidente sem Vítima;371,5;BR-040/MG;Norte;Colisão traseira;2;0;0;0;0;1;0;0;0;0;6;0;0;0;0
02/10/2018;13:21:00;195;Acidente sem Vítima;142;BR-040/MG;Sul;Abalroamento transversal;1;0;0;1;0;0;0;0;0;0;2;0;0;0;0
02/10/2018;13:17:00;193;Acidente sem Vítima;7,3;BR-040/GO;Norte;Colisão traseira;2;0;0;0;0;0;0;0;0;0;5;0;0;0;0
02/10/2018;12:23:00;177;Acidente com Vítima;606;BR-040/MG;Norte;Abalroamento transversal;1;0;1;0;0;0;0;0;0;0;2;2;0;0;0
02/10/2018;09:47:00;149;Acidente sem Vítima;432,1;BR-040/MG;Norte;Choque com objeto fixo;1;0;0;0;0;0;0;0;0;0;1;0;0;0;0
02/10/2018;07:42:00;107;Acidente com Vítima;5,05;BR-040/GO;Sul;Abalroamento longitudinal;2;0;0;0;0;0;0;0;0;0;4;1;0;0;0
02/10/2018;04:21:00;63;Acidente sem Vítima;767,18;BR-040/MG;Sul;Colisão traseira;0;0;2;0;0;0;0;0;0;0;2;0;0;0;0
02/10/2018;00:54:00;2;Acidente com Vítima;526;BR-040/MG;Sul;Abalroamento longitudinal;1;0;1;0;0;0;0;0;0;0;2;1;0;0;0
01/10/2018;23:05:00;277;Acidente sem Vítima;465,1;BR-040/MG;Norte;Queda de Carga;0;0;1;0;0;0;0;0;0;0;1;0;0;0;0
01/10/2018;22:05:00;272;Acidente sem Vítima;728,15;BR-040/MG;Sul;Choque com objeto fixo;1;0;0;0;0;0;0;0;0;0;1;0;0;0;0
01/10/2018;20:33:00;255;Acidente sem Vítima;504,5;BR-040/MG;Sul;Abalroamento longitudinal;1;0;1;0;0;0;0;0;0;0;2;0;0;0;0
01/10/2018;19:50:00;244;Acidente com Vítima;749,4;BR-040/MG;Norte;Abalroamento longitudinal;0;0;2;0;0;0;0;0;0;0;1;0;1;0;0
01/10/2018;18:58:00;230;Acidente sem Vítima;533;BR-040/MG;Sul;Colisão traseira;2;0;0;0;0;0;0;0;0;0;2;0;0;0;0
01/10/2018;18:41:00;224;Acidente com Vítima;527,1;BR-040/MG;Norte;Capotamento;1;0;0;0;0;0;0;0;0;0;0;1;0;0;0
01/10/2018;18:31:00;219;Acidente com Vítima;4,8;BR-040/GO;Sul;Colisão traseira;1;0;0;1;0;0;0;0;0;0;1;1;0;0;0
01/10/2018;18:18:00;215;Acidente sem Vítima;504,5;BR-040/MG;Sul;Colisão traseira;1;0;1;0;0;0;0;0;0;0;2;0;0;0;0
01/10/2018;17:58:00;208;Acidente com Vítima;749,4;BR-040/MG;Norte;Abalroamento longitudinal;1;0;1;0;0;0;0;0;0;0;1;1;0;0;0
01/10/2018;12:15:00;154;Acidente com Vítima;526,9;BR-040/MG;Sul;Abalroamento longitudinal;1;0;0;1;0;0;0;0;0;0;3;1;0;0;0
01/10/2018;08:28:00;107;Acidente com Vítima;526,178;BR-040/MG;Sul;Abalroamento longitudinal;1;0;0;1;0;0;0;0;0;0;2;1;0;0;0
01/10/2018;06:38:00;55;Acidente com Vítima;6,3;BR-040/DF;Norte;Abalroamento longitudinal;1;0;0;1;0;0;0;0;0;0;1;0;0;0;0
01/10/2018;04:51:00;42;Acidente sem Vítima;9,52;BR-040/GO;Sul;Colisão traseira;2;0;0;0;0;0;0;0;0;0;2;0;0;0;0
01/10/2018;04:41:00;41;Acidente com Vítima;9,5;BR-040/GO;Norte;Queda de Moto;0;0;0;1;0;0;0;0;0;0;0;0;1;0;0
30/09/2018;21:37:00;233;Acidente sem Vítima;531;BR-040/MG;Norte;Queda de Moto;0;0;0;0;0;1;0;0;0;0;0;0;0;0;0
30/09/2018;19:39:00;200;Acidente sem Vítima;52,01;BR-040/GO;Norte;Atropelamento de animal;1;0;0;0;0;0;0;0;0;0;5;0;0;0;0
30/09/2018;19:14:00;189;Acidente sem Vítima;735,346;BR-040/MG;Sul;Abalroamento longitudinal;1;0;0;1;0;0;0;0;0;0;3;0;0;0;0
30/09/2018;18:53:00;177;Acidente com Vítima;711,015;BR-040/MG;Sul;Queda de Moto;0;0;0;1;0;0;0;0;0;0;0;1;0;0;0
30/09/2018;17:00:00;151;Acidente sem Vítima;85,001;BR-040/MG;Norte;Choque com objeto fixo;1;0;0;0;0;0;0;0;0;0;1;0;0;0;0
30/09/2018;16:19:00;143;Acidente sem Vítima;566;BR-040/MG;Sul;Choque com objeto fixo;1;0;0;0;0;0;0;0;0;0;1;0;0;0;0
30/09/2018;10:16:00;64;Acidente com Vítima;712;BR-040/MG;Sul;Queda de Moto;0;0;0;1;0;0;0;0;0;0;0;0;1;0;0
30/09/2018;06:35:00;25;Acidente sem Vítima;473;BR-040/MG;Sul;Abalroamento longitudinal;1;0;0;1;0;0;0;0;0;0;2;0;0;0;0
30/09/2018;05:44:00;22;Acidente com Vítima;523,8;BR-040/MG;Norte;Capotamento;1;0;0;0;0;0;0;0;0;0;1;0;1;0;0
30/09/2018;04:36:00;19;Acidente sem Vítima;700,1;BR-040/MG;Sul;Choque em barreira New Jersey;1;0;0;0;0;0;0;0;0;0;1;0;0;0;0
30/09/2018;03:01:00;13;Acidente sem Vítima;167,5;BR-040/MG;Norte;Queda de Carga;0;0;1;0;0;0;0;0;0;0;1;0;0;0;0
30/09/2018;00:12:00;1;Acidente sem Vítima;520,5;BR-040/MG;Sul;Choque com objeto fixo;1;0;0;0;0;0;0;0;0;0;1;0;0;0;0
29/09/2018;22:01:00;267;Acidente sem Vítima;1,1;BR-040/GO;Norte;Colisão traseira;1;0;0;1;0;0;0;0;0;0;2;0;0;0;0
29/09/2018;20:40:00;256;Acidente com Vítima;453,8;BR-040/MG;Sul;Abalroamento longitudinal;0;0;1;0;1;0;0;0;0;0;1;1;0;0;0
29/09/2018;20:05:00;249;Acidente com Vítima;566,2;BR-040/MG;Sul;Queda de Moto;0;0;0;1;0;0;0;0;0;0;1;1;0;0;0
29/09/2018;19:14:00;237;Acidente sem Vítima;632,3;BR-040/MG;Norte;Abalroamento transversal;2;0;0;0;0;0;0;0;0;0;2;0;0;0;0
29/09/2018;17:13:00;207;Acidente sem Vítima;475,1;BR-040/MG;Norte;Choque com objeto fixo;1;0;0;0;0;0;0;0;0;0;1;0;0;0;0
29/09/2018;16:23:00;189;Acidente sem Vítima;479,1;BR-040/MG;Norte;Choque com objeto fixo;1;0;0;0;0;0;0;0;0;0;1;0;0;0;0
29/09/2018;12:54:00;129;Acidente sem Vítima;526,5;BR-040/MG;Norte;Queda de Moto;0;0;0;1;0;0;0;0;0;0;1;0;0;0;0
29/09/2018;10:25:00;100;Acidente sem Vítima;662;BR-040/MG;Norte;Atropelamento de animal;1;0;0;0;0;0;0;0;0;0;1;0;0;0;0
29/09/2018;09:53:00;90;Acidente sem Vítima;657;BR-040/MG;Sul;Choque em barreira New Jersey;1;0;0;0;0;0;0;0;0;0;1;0;0;0;0
29/09/2018;06:35:00;40;Acidente sem Vítima;727;BR-040/MG;Sul;Choque com objeto fixo;1;0;0;0;0;0;0;0;0;0;1;0;0;0;0
29/09/2018;03:51:00;25;Acidente sem Vítima;588,59;BR-040/MG;Norte;Atropelamento de animal;0;0;1;0;0;0;0;0;0;0;1;0;0;0;0
28/09/2018;22:40:00;343;Acidente sem Vítima;12,9;BR-040/GO;Sul;Colisão traseira;2;0;0;0;0;0;0;0;0;0;2;0;0;0;0
28/09/2018;22:16:00;336;Acidente com Vítima;730,3;BR-040/MG;Norte;Choque em barreira New Jersey;1;0;0;0;0;0;0;0;0;0;1;1;0;0;0
28/09/2018;22:12:00;333;Acidente sem Vítima;84,8;BR-040/GO;Sul;Atropelamento de animal;1;0;0;0;0;0;0;0;0;0;3;0;0;0;0
28/09/2018;18:49:00;290;Acidente sem Vítima;728,5;BR-040/MG;Sul;Choque com objeto fixo;1;0;0;0;0;0;0;0;0;0;2;0;0;0;0
28/09/2018;17:42:00;274;Acidente sem Vítima;637,6;BR-040/MG;Norte;Capotamento;1;0;0;0;0;0;0;0;0;0;3;0;0;0;0
28/09/2018;17:04:00;262;Acidente com Vítima;585;BR-040/MG;Sul;Capotamento;1;0;0;0;0;0;0;0;0;0;0;1;0;0;0
28/09/2018;16:27:00;251;Acidente sem Vítima;737,3;BR-040/MG;Norte;Choque com objeto fixo;0;0;0;0;0;0;0;0;0;1;1;0;0;0;0
28/09/2018;15:53:00;241;Acidente sem Vítima;739,1;BR-040/MG;Sul;Choque com objeto fixo;1;0;0;0;0;0;0;0;0;0;1;0;0;0;0
28/09/2018;15:50:00;239;Acidente sem Vítima;717;BR-040/MG;Norte;Choque em veículo parado na pista;2;0;0;0;0;0;0;0;0;0;4;0;0;0;0
28/09/2018;15:12:00;231;Acidente com Vítima;477,1;BR-040/MG;Norte;Colisão traseira;2;0;0;0;0;0;0;0;0;0;2;2;1;0;0
28/09/2018;14:46:00;224;Acidente com Vítima;717,1;BR-040/MG;Sul;Choque com objeto fixo;1;0;0;0;0;0;0;0;0;0;1;1;0;0;0
28/09/2018;14:12:00;214;Acidente com Vítima;735;BR-040/MG;Sul;Choque com objeto fixo;1;0;0;0;0;0;0;0;0;0;1;1;0;0;0
28/09/2018;13:55:00;211;Acidente sem Vítima;751,8;BR-040/MG;Norte;Choque com objeto fixo;3;0;0;0;0;0;0;0;0;0;3;0;0;0;0
28/09/2018;13:44:00;206;Acidente sem Vítima;751,5;BR-040/MG;Sul;Choque com objeto fixo;1;0;0;0;0;0;0;0;0;0;1;0;0;0;0
28/09/2018;13:13:00;200;Acidente sem Vítima;661;BR-040/MG;Sul;Choque com objeto fixo;1;0;0;0;0;0;0;0;0;0;1;0;0;0;0
28/09/2018;13:12:00;199;Acidente sem Vítima;750,15;BR-040/MG;Sul;Choque com objeto fixo;1;0;0;0;0;0;0;0;0;0;6;0;0;0;0
28/09/2018;13:11:00;198;Acidente sem Vítima;750,15;BR-040/MG;Sul;Choque com objeto fixo;0;0;0;1;0;0;0;0;0;0;1;0;0;0;0
28/09/2018;09:15:00;140;Acidente com Vítima;8,15;BR-040/DF;Norte;Colisão traseira;1;0;1;0;0;0;0;0;0;0;1;1;0;0;0
28/09/2018;08:22:00;118;Acidente sem Vítima;476,1;BR-040/MG;Sul;Colisão traseira;2;0;0;0;0;0;0;0;0;0;2;0;0;0;0
27/09/2018;18:38:00;280;Acidente com Vítima;524,2;BR-040/MG;Norte;Queda de Moto;0;0;0;1;0;0;0;0;0;0;0;1;0;0;0
27/09/2018;17:54:00;262;Acidente sem Vítima;717,447;BR-040/MG;Sul;Choque com objeto fixo;1;0;0;0;0;0;0;0;0;0;1;0;0;0;0
27/09/2018;16:19:00;237;Acidente sem Vítima;695,433;BR-040/MG;Norte;Abalroamento transversal;2;0;0;0;0;0;0;0;0;0;2;0;0;0;0
27/09/2018;11:57:00;188;Acidente sem Vítima;543,9;BR-040/MG;Norte;Queda de Carga;0;0;1;0;0;0;0;0;0;0;1;0;0;0;0
27/09/2018;11:17:00;181;Acidente com Vítima;510;BR-040/MG;Sul;Colisão traseira;1;0;0;1;0;0;0;0;0;0;2;1;0;0;0
27/09/2018;10:12:00;167;Acidente sem Vítima;574,5;BR-040/MG;Sul;Capotamento;1;0;0;0;0;0;0;0;0;0;1;0;0;0;0
27/09/2018;09:11:00;150;Acidente sem Vítima;2;BR-040/GO;Sul;Colisão traseira;4;0;0;0;0;0;0;0;0;0;4;0;0;0;0
27/09/2018;08:09:00;134;Acidente com Vítima;365;BR-040/MG;Sul;Queda de Moto;0;0;0;1;0;0;0;0;0;0;1;1;0;0;0
27/09/2018;07:32:00;117;Acidente sem Vítima;510;BR-040/MG;Norte;Capotamento;1;0;0;0;0;0;0;0;0;0;3;0;0;0;0
27/09/2018;07:29:00;116;Acidente sem Vítima;86;BR-040/MG;Sul;Atropelamento de animal;1;0;0;0;0;0;0;0;0;0;1;0;0;0;0
27/09/2018;06:57:00;108;Atropelamento sem Morte;1;BR-040/GO;Norte;Atropelamento de pedestre atravessando;0;0;0;1;0;0;0;0;0;0;1;1;0;0;0
27/09/2018;06:21:00;93;Acidente sem Vítima;546;BR-040/MG;Norte;Choque com objeto fixo;1;0;0;0;0;0;0;0;0;0;1;0;0;0;0
27/09/2018;05:25:00;81;Acidente com Vítima;29,1;BR-040/GO;Norte;Queda de Carga;0;0;1;0;0;0;0;0;0;0;2;1;0;0;0
27/09/2018;00:23:00;24;Acidente sem Vítima;520;BR-040/MG;Norte;Queda de Moto;0;0;0;1;0;0;0;0;0;0;1;0;0;0;0
26/09/2018;19:55:00;286;Acidente com Vítima;3,6;BR-040/GO;Norte;Queda de Moto;0;0;0;1;0;0;0;0;0;0;0;1;0;0;0
26/09/2018;17:26:00;246;Acidente sem Vítima;36,001;BR-040/MG;Norte;Queda de Carga;0;0;1;0;0;0;0;0;0;0;1;0;0;0;0
26/09/2018;15:41:00;228;Acidente sem Vítima;525;BR-040/MG;Norte;Abalroamento longitudinal;2;0;0;0;0;0;0;0;0;0;2;0;0;0;0
26/09/2018;11:35:00;163;Acidente sem Vítima;642,05;BR-040/MG;Sul;Abalroamento longitudinal;2;0;0;0;0;0;0;0;0;0;2;0;0;0;0
26/09/2018;09:12:00;130;Acidente com Vítima;539;BR-040/MG;Norte;Queda de Moto;0;0;0;1;0;0;0;0;0;0;1;0;1;0;0
26/09/2018;08:19:00;111;Acidente sem Vítima;487;BR-040/MG;Sul;Colisão traseira;2;0;0;0;0;0;0;0;0;0;3;0;0;0;0
26/09/2018;07:59:00;106;Acidente sem Vítima;7;BR-040/GO;Norte;Colisão traseira;3;0;0;0;0;0;0;0;0;0;3;0;0;0;0
26/09/2018;07:33:00;90;Acidente sem Vítima;6,8;BR-040/GO;Sul;Queda de Carga;0;0;1;0;0;0;0;0;0;0;1;0;0;0;0
26/09/2018;01:26:00;23;Acidente sem Vítima;339,6;BR-040/MG;Norte;Atropelamento de animal;0;0;1;0;0;0;0;0;0;0;1;0;0;0;0
25/09/2018;14:53:00;218;Acidente sem Vítima;409,1;BR-040/MG;Sul;Capotamento;1;0;0;0;0;0;0;0;0;0;1;0;0;0;0
25/09/2018;14:07:00;206;Acidente com Vítima;189,3;BR-040/MG;Norte;Colisão traseira;2;0;0;0;0;0;0;0;0;0;1;0;0;0;0