data;horario;n_da_ocorrencia;tipo_de_ocorrencia;km;trecho;sentido;tipo_de_acidente;automovel;bicicleta;caminhao;moto;onibus;outros;tracao_animal;transporte_de_cargas_especiais;trator_maquinas;utilitarios;ilesos;levemente_feridos;moderadamente_feridos;gravemente_feridos;mortos
25/09/2018;13:46:00;202;Acidente sem Vítima;750,15;BR-040/MG;Norte;Outros;1;0;0;0;0;0;0;0;0;0;1;0;0;0;0
25/09/2018;12:26:00;183;Acidente com Vítima;120,8;BR-040/GO;Sul;Capotamento;1;0;0;0;0;0;0;0;0;0;1;1;0;0;0
25/09/2018;11:26:00;174;Acidente sem Vítima;569,5;BR-040/MG;Norte;Choque com objeto fixo;0;0;0;0;0;1;0;0;0;0;1;0;0;0;0
25/09/2018;10:38:00;156;Acidente com Vítima;564,4;BR-040/MG;Norte;Colisão traseira;0;0;2;0;0;0;0;0;0;0;1;0;1;0;0
25/09/2018;08:27:00;120;Acidente sem Vítima;0;BR-040/GO;Norte;Colisão traseira;1;0;0;1;0;0;0;0;0;0;2;0;0;0;0
25/09/2018;08:11:00;114;Acidente com Vítima;44,1;BR-040/MG;Norte;Choque com objeto fixo;1;0;0;0;0;0;0;0;0;0;0;0;0;1;0
25/09/2018;06:55:00;90;Acidente com Vítima;527,1;BR-040/MG;Sul;Capotamento;1;0;0;0;0;0;0;0;0;0;1;0;0;0;0
25/09/2018;06:27:00;79;Acidente com Vítima;1,1;BR-040/GO;Norte;Colisão traseira;1;0;0;1;0;0;0;0;0;0;2;1;0;0;0
25/09/2018;03:08:00;43;Acidente sem Vítima;474,1;BR-040/MG;Norte;Queda de Carga;0;0;1;0;0;0;0;0;0;0;1;0;0;0;0
25/09/2018;00:29:00;12;Acidente com Vítima;561,2;BR-040/MG;Norte;Choque com objeto fixo;1;0;0;0;0;0;0;0;0;0;0;0;1;0;0
24/09/2018;12:46:00;210;Acidente com Vítima;5,15;BR-040/GO;Norte;Colisão traseira;1;0;1;0;0;0;0;0;0;0;2;0;1;0;0
24/09/2018;12:39:00;209;Acidente sem Vítima;467,1;BR-040/MG;Norte;Capotamento;1;0;0;0;0;0;0;0;0;0;3;0;0;0;0
24/09/2018;12:00:00;199;Acidente com Vítima;510,1;BR-040/MG;Norte;Queda de Moto;0;0;0;1;0;0;0;0;0;0;0;2;0;0;0
24/09/2018;11:51:00;195;Acidente sem Vítima;557,15;BR-040/MG;Sul;Colisão traseira;2;0;0;0;0;0;0;0;0;0;2;0;0;0;0
24/09/2018;09:11:00;138;Acidente sem Vítima;560,1;BR-040/MG;Sul;Colisão traseira;2;0;0;0;0;0;0;0;0;0;2;0;0;0;0
24/09/2018;08:20:00;125;Acidente sem Vítima;544,1;BR-040/MG;Norte;Colisão traseira;1;0;0;1;0;0;0;0;0;0;2;0;0;0;0
24/09/2018;08:07:00;118;Acidente sem Vítima;532,9;BR-040/MG;Sul;Colisão traseira;1;0;1;0;0;0;0;0;0;0;2;0;0;0;0
24/09/2018;07:39:00;107;Acidente sem Vítima;512,3;BR-040/MG;Sul;Colisão traseira;1;0;0;1;0;0;0;0;0;0;2;0;0;0;0
23/09/2018;23:33:00;293;Acidente com Morte;135,3;BR-040/MG;Norte;Colisão frontal;2;0;0;0;0;0;0;0;0;0;0;0;0;2;2
23/09/2018;22:55:00;286;Acidente sem Vítima;633,5;BR-040/MG;Norte;Abalroamento transversal;1;0;0;0;0;1;0;0;0;0;4;0;0;0;0
23/09/2018;21:01:00;253;Acidente com Morte;351,15;BR-040/MG;Norte;Queda de Moto;1;0;0;1;0;0;0;0;0;0;1;0;1;0;1
23/09/2018;20:52:00;252;Acidente sem Vítima;511,15;BR-040/MG;Norte;Colisão traseira;0;0;2;0;0;0;0;0;0;0;2;0;0;0;0
23/09/2018;20:23:00;246;Acidente sem Vítima;659,627;BR-040/MG;Norte;Queda de Moto;0;0;0;1;0;1;0;0;0;0;2;0;0;0;0
23/09/2018;19:34:00;225;Acidente sem Vítima;508,5;BR-040/MG;Sul;Colisão traseira;2;0;0;0;0;0;0;0;0;0;3;0;0;0;0
23/09/2018;19:23:00;219;Acidente sem Vítima;509,1;BR-040/MG;Sul;Atropelamento de animal;1;0;0;0;0;0;0;0;0;0;5;0;0;0;0
23/09/2018;17:19:00;181;Acidente sem Vítima;751,699;BR-040/MG;Norte;Choque com objeto fixo;0;0;1;0;0;0;0;0;0;0;1;0;0;0;0
23/09/2018;16:40:00;171;Acidente com Vítima;2,5;BR-040/GO;Norte;Colisão traseira;1;0;0;1;0;0;0;0;0;0;1;0;1;0;0
23/09/2018;15:56:00;156;Acidente com Vítima;417;BR-040/MG;Sul;Capotamento;1;0;0;0;0;0;0;0;0;0;1;3;1;0;0
23/09/2018;15:26:00;149;Acidente sem Vítima;617,698;BR-040/MG;Norte;Colisão traseira;2;0;0;0;0;0;0;0;0;0;5;0;0;0;0
23/09/2018;15:06:00;142;Acidente com Vítima;531,1;BR-040/MG;Sul;Queda de Moto;0;0;0;1;0;0;0;0;0;0;1;1;0;0;0
23/09/2018;11:32:00;90;Acidente sem Vítima;6,001;BR-040/GO;Norte;Queda de Moto;0;0;0;1;0;0;0;0;0;0;1;0;0;0;0
23/09/2018;10:58:00;83;Acidente sem Vítima;532,165;BR-040/MG;Sul;Colisão traseira;4;0;0;0;0;0;0;0;0;0;4;0;0;0;0
23/09/2018;05:34:00;34;Acidente sem Vítima;533,4;BR-040/MG;Norte;Choque com objeto fixo;1;0;0;0;0;0;0;0;0;0;5;0;0;0;0
23/09/2018;05:13:00;33;Acidente com Vítima;700,05;BR-040/MG;Sul;Choque com objeto fixo;1;0;0;0;0;0;0;0;0;0;3;0;1;0;0
23/09/2018;04:42:00;30;Acidente sem Vítima;660,01;BR-040/MG;Sul;Choque com objeto fixo;1;0;0;0;0;0;0;0;0;0;1;0;0;0;0
23/09/2018;04:14:00;29;Acidente sem Vítima;2,5;BR-040/GO;Sul;Abalroamento longitudinal;2;0;0;0;0;0;0;0;0;0;8;0;0;0;0
23/09/2018;00:14:00;4;Acidente sem Vítima;555,1;BR-040/MG;Norte;Queda de Moto;0;0;0;1;0;0;0;0;0;0;2;0;0;0;0
22/09/2018;21:22:00;267;Acidente sem Vítima;311,95;BR-040/MG;Norte;Abalroamento longitudinal;2;0;0;0;0;0;0;0;0;0;5;0;0;0;0
22/09/2018;20:49:00;256;Acidente com Vítima;272,5;BR-040/MG;Sul;Queda de Moto;1;0;0;0;0;0;0;0;0;0;0;0;1;0;0
22/09/2018;20:07:00;240;Acidente com Vítima;647,448;BR-040/MG;Sul;Queda de Moto;0;0;0;1;0;0;0;0;0;0;0;0;1;0;0
22/09/2018;19:51:00;235;Acidente sem Vítima;533,5;BR-040/MG;Norte;Colisão traseira;2;0;0;0;0;0;0;0;0;0;2;0;0;0;0
22/09/2018;14:04:00;152;Acidente com Vítima;3;BR-040/DF;Norte;Capotamento;1;0;0;0;0;0;0;0;0;0;0;0;0;0;0
22/09/2018;10:28:00;108;Acidente com Vítima;36,001;BR-040/MG;Norte;Queda de Moto;1;0;0;0;0;0;0;0;0;0;0;1;0;0;0
22/09/2018;08:41:00;77;Acidente sem Vítima;487;BR-040/MG;Norte;Colisão traseira;0;0;1;1;0;0;0;0;0;0;2;0;0;0;0
22/09/2018;05:32:00;33;Acidente sem Vítima;548,9;BR-040/MG;Sul;Queda de Moto;0;0;0;1;0;0;0;0;0;0;1;0;0;0;0
22/09/2018;05:23:00;31;Acidente sem Vítima;474,4;BR-040/MG;Sul;Capotamento;1;0;0;0;0;0;0;0;0;0;1;0;0;0;0
21/09/2018;18:38:00;285;Atropelamento sem Morte;3,644;BR-040/GO;Norte;Atropelamento de pedestre atravessando;0;0;0;0;0;1;0;0;0;0;1;1;0;0;0
21/09/2018;18:07:00;269;Acidente sem Vítima;538,2;BR-040/MG;Norte;Colisão traseira;0;0;2;0;0;0;0;0;0;0;2;0;0;0;0
21/09/2018;14:50:00;206;Acidente sem Vítima;472,8;BR-040/MG;Norte;Outros;1;0;0;0;0;0;0;0;0;0;1;0;0;0;0
21/09/2018;11:48:00;161;Acidente sem Vítima;1,8;BR-040/GO;Norte;Colisão traseira;1;0;0;1;0;0;0;0;0;0;2;0;0;0;0
21/09/2018;09:54:00;116;Acidente com Vítima;704;BR-040/MG;Sul;Queda de Carga;0;0;0;0;0;0;0;0;0;1;3;1;0;0;0
21/09/2018;09:05:00;100;Acidente com Vítima;737,8;BR-040/MG;Norte;Queda de Carga;0;0;1;0;0;0;0;0;0;0;0;1;0;0;0
21/09/2018;08:25:00;96;Acidente sem Vítima;716,8;BR-040/MG;Sul;Choque com objeto fixo;1;0;0;0;0;0;0;0;0;0;1;0;0;0;0
21/09/2018;08:19:00;95;Acidente sem Vítima;3,9;BR-040/DF;Norte;Colisão traseira;3;0;0;1;0;0;0;0;0;0;5;0;0;0;0
21/09/2018;07:41:00;84;Acidente sem Vítima;513,1;BR-040/MG;Sul;Queda de Carga;0;0;1;0;0;0;0;0;0;0;1;0;0;0;0
21/09/2018;07:30:00;80;Acidente sem Vítima;449,1;BR-040/MG;Norte;Choque em defensa;1;0;0;0;0;0;0;0;0;0;1;0;0;0;0
21/09/2018;07:23:00;77;Acidente com Vítima;536,1;BR-040/MG;Sul;Colisão traseira;2;0;0;0;0;0;0;0;0;0;1;0;1;0;0
21/09/2018;06:53:00;70;Acidente sem Vítima;384;BR-040/MG;Norte;Capotamento;1;0;0;0;0;0;0;0;0;0;2;0;0;0;0
21/09/2018;06:40:00;67;Acidente sem Vítima;447,1;BR-040/MG;Sul;Choque em defensa;0;0;1;0;0;0;0;0;0;0;1;0;0;0;0
21/09/2018;06:36:00;65;Acidente com Vítima;543,001;BR-040/MG;Sul;Abalroamento longitudinal;2;0;0;1;0;0;0;0;0;0;3;1;0;0;0
21/09/2018;05:53:00;55;Acidente sem Vítima;524,1;BR-040/MG;Sul;Colisão traseira;1;0;1;0;0;0;0;0;0;0;2;0;0;0;0
21/09/2018;00:03:00;2;Acidente com Vítima;450,1;BR-040/MG;Norte;Capotamento;0;0;1;0;0;0;0;0;0;0;1;1;0;0;0
20/09/2018;22:35:00;354;Acidente com Vítima;68,1;BR-040/GO;Sul;Queda de Carga;0;0;1;0;0;0;0;0;0;0;0;0;0;1;0
20/09/2018;20:55:00;331;Acidente sem Vítima;712,45;BR-040/MG;Sul;Choque em barreira New Jersey;1;0;0;0;0;0;0;0;0;0;1;0;0;0;0
20/09/2018;20:16:00;322;Acidente com Vítima;513,9;BR-040/MG;Sul;Colisão traseira;3;0;0;0;0;0;0;0;0;0;2;1;0;0;0
20/09/2018;18:58:00;298;Acidente sem Vítima;698,4;BR-040/MG;Norte;Atropelamento de animal;1;0;0;0;0;0;0;0;0;0;4;0;0;0;0
20/09/2018;18:42:00;292;Acidente sem Vítima;513,6;BR-040/MG;Sul;Abalroamento longitudinal;2;0;0;0;0;0;0;0;0;0;2;0;0;0;0
20/09/2018;17:28:00;273;Atropelamento sem Morte;517,1;BR-040/MG;Sul;Atropelamento de pedestre atravessando;1;0;0;0;0;0;0;0;0;0;1;1;0;0;0
20/09/2018;17:23:00;270;Acidente sem Vítima;537,1;BR-040/MG;Norte;Colisão traseira;2;0;0;0;0;0;0;0;0;0;2;0;0;0;0
20/09/2018;17:21:00;269;Acidente sem Vítima;739,4;BR-040/MG;Sul;Choque com objeto fixo;1;0;0;0;0;0;0;0;0;0;1;0;0;0;0
20/09/2018;15:18:00;237;Acidente sem Vítima;225,3;BR-040/MG;Sul;Colisão traseira;1;0;1;0;0;0;0;0;0;0;2;0;0;0;0
20/09/2018;06:30:00;81;Acidente com Vítima;30,5;BR-040/GO;Sul;Abalroamento transversal;1;0;0;1;0;0;0;0;0;0;1;0;0;0;0
19/09/2018;22:56:00;330;Acidente com Vítima;702,5;BR-040/MG;Sul;Capotamento;1;0;0;0;0;0;0;0;0;0;0;0;2;0;0
19/09/2018;22:53:00;327;Acidente sem Vítima;761,278;BR-040/MG;Norte;Atropelamento de animal;1;0;0;0;0;0;0;0;0;0;1;0;0;0;0
19/09/2018;22:32:00;323;Acidente com Vítima;676,8;BR-040/MG;Norte;Queda de Carga;0;0;1;0;0;0;0;0;0;0;0;0;1;0;0
19/09/2018;22:06:00;312;Acidente sem Vítima;359,2;BR-040/MG;Sul;Queda de Carga;0;0;1;0;0;0;0;0;0;0;1;0;0;0;0
19/09/2018;21:10:00;300;Atropelamento sem Morte;640,15;BR-040/MG;Sul;Atropelamento de pedestre caminhando;1;0;0;0;0;0;0;0;0;0;1;0;1;0;0
19/09/2018;18:14:00;253;Atropelamento sem Morte;523,5;BR-040/MG;Sul;Atropelamento de pedestre caminhando;1;0;1;0;0;0;0;0;0;0;2;0;1;0;0
19/09/2018;14:15:00;207;Acidente sem Vítima;143;BR-040/MG;Sul;Colisão traseira;2;0;0;0;0;0;0;0;0;0;2;0;0;0;0
19/09/2018;13:54:00;202;Acidente sem Vítima;517,5;BR-040/MG;Norte;Queda de Carga;0;0;1;0;0;0;0;0;0;0;1;0;0;0;0
19/09/2018;13:22:00;194;Atropelamento sem Morte;466;BR-040/MG;Norte;Atropelamento de pedestre atravessando;1;0;0;0;0;0;0;0;0;0;1;1;0;0;0
19/09/2018;07:55:00;113;Acidente com Vítima;23,5;BR-040/MG;Norte;Abalroamento transversal;2;0;0;0;0;0;0;0;0;0;3;4;0;0;0
19/09/2018;05:49:00;72;Acidente sem Vítima;555,3;BR-040/MG;Norte;Abalroamento longitudinal;2;0;0;0;0;0;0;0;0;0;2;0;0;0;0
19/09/2018;02:56:00;50;Acidente com Vítima;546,1;BR-040/MG;Sul;Choque com objeto fixo;1;0;0;0;0;0;0;0;0;0;0;0;0;1;0
18/09/2018;21:41:00;310;Acidente sem Vítima;462;BR-040/MG;Norte;Colisão traseira;1;0;1;0;0;0;0;0;0;0;2;0;0;0;0
18/09/2018;20:38:00;297;Acidente sem Vítima;661,032;BR-040/MG;Norte;Choque com objeto fixo;0;0;0;1;0;0;0;0;0;0;1;0;0;0;0
18/09/2018;18:07:00;253;Acidente com Vítima;543,5;BR-040/MG;Sul;Queda de Moto;0;0;0;1;0;0;0;0;0;0;0;1;0;0;0
18/09/2018;10:05:00;130;Acidente sem Vítima;720,8;BR-040/MG;Norte;Colisão traseira;1;0;0;0;0;1;0;0;0;0;5;0;0;0;0
18/09/2018;09:54:00;127;Acidente com Vítima;162,001;BR-040/MG;Norte;Capotamento;1;0;0;0;0;0;0;0;0;0;0;0;2;0;0
18/09/2018;08:51:00;109;Acidente com Morte;624,8;BR-040/MG;Norte;Colisão frontal;2;0;0;0;0;1;0;0;0;0;2;1;1;2;5
18/09/2018;08:28:00;100;Acidente sem Vítima;715,95;BR-040/MG;Sul;Choque com objeto fixo;1;0;0;0;0;0;0;0;0;0;1;0;0;0;0
18/09/2018;08:17:00;97;Acidente sem Vítima;732,7;BR-040/MG;Sul;Choque com objeto fixo;1;0;0;0;0;0;0;0;0;0;1;0;0;0;0
18/09/2018;07:45:00;87;Acidente com Vítima;716,9;BR-040/MG;Norte;Capotamento;1;0;0;0;0;0;0;0;0;0;0;0;0;1;0
18/09/2018;04:18:00;59;Acidente com Vítima;387,95;BR-040/MG;Sul;Choque com objeto fixo;0;0;1;0;0;0;0;0;0;0;0;1;0;0;0
18/09/2018;03:41:00;58;Acidente com Vítima;234,3;BR-040/MG;Sul;Choque com objeto fixo;0;0;1;0;0;0;0;0;0;0;0;1;0;0;0
17/09/2018;18:48:00;287;Acidente sem Vítima;517,135;BR-040/MG;Norte;Colisão traseira;1;0;0;0;0;0;0;0;0;1;3;0;0;0;0
17/09/2018;17:48:00;273;Acidente sem Vítima;730;BR-040/MG;Sul;Choque com objeto fixo;1;0;0;0;0;0;0;0;0;0;1;0;0;0;0
17/09/2018;17:08:00;267;Acidente sem Vítima;739,1;BR-040/MG;Sul;Capotamento;1;0;0;0;0;0;0;0;0;0;1;0;0;0;0
17/09/2018;15:39:00;242;Atropelamento sem Morte;21,7;BR-040/GO;Sul;Atropelamento de ciclista;1;1;0;0;0;0;0;0;0;0;1;0;0;0;0
17/09/2018;13:54:00;214;Acidente sem Vítima;732;BR-040/MG;Sul;Choque em defensa;1;0;0;0;0;0;0;0;0;0;1;0;0;0;0
17/09/2018;13:29:00;211;Acidente sem Vítima;717;BR-040/MG;Norte;Choque com objeto fixo;1;0;0;0;0;0;0;0;0;0;2;0;0;0;0
17/09/2018;12:48:00;204;Acidente com Vítima;758,5;BR-040/MG;Norte;Choque com objeto fixo;0;0;1;0;0;0;0;0;0;0;1;1;0;0;0
17/09/2018;12:41:00;202;Acidente sem Vítima;739,8;BR-040/MG;Norte;Choque com objeto fixo;1;0;0;0;0;0;0;0;0;0;2;0;0;0;0
17/09/2018;12:26:00;198;Acidente sem Vítima;704;BR-040/MG;Sul;Choque com objeto fixo;1;0;0;0;0;0;0;0;0;0;1;0;0;0;0
17/09/2018;12:12:00;195;Acidente sem Vítima;460,5;BR-040/MG;Sul;Choque com objeto fixo;1;0;0;0;0;0;0;0;0;0;1;0;0;0;0
17/09/2018;11:33:00;190;Acidente com Vítima;730,2;BR-040/MG;Sul;Choque com objeto fixo;1;0;0;0;0;0;0;0;0;0;4;1;0;0;0
17/09/2018;11:24:00;185;Acidente sem Vítima;632;BR-040/MG;Norte;Choque com objeto fixo;0;0;1;0;0;0;0;0;0;0;2;0;0;0;0
17/09/2018;11:09:00;179;Acidente sem Vítima;656;BR-040/MG;Sul;Choque com objeto fixo;1;0;0;0;0;0;0;0;0;0;1;0;0;0;0
17/09/2018;10:43:00;172;Acidente sem Vítima;692;BR-040/MG;Sul;Abalroamento longitudinal;2;0;0;0;0;0;0;0;0;0;2;0;0;0;0
17/09/2018;10:30:00;167;Acidente sem Vítima;741,2;BR-040/MG;Norte;Choque com objeto fixo;0;0;1;0;0;0;0;0;0;0;1;0;0;0;0
17/09/2018;09:40:00;145;Acidente com Vítima;694,1;BR-040/MG;Sul;Abalroamento longitudinal;1;0;1;0;0;0;0;0;0;0;5;1;0;0;0
17/09/2018;08:39:00;127;Acidente sem Vítima;464,1;BR-040/MG;Norte;Queda de Carga;0;0;1;0;0;0;0;0;0;0;1;0;0;0;0
17/09/2018;08:36:00;123;Acidente com Vítima;587,4;BR-040/MG;Sul;Queda de Moto;0;0;0;1;0;0;0;0;0;0;0;1;0;0;0
17/09/2018;08:23:00;117;Acidente sem Vítima;479,1;BR-040/MG;Sul;Choque em defensa;2;0;0;0;0;0;0;0;0;0;3;0;0;0;0
17/09/2018;06:50:00;84;Acidente com Morte;531,9;BR-040/MG;Sul;Abalroamento longitudinal;1;0;1;1;0;0;0;0;0;0;2;0;0;0;1
17/09/2018;04:11:00;51;Acidente sem Vítima;648,2;BR-040/MG;Norte;Atropelamento de animal;1;0;0;0;0;0;0;0;0;0;2;0;0;0;0
17/09/2018;00:30:00;2;Acidente sem Vítima;629,1;BR-040/MG;Sul;Capotamento;1;0;0;0;0;0;0;0;0;0;1;0;0;0;0
16/09/2018;22:57:00;276;Acidente sem Vítima;3,2;BR-040/DF;Sul;Capotamento;1;0;0;0;0;0;0;0;0;0;1;0;0;0;0
16/09/2018;17:26:00;204;Acidente sem Vítima;694;BR-040/MG;Norte;Choque em defensa;1;0;0;0;0;0;0;0;0;0;2;0;0;0;0
16/09/2018;17:19:00;203;Acidente com Vítima;12,7;BR-040/GO;Norte;Capotamento;1;0;0;0;0;1;0;0;0;0;1;0;1;0;0
16/09/2018;15:11:00;174;Acidente sem Vítima;119;BR-040/MG;Sul;Abalroamento longitudinal;1;0;0;0;0;1;0;0;0;0;5;0;0;0;0
16/09/2018;14:32:00;164;Acidente com Vítima;552,2;BR-040/MG;Sul;Colisão traseira;2;0;0;0;0;0;0;0;0;0;4;1;0;0;0
16/09/2018;13:14:00;149;Acidente sem Vítima;618,4;BR-040/MG;Norte;Colisão traseira;2;0;0;0;0;0;0;0;0;0;2;0;0;0;0
16/09/2018;12:58:00;146;Acidente com Vítima;113,1;BR-040/GO;Sul;Capotamento;1;0;0;0;0;0;0;0;0;0;0;1;0;0;0
16/09/2018;09:58:00;105;Acidente com Vítima;562,8;BR-040/MG;Sul;Capotamento;1;0;0;0;0;0;0;0;0;0;1;1;0;0;0
16/09/2018;09:32:00;92;Acidente com Vítima;621;BR-040/MG;Sul;Abalroamento longitudinal;1;0;1;0;0;0;0;0;0;0;1;1;0;0;0
16/09/2018;08:48:00;82;Acidente sem Vítima;563,1;BR-040/MG;Sul;Choque com objeto fixo;1;0;0;0;0;0;0;0;0;0;1;0;0;0;0
16/09/2018;08:22:00;73;Acidente sem Vítima;562,5;BR-040/MG;Sul;Choque com objeto fixo;1;0;0;0;0;0;0;0;0;0;1;0;0;0;0
16/09/2018;05:56:00;40;Acidente sem Vítima;1,8;BR-040/GO;Norte;Abalroamento longitudinal;2;0;0;0;0;0;0;0;0;0;3;0;0;0;0
16/09/2018;02:17:00;19;Acidente sem Vítima;549;BR-040/MG;Sul;Choque com objeto fixo;1;0;0;0;0;0;0;0;0;0;3;0;0;0;0
16/09/2018;01:45:00;17;Acidente sem Vítima;27,5;BR-040/GO;Sul;Abalroamento longitudinal;1;0;0;1;0;0;0;0;0;0;6;0;0;0;0
15/09/2018;22:55:00;277;Acidente sem Vítima;142,8;BR-040/MG;Sul;Abalroamento transversal;2;0;0;0;0;0;0;0;0;0;3;0;0;0;0
15/09/2018;18:50:00;221;Acidente com Vítima;526,5;BR-040/MG;Sul;Colisão traseira;1;0;0;1;0;0;0;0;0;0;1;0;1;0;0
15/09/2018;18:33:00;213;Acidente sem Vítima;481,1;BR-040/MG;Sul;Colisão traseira;1;0;1;0;0;0;0;0;0;0;2;0;0;0;0
15/09/2018;18:09:00;206;Acidente sem Vítima;57,01;BR-040/GO;Norte;Queda de Moto;0;0;0;1;0;0;0;0;0;0;1;0;0;0;0
15/09/2018;15:02:00;166;Acidente sem Vítima;7;BR-040/DF;Sul;Queda de Carga;0;0;1;0;0;0;0;0;0;0;1;0;0;0;0
15/09/2018;14:38:00;160;Acidente com Vítima;617,2;BR-040/MG;Norte;Colisão traseira;0;0;2;0;0;0;0;0;0;0;1;0;1;0;0
15/09/2018;14:02:00;150;Acidente com Vítima;8;BR-040/GO;Norte;Queda de Moto;1;0;0;1;0;0;0;0;0;0;1;2;0;0;0
15/09/2018;13:32:00;144;Atropelamento sem Morte;11,2;BR-040/GO;Norte;Atropelamento de pedestre atravessando;1;0;0;0;0;0;0;0;0;0;2;0;0;0;0
15/09/2018;11:56:00;119;Acidente sem Vítima;6;BR-040/DF;Sul;Colisão traseira;1;0;1;0;0;0;0;0;0;0;5;0;0;0;0
15/09/2018;09:29:00;88;Acidente sem Vítima;1,001;BR-040/GO;Sul;Colisão traseira;2;0;0;0;0;1;0;0;0;0;3;0;0;0;0
15/09/2018;09:02:00;79;Acidente sem Vítima;133,001;BR-040/MG;Norte;Choque com objeto fixo;0;0;1;0;0;0;0;0;0;0;1;0;0;0;0
15/09/2018;08:00:00;74;Acidente sem Vítima;74,4;BR-040/GO;Sul;Colisão traseira;1;0;0;0;0;0;0;0;0;1;2;0;0;0;0
15/09/2018;07:08:00;63;Acidente com Vítima;299,9;BR-040/MG;Norte;Choque com objeto fixo;1;0;0;0;0;0;0;0;0;0;4;1;0;0;0
15/09/2018;06:57:00;62;Acidente com Vítima;545;BR-040/MG;Sul;Choque com objeto fixo;1;0;0;0;0;0;0;0;0;0;1;0;0;1;0
15/09/2018;06:30:00;54;Acidente com Vítima;268,6;BR-040/MG;Sul;Capotamento;0;0;0;0;0;0;0;0;0;1;4;0;2;0;0
15/09/2018;06:22:00;52;Acidente com Vítima;44,001;BR-040/MG;Sul;Abalroamento longitudinal;1;0;0;1;0;0;0;0;0;0;1;0;1;0;0
15/09/2018;05:56:00;44;Acidente sem Vítima;441,35;BR-040/MG;Norte;Outros;1;0;0;0;0;0;0;0;0;0;1;0;0;0;0
15/09/2018;05:43:00;43;Acidente sem Vítima;532;BR-040/MG;Norte;Outros;1;0;0;0;0;0;0;0;0;0;2;0;0;0;0
15/09/2018;05:09:00;41;Acidente sem Vítima;24,2;BR-040/GO;Sul;Abalroamento transversal;2;0;0;0;0;0;0;0;0;0;3;0;0;0;0
15/09/2018;04:25:00;39;Acidente com Vítima;548,1;BR-040/MG;Sul;Colisão traseira;2;0;0;0;0;0;0;0;0;0;2;0;1;0;0
15/09/2018;03:18:00;33;Acidente com Vítima;728,188;BR-040/MG;Norte;Colisão traseira;0;0;2;0;0;0;0;0;0;0;3;0;1;0;0
15/09/2018;02:51:00;30;Acidente com Vítima;6,6;BR-040/GO;Norte;Colisão traseira;1;0;0;1;0;0;0;0;0;0;1;0;1;0;0
15/09/2018;00:40:00;13;Acidente sem Vítima;579,14;BR-040/MG;Norte;Choque em defensa;1;0;0;0;0;0;0;0;0;0;1;0;0;0;0
14/09/2018;21:49:00;297;Acidente sem Vítima;528,01;BR-040/MG;Norte;Colisão traseira;2;0;0;0;0;0;0;0;0;0;2;0;0;0;0
14/09/2018;21:40:00;293;Acidente com Vítima;528,05;BR-040/MG;Norte;Queda de Moto;1;0;0;1;0;0;0;0;0;0;1;0;1;0;0
14/09/2018;20:08:00;275;Acidente sem Vítima;553,513;BR-040/MG;Sul;Abalroamento transversal;2;0;0;0;0;0;0;0;0;0;2;0;0;0;0
14/09/2018;18:24:00;234;Acidente sem Vítima;530;BR-040/MG;Sul;Abalroamento transversal;1;0;1;0;0;0;0;0;0;0;2;0;0;0;0
14/09/2018;18:03:00;228;Acidente com Vítima;525,8;BR-040/MG;Norte;Abalroamento longitudinal;1;0;0;1;0;0;0;0;0;0;1;1;0;0;0
14/09/2018;16:49:00;213;Acidente sem Vítima;10;BR-040/GO;Norte;Abalroamento longitudinal;1;0;0;0;1;0;0;0;0;0;2;0;0;0;0
14/09/2018;16:27:00;205;Acidente com Vítima;529;BR-040/MG;Sul;Queda de Moto;0;0;0;1;0;0;0;0;0;0;1;1;0;0;0
14/09/2018;16:25:00;203;Acidente com Vítima;603,1;BR-040/MG;Sul;Abalroamento transversal;2;0;0;0;0;0;0;0;0;0;3;0;1;0;0
14/09/2018;15:18:00;191;Acidente sem Vítima;657,649;BR-040/MG;Norte;Colisão traseira;1;0;0;1;0;0;0;0;0;0;3;0;0;0;0
14/09/2018;08:24:00;110;Acidente sem Vítima;540;BR-040/MG;Norte;Outros;0;0;0;1;0;1;0;0;0;0;2;0;0;0;0
14/09/2018;07:05:00;79;Acidente com Vítima;3,6;BR-040/DF;Norte;Colisão traseira;2;0;0;3;0;0;0;0;0;0;4;0;0;0;0
13/09/2018;22:48:00;344;Atropelamento sem Morte;1,3;BR-040/GO;Sul;Atropelamento de pedestre atravessando;0;0;0;1;0;0;0;0;0;0;1;0;0;1;0
13/09/2018;20:58:00;322;Acidente com Morte;667,8;BR-040/MG;Sul;Choque com objeto fixo;1;0;0;0;0;0;0;0;0;0;1;1;1;1;1
13/09/2018;20:01:00;309;Atropelamento com Morte;621,65;BR-040/MG;Sul;Atropelamento de pedestre atravessando;1;0;0;0;0;0;0;0;0;0;1;0;0;0;1
13/09/2018;16:57:00;260;Acidente sem Vítima;137,95;BR-040/MG;Sul;Outros;1;0;0;0;0;0;0;0;0;0;3;0;0;0;0
13/09/2018;14:11:00;227;Acidente sem Vítima;522;BR-040/MG;Norte;Colisão traseira;2;0;0;0;0;0;0;0;0;0;3;0;0;0;0
13/09/2018;13:41:00;217;Acidente sem Vítima;458;BR-040/MG;Sul;Queda de Moto;0;0;0;1;0;0;0;0;0;0;2;0;0;0;0