data;horario;n_da_ocorrencia;tipo_de_ocorrencia;km;trecho;sentido;tipo_de_acidente;automovel;bicicleta;caminhao;moto;onibus;outros;tracao_animal;transporte_de_cargas_especiais;trator_maquinas;utilitarios;ilesos;levemente_feridos;moderadamente_feridos;gravemente_feridos;mortos
01/09/2018;21:15:00;249;Acidente sem Vítima;691,1;BR-040/MG;Sul;Atropelamento de animal;1;0;0;0;0;0;0;0;0;0;5;0;0;0;0
01/09/2018;19:45:00;236;Acidente sem Vítima;667,7;BR-040/MG;Sul;Choque com objeto fixo;1;0;0;0;0;0;0;0;0;0;1;0;0;0;0
01/09/2018;19:26:00;231;Acidente sem Vítima;108,95;BR-040/GO;Sul;Atropelamento de animal;1;0;0;0;0;0;0;0;0;0;3;0;0;0;0
01/09/2018;14:43:00;163;Acidente sem Vítima;385,57;BR-040/MG;Norte;Colisão traseira;1;0;1;0;0;0;0;0;0;0;3;0;0;0;0
01/09/2018;11:53:00;104;Acidente com Vítima;438,35;BR-040/MG;Norte;Choque com objeto fixo;0;0;0;1;0;0;0;0;0;0;0;0;1;0;0
01/09/2018;11:17:00;94;Acidente com Vítima;5,05;BR-040/GO;Norte;Queda de Moto;0;0;0;1;0;0;0;0;0;0;0;1;0;0;0
01/09/2018;10:57:00;87;Acidente com Vítima;529,4;BR-040/MG;Sul;Queda de Moto;0;0;0;1;0;0;0;0;0;0;0;1;0;0;0
01/09/2018;09:46:00;72;Acidente com Vítima;530,1;BR-040/MG;Sul;Queda de Moto;0;0;0;1;0;0;0;0;0;0;1;0;1;0;0
01/09/2018;09:39:00;70;Acidente sem Vítima;758;BR-040/MG;Sul;Choque com objeto fixo;1;0;0;0;0;0;0;0;0;0;1;0;0;0;0
01/09/2018;09:14:00;64;Atropelamento sem Morte;8,1;BR-040/DF;Sul;Atropelamento de pedestre atravessando;1;0;0;0;0;0;0;0;0;0;1;0;1;0;0
01/09/2018;08:45:00;57;Acidente com Vítima;510,2;BR-040/MG;Norte;Choque com objeto na pista;1;0;0;1;0;0;0;0;0;0;1;0;1;0;0
01/09/2018;07:21:00;39;Acidente sem Vítima;619,1;BR-040/MG;Norte;Colisão traseira;2;0;0;0;0;0;0;0;0;0;2;0;0;0;0
01/09/2018;07:11:00;35;Acidente com Vítima;41,5;BR-040/MG;Sul;Abalroamento longitudinal;0;1;0;1;0;0;0;0;0;0;1;1;0;0;0
01/09/2018;06:05:00;24;Acidente com Vítima;0,2;BR-040/GO;Norte;Queda de Moto;1;0;0;1;0;0;0;0;0;0;1;1;0;0;0
01/09/2018;04:10:00;18;Acidente sem Vítima;623,1;BR-040/MG;Norte;Choque com objeto fixo;1;0;0;0;0;0;0;0;0;0;1;0;0;0;0
01/09/2018;02:43:00;13;Acidente sem Vítima;508,1;BR-040/MG;Sul;Capotamento;1;0;0;0;0;0;0;0;0;0;1;0;0;0;0
30/11/2018;21:36:00;336;Acidente sem Vítima;6,3;BR-040/GO;Sul;Choque com objeto fixo;1;0;0;0;0;0;0;0;0;0;2;0;0;0;0
30/11/2018;16:46:00;243;Acidente sem Vítima;522,9;BR-040/MG;Norte;Queda de Moto;0;0;0;1;0;0;0;0;0;0;2;0;0;0;0
30/11/2018;16:22:00;234;Acidente sem Vítima;620;BR-040/MG;Sul;Abalroamento transversal;2;0;0;0;0;0;0;0;0;0;3;0;0;0;0
30/11/2018;13:52:00;195;Acidente com Vítima;521,5;BR-040/MG;Norte;Queda de Moto;0;0;0;1;0;0;0;0;0;0;0;1;0;0;0
30/11/2018;09:44:00;139;Acidente sem Vítima;536,8;BR-040/MG;Sul;Colisão traseira;2;0;0;0;0;0;0;0;0;0;2;0;0;0;0
30/11/2018;08:18:00;114;Acidente sem Vítima;530,5;BR-040/MG;Sul;Colisão traseira;2;0;0;0;0;0;0;0;0;0;2;0;0;0;0
30/11/2018;08:03:00;105;Acidente com Vítima;561,1;BR-040/MG;Norte;Colisão traseira;1;0;1;0;0;0;0;0;0;0;3;1;0;0;0
30/11/2018;06:42:00;90;Acidente sem Vítima;542,4;BR-040/MG;Sul;Colisão traseira;3;0;0;0;0;0;0;0;0;0;3;0;0;0;0
30/11/2018;04:18:00;68;Acidente sem Vítima;1,9;BR-040/DF;Sul;Choque com objeto fixo;1;0;0;0;0;0;0;0;0;0;1;0;0;0;0
29/11/2018;23:23:00;352;Acidente sem Vítima;9,5;BR-040/GO;Sul;Abalroamento longitudinal;1;0;0;2;0;0;0;0;0;0;3;0;0;0;0
29/11/2018;19:40:00;313;Acidente com Vítima;48,756;BR-040/GO;Norte;Choque com objeto fixo;1;0;0;0;0;0;0;0;0;0;0;1;0;0;0
29/11/2018;19:11:00;308;Atropelamento sem Morte;631,3;BR-040/MG;Norte;Atropelamento de pedestre atravessando;1;0;0;0;0;0;0;0;0;0;1;1;0;0;0
29/11/2018;18:35:00;294;Atropelamento sem Morte;43,5;BR-040/MG;Norte;Atropelamento de ciclista;0;1;0;1;0;0;0;0;0;0;1;0;1;0;0
29/11/2018;16:50:00;261;Acidente sem Vítima;481,2;BR-040/MG;Norte;Queda de Moto;1;0;0;0;0;0;0;0;0;0;1;0;0;0;0
29/11/2018;14:01:00;213;Acidente sem Vítima;513,25;BR-040/MG;Norte;Choque em defensa;1;0;0;0;0;0;0;0;0;0;2;0;0;0;0
29/11/2018;13:10:00;200;Atropelamento sem Morte;0,4;BR-040/GO;Norte;Atropelamento de pedestre atravessando;0;0;0;1;0;0;0;0;0;0;1;1;0;0;0
29/11/2018;07:23:00;86;Acidente com Vítima;13,8;BR-040/GO;Norte;Abalroamento transversal;0;0;0;1;0;1;0;0;0;0;1;0;1;0;0
29/11/2018;07:05:00;77;Acidente com Vítima;2,5;BR-040/GO;Norte;Queda de Moto;0;0;0;1;0;0;0;0;0;0;1;1;0;0;0
29/11/2018;00:55:00;11;Atropelamento sem Morte;511,4;BR-040/MG;Sul;Atropelamento de pedestre caminhando;0;0;0;0;0;0;0;0;0;0;0;0;0;1;0
29/11/2018;00:43:00;9;Acidente com Vítima;671,2;BR-040/MG;Norte;Queda de Moto;0;0;0;1;0;0;0;0;0;0;0;2;0;0;0
28/11/2018;22:43:00;382;Acidente com Vítima;12,6;BR-040/GO;Sul;Queda de Moto;0;0;1;1;0;0;0;0;0;0;1;1;0;0;0
28/11/2018;21:00:00;355;Acidente sem Vítima;75,5;BR-040/GO;Sul;Atropelamento de animal;1;0;0;0;0;0;0;0;0;0;1;0;0;0;0
28/11/2018;18:21:00;304;Acidente sem Vítima;62,7;BR-040/GO;Sul;Queda de Carga;0;0;0;0;0;1;0;0;0;0;1;0;0;0;0
28/11/2018;16:57:00;281;Acidente com Vítima;521;BR-040/MG;Norte;Queda de Moto;0;0;0;1;0;0;0;0;0;0;1;1;0;0;0
28/11/2018;14:41:00;250;Acidente com Vítima;101,9;BR-040/MG;Sul;Choque com objeto fixo;1;0;0;0;0;0;0;0;0;0;1;1;0;0;0
28/11/2018;12:11:00;199;Acidente sem Vítima;700,1;BR-040/MG;Sul;Colisão traseira;0;0;2;0;0;0;0;0;0;0;2;0;0;0;0
28/11/2018;10:48:00;183;Acidente sem Vítima;691,1;BR-040/MG;Norte;Choque em defensa;2;0;0;0;0;0;0;0;0;0;2;0;0;0;0
28/11/2018;07:44:00;121;Acidente com Vítima;533;BR-040/MG;Sul;Colisão traseira;1;0;0;1;0;0;0;0;0;0;3;1;0;0;0
28/11/2018;07:43:00;120;Acidente com Vítima;93,3;BR-040/GO;Norte;Abalroamento transversal;2;0;0;0;0;0;0;0;0;0;3;1;0;0;0
28/11/2018;06:45:00;103;Acidente sem Vítima;9,1;BR-040/GO;Norte;Colisão traseira;1;0;0;0;1;0;0;0;0;0;2;0;0;0;0
28/11/2018;06:24:00;92;Acidente sem Vítima;405,1;BR-040/MG;Norte;Colisão traseira;0;0;2;0;0;0;0;0;0;0;2;0;0;0;0
28/11/2018;06:13:00;86;Acidente com Vítima;6,1;BR-040/DF;Norte;Abalroamento longitudinal;1;0;0;1;0;0;0;0;0;0;1;1;0;0;0
28/11/2018;04:59:00;78;Acidente com Vítima;615,04;BR-040/MG;Sul;Colisão traseira;1;0;1;0;0;0;0;0;0;0;1;1;0;0;0
27/11/2018;23:36:00;363;Acidente sem Vítima;514,2;BR-040/MG;Sul;Capotamento;1;0;0;0;0;0;0;0;0;0;3;0;0;0;0
27/11/2018;20:40:00;338;Acidente sem Vítima;706,1;BR-040/MG;Sul;Queda de Moto;0;0;0;1;0;0;0;0;0;0;1;0;0;0;0
27/11/2018;18:32:00;305;Acidente sem Vítima;497,2;BR-040/MG;Sul;Queda de Moto;0;0;0;1;0;0;0;0;0;0;2;0;0;0;0
27/11/2018;10:43:00;172;Acidente sem Vítima;641,4;BR-040/MG;Sul;Choque em defensa;0;0;1;0;0;0;0;0;0;0;33;0;0;0;0
26/11/2018;21:54:00;345;Acidente sem Vítima;679,3;BR-040/MG;Norte;Queda de Carga;0;0;1;0;0;0;0;0;0;0;1;0;0;0;0
26/11/2018;19:47:00;311;Acidente sem Vítima;14,6;BR-040/MG;Norte;Atropelamento de animal;1;0;0;0;0;0;0;0;0;0;1;0;0;0;0
26/11/2018;12:38:00;202;Acidente com Vítima;534,2;BR-040/MG;Sul;Queda de Moto;0;0;0;1;0;0;0;0;0;0;0;1;0;0;0
26/11/2018;11:08:00;174;Acidente com Vítima;92,8;BR-040/GO;Sul;Abalroamento transversal;0;0;1;1;0;0;0;0;0;0;1;1;0;0;0
26/11/2018;09:05:00;143;Acidente sem Vítima;763,3;BR-040/MG;Sul;Capotamento;2;0;0;0;0;0;0;0;0;0;3;0;0;0;0
26/11/2018;08:53:00;136;Acidente sem Vítima;519,2;BR-040/MG;Sul;Colisão traseira;0;0;0;1;1;0;0;0;0;0;1;0;0;0;0
26/11/2018;08:44:00;132;Acidente com Vítima;510,24;BR-040/MG;Norte;Capotamento;1;0;0;0;0;0;0;0;0;0;0;0;2;0;0
26/11/2018;07:03:00;93;Acidente com Vítima;69,7;BR-040/GO;Norte;Capotamento;1;0;0;0;0;0;0;0;0;0;1;0;1;0;0
26/11/2018;00:27:00;4;Acidente sem Vítima;758,44;BR-040/MG;Sul;Colisão traseira;0;0;2;0;0;0;0;0;0;0;2;0;0;0;0
25/11/2018;21:56:00;252;Atropelamento com Morte;568,3;BR-040/MG;Sul;Atropelamento de pedestre caminhando;1;0;0;0;0;0;0;0;0;0;3;0;0;0;1
25/11/2018;21:08:00;239;Acidente com Vítima;730,5;BR-040/MG;Sul;Colisão traseira;3;0;2;0;0;0;0;0;0;0;5;0;1;0;0
25/11/2018;20:04:00;223;Acidente sem Vítima;549;BR-040/MG;Sul;Atropelamento de animal;1;0;0;0;0;0;0;0;0;0;1;0;0;0;0
25/11/2018;19:51:00;214;Acidente sem Vítima;533,3;BR-040/MG;Sul;Capotamento;1;0;0;0;0;0;0;0;0;0;1;0;0;0;0
25/11/2018;18:43:00;187;Acidente com Vítima;473,5;BR-040/MG;Norte;;1;0;0;0;0;0;0;0;0;0;0;1;0;0;0
25/11/2018;18:31:00;184;Acidente sem Vítima;533,2;BR-040/MG;Sul;Colisão traseira;2;0;0;0;0;0;0;0;0;0;2;0;0;0;0
25/11/2018;16:22:00;153;Acidente sem Vítima;717,8;BR-040/MG;Norte;Choque em defensa;1;0;0;0;0;0;0;0;0;0;1;0;0;0;0
25/11/2018;16:02:00;145;Acidente com Vítima;150,216;BR-040/GO;Norte;Choque com objeto fixo;1;0;0;0;0;0;0;0;0;0;1;1;0;0;0
25/11/2018;15:28:00;136;Acidente sem Vítima;730,4;BR-040/MG;Norte;Capotamento;1;0;0;0;0;0;0;0;0;0;1;0;0;0;0
25/11/2018;14:21:00;126;Acidente sem Vítima;465,001;BR-040/MG;Norte;Choque com objeto fixo;1;0;0;0;0;0;0;0;0;0;1;0;0;0;0
25/11/2018;14:00:00;122;Acidente sem Vítima;462,5;BR-040/MG;Sul;Choque com objeto fixo;1;0;0;0;0;0;0;0;0;0;2;0;0;0;0
25/11/2018;10:01:00;81;Acidente sem Vítima;540;BR-040/MG;Norte;Choque em barreira New Jersey;1;0;0;0;0;0;0;0;0;0;1;0;0;0;0
25/11/2018;08:34:00;65;Acidente sem Vítima;717,5;BR-040/MG;Norte;Choque em barreira New Jersey;0;0;0;1;0;0;0;0;0;0;1;0;0;0;0
25/11/2018;08:09:00;61;Acidente sem Vítima;628;BR-040/MG;Norte;Colisão traseira;2;0;0;0;0;0;0;0;0;0;2;0;0;0;0
25/11/2018;05:28:00;30;Acidente sem Vítima;6,2;BR-040/GO;Norte;Choque com objeto fixo;1;0;0;0;0;0;0;0;0;0;1;0;0;0;0
25/11/2018;01:35:00;12;Acidente com Vítima;1,5;BR-040/DF;Sul;Colisão traseira;2;0;0;0;0;0;0;0;0;0;1;1;0;0;0
24/11/2018;23:04:00;339;Acidente sem Vítima;546,6;BR-040/MG;Sul;Capotamento;1;0;0;0;0;0;0;0;0;0;0;0;0;0;0
24/11/2018;21:33:00;324;Acidente sem Vítima;440,05;BR-040/MG;Norte;Queda de Carga;0;0;1;0;0;0;0;0;0;0;2;0;0;0;0
24/11/2018;19:50:00;306;Acidente sem Vítima;617;BR-040/MG;Norte;Abalroamento transversal;2;0;0;0;0;0;0;0;0;0;2;0;0;0;0
24/11/2018;19:30:00;302;Acidente sem Vítima;533;BR-040/MG;Norte;Choque com objeto fixo;1;0;0;0;0;0;0;0;0;0;1;0;0;0;0
24/11/2018;19:00:00;294;Acidente com Vítima;499,5;BR-040/MG;Norte;Capotamento;0;0;0;1;0;0;0;0;0;0;0;1;0;0;0
24/11/2018;18:31:00;287;Acidente sem Vítima;42,1;BR-040/MG;Norte;Abalroamento transversal;1;0;0;1;0;0;0;0;0;0;2;0;0;0;0
24/11/2018;16:53:00;262;Acidente sem Vítima;2,8;BR-040/GO;Sul;Colisão traseira;2;0;0;0;0;0;0;0;0;0;2;0;0;0;0
24/11/2018;14:47:00;232;Acidente com Vítima;47,1;BR-040/MG;Sul;Capotamento;1;0;0;0;0;0;0;0;0;0;0;2;0;0;0
24/11/2018;14:45:00;230;Acidente sem Vítima;511,1;BR-040/MG;Norte;Colisão traseira;2;0;0;0;0;0;0;0;0;0;2;0;0;0;0
24/11/2018;14:25:00;225;Acidente sem Vítima;36,1;BR-040/MG;Norte;Colisão traseira;2;0;0;0;0;0;0;0;0;0;2;0;0;0;0
24/11/2018;14:04:00;219;Acidente sem Vítima;567;BR-040/MG;Sul;Colisão traseira;1;0;0;1;0;0;0;0;0;0;2;0;0;0;0
24/11/2018;13:50:00;217;Atropelamento sem Morte;1,3;BR-040/GO;Sul;;1;0;0;0;0;0;0;0;0;0;1;1;0;0;0
24/11/2018;13:20:00;209;Acidente sem Vítima;656,1;BR-040/MG;Norte;Choque com objeto fixo;1;0;0;0;0;0;0;0;0;0;1;0;0;0;0
24/11/2018;13:06:00;204;Acidente com Vítima;462,5;BR-040/MG;Sul;Capotamento;1;0;0;0;0;0;0;0;0;0;1;3;0;0;0
24/11/2018;06:13:00;85;Acidente sem Vítima;539,1;BR-040/MG;Norte;Choque em barreira New Jersey;1;0;0;0;0;0;0;0;0;0;0;0;0;0;0
24/11/2018;00:52:00;15;Acidente sem Vítima;7;BR-040/GO;Norte;Abalroamento transversal;2;0;0;0;0;0;0;0;0;0;2;0;0;0;0
24/11/2018;00:29:00;7;Acidente sem Vítima;7;BR-040/GO;Sul;Colisão traseira;2;0;0;0;0;0;0;0;0;0;2;0;0;0;0
24/11/2018;00:14:00;4;Acidente com Vítima;277,9;BR-040/MG;Norte;Capotamento;1;0;0;0;0;0;0;0;0;0;0;1;0;0;0
23/11/2018;22:45:00;433;Acidente com Vítima;538,01;BR-040/MG;Norte;Capotamento;1;0;0;0;0;0;0;0;0;0;0;0;0;0;0
23/11/2018;22:41:00;431;Acidente com Vítima;501,1;BR-040/MG;Norte;Choque com objeto fixo;1;0;0;0;0;0;0;0;0;0;2;1;0;0;0
23/11/2018;19:46:00;384;Acidente sem Vítima;665,5;BR-040/MG;Norte;Atropelamento de animal;1;0;0;0;0;0;0;0;0;0;1;0;0;0;0
23/11/2018;18:48:00;361;Acidente sem Vítima;544,1;BR-040/MG;Norte;Colisão traseira;3;0;0;0;0;0;0;0;0;0;3;0;0;0;0
23/11/2018;18:23:00;348;Acidente sem Vítima;614,5;BR-040/MG;Sul;Colisão traseira;1;0;0;0;0;0;0;0;0;1;6;0;0;0;0
23/11/2018;18:23:00;349;Acidente sem Vítima;111,05;BR-040/GO;Sul;Choque em defensa;1;0;0;0;0;0;0;0;0;0;1;0;0;0;0
23/11/2018;17:26:00;333;Acidente sem Vítima;544;BR-040/MG;Sul;Capotamento;0;0;0;0;0;0;0;0;0;0;0;0;0;0;0
23/11/2018;13:19:00;256;Acidente sem Vítima;575,9;BR-040/MG;Norte;Abalroamento longitudinal;1;0;1;0;0;0;0;0;0;0;2;0;0;0;0
23/11/2018;12:29:00;245;Acidente sem Vítima;419,8;BR-040/MG;Norte;Capotamento;1;0;0;0;0;0;0;0;0;0;3;0;0;0;0
23/11/2018;11:47:00;229;Acidente sem Vítima;532,1;BR-040/MG;Sul;Colisão traseira;1;0;0;2;0;0;0;0;0;0;3;0;0;0;0
23/11/2018;07:24:00;125;Acidente com Vítima;2,7;BR-040/DF;Norte;Abalroamento longitudinal;1;0;0;1;0;0;0;0;0;0;1;1;0;0;0
23/11/2018;06:23:00;99;Acidente com Vítima;504;BR-040/MG;Norte;Queda de Moto;0;0;0;1;0;0;0;0;0;0;0;1;0;0;0
23/11/2018;05:56:00;91;Atropelamento sem Morte;498,1;BR-040/MG;Norte;Atropelamento de pedestre atravessando;0;0;0;0;1;0;0;0;0;0;1;1;0;0;0
22/11/2018;22:05:00;449;Acidente sem Vítima;533,1;BR-040/MG;Norte;Abalroamento longitudinal;1;0;1;0;0;0;0;0;0;0;2;0;0;0;0
22/11/2018;18:46:00;355;Atropelamento sem Morte;12,9;BR-040/GO;Norte;Atropelamento de ciclista;1;1;0;0;0;0;0;0;0;0;1;0;1;0;0
22/11/2018;18:41:00;353;Acidente com Vítima;516,1;BR-040/MG;Norte;Queda de Moto;0;0;0;1;0;0;0;0;0;0;2;2;0;0;0
22/11/2018;17:29:00;336;Acidente sem Vítima;459,001;BR-040/MG;Sul;Colisão traseira;1;0;1;0;0;0;0;0;0;0;2;0;0;0;0
22/11/2018;14:09:00;284;Atropelamento sem Morte;701,1;BR-040/MG;Norte;Atropelamento de pedestre atravessando;0;0;1;0;0;0;0;0;0;0;0;0;1;0;0
22/11/2018;11:44:00;248;Acidente sem Vítima;14;BR-040/GO;Norte;Abalroamento longitudinal;1;0;1;0;0;0;0;0;0;0;2;0;0;0;0
22/11/2018;09:20:00;202;Acidente com Vítima;629,1;BR-040/MG;Norte;Abalroamento longitudinal;1;0;1;0;0;0;0;0;0;0;1;0;0;0;0
22/11/2018;07:20:00;157;Atropelamento sem Morte;531,5;BR-040/MG;Sul;Atropelamento de pedestre atravessando;1;0;0;0;0;0;0;0;0;0;1;1;0;0;0
22/11/2018;06:58:00;153;Acidente sem Vítima;127,5;BR-040/MG;Sul;Colisão traseira;2;0;0;0;0;0;0;0;0;0;5;0;0;0;0
22/11/2018;03:56:00;90;Acidente sem Vítima;502,2;BR-040/MG;Sul;Abalroamento longitudinal;2;0;0;0;0;0;0;0;0;0;2;0;0;0;0
22/11/2018;01:49:00;62;Acidente sem Vítima;536,1;BR-040/MG;Norte;Capotamento;1;0;0;0;0;0;0;0;0;0;1;0;0;0;0
22/11/2018;00:34:00;29;Acidente sem Vítima;586,4;BR-040/MG;Sul;Capotamento;1;0;0;0;0;0;0;0;0;0;1;0;0;0;0
21/11/2018;22:05:00;355;Acidente sem Vítima;7,004;BR-040/GO;Norte;Choque com objeto fixo;1;0;0;0;0;0;0;0;0;0;1;0;0;0;0
21/11/2018;18:18:00;281;Acidente sem Vítima;601,925;BR-040/MG;Sul;Colisão traseira;0;0;2;0;0;0;0;0;0;0;2;0;0;0;0
21/11/2018;18:14:00;279;Acidente com Vítima;545,5;BR-040/MG;Sul;Choque em barreira New Jersey;2;0;0;0;0;0;0;0;0;0;3;1;0;0;0
21/11/2018;17:58:00;274;Acidente sem Vítima;3,015;BR-040/GO;Norte;Abalroamento longitudinal;1;0;0;1;0;0;0;0;0;0;2;0;0;0;0
21/11/2018;17:38:00;268;Atropelamento sem Morte;0,15;BR-040/DF;Sul;Atropelamento de ciclista;1;1;0;0;0;0;0;0;0;0;1;1;0;0;0
21/11/2018;17:18:00;263;Acidente com Morte;58,645;BR-040/MG;Norte;Choque com objeto fixo;0;0;1;0;0;0;0;0;0;0;2;2;0;0;1
21/11/2018;16:24:00;246;Acidente com Vítima;413;BR-040/MG;Sul;Abalroamento longitudinal;1;0;1;0;0;0;0;0;0;0;11;7;1;0;0
21/11/2018;12:03:00;194;Acidente sem Vítima;566,789;BR-040/MG;Norte;Abalroamento transversal;2;0;1;0;0;0;0;0;0;0;3;0;0;0;0
21/11/2018;06:55:00;107;Acidente sem Vítima;475,001;BR-040/MG;Norte;Abalroamento longitudinal;1;0;1;0;0;0;0;0;0;0;2;0;0;0;0
21/11/2018;04:25:00;85;Acidente sem Vítima;507,6;BR-040/MG;Norte;Choque com objeto fixo;1;0;0;0;0;0;0;0;0;0;1;0;0;0;0
20/11/2018;21:46:00;395;Acidente sem Vítima;591,1;BR-040/MG;Sul;Colisão traseira;1;0;0;0;0;0;0;0;0;0;1;0;0;0;0
20/11/2018;21:21:00;392;Acidente com Vítima;687,5;BR-040/MG;Norte;Colisão traseira;2;0;0;0;0;0;0;0;0;0;0;1;0;0;0
20/11/2018;20:57:00;385;Acidente sem Vítima;641,1;BR-040/MG;Norte;Queda de Carga;0;0;1;0;0;0;0;0;0;0;0;0;0;0;0
20/11/2018;20:54:00;384;Acidente com Vítima;424,2;BR-040/MG;Sul;Queda de Moto;0;0;0;1;0;0;0;0;0;0;0;1;0;0;0
20/11/2018;20:39:00;377;Acidente sem Vítima;277,76;BR-040/MG;Sul;Atropelamento de animal;1;0;0;0;0;0;0;0;0;0;1;0;0;0;0
20/11/2018;20:36:00;374;Acidente sem Vítima;524,1;BR-040/MG;Sul;Choque com objeto fixo;1;0;0;0;0;0;0;0;0;0;1;0;0;0;0
20/11/2018;19:09:00;352;Acidente sem Vítima;729,12;BR-040/MG;Sul;Choque com objeto fixo;1;0;0;0;0;0;0;0;0;0;2;0;0;0;0
20/11/2018;18:48:00;344;Acidente sem Vítima;731;BR-040/MG;Norte;Choque com objeto fixo;1;0;0;0;0;0;0;0;0;0;1;0;0;0;0
20/11/2018;17:57:00;330;Acidente com Vítima;603,5;BR-040/MG;Sul;Queda de Carga;0;0;1;0;0;0;0;0;0;0;0;1;0;0;0
20/11/2018;17:53:00;326;Acidente com Vítima;13,1;BR-040/GO;Norte;Choque com objeto fixo;1;0;0;0;0;0;0;0;0;0;0;1;0;0;0
20/11/2018;17:44:00;323;Acidente sem Vítima;638,5;BR-040/MG;Norte;Choque com objeto fixo;1;0;0;0;0;0;0;0;0;0;2;0;0;0;0
20/11/2018;16:21:00;291;Atropelamento sem Morte;7;BR-040/GO;Sul;Atropelamento de pedestre atravessando;1;0;0;0;0;0;0;0;0;0;1;0;1;0;0
20/11/2018;16:06:00;287;Acidente sem Vítima;528,1;BR-040/MG;Norte;Colisão traseira;0;0;2;0;0;0;0;0;0;0;2;0;0;0;0
20/11/2018;15:20:00;270;Acidente sem Vítima;527,1;BR-040/MG;Norte;Abalroamento longitudinal;1;0;1;0;0;0;0;0;0;0;2;0;0;0;0
20/11/2018;14:04:00;250;Acidente sem Vítima;584,1;BR-040/MG;Sul;Choque com objeto na pista;1;0;0;0;0;1;0;0;0;0;2;0;0;0;0
20/11/2018;09:34:00;147;Acidente sem Vítima;703,1;BR-040/MG;Norte;Choque com objeto fixo;2;0;0;0;0;0;0;0;0;0;2;0;0;0;0
20/11/2018;09:02:00;132;Acidente sem Vítima;415;BR-040/MG;Sul;Outros;0;0;1;0;0;0;0;0;0;0;0;0;0;0;0
20/11/2018;08:09:00;110;Acidente sem Vítima;524,001;BR-040/MG;Sul;Abalroamento transversal;1;0;1;0;0;0;0;0;0;0;2;0;0;0;0
20/11/2018;07:50:00;102;Acidente sem Vítima;728,5;BR-040/MG;Sul;Choque em barreira New Jersey;1;0;0;0;0;0;0;0;0;0;1;0;0;0;0
20/11/2018;07:09:00;91;Acidente com Morte;590,1;BR-040/MG;Norte;Colisão frontal;1;0;1;0;0;0;0;0;0;0;1;0;0;2;1
20/11/2018;06:49:00;86;Acidente com Vítima;2,4;BR-040/DF;Norte;Queda de Moto;0;0;0;1;0;0;0;0;0;0;0;0;1;0;0
20/11/2018;01:34:00;23;Acidente com Morte;505,3;BR-040/MG;Norte;Colisão traseira;0;0;2;0;0;0;0;0;0;0;1;0;0;0;1
20/11/2018;00:25:00;3;Acidente com Vítima;24,95;BR-040/GO;Sul;Queda de Moto;0;0;0;1;0;0;0;0;0;0;0;1;1;0;0
19/11/2018;18:08:00;321;Acidente com Vítima;8,1;BR-040/GO;Sul;Queda de Moto;0;0;0;1;0;0;0;0;0;0;0;1;0;0;0
19/11/2018;17:24:00;308;Acidente sem Vítima;590,8;BR-040/MG;Norte;Abalroamento longitudinal;0;0;1;0;0;0;0;0;0;0;1;0;0;0;0
19/11/2018;17:09:00;300;Acidente sem Vítima;621,5;BR-040/MG;Sul;Colisão traseira;1;0;0;0;1;0;0;0;0;0;1;0;0;0;0
19/11/2018;17:04:00;299;Acidente sem Vítima;509;BR-040/MG;Norte;Choque com objeto fixo;1;0;0;0;0;0;0;0;0;0;2;0;0;0;0
19/11/2018;13:52:00;241;Acidente com Morte;534,15;BR-040/MG;Sul;Choque em barreira New Jersey;1;0;0;1;0;0;0;0;0;0;1;0;0;0;2
19/11/2018;11:35:00;209;Acidente com Vítima;582,1;BR-040/MG;Sul;;0;0;1;0;0;0;0;0;0;0;1;1;0;0;0
19/11/2018;08:01:00;129;Acidente sem Vítima;38,8;BR-040/GO;Sul;Capotamento;1;0;0;0;0;0;0;0;0;0;1;0;0;0;0
19/11/2018;07:32:00;116;Acidente sem Vítima;606,05;BR-040/MG;Norte;Abalroamento longitudinal;0;0;1;0;2;0;0;0;0;0;51;0;0;0;0
19/11/2018;06:33:00;99;Acidente sem Vítima;558,8;BR-040/MG;Sul;;1;0;0;0;0;0;0;0;0;0;3;0;0;0;0
19/11/2018;05:29:00;91;Acidente sem Vítima;13;BR-040/MG;Norte;Choque com objeto fixo;2;0;0;0;0;0;0;0;0;0;2;0;0;0;0
19/11/2018;04:34:00;86;Acidente com Morte;500,6;BR-040/MG;Sul;Colisão traseira;0;0;1;0;1;0;0;0;0;0;9;4;6;2;1
19/11/2018;04:02:00;81;Acidente com Vítima;533;BR-040/MG;Sul;Queda de Moto;0;0;0;1;0;0;0;0;0;0;0;0;1;0;0
19/11/2018;01:30:00;52;Acidente sem Vítima;273,4;BR-040/MG;Norte;Atropelamento de animal;0;0;1;0;0;0;0;0;0;0;1;0;0;0;0
18/11/2018;22:55:00;276;Acidente sem Vítima;525,85;BR-040/MG;Sul;Choque com objeto fixo;1;0;0;0;0;0;0;0;0;0;3;0;2;0;0
18/11/2018;22:07:00;260;Acidente sem Vítima;515,9;BR-040/MG;Norte;Choque com objeto fixo;1;0;0;0;0;0;0;0;0;0;3;0;0;0;0
18/11/2018;20:04:00;221;Acidente com Vítima;44;BR-040/GO;Norte;Queda de Moto;0;0;0;1;0;0;0;0;0;0;0;1;0;0;0