data;horario;n_da_ocorrencia;tipo_de_ocorrencia;km;trecho;sentido;tipo_de_acidente;automovel;bicicleta;caminhao;moto;onibus;outros;tracao_animal;transporte_de_cargas_especiais;trator_maquinas;utilitarios;ilesos;levemente_feridos;moderadamente_feridos;gravemente_feridos;mortos
05/11/2018;03:33:00;72;Acidente sem Vítima;168,5;BR-040/MG;Norte;Choque com objeto fixo;1;0;0;0;0;0;0;0;0;0;1;0;0;0;0
05/11/2018;03:30:00;71;Acidente sem Vítima;514,12;BR-040/MG;Sul;Capotamento;1;0;0;0;0;0;0;0;0;0;2;0;0;0;0
04/11/2018;20:11:00;211;Acidente sem Vítima;588,1;BR-040/MG;Norte;Abalroamento transversal;2;0;0;0;0;0;0;0;0;0;4;0;0;0;0
04/11/2018;19:40:00;200;Acidente sem Vítima;501,2;BR-040/MG;Sul;Colisão traseira;2;0;0;0;0;0;0;0;0;0;5;0;0;0;0
04/11/2018;19:32:00;197;Acidente sem Vítima;596,1;BR-040/MG;Norte;Choque com objeto fixo;1;0;0;0;0;0;0;0;0;0;1;0;0;0;0
04/11/2018;18:23:00;177;Acidente sem Vítima;140,3;BR-040/MG;Norte;Capotamento;1;0;0;0;0;0;0;0;0;0;1;0;0;0;0
04/11/2018;18:13:00;173;Acidente sem Vítima;510,12;BR-040/MG;Sul;Colisão traseira;2;0;0;0;0;0;0;0;0;0;3;0;0;0;0
04/11/2018;17:15:00;160;Acidente sem Vítima;180;BR-040/MG;Sul;Choque com objeto fixo;1;0;0;0;0;0;0;0;0;0;2;0;0;0;0
04/11/2018;16:40:00;151;Acidente sem Vítima;521,7;BR-040/MG;Sul;Queda de Moto;0;0;0;1;0;0;0;0;0;0;0;0;1;0;0
04/11/2018;16:28:00;150;Acidente sem Vítima;0,3;BR-040/GO;Norte;Colisão traseira;0;0;0;0;0;0;0;0;0;0;0;0;0;0;0
04/11/2018;16:24:00;149;Acidente com Vítima;531;BR-040/MG;Sul;Queda de Moto;0;0;0;1;0;0;0;0;0;0;0;2;0;0;0
04/11/2018;16:19:00;148;Acidente com Vítima;298;BR-040/MG;Norte;Choque com objeto fixo;1;0;0;0;0;0;0;0;0;0;0;2;0;0;0
04/11/2018;16:19:00;202;Acidente sem Vítima;298,15;BR-040/MG;Norte;Choque em veículo parado na pista;1;0;0;0;0;1;0;0;0;0;4;0;0;0;0
04/11/2018;15:59:00;142;Acidente sem Vítima;457,7;BR-040/MG;Sul;Choque com objeto fixo;1;0;0;0;0;0;0;0;0;0;5;0;0;0;0
04/11/2018;15:55:00;139;Acidente com Vítima;464;BR-040/MG;Norte;Queda de Moto;0;0;0;1;0;0;0;0;0;0;0;2;0;0;0
04/11/2018;15:53:00;138;Acidente sem Vítima;716,1;BR-040/MG;Sul;Choque com objeto fixo;1;0;0;0;0;0;0;0;0;0;1;0;0;0;0
04/11/2018;15:46:00;136;Acidente com Vítima;45,1;BR-040/GO;Norte;Capotamento;1;0;0;0;0;0;0;0;0;0;1;1;0;0;0
04/11/2018;15:12:00;127;Acidente sem Vítima;250,8;BR-040/MG;Sul;Choque com objeto fixo;1;0;0;0;0;0;0;0;0;0;3;0;0;0;0
04/11/2018;15:11:00;126;Acidente com Vítima;426;BR-040/MG;Sul;Capotamento;1;0;0;0;0;0;0;0;0;0;4;2;1;0;0
04/11/2018;14:44:00;115;Acidente com Vítima;96,1;BR-040/GO;Norte;Colisão frontal;2;0;0;0;0;0;0;0;0;0;5;0;0;0;0
04/11/2018;14:12:00;108;Acidente sem Vítima;479;BR-040/MG;Sul;Capotamento;1;0;0;0;0;0;0;0;0;0;3;0;0;0;0
04/11/2018;13:19:00;98;Acidente com Vítima;119,1;BR-040/MG;Sul;Abalroamento transversal;1;0;1;0;0;0;0;0;0;0;2;1;1;0;0
04/11/2018;13:17:00;97;Acidente sem Vítima;443,3;BR-040/MG;Sul;Choque com objeto fixo;1;0;0;0;0;0;0;0;0;0;3;0;0;0;0
04/11/2018;11:23:00;73;Acidente com Vítima;49,001;BR-040/MG;Norte;Abalroamento transversal;2;0;0;0;0;0;0;0;0;0;2;3;3;0;0
04/11/2018;10:18:00;54;Acidente com Vítima;491,4;BR-040/MG;Norte;Capotamento;1;0;0;0;0;0;0;0;0;0;0;2;0;0;0
04/11/2018;01:46:00;1;Acidente com Vítima;557,1;BR-040/MG;Sul;Capotamento;1;0;0;0;0;0;0;0;0;0;0;1;0;0;0
03/11/2018;22:50:00;285;Acidente com Vítima;114,5;BR-040/GO;Norte;Capotamento;1;0;0;0;0;0;0;0;0;0;0;1;0;0;0
03/11/2018;22:34:00;282;Acidente com Morte;483,5;BR-040/MG;Sul;Capotamento;1;0;0;0;0;0;0;0;0;0;0;0;0;0;1
03/11/2018;21:04:00;267;Atropelamento sem Morte;275,1;BR-040/MG;Norte;Atropelamento de ciclista;0;0;0;1;0;0;0;0;0;0;1;1;1;0;0
03/11/2018;18:52:00;240;Acidente sem Vítima;531,3;BR-040/MG;Norte;Queda de Carga;0;0;1;0;0;0;0;0;0;0;0;0;0;0;0
03/11/2018;17:03:00;211;Acidente sem Vítima;3,7;BR-040/DF;Sul;Choque com objeto fixo;1;0;0;0;0;1;0;0;0;0;2;0;0;0;0
03/11/2018;16:38:00;201;Acidente sem Vítima;563,1;BR-040/MG;Norte;Choque com objeto fixo;1;0;0;0;0;0;0;0;0;0;1;0;0;0;0
03/11/2018;15:32:00;190;Acidente com Vítima;5,5;BR-040/GO;Sul;Abalroamento transversal;1;0;0;1;0;0;0;0;0;0;1;0;1;0;0
03/11/2018;13:58:00;169;Acidente sem Vítima;56,1;BR-040/GO;Sul;Choque em defensa;0;0;1;0;0;0;0;0;0;0;2;0;0;0;0
03/11/2018;11:31:00;133;Acidente com Vítima;473,4;BR-040/MG;Norte;Queda de Moto;1;0;0;1;0;0;0;0;0;0;1;1;0;0;0
03/11/2018;09:25:00;91;Acidente com Vítima;35,5;BR-040/MG;Sul;Queda de Moto;0;0;0;1;0;0;0;0;0;0;0;0;1;0;0
03/11/2018;09:10:00;89;Acidente com Vítima;605,5;BR-040/MG;Sul;Choque em barreira New Jersey;2;0;0;0;0;0;0;0;0;0;1;1;1;0;0
03/11/2018;06:42:00;55;Acidente sem Vítima;694,1;BR-040/MG;Sul;Colisão traseira;2;0;0;0;0;0;0;0;0;0;2;0;0;0;0
03/11/2018;02:14:00;28;Acidente sem Vítima;483,43;BR-040/MG;Sul;Atropelamento de animal;0;0;0;0;0;0;0;0;0;0;0;0;0;0;0
02/11/2018;21:45:00;271;Acidente sem Vítima;464,9;BR-040/MG;Norte;Choque com objeto fixo;1;0;0;0;0;0;0;0;0;0;2;0;0;0;0
02/11/2018;21:27:00;265;Acidente sem Vítima;4;BR-040/DF;Norte;Choque com objeto fixo;1;0;0;0;0;0;0;0;0;0;1;0;0;0;0
02/11/2018;18:52:00;228;Atropelamento sem Morte;532,7;BR-040/MG;Sul;Atropelamento de pedestre atravessando;0;0;0;1;0;0;0;0;0;0;0;0;3;0;0
02/11/2018;16:20:00;188;Acidente com Vítima;604,5;BR-040/MG;Norte;Choque em barreira New Jersey;1;0;0;0;0;0;0;0;0;0;0;1;0;1;0
02/11/2018;11:37:00;123;Acidente com Vítima;119,1;BR-040/MG;Sul;Colisão frontal;2;0;0;0;0;0;0;0;0;0;2;0;0;0;0
02/11/2018;11:29:00;120;Acidente sem Vítima;667;BR-040/MG;Sul;Abalroamento longitudinal;2;0;0;0;0;0;0;0;0;0;5;0;0;0;0
02/11/2018;10:41:00;111;Acidente sem Vítima;716;BR-040/MG;Norte;Queda de Carga;0;0;1;0;0;0;0;0;0;0;1;0;0;0;0
02/11/2018;09:55:00;94;Acidente sem Vítima;508,3;BR-040/MG;Sul;Colisão traseira;0;0;2;0;0;0;0;0;0;0;2;0;0;0;0
02/11/2018;08:14:00;64;Acidente sem Vítima;9,7;BR-040/GO;Norte;Colisão traseira;1;0;0;1;0;0;0;0;0;0;2;0;0;0;0
02/11/2018;07:30:00;48;Atropelamento com Morte;624,5;BR-040/MG;Norte;Atropelamento de pedestre caminhando;1;0;0;0;0;0;0;0;0;0;1;0;0;0;1
02/11/2018;06:35:00;38;Acidente sem Vítima;518,75;BR-040/MG;Sul;Abalroamento longitudinal;2;0;0;0;0;0;0;0;0;0;2;0;0;0;0
02/11/2018;02:30:00;17;Acidente sem Vítima;432;BR-040/MG;Norte;Choque com objeto fixo;1;0;0;0;0;0;0;0;0;0;1;0;0;0;0
02/11/2018;01:32:00;11;Acidente com Morte;356,5;BR-040/MG;Norte;Abalroamento transversal;1;0;1;0;0;0;0;0;0;0;1;2;2;1;1
01/11/2018;22:27:00;404;Acidente sem Vítima;413;BR-040/MG;Sul;Abalroamento transversal;2;0;0;0;0;0;0;0;0;0;3;0;0;0;0
01/11/2018;20:40:00;373;Acidente sem Vítima;724,3;BR-040/MG;Sul;Atropelamento de animal;1;0;0;0;0;0;0;0;0;0;1;0;0;0;0
01/11/2018;20:04:00;355;Acidente com Vítima;300;BR-040/MG;Sul;Capotamento;1;0;0;0;0;0;0;0;0;0;2;0;2;0;0
01/11/2018;19:04:00;335;Acidente sem Vítima;728,2;BR-040/MG;Sul;Choque com objeto fixo;1;0;0;0;0;0;0;0;0;0;1;0;0;0;0
01/11/2018;18:59:00;330;Acidente com Vítima;523,16;BR-040/MG;Norte;Queda de Moto;0;0;0;1;0;0;0;0;0;0;1;0;1;0;0
01/11/2018;17:50:00;296;Acidente sem Vítima;730,6;BR-040/MG;Sul;Choque com objeto fixo;1;0;0;0;0;0;0;0;0;0;1;0;0;0;0
01/11/2018;17:19:00;286;Acidente sem Vítima;735,8;BR-040/MG;Norte;Choque em barreira New Jersey;1;0;0;0;0;0;0;0;0;0;1;0;0;0;0
01/11/2018;17:01:00;280;Acidente sem Vítima;726,8;BR-040/MG;Sul;Choque em barreira New Jersey;1;0;0;0;0;0;0;0;0;0;4;0;0;0;0
01/11/2018;16:47:00;277;Acidente sem Vítima;616;BR-040/MG;Norte;Abalroamento transversal;1;0;1;0;0;0;0;0;0;0;2;0;0;0;0
01/11/2018;16:02:00;261;Acidente sem Vítima;520,1;BR-040/MG;Sul;Colisão traseira;3;0;0;0;0;0;0;0;0;0;4;0;0;0;0
01/11/2018;15:45:00;255;Acidente com Vítima;743;BR-040/MG;Norte;Choque com objeto fixo;1;0;0;0;0;0;0;0;0;0;0;0;1;0;0
01/11/2018;15:15:00;246;Acidente sem Vítima;519,1;BR-040/MG;Sul;Colisão traseira;2;0;0;0;0;0;0;0;0;0;2;0;0;0;0
01/11/2018;00:27:00;7;Acidente com Vítima;42,4;BR-040/MG;Norte;Abalroamento transversal;1;0;0;1;0;0;0;0;0;0;1;0;1;0;0
31/12/2018;22:57:00;219;Acidente sem Vítima;7,6;BR-040/GO;Norte;Colisão traseira;1;0;0;0;0;1;0;0;0;0;4;0;0;0;0
31/12/2018;22:40:00;215;Acidente sem Vítima;521,1;BR-040/MG;Sul;Abalroamento transversal;1;0;0;0;0;0;0;0;0;0;4;0;0;0;0
31/12/2018;22:12:00;210;Acidente sem Vítima;26,05;BR-040/GO;Norte;Atropelamento de animal;1;0;0;0;0;0;0;0;0;0;1;0;0;0;0
31/12/2018;19:42:00;179;Acidente sem Vítima;578,5;BR-040/MG;Sul;Capotamento;1;0;0;0;0;0;0;0;0;0;5;0;0;0;0
31/12/2018;19:27:00;173;Acidente com Vítima;1,5;BR-040/GO;Sul;Choque com objeto fixo;1;0;0;0;0;0;0;0;0;0;1;1;0;0;0
31/12/2018;13:03:00;101;Acidente sem Vítima;2,5;BR-040/GO;Norte;Colisão traseira;1;0;0;0;1;0;0;0;0;0;2;0;0;0;0
31/12/2018;12:11:00;94;Acidente sem Vítima;460,4;BR-040/MG;Norte;Capotamento;1;0;0;0;0;0;0;0;0;0;2;0;0;0;0
31/12/2018;11:37:00;90;Acidente sem Vítima;572,005;BR-040/MG;Sul;Choque com objeto fixo;1;0;0;0;0;0;0;0;0;0;1;0;0;0;0
31/12/2018;11:03:00;87;Acidente sem Vítima;548,7;BR-040/MG;Norte;Capotamento;1;0;0;0;0;0;0;0;0;0;1;0;0;0;0
31/12/2018;10:27:00;77;Acidente com Vítima;526,28;BR-040/MG;Norte;Capotamento;1;0;0;0;0;0;0;0;0;0;0;1;0;0;0
31/12/2018;09:42:00;71;Acidente sem Vítima;462,3;BR-040/MG;Norte;Choque com objeto fixo;1;0;0;0;0;0;0;0;0;0;4;0;0;0;0
31/12/2018;03:04:00;12;Acidente com Vítima;598,14;BR-040/MG;Sul;Colisão frontal;0;0;1;1;0;0;0;0;0;0;1;0;0;1;0
31/12/2018;02:25:00;8;Acidente sem Vítima;507,6;BR-040/MG;Norte;Queda de Carga;0;0;1;0;0;0;0;0;0;0;2;0;0;0;0
31/12/2018;01:24:00;4;Acidente sem Vítima;771,12;BR-040/MG;Sul;Atropelamento de animal;1;0;0;0;0;0;0;0;0;0;4;0;0;0;0
30/12/2018;20:48:00;248;Acidente sem Vítima;650,12;BR-040/MG;Norte;Capotamento;1;0;0;0;0;0;0;0;0;0;1;0;0;0;0
30/12/2018;20:38:00;247;Acidente sem Vítima;255,1;BR-040/MG;Norte;Atropelamento de animal;1;0;0;0;0;0;0;0;0;0;3;0;0;0;0
30/12/2018;20:34:00;246;Acidente sem Vítima;559,1;BR-040/MG;Sul;Outros;1;0;0;0;0;0;0;0;0;0;4;0;0;0;0
30/12/2018;19:22:00;228;Acidente sem Vítima;624,5;BR-040/MG;Sul;Choque com objeto fixo;1;0;0;0;0;0;0;0;0;0;1;0;0;0;0
30/12/2018;18:02:00;207;Acidente sem Vítima;751,3;BR-040/MG;Sul;Choque com objeto fixo;0;0;1;0;0;0;0;0;0;0;2;0;0;0;0
30/12/2018;17:34:00;200;Acidente com Vítima;30,2;BR-040/MG;Sul;Choque com objeto fixo;1;0;0;0;0;0;0;0;0;0;4;0;1;0;0
30/12/2018;15:13:00;162;Acidente sem Vítima;512,25;BR-040/MG;Norte;Queda de Moto;1;0;0;0;0;0;0;0;0;0;4;0;0;0;0
30/12/2018;12:42:00;131;Acidente com Vítima;749,77;BR-040/MG;Norte;Choque em defensa;1;0;0;0;0;0;0;0;0;0;1;1;0;0;0
30/12/2018;12:00:00;121;Acidente sem Vítima;328,1;BR-040/MG;Norte;Colisão traseira;2;0;0;0;0;0;0;0;0;0;7;0;0;0;0
30/12/2018;11:45:00;118;Acidente com Vítima;14,9;BR-040/GO;Sul;Queda de Moto;0;0;0;1;0;0;0;0;0;0;1;1;0;0;0
30/12/2018;11:10:00;112;Acidente sem Vítima;635,332;BR-040/MG;Sul;Choque com objeto fixo;1;0;0;0;0;0;0;0;0;0;1;0;0;0;0
30/12/2018;10:18:00;95;Acidente com Vítima;453,3;BR-040/MG;Norte;Choque com objeto fixo;1;0;0;0;0;0;0;0;0;0;1;2;0;1;0
30/12/2018;07:02:00;51;Atropelamento sem Morte;0,8;BR-040/DF;Norte;Atropelamento de ciclista;0;1;0;1;0;0;0;0;0;0;1;1;0;0;0
30/12/2018;05:11:00;31;Acidente sem Vítima;546,05;BR-040/MG;Sul;Choque com objeto fixo;1;0;0;0;0;0;0;0;0;0;2;0;0;0;0
30/12/2018;00:41:00;6;Atropelamento com Morte;10,9;BR-040/GO;Norte;Atropelamento de pedestre caminhando;0;0;0;0;0;0;0;0;0;0;0;0;0;0;1
30/12/2018;00:20:00;4;Acidente sem Vítima;657,15;BR-040/MG;Sul;;1;0;0;0;0;0;0;0;0;0;2;0;0;0;0
29/12/2018;22:19:00;330;Acidente sem Vítima;469,5;BR-040/MG;Norte;Choque com objeto fixo;1;0;0;0;0;0;0;0;0;0;4;0;0;0;0
29/12/2018;22:15:00;328;Acidente sem Vítima;439,9;BR-040/MG;Sul;Choque com objeto fixo;1;0;0;0;0;0;0;0;0;0;0;0;0;0;0
29/12/2018;17:48:00;256;Acidente com Vítima;605,5;BR-040/MG;Sul;Abalroamento longitudinal;3;0;0;0;0;0;0;0;0;0;4;1;1;0;0
29/12/2018;17:45:00;254;Acidente sem Vítima;594,6;BR-040/MG;Norte;Choque com objeto fixo;1;0;0;0;0;0;0;0;0;0;2;0;0;0;0
29/12/2018;17:34:00;249;Acidente com Vítima;8,3;BR-040/GO;Norte;Colisão traseira;1;0;0;1;0;0;0;0;0;0;1;1;0;0;0
29/12/2018;16:57:00;243;Acidente sem Vítima;36,6;BR-040/MG;Sul;Colisão traseira;1;0;0;0;0;0;0;0;0;0;2;0;0;0;0
29/12/2018;15:57:00;230;Acidente com Vítima;545,2;BR-040/MG;Sul;Choque com objeto fixo;1;0;0;0;0;0;0;0;0;0;0;1;0;0;0
29/12/2018;15:07:00;219;Acidente com Vítima;638,05;BR-040/MG;Sul;Choque com objeto fixo;1;0;0;0;0;0;0;0;0;0;0;1;2;0;0
29/12/2018;13:00:00;183;Acidente sem Vítima;4,05;BR-040/GO;Sul;Queda de Moto;0;0;0;1;0;0;0;0;0;0;1;0;0;0;0
29/12/2018;12:44:00;180;Acidente com Vítima;147,5;BR-040/GO;Norte;Capotamento;1;0;0;0;0;0;0;0;0;0;0;1;0;0;0
29/12/2018;11:36:00;165;Acidente com Vítima;603,1;BR-040/MG;Sul;Abalroamento longitudinal;1;0;1;0;0;0;0;0;0;0;1;1;0;0;0
29/12/2018;09:32:00;128;Acidente com Vítima;129,1;BR-040/MG;Sul;Colisão traseira;2;0;0;0;0;0;0;0;0;0;8;1;0;0;0
29/12/2018;09:26:00;124;Acidente sem Vítima;12,1;BR-040/GO;Sul;Capotamento;1;0;0;0;0;0;0;0;0;0;1;0;0;0;0
29/12/2018;08:43:00;110;Acidente sem Vítima;121,95;BR-040/MG;Sul;Choque com objeto fixo;1;0;0;0;0;0;0;0;0;0;1;0;0;0;0
29/12/2018;08:42:00;109;Acidente com Vítima;524,1;BR-040/MG;Norte;Queda de Moto;0;0;0;1;0;0;0;0;0;0;0;1;0;0;0
29/12/2018;04:50:00;55;Acidente sem Vítima;92,15;BR-040/GO;Norte;Colisão traseira;1;0;0;0;1;0;0;0;0;0;39;0;0;0;0
29/12/2018;02:59:00;46;Acidente sem Vítima;146,11;BR-040/GO;Sul;Atropelamento de animal;1;0;0;0;0;0;0;0;0;0;2;0;0;0;0
29/12/2018;02:26:00;41;Acidente com Vítima;582,1;BR-040/MG;Sul;Choque em defensa;1;0;0;0;0;0;0;0;0;0;4;0;1;0;0
28/12/2018;23:20:00;364;Atropelamento sem Morte;614,1;BR-040/MG;Norte;Atropelamento de pedestre atravessando;0;0;1;0;0;0;0;0;0;0;15;0;0;1;0
28/12/2018;18:53:00;295;Acidente sem Vítima;725,95;BR-040/MG;Norte;Abalroamento longitudinal;2;0;0;0;0;0;0;0;0;0;2;0;0;0;0
28/12/2018;17:12:00;266;Acidente sem Vítima;468,02;BR-040/MG;Sul;Choque com objeto fixo;1;0;0;0;0;0;0;0;0;0;2;0;0;0;0
28/12/2018;16:57:00;263;Acidente sem Vítima;483,6;BR-040/MG;Norte;Choque com objeto fixo;1;0;0;0;0;0;0;0;0;0;2;0;0;0;0
28/12/2018;16:51:00;260;Acidente com Vítima;5,56;BR-040/GO;Sul;Abalroamento transversal;1;0;0;1;0;0;0;0;0;0;1;1;0;0;0
28/12/2018;15:46:00;240;Acidente sem Vítima;658,1;BR-040/MG;Norte;Atropelamento de animal;1;0;0;0;0;0;0;0;0;0;2;0;0;0;0
28/12/2018;15:06:00;232;Acidente sem Vítima;520,2;BR-040/MG;Sul;Choque com objeto fixo;1;0;0;0;0;0;0;0;0;0;1;0;0;0;0
28/12/2018;14:24:00;223;Acidente com Vítima;702,1;BR-040/MG;Sul;Capotamento;1;0;0;0;0;0;0;0;0;0;2;1;0;0;0
28/12/2018;09:21:00;149;Acidente sem Vítima;699,2;BR-040/MG;Sul;Capotamento;1;0;0;0;0;0;0;0;0;0;1;0;0;0;0
28/12/2018;07:42:00;131;Acidente sem Vítima;468,95;BR-040/MG;Sul;Abalroamento longitudinal;2;0;0;0;0;0;0;0;0;0;5;0;0;0;0
28/12/2018;05:22:00;99;Acidente com Vítima;707,9;BR-040/MG;Norte;Outros;1;0;1;0;0;0;0;0;0;0;2;1;0;0;0
28/12/2018;04:58:00;93;Acidente sem Vítima;77,1;BR-040/MG;Norte;Capotamento;0;0;1;0;0;0;0;0;0;0;2;0;0;0;0
28/12/2018;04:29:00;91;Acidente sem Vítima;503,4;BR-040/MG;Sul;Choque com objeto fixo;1;0;0;0;0;0;0;0;0;0;2;0;0;0;0
27/12/2018;23:08:00;364;Acidente sem Vítima;617,5;BR-040/MG;Sul;Colisão traseira;2;0;0;0;0;0;0;0;0;0;8;0;0;0;0
27/12/2018;19:11:00;309;Acidente sem Vítima;738,5;BR-040/MG;Sul;Choque em defensa;1;0;0;0;0;0;0;0;0;0;1;0;0;0;0
27/12/2018;19:00:00;303;Acidente com Vítima;45,01;BR-040/GO;Sul;Colisão frontal;1;0;1;0;0;0;0;0;0;0;1;0;0;1;0
27/12/2018;18:56:00;299;Acidente com Vítima;699,8;BR-040/MG;Sul;Colisão traseira;1;0;0;1;0;0;0;0;0;0;3;1;0;0;0
27/12/2018;17:59:00;278;Acidente sem Vítima;138,8;BR-040/MG;Norte;Abalroamento transversal;2;0;0;0;0;0;0;0;0;0;2;0;0;0;0
27/12/2018;17:37:00;269;Acidente sem Vítima;452,01;BR-040/MG;Norte;Choque com objeto fixo;1;0;0;0;0;0;0;0;0;0;1;0;0;0;0
27/12/2018;16:57:00;260;Acidente sem Vítima;459,7;BR-040/MG;Norte;Choque em defensa;1;0;0;0;0;0;0;0;0;0;1;0;0;0;0
27/12/2018;16:50:00;257;Acidente sem Vítima;459,7;BR-040/MG;Norte;Choque em defensa;1;0;0;0;0;0;0;0;0;0;1;0;0;0;0
27/12/2018;16:18:00;248;Acidente sem Vítima;617,3;BR-040/MG;Sul;Colisão traseira;1;0;0;0;0;0;0;0;0;0;2;0;0;0;0
27/12/2018;16:02:00;242;Acidente sem Vítima;467,25;BR-040/MG;Sul;Choque com objeto fixo;1;0;0;0;0;0;0;0;0;0;1;0;0;0;0
27/12/2018;15:40:00;236;Acidente sem Vítima;464,8;BR-040/MG;Sul;Queda de Carga;1;0;0;0;0;0;0;0;0;0;1;0;0;0;0
27/12/2018;15:36:00;235;Acidente com Vítima;522,15;BR-040/MG;Sul;Capotamento;1;0;0;0;0;0;0;0;0;0;0;0;0;0;0
27/12/2018;15:12:00;230;Acidente sem Vítima;551,2;BR-040/MG;Sul;Capotamento;1;0;0;0;0;0;0;0;0;0;1;0;0;0;0
27/12/2018;14:55:00;228;Acidente sem Vítima;738,15;BR-040/MG;Sul;Choque com objeto fixo;0;0;0;0;0;0;0;0;0;1;1;0;0;0;0
27/12/2018;14:45:00;226;Acidente sem Vítima;729,15;BR-040/MG;Sul;Choque com objeto fixo;1;0;0;0;0;0;0;0;0;0;1;0;0;0;0
27/12/2018;14:39:00;224;Acidente sem Vítima;461,25;BR-040/MG;Sul;Colisão traseira;3;0;2;0;2;0;0;0;0;0;14;0;0;0;0
27/12/2018;14:25:00;222;Acidente com Vítima;525,1;BR-040/MG;Norte;Colisão traseira;2;0;0;1;0;0;0;0;0;1;4;0;0;0;0
27/12/2018;14:05:00;214;Acidente sem Vítima;547,01;BR-040/MG;Sul;Colisão traseira;1;0;0;0;0;0;0;0;0;0;1;0;0;0;0
27/12/2018;13:14:00;206;Acidente com Vítima;616,008;BR-040/MG;Sul;Colisão traseira;2;0;0;0;0;0;0;0;0;0;4;2;0;0;0
27/12/2018;11:54:00;188;Acidente com Vítima;638,4;BR-040/MG;Sul;Colisão traseira;1;0;0;0;0;0;0;0;0;0;0;1;0;0;0
27/12/2018;11:53:00;187;Acidente com Vítima;614,2;BR-040/MG;Norte;Abalroamento transversal;2;0;0;0;0;0;0;0;0;0;2;1;0;0;0
27/12/2018;10:16:00;167;Acidente sem Vítima;727,01;BR-040/MG;Sul;Choque em barreira New Jersey;1;0;0;0;0;0;0;0;0;0;2;0;0;0;0
27/12/2018;09:50:00;161;Acidente sem Vítima;727,005;BR-040/MG;Sul;Choque em barreira New Jersey;1;0;0;0;0;0;0;0;0;0;4;0;0;0;0
27/12/2018;07:47:00;123;Acidente sem Vítima;672,2;BR-040/MG;Sul;Queda de Moto;0;0;0;1;0;0;0;0;0;0;2;0;0;0;0
27/12/2018;07:13:00;114;Acidente sem Vítima;446,3;BR-040/MG;Norte;Choque com objeto fixo;1;0;0;0;0;0;0;0;0;0;4;0;0;0;0
27/12/2018;04:44:00;90;Acidente com Vítima;507,3;BR-040/MG;Sul;Atropelamento de animal;0;0;0;1;0;0;0;0;0;0;0;0;1;0;0
27/12/2018;04:09:00;88;Acidente sem Vítima;506,54;BR-040/MG;Norte;Atropelamento de animal;1;0;0;0;0;0;0;0;0;0;1;0;0;0;0
26/12/2018;20:41:00;352;Acidente com Vítima;507,9;BR-040/MG;Sul;Atropelamento de animal;1;0;0;0;0;0;0;0;0;0;1;1;0;0;0
26/12/2018;20:16:00;345;Acidente com Vítima;589,3;BR-040/MG;Norte;Colisão traseira;1;0;0;0;0;2;0;0;0;0;3;2;0;0;0
26/12/2018;17:28:00;297;Acidente com Vítima;709,4;BR-040/MG;Norte;Choque com objeto fixo;1;0;0;0;0;0;0;0;0;0;2;1;0;0;0
26/12/2018;17:27:00;296;Acidente sem Vítima;755,2;BR-040/MG;Norte;Abalroamento longitudinal;2;0;0;0;0;0;0;0;0;0;2;0;0;0;0
26/12/2018;17:24:00;293;Acidente com Morte;366,6;BR-040/MG;Norte;Colisão frontal;1;0;1;0;0;0;0;0;0;0;1;0;1;0;1
26/12/2018;16:46:00;285;Acidente sem Vítima;728,2;BR-040/MG;Sul;Choque com objeto fixo;1;0;0;0;0;0;0;0;0;0;2;0;0;0;0
26/12/2018;16:26:00;276;Acidente sem Vítima;748,3;BR-040/MG;Norte;Outros;1;0;0;0;0;0;0;0;0;0;1;0;0;0;0
26/12/2018;15:35:00;264;Acidente sem Vítima;656,1;BR-040/MG;Norte;Outros;1;0;0;0;0;0;0;0;0;0;1;0;0;0;0
26/12/2018;15:00:00;252;Acidente com Vítima;10,01;BR-040/GO;Norte;Colisão traseira;1;0;0;1;0;0;0;0;0;0;1;0;1;0;0
26/12/2018;14:51:00;249;Acidente com Vítima;92,8;BR-040/GO;Norte;Abalroamento transversal;2;0;0;0;0;0;0;0;0;0;3;2;0;0;0
26/12/2018;14:47:00;247;Acidente sem Vítima;10,2;BR-040/GO;Sul;Abalroamento longitudinal;2;0;0;0;0;0;0;0;0;0;2;0;0;0;0
26/12/2018;14:40:00;246;Acidente sem Vítima;467,7;BR-040/MG;Sul;Capotamento;1;0;0;0;0;0;0;0;0;0;1;0;0;0;0
26/12/2018;12:57:00;214;Acidente com Vítima;535,3;BR-040/MG;Sul;Colisão traseira;2;0;0;0;0;0;0;0;0;0;1;1;0;0;0
26/12/2018;10:42:00;182;Acidente com Vítima;467,3;BR-040/MG;Sul;Choque com objeto fixo;1;0;0;0;0;0;0;0;0;0;0;0;2;0;0
26/12/2018;09:46:00;166;Acidente sem Vítima;728,2;BR-040/MG;Sul;Queda de Moto;0;0;1;0;0;0;0;0;0;0;1;0;0;0;0
26/12/2018;09:36:00;160;Acidente sem Vítima;177,1;BR-040/MG;Sul;Atropelamento de animal;1;0;0;0;0;0;0;0;0;0;4;0;0;0;0