data;horario;n_da_ocorrencia;tipo_de_ocorrencia;km;trecho;sentido;tipo_de_acidente;automovel;bicicleta;caminhao;moto;onibus;outros;tracao_animal;transporte_de_cargas_especiais;trator_maquinas;utilitarios;ilesos;levemente_feridos;moderadamente_feridos;gravemente_feridos;mortos
03/12/2018;06:43:00;64;Acidente sem Vítima;525,6;BR-040/MG;Sul;Queda de Moto;0;0;0;1;0;0;0;0;0;0;1;0;0;0;0
03/12/2018;01:05:00;25;Acidente com Vítima;512,1;BR-040/MG;Norte;Choque com objeto fixo;1;0;0;0;0;0;0;0;0;0;1;0;1;0;0
02/12/2018;20:34:00;239;Acidente sem Vítima;727,4;BR-040/MG;Sul;Choque com objeto fixo;1;0;0;0;0;0;0;0;0;0;2;0;0;0;0
02/12/2018;20:05:00;229;Acidente sem Vítima;617,5;BR-040/MG;Sul;Colisão traseira;2;0;0;0;0;0;0;0;0;0;7;0;0;0;0
02/12/2018;19:59:00;228;Atropelamento sem Morte;21,5;BR-040/GO;Norte;Atropelamento de pedestre caminhando;1;0;0;0;0;0;0;0;0;0;1;0;1;0;0
02/12/2018;18:30:00;206;Acidente sem Vítima;714,5;BR-040/MG;Norte;Colisão traseira;4;0;0;0;0;0;0;0;0;0;5;0;0;0;0
02/12/2018;16:55:00;184;Acidente sem Vítima;500,8;BR-040/MG;Sul;Colisão traseira;1;0;1;0;0;0;0;0;0;0;2;0;0;0;0
02/12/2018;15:54:00;170;Acidente com Vítima;702,6;BR-040/MG;Sul;Abalroamento longitudinal;1;0;0;1;0;0;0;0;0;0;1;2;0;0;0
02/12/2018;15:41:00;167;Acidente sem Vítima;749,6;BR-040/MG;Norte;Choque com objeto fixo;1;0;0;0;0;0;0;0;0;0;1;0;0;0;0
02/12/2018;15:27:00;160;Acidente sem Vítima;627,3;BR-040/MG;Norte;Choque com objeto fixo;1;0;0;0;0;0;0;0;0;0;1;0;0;0;0
02/12/2018;15:10:00;149;Acidente sem Vítima;643,1;BR-040/MG;Sul;Choque com objeto fixo;1;0;0;0;0;0;0;0;0;0;1;0;0;0;0
02/12/2018;13:26:00;109;Acidente sem Vítima;697,02;BR-040/MG;Norte;Choque com objeto fixo;1;0;0;0;0;0;0;0;0;0;2;0;0;0;0
02/12/2018;12:56:00;100;Acidente sem Vítima;687,1;BR-040/MG;Norte;Choque com objeto fixo;1;0;0;0;0;0;0;0;0;0;1;0;0;0;0
02/12/2018;12:27:00;93;Acidente com Vítima;462,5;BR-040/MG;Sul;Abalroamento transversal;1;0;1;0;0;0;0;0;0;0;2;1;0;0;0
02/12/2018;12:04:00;85;Acidente sem Vítima;728,8;BR-040/MG;Sul;Choque com objeto fixo;1;0;0;0;0;0;0;0;0;0;1;0;0;0;0
02/12/2018;10:19:00;64;Acidente com Vítima;772,1;BR-040/MG;Norte;Abalroamento longitudinal;0;0;1;1;0;0;0;0;0;0;1;1;0;0;0
02/12/2018;08:37:00;46;Acidente com Vítima;634,4;BR-040/MG;Norte;Choque com objeto fixo;1;0;0;0;0;0;0;0;0;0;0;0;0;0;0
02/12/2018;07:16:00;35;Acidente sem Vítima;1,2;BR-040/MG;Sul;Choque em veículo parado na pista;1;0;0;0;0;0;0;0;0;0;5;0;0;0;0
02/12/2018;06:54:00;29;Acidente sem Vítima;695,5;BR-040/MG;Sul;Capotamento;1;0;0;0;0;0;0;0;0;0;2;0;0;0;0
02/12/2018;04:46:00;18;Acidente com Vítima;20,05;BR-040/GO;Norte;Capotamento;1;0;0;0;0;0;0;0;0;0;1;0;0;1;0
02/12/2018;03:23:00;14;Atropelamento com Morte;551,83;BR-040/MG;Sul;Atropelamento de pedestre atravessando;1;0;0;0;0;0;0;0;0;0;1;0;0;0;1
02/12/2018;00:46:00;5;Acidente sem Vítima;7,8;BR-040/GO;Norte;Abalroamento transversal;2;0;0;0;0;0;0;0;0;0;2;0;0;0;0
02/12/2018;00:45:00;4;Acidente sem Vítima;515;BR-040/MG;Norte;Queda de Moto;0;0;0;2;0;0;0;0;0;0;2;0;0;0;0
01/12/2018;23:45:00;295;Acidente com Vítima;553,5;BR-040/MG;Sul;Capotamento;1;0;0;0;0;0;0;0;0;0;1;1;0;0;0
01/12/2018;22:41:00;289;Acidente sem Vítima;515,3;BR-040/MG;Norte;Queda de Moto;0;0;0;2;0;0;0;0;0;0;0;2;0;0;0
01/12/2018;22:21:00;284;Acidente com Vítima;590,7;BR-040/MG;Sul;Queda de Carga;0;0;1;0;0;0;0;0;0;0;0;1;0;0;0
01/12/2018;21:14:00;278;Acidente sem Vítima;515;BR-040/MG;Norte;Queda de Moto;0;0;0;0;0;0;0;0;0;0;0;0;0;0;0
01/12/2018;19:49:00;264;Acidente sem Vítima;245,6;BR-040/MG;Sul;Queda de Carga;1;0;0;0;0;0;0;0;0;0;1;0;0;0;0
01/12/2018;19:20:00;254;Acidente com Vítima;515;BR-040/MG;Norte;Queda de Moto;0;0;0;2;0;0;0;0;0;0;2;2;0;0;0
01/12/2018;16:32:00;228;Acidente sem Vítima;2,6;BR-040/GO;Sul;Colisão traseira;1;0;0;0;1;0;0;0;0;0;2;0;0;0;0
01/12/2018;16:03:00;215;Acidente com Vítima;519,9;BR-040/MG;Norte;Capotamento;1;0;0;0;0;0;0;0;0;0;0;1;0;0;0
01/12/2018;15:26:00;206;Acidente sem Vítima;444,1;BR-040/MG;Norte;Capotamento;1;0;0;0;0;0;0;0;0;0;2;0;0;0;0
01/12/2018;15:25:00;204;Acidente sem Vítima;695,1;BR-040/MG;Sul;Abalroamento longitudinal;2;0;0;0;0;0;0;0;0;0;6;0;0;0;0
01/12/2018;15:13:00;202;Acidente sem Vítima;516,6;BR-040/MG;Norte;Queda de Moto;0;0;0;1;0;0;0;0;0;0;1;0;0;0;0
01/12/2018;14:22:00;187;Acidente com Vítima;5,4;BR-040/DF;Norte;Colisão traseira;3;0;0;0;0;0;0;0;0;0;3;0;0;0;0
01/12/2018;13:45:00;181;Acidente sem Vítima;563,001;BR-040/MG;Sul;Choque com objeto fixo;1;0;0;0;0;0;0;0;0;0;1;0;0;0;0
01/12/2018;13:39:00;179;Acidente com Vítima;506,021;BR-040/MG;Norte;Abalroamento longitudinal;2;0;0;1;0;0;0;0;0;0;2;2;0;0;0
01/12/2018;13:34:00;177;Acidente sem Vítima;558,1;BR-040/MG;Sul;Choque com objeto fixo;1;0;0;0;0;0;0;0;0;0;2;0;0;0;0
01/12/2018;13:04:00;168;Acidente sem Vítima;711,1;BR-040/MG;Sul;Choque em veículo parado na pista;0;0;2;0;0;0;0;0;0;0;2;0;0;0;0
01/12/2018;12:59:00;167;Acidente sem Vítima;515,001;BR-040/MG;Norte;Queda de Moto;0;0;0;1;0;0;0;0;0;0;1;0;0;0;0
01/12/2018;12:30:00;161;Acidente sem Vítima;614,1;BR-040/MG;Sul;Abalroamento longitudinal;0;0;1;0;0;0;0;0;0;0;1;0;0;0;0
01/12/2018;12:14:00;153;Acidente com Vítima;631,1;BR-040/MG;Norte;Colisão traseira;1;0;0;1;0;0;0;0;0;0;1;2;0;0;0
01/12/2018;11:49:00;148;Atropelamento sem Morte;0,4;BR-040/GO;Sul;Atropelamento de pedestre atravessando;1;0;0;0;0;0;0;0;0;0;1;1;0;0;0
01/12/2018;11:39:00;147;Acidente sem Vítima;515,1;BR-040/MG;Norte;Queda de Moto;0;0;0;1;0;0;0;0;0;0;1;0;0;0;0
01/12/2018;11:05:00;135;Acidente sem Vítima;557,01;BR-040/MG;Sul;Choque em defensa;1;0;0;0;0;0;0;0;0;0;2;0;0;0;0
01/12/2018;07:56:00;81;Acidente com Vítima;728,05;BR-040/MG;Sul;Choque em barreira New Jersey;1;0;0;0;0;0;0;0;0;0;2;2;0;0;0
01/12/2018;07:29:00;74;Acidente sem Vítima;517,01;BR-040/MG;Norte;Choque com objeto fixo;2;0;0;0;0;0;0;0;0;0;2;0;0;0;0
01/12/2018;07:12:00;64;Acidente com Vítima;637,1;BR-040/MG;Sul;Colisão traseira;3;0;0;0;0;0;0;0;0;0;6;1;0;0;0
01/12/2018;06:22:00;51;Acidente com Vítima;2,1;BR-040/GO;Sul;Queda de Moto;0;0;0;1;0;0;0;0;0;0;0;1;0;0;0
01/12/2018;05:04:00;46;Acidente sem Vítima;4,1;BR-040/GO;Sul;Capotamento;1;0;0;0;0;0;0;0;0;0;1;0;0;0;0
01/12/2018;03:57:00;43;Acidente com Vítima;2,8;BR-040/GO;Norte;Colisão traseira;1;0;0;1;0;0;0;0;0;0;2;0;1;0;0
01/12/2018;01:59:00;28;Acidente com Vítima;515;BR-040/MG;Norte;Queda de Moto;0;0;0;1;0;0;0;0;0;0;0;1;0;0;0
31/01/2019;19:58:00;310;Acidente com Vítima;518,25;BR-040/MG;Norte;Queda de Moto;0;0;0;1;0;0;0;0;0;0;0;0;1;0;0
31/01/2019;16:05:00;248;Acidente com Vítima;358,6;BR-040/MG;Sul;Choque com objeto fixo;1;0;0;0;0;0;0;0;0;0;0;0;1;0;0
31/01/2019;13:23:00;203;Acidente sem Vítima;429,2;BR-040/MG;Norte;Choque em defensa;1;0;0;0;0;0;0;0;0;0;2;0;0;0;0
31/01/2019;11:44:00;176;Acidente com Vítima;52,1;BR-040/MG;Norte;Abalroamento longitudinal;1;0;1;0;0;0;0;0;0;0;1;0;1;0;0
31/01/2019;07:29:00;108;Acidente sem Vítima;531,95;BR-040/MG;Sul;Colisão traseira;1;0;0;0;0;1;0;0;0;0;2;0;0;0;0
31/01/2019;07:25:00;107;Acidente com Morte;622,01;BR-040/MG;Sul;Colisão frontal;2;0;1;0;0;0;0;0;0;0;2;0;0;0;1
31/01/2019;06:41:00;95;Acidente sem Vítima;512,45;BR-040/MG;Sul;Colisão traseira;1;0;0;0;0;0;0;0;0;0;1;0;0;0;0
30/01/2019;22:00:00;344;Acidente sem Vítima;543,5;BR-040/MG;Sul;Choque com objeto fixo;0;0;1;0;0;0;0;0;0;0;1;0;0;0;0
30/01/2019;20:32:00;330;Acidente com Vítima;679,9;BR-040/MG;Norte;Queda de Moto;1;0;0;1;0;0;0;0;0;0;1;0;0;1;0
30/01/2019;17:46:00;281;Acidente sem Vítima;537,1;BR-040/MG;Norte;Abalroamento transversal;0;0;0;0;0;0;0;0;0;0;0;0;0;0;0
30/01/2019;16:09:00;257;Acidente com Vítima;532,7;BR-040/MG;Sul;Colisão traseira;2;0;1;0;0;0;0;0;0;0;3;1;0;0;0
30/01/2019;16:09:00;258;Acidente com Vítima;503,1;BR-040/MG;Sul;Colisão traseira;2;0;0;0;0;0;0;0;0;0;1;0;1;0;0
30/01/2019;15:52:00;250;Acidente com Vítima;1,8;BR-040/GO;Norte;Abalroamento transversal;2;0;0;0;0;0;0;0;0;0;1;1;0;0;0
30/01/2019;15:42:00;248;Acidente sem Vítima;5,1;BR-040/DF;Norte;Abalroamento longitudinal;2;0;0;0;0;0;0;0;0;0;2;0;0;0;0
30/01/2019;13:58:00;218;Acidente sem Vítima;534,3;BR-040/MG;Norte;Colisão traseira;1;0;1;0;0;0;0;0;0;0;2;0;0;0;0
30/01/2019;11:10:00;165;Acidente com Vítima;768,1;BR-040/MG;Norte;Queda de Moto;0;0;0;1;0;0;0;0;0;0;1;1;0;0;0
30/01/2019;11:09:00;164;Acidente sem Vítima;582,2;BR-040/MG;Norte;Abalroamento longitudinal;0;0;1;0;0;0;0;0;0;0;2;0;0;0;0
30/01/2019;11:06:00;163;Acidente sem Vítima;685,1;BR-040/MG;Norte;Abalroamento longitudinal;1;0;0;0;0;0;0;0;0;0;2;0;0;0;0
30/01/2019;10:58:00;157;Acidente sem Vítima;91,098;BR-040/MG;Norte;Colisão traseira;1;0;1;0;0;0;0;0;0;0;3;0;0;0;0
30/01/2019;09:27:00;131;Acidente com Vítima;7,9;BR-040/GO;Sul;Colisão traseira;0;0;0;2;0;0;0;0;0;0;1;1;0;0;0
30/01/2019;08:52:00;121;Acidente sem Vítima;282,9;BR-040/MG;Sul;Atropelamento de animal;1;0;0;0;0;0;0;0;0;0;3;0;0;0;0
30/01/2019;07:15:00;79;Acidente sem Vítima;12,9;BR-040/GO;Sul;Abalroamento transversal;2;0;0;0;0;0;0;0;0;0;2;0;0;0;0
29/01/2019;20:11:00;278;Acidente sem Vítima;1,1;BR-040/GO;Norte;Abalroamento transversal;1;0;1;0;0;0;0;0;0;0;2;0;0;0;0
29/01/2019;17:49:00;222;Acidente sem Vítima;43,5;BR-040/MG;Norte;Colisão traseira;1;0;0;1;0;0;0;0;0;0;2;0;0;0;0
29/01/2019;17:40:00;219;Acidente sem Vítima;532,95;BR-040/MG;Sul;Colisão traseira;3;0;0;0;0;0;0;0;0;0;3;0;0;0;0
29/01/2019;12:16:00;161;Acidente sem Vítima;373,661;BR-040/MG;Sul;Atropelamento de animal;1;0;0;0;0;0;0;0;0;0;1;0;0;0;0
29/01/2019;09:13:00;126;Acidente sem Vítima;89,9;BR-040/MG;Sul;Choque com objeto fixo;1;0;0;0;0;1;0;0;0;0;4;0;0;0;0
29/01/2019;06:30:00;88;Acidente com Morte;462,62;BR-040/MG;Norte;Colisão traseira;0;0;1;1;0;0;0;0;0;0;1;0;0;0;1
29/01/2019;06:08:00;86;Acidente com Vítima;531,03;BR-040/MG;Sul;Abalroamento longitudinal;2;0;0;0;0;0;0;0;0;1;3;2;0;0;0
29/01/2019;01:29:00;73;Acidente com Vítima;458,01;BR-040/MG;Sul;Colisão traseira;1;0;1;0;0;0;0;0;0;0;2;1;0;0;0
29/01/2019;00:50:00;34;Acidente com Morte;287,015;BR-040/MG;Norte;Colisão frontal;1;0;1;0;0;0;0;0;0;0;1;0;0;0;1
28/01/2019;21:00:00;270;Acidente sem Vítima;567,6;BR-040/MG;Norte;Queda de Moto;0;0;0;1;0;0;0;0;0;0;2;0;0;0;0
28/01/2019;19:36:00;247;Acidente com Vítima;141,307;BR-040/MG;Norte;Abalroamento transversal;1;0;0;1;0;0;0;0;0;0;3;0;0;1;0
28/01/2019;19:31:00;246;Acidente com Vítima;12,3;BR-040/GO;Norte;Capotamento;1;0;0;0;0;0;0;0;0;0;1;0;0;0;0
28/01/2019;19:27:00;245;Acidente sem Vítima;552,5;BR-040/MG;Norte;Colisão traseira;2;0;0;0;0;0;0;0;0;0;5;0;0;0;0
28/01/2019;16:09:00;205;Acidente com Vítima;624,29;BR-040/MG;Norte;Colisão traseira;0;0;0;2;0;0;0;0;0;0;2;1;0;0;0
28/01/2019;12:41:00;168;Acidente com Vítima;451,4;BR-040/MG;Sul;Choque com objeto fixo;1;0;0;0;0;0;0;0;0;0;0;2;2;0;0
28/01/2019;07:23:00;105;Acidente com Vítima;566,96;BR-040/MG;Sul;Abalroamento transversal;1;0;0;1;0;0;0;0;0;0;1;1;0;0;0
28/01/2019;07:20:00;104;Acidente com Vítima;512,67;BR-040/MG;Norte;Colisão traseira;1;0;0;1;0;0;0;0;0;0;1;1;0;0;0
28/01/2019;07:14:00;103;Acidente sem Vítima;749,3;BR-040/MG;Sul;Choque com objeto fixo;0;0;1;0;0;0;0;0;0;0;1;0;0;0;0
28/01/2019;06:38:00;92;Atropelamento sem Morte;280,212;BR-040/MG;Sul;Atropelamento de pedestre atravessando;0;0;0;0;0;1;0;0;0;0;1;2;0;0;0
28/01/2019;06:31:00;89;Acidente sem Vítima;5,454;BR-040/DF;Norte;Colisão traseira;2;0;0;1;0;0;0;0;0;0;3;0;0;0;0
28/01/2019;05:48:00;87;Acidente sem Vítima;2,6;BR-040/DF;Sul;Colisão traseira;2;0;1;0;0;0;0;0;0;0;3;0;0;0;0
28/01/2019;00:54:00;12;Acidente sem Vítima;640,575;BR-040/MG;Norte;Choque com objeto fixo;1;0;0;0;0;0;0;0;0;0;1;0;0;0;0
28/01/2019;00:19:00;5;Acidente com Vítima;537,1;BR-040/MG;Sul;Queda de Moto;0;0;0;0;0;0;0;0;0;0;0;1;0;0;0
27/01/2019;08:32:00;49;Acidente com Vítima;112,9;BR-040/MG;Norte;Choque com objeto fixo;1;0;0;0;0;0;0;0;0;0;1;1;0;0;0
27/01/2019;07:40:00;36;Acidente sem Vítima;587,2;BR-040/MG;Sul;Queda de Carga;0;0;1;0;0;0;0;0;0;0;1;0;0;0;0
27/01/2019;07:22:00;31;Acidente sem Vítima;8,9;BR-040/GO;Sul;Choque com objeto fixo;1;0;0;0;0;0;0;0;0;0;1;0;0;0;0
27/01/2019;06:01:00;22;Acidente sem Vítima;9,8;BR-040/GO;Norte;Colisão traseira;1;0;1;0;0;0;0;0;0;0;2;0;0;0;0
27/01/2019;01:50:00;8;Acidente sem Vítima;2,8;BR-040/GO;Norte;Capotamento;1;0;0;0;0;0;0;0;0;0;1;0;0;0;0
27/01/2019;01:23:00;4;Acidente sem Vítima;517,05;BR-040/MG;Norte;Choque com objeto fixo;1;0;0;0;0;0;0;0;0;0;2;0;0;0;0
26/01/2019;20:40:00;246;Acidente sem Vítima;0,2;BR-040/DF;Sul;Colisão traseira;2;0;0;0;0;0;0;0;0;0;2;0;0;0;0
26/01/2019;17:44:00;209;Acidente com Vítima;593,01;BR-040/MG;Sul;Queda de Carga;0;0;1;0;0;0;0;0;0;0;0;1;0;0;0
26/01/2019;17:23:00;203;Acidente com Vítima;467,1;BR-040/MG;Norte;Capotamento;1;0;0;0;0;0;0;0;0;0;1;0;1;0;0
26/01/2019;17:04:00;196;Acidente sem Vítima;588,3;BR-040/MG;Sul;Choque com objeto fixo;1;0;0;0;0;0;0;0;0;0;1;0;0;0;0
26/01/2019;16:35:00;184;Acidente sem Vítima;343,6;BR-040/MG;Norte;Choque com objeto fixo;1;0;0;0;0;0;0;0;0;0;1;0;0;0;0
26/01/2019;15:24:00;163;Acidente sem Vítima;494,1;BR-040/MG;Norte;Capotamento;1;0;0;0;0;0;0;0;0;0;1;0;0;0;0
26/01/2019;12:34:00;120;Acidente com Vítima;524,95;BR-040/MG;Norte;Abalroamento longitudinal;1;0;1;0;0;0;0;0;0;0;1;1;0;0;0
26/01/2019;07:30:00;65;Acidente sem Vítima;424,5;BR-040/MG;Norte;Choque com objeto fixo;1;0;1;0;0;0;0;0;0;0;2;0;0;0;0
26/01/2019;05:26:00;46;Acidente sem Vítima;468,001;BR-040/MG;Norte;Choque com objeto fixo;1;0;0;0;0;0;0;0;0;0;1;0;0;0;0
26/01/2019;04:28:00;43;Acidente sem Vítima;525,65;BR-040/MG;Norte;;1;0;0;0;0;0;0;0;0;0;0;0;0;0;0
25/01/2019;21:24:00;297;Acidente sem Vítima;493,4;BR-040/MG;Norte;Outros;1;0;0;0;0;0;0;0;0;0;2;0;0;0;0
25/01/2019;17:39:00;224;Acidente sem Vítima;93,54;BR-040/GO;Norte;Abalroamento transversal;1;0;1;0;0;0;0;0;0;0;2;0;0;0;0
25/01/2019;17:36:00;221;Acidente sem Vítima;525,4;BR-040/MG;Norte;Colisão traseira;1;0;2;0;0;0;0;0;0;0;3;0;0;0;0
25/01/2019;16:38:00;205;Acidente sem Vítima;480,3;BR-040/MG;Norte;Capotamento;0;0;1;0;0;0;0;0;0;0;2;0;0;0;0
25/01/2019;10:42:00;148;Acidente sem Vítima;544,35;BR-040/MG;Norte;Abalroamento transversal;1;0;1;0;0;0;0;0;0;0;2;0;0;0;0
24/01/2019;23:01:00;294;Acidente com Vítima;720,1;BR-040/MG;Sul;Queda de Moto;1;0;0;0;0;0;0;0;0;0;0;2;0;0;0
24/01/2019;21:27:00;276;Acidente com Vítima;462,2;BR-040/MG;Norte;Queda de Moto;0;0;0;1;0;0;0;0;0;0;0;1;0;0;0
24/01/2019;18:03:00;226;Acidente com Vítima;540,85;BR-040/MG;Sul;Queda de Moto;0;0;0;1;0;0;0;0;0;0;1;1;0;0;0
24/01/2019;15:58:00;195;Acidente com Vítima;515,9;BR-040/MG;Norte;Queda de Moto;0;0;0;1;0;0;0;0;0;0;0;1;0;0;0
24/01/2019;13:52:00;170;Acidente sem Vítima;514,15;BR-040/MG;Sul;Colisão traseira;2;0;0;0;0;0;0;0;0;0;2;0;0;0;0
24/01/2019;13:03:00;163;Acidente com Vítima;5,214;BR-040/GO;Sul;Abalroamento longitudinal;1;0;0;1;0;0;0;0;0;0;1;1;0;0;0
24/01/2019;09:00:00;120;Acidente com Vítima;769,15;BR-040/MG;Sul;Queda de Moto;0;0;0;1;0;0;0;0;0;0;1;0;0;1;0
23/01/2019;12:45:00;188;Acidente sem Vítima;739,4;BR-040/MG;Norte;Queda de Carga;0;0;1;0;0;0;0;0;0;0;1;0;0;0;0
23/01/2019;10:39:00;162;Acidente sem Vítima;689,2;BR-040/MG;Norte;Abalroamento longitudinal;2;0;0;0;0;0;0;0;0;0;2;0;0;0;0
23/01/2019;08:43:00;134;Acidente sem Vítima;356,65;BR-040/MG;Norte;Abalroamento transversal;0;0;2;0;0;0;0;0;0;0;2;0;0;0;0
23/01/2019;08:23:00;123;Acidente sem Vítima;609,8;BR-040/MG;Sul;Choque com objeto fixo;0;0;1;0;0;0;0;0;0;0;2;0;0;0;0
23/01/2019;07:12:00;102;Acidente com Vítima;521,1;BR-040/MG;Sul;Colisão frontal;0;0;0;1;0;0;0;0;0;0;0;1;0;0;0
23/01/2019;06:44:00;91;Acidente com Vítima;699,8;BR-040/MG;Norte;Choque com objeto fixo;2;0;0;0;0;0;0;0;0;0;1;0;0;0;0
22/01/2019;23:56:00;350;Acidente sem Vítima;615,01;BR-040/MG;Norte;Atropelamento de animal;1;0;0;0;0;0;0;0;0;0;5;0;0;0;0
22/01/2019;19:46:00;307;Acidente sem Vítima;398,8;BR-040/MG;Sul;Choque com objeto fixo;1;0;0;0;0;0;0;0;0;0;5;0;0;0;0
22/01/2019;19:42:00;304;Acidente com Vítima;541,2;BR-040/MG;Sul;Abalroamento longitudinal;0;0;0;1;0;0;0;0;0;0;0;0;1;0;0
22/01/2019;18:01:00;278;Acidente sem Vítima;539,2;BR-040/MG;Sul;Colisão traseira;2;0;0;1;0;0;0;0;0;0;4;0;0;0;0
22/01/2019;17:58:00;277;Atropelamento com Morte;539,512;BR-040/MG;Sul;Atropelamento de pedestre atravessando;1;0;0;0;0;0;0;0;0;0;1;0;0;0;1
22/01/2019;17:49:00;272;Acidente com Vítima;5,6;BR-040/GO;Sul;Colisão traseira;1;0;0;1;0;0;0;0;0;0;1;1;0;0;0
22/01/2019;17:32:00;269;Acidente com Vítima;482,3;BR-040/MG;Norte;Capotamento;1;0;1;0;0;0;0;0;0;0;1;1;1;0;0
22/01/2019;17:04:00;263;Acidente sem Vítima;608,145;BR-040/MG;Norte;Choque com objeto fixo;1;0;0;0;0;0;0;0;0;0;1;0;0;0;0
22/01/2019;12:45:00;199;Acidente sem Vítima;702,9;BR-040/MG;Norte;Abalroamento longitudinal;1;0;2;0;0;0;0;0;0;0;3;0;0;0;0
22/01/2019;12:07:00;189;Acidente sem Vítima;528,1;BR-040/MG;Norte;Abalroamento longitudinal;1;0;1;0;0;0;0;0;0;0;2;0;0;0;0
22/01/2019;10:21:00;166;Acidente sem Vítima;739,4;BR-040/MG;Norte;Queda de Carga;0;0;1;0;0;0;0;0;0;0;1;0;0;0;0
22/01/2019;08:08:00;129;Acidente com Vítima;545,5;BR-040/MG;Sul;Choque em barreira New Jersey;1;0;0;0;0;0;0;0;0;0;0;1;0;0;0
22/01/2019;07:53:00;122;Atropelamento sem Morte;5,5;BR-040/GO;Sul;Atropelamento de ciclista;1;1;0;0;0;0;0;0;0;0;1;1;0;0;0
22/01/2019;06:21:00;90;Atropelamento sem Morte;517,1;BR-040/MG;Sul;Atropelamento de ciclista;1;1;0;1;0;0;0;0;0;0;2;1;0;0;0
22/01/2019;03:57:00;79;Acidente sem Vítima;298,57;BR-040/MG;Norte;Queda de Carga;0;0;1;0;0;0;0;0;0;0;1;0;0;0;0
21/01/2019;21:11:00;291;Acidente sem Vítima;660,4;BR-040/MG;Norte;Colisão traseira;1;0;1;0;0;0;0;0;0;0;2;0;0;0;0
21/01/2019;20:01:00;279;Acidente sem Vítima;669,56;BR-040/MG;Sul;Choque com objeto fixo;1;0;0;0;0;0;0;0;0;0;1;0;0;0;0
21/01/2019;19:13:00;269;Acidente sem Vítima;532,45;BR-040/MG;Norte;Colisão traseira;3;0;0;0;0;0;0;0;0;0;3;0;0;0;0
21/01/2019;17:07:00;234;Acidente sem Vítima;462,45;BR-040/MG;Norte;Choque com objeto fixo;1;0;0;0;0;0;0;0;0;0;1;0;0;0;0
21/01/2019;16:40:00;225;Acidente sem Vítima;727,3;BR-040/MG;Sul;Choque em barreira New Jersey;1;0;0;0;0;0;0;0;0;0;1;0;0;0;0
21/01/2019;12:10:00;169;Atropelamento sem Morte;469,01;BR-040/MG;Sul;Atropelamento de pedestre atravessando;1;0;0;0;0;0;0;0;0;0;1;0;0;1;0
21/01/2019;11:34:00;161;Acidente com Vítima;558,85;BR-040/MG;Norte;Colisão traseira;3;0;1;0;0;0;0;0;0;0;5;1;0;0;0
21/01/2019;10:41:00;149;Acidente com Vítima;506,1;BR-040/MG;Norte;Queda de Moto;0;0;0;1;0;0;0;0;0;0;0;2;0;0;0
21/01/2019;10:41:00;183;Acidente sem Vítima;558,8;BR-040/MG;Norte;Colisão traseira;2;0;0;0;0;0;0;0;0;0;2;0;0;0;0
21/01/2019;10:41:00;186;Acidente sem Vítima;558,75;BR-040/MG;Norte;Choque em defensa;1;0;0;0;0;0;0;0;0;0;1;0;0;0;0
21/01/2019;10:41:00;187;Acidente sem Vítima;558,77;BR-040/MG;Norte;Choque em defensa;1;0;0;0;0;0;0;0;0;0;1;0;0;0;0
21/01/2019;08:01:00;115;Acidente com Vítima;3,455;BR-040/GO;Norte;Abalroamento longitudinal;1;0;0;2;0;0;0;0;0;0;3;1;0;0;0
21/01/2019;02:42:00;46;Acidente com Vítima;425,242;BR-040/MG;Norte;Colisão traseira;0;0;0;0;0;2;0;0;0;0;1;0;1;0;0
21/01/2019;00:52:00;10;Acidente sem Vítima;538,45;BR-040/MG;Norte;Capotamento;1;0;0;0;0;0;0;0;0;0;1;0;0;0;0
20/01/2019;22:25:00;224;Acidente sem Vítima;503,4;BR-040/MG;Sul;Choque com objeto fixo;1;0;0;0;0;0;0;0;0;0;1;0;0;0;0
20/01/2019;20:48:00;195;Acidente sem Vítima;513,1;BR-040/MG;Sul;Colisão traseira;2;0;0;0;0;0;0;0;0;0;4;0;0;0;0
20/01/2019;20:43:00;193;Acidente sem Vítima;618,5;BR-040/MG;Norte;Atropelamento de animal;1;0;0;0;0;0;0;0;0;0;3;0;0;0;0
20/01/2019;20:03:00;182;Acidente com Vítima;458,6;BR-040/MG;Sul;Queda de Moto;0;0;0;1;0;0;0;0;0;0;0;2;0;0;0
20/01/2019;19:40:00;173;Acidente sem Vítima;723,1;BR-040/MG;Norte;Colisão traseira;2;0;0;0;0;0;0;0;0;0;4;0;0;0;0
20/01/2019;19:19:00;168;Atropelamento sem Morte;526,64;BR-040/MG;Norte;Atropelamento de pedestre atravessando;1;0;0;0;0;0;0;0;0;0;1;1;0;0;0
20/01/2019;19:16:00;166;Acidente sem Vítima;514,75;BR-040/MG;Sul;Colisão traseira;3;0;0;0;0;0;0;0;0;0;7;0;0;0;0
20/01/2019;18:56:00;157;Acidente sem Vítima;699,1;BR-040/MG;Sul;Choque em defensa;1;0;0;0;0;0;0;0;0;0;2;0;0;0;0
20/01/2019;18:47:00;152;Acidente com Morte;695,3;BR-040/MG;Norte;Abalroamento transversal;1;0;0;0;1;0;0;0;0;0;12;1;0;1;1