data;horario;n_da_ocorrencia;tipo_de_ocorrencia;km;trecho;sentido;tipo_de_acidente;automovel;bicicleta;caminhao;moto;onibus;outros;tracao_animal;transporte_de_cargas_especiais;trator_maquinas;utilitarios;ilesos;levemente_feridos;moderadamente_feridos;gravemente_feridos;mortos
20/01/2019;18:38:00;147;Acidente com Vítima;553,5;BR-040/MG;Sul;Capotamento;1;0;0;0;0;0;0;0;0;0;2;1;0;0;0
20/01/2019;18:20:00;137;Acidente sem Vítima;716,5;BR-040/MG;Norte;Choque com objeto fixo;1;0;0;0;0;0;0;0;0;0;3;0;0;0;0
20/01/2019;18:19:00;136;Acidente sem Vítima;750,5;BR-040/MG;Norte;Choque com objeto fixo;1;0;0;0;0;0;0;0;0;0;3;0;0;0;0
20/01/2019;18:02:00;124;Acidente sem Vítima;740,5;BR-040/MG;Norte;Choque com objeto fixo;0;0;0;0;0;0;0;0;0;0;0;0;0;0;0
20/01/2019;16:31:00;105;Acidente com Vítima;540,05;BR-040/MG;Sul;Abalroamento longitudinal;2;0;0;0;0;0;0;0;0;0;2;1;0;0;0
20/01/2019;15:27:00;93;Acidente com Vítima;617,546;BR-040/MG;Sul;Capotamento;1;0;0;1;0;0;0;0;0;0;5;2;0;0;0
20/01/2019;12:56:00;73;Acidente sem Vítima;760,414;BR-040/MG;Sul;Abalroamento longitudinal;1;0;0;0;1;0;0;0;0;0;4;0;0;0;0
20/01/2019;11:27:00;62;Acidente sem Vítima;714,416;BR-040/MG;Norte;Abalroamento longitudinal;2;0;0;0;0;0;0;0;0;0;7;0;0;0;0
20/01/2019;08:37:00;47;Acidente com Vítima;2,1;BR-040/DF;Sul;Abalroamento longitudinal;1;0;0;1;0;0;0;0;0;0;1;2;0;0;0
20/01/2019;06:16:00;36;Acidente sem Vítima;544,05;BR-040/MG;Sul;Colisão frontal;2;0;0;0;0;0;0;0;0;0;1;1;0;0;0
20/01/2019;04:27:00;26;Acidente sem Vítima;135,6;BR-040/MG;Sul;Choque com objeto fixo;1;0;0;0;0;0;0;0;0;0;1;0;0;0;0
20/01/2019;03:07:00;22;Acidente sem Vítima;449,9;BR-040/MG;Sul;Choque com objeto fixo;1;0;0;0;0;0;0;0;0;0;5;0;0;0;0
19/01/2019;23:11:00;255;Acidente sem Vítima;516,1;BR-040/MG;Sul;Choque com objeto fixo;1;0;0;0;0;0;0;0;0;0;1;1;0;0;0
19/01/2019;16:11:00;168;Acidente sem Vítima;0;Fora_Rota;Oeste;Choque com objeto fixo;1;0;0;0;0;0;0;0;0;0;0;0;0;0;0
19/01/2019;13:30:00;128;Atropelamento com Morte;433,162;BR-040/MG;Norte;Atropelamento de pedestre atravessando;2;0;0;0;0;0;0;0;0;0;4;0;0;0;1
19/01/2019;08:34:00;61;Acidente sem Vítima;484,8;BR-040/MG;Norte;Outros;1;0;0;0;0;0;0;0;0;0;5;0;0;0;0
19/01/2019;04:59:00;39;Acidente sem Vítima;422,8;BR-040/MG;Sul;Queda de Carga;0;0;1;0;0;0;0;0;0;0;1;0;0;0;0
18/01/2019;20:23:00;346;Acidente com Vítima;762,12;BR-040/MG;Norte;Colisão traseira;2;0;0;0;0;0;0;0;0;0;2;1;0;0;0
18/01/2019;19:51:00;338;Acidente sem Vítima;716,142;BR-040/MG;Sul;Queda de Carga;0;0;3;0;0;0;0;0;0;0;1;0;0;0;0
18/01/2019;19:45:00;336;Acidente com Vítima;510,2;BR-040/MG;Norte;Queda de Moto;0;0;0;1;0;0;0;0;0;0;0;1;0;0;0
18/01/2019;19:00:00;325;Acidente sem Vítima;668,7;BR-040/MG;Sul;Colisão traseira;1;0;0;1;0;0;0;0;0;0;6;0;0;0;0
18/01/2019;18:50:00;321;Acidente com Vítima;1,8;BR-040/DF;Sul;Abalroamento transversal;1;0;0;1;0;0;0;0;0;0;1;0;1;0;0
18/01/2019;18:12:00;305;Acidente sem Vítima;541,25;BR-040/MG;Sul;Colisão traseira;3;0;0;0;0;0;0;0;0;0;4;0;0;0;0
18/01/2019;17:49:00;299;Acidente sem Vítima;0,5;BR-040/GO;Sul;Colisão traseira;2;0;0;0;0;0;0;0;0;0;2;0;0;0;0
18/01/2019;16:50:00;283;Acidente sem Vítima;538,1;BR-040/MG;Norte;Colisão traseira;2;0;2;1;0;0;0;0;0;0;6;0;0;0;0
18/01/2019;16:03:00;268;Acidente com Vítima;29,5;BR-040/GO;Sul;Colisão traseira;1;0;1;0;0;0;0;0;0;0;8;1;0;0;0
18/01/2019;14:29:00;240;Acidente sem Vítima;93,001;BR-040/GO;Norte;Colisão traseira;1;0;1;0;0;0;0;0;0;0;2;0;0;0;0
18/01/2019;12:06:00;207;Acidente sem Vítima;100,05;BR-040/GO;Sul;Choque com objeto fixo;0;0;0;1;0;0;0;0;0;0;2;0;0;0;0
18/01/2019;10:57:00;193;Acidente com Vítima;476,8;BR-040/MG;Sul;Capotamento;0;0;1;0;0;0;0;0;0;0;1;1;0;0;0
18/01/2019;07:05:00;124;Acidente com Vítima;519,1;BR-040/MG;Sul;Colisão traseira;1;0;0;1;0;0;0;0;0;0;1;1;0;0;0
18/01/2019;06:19:00;106;Acidente sem Vítima;525,1;BR-040/MG;Sul;Colisão traseira;1;0;0;1;0;0;0;0;0;0;2;0;0;0;0
18/01/2019;05:31:00;100;Acidente com Vítima;6,7;BR-040/GO;Norte;Queda de Moto;0;0;0;1;0;1;0;0;0;0;1;1;0;1;0
18/01/2019;00:50:00;55;Acidente sem Vítima;428,6;BR-040/MG;Norte;Colisão traseira;1;0;1;0;0;0;0;0;0;0;2;0;0;0;0
17/01/2019;19:11:00;282;Acidente sem Vítima;21,5;BR-040/GO;Sul;Colisão traseira;2;0;0;0;0;0;0;0;0;0;6;0;0;0;0
17/01/2019;17:48:00;257;Acidente sem Vítima;515,25;BR-040/MG;Sul;Queda de Moto;0;0;0;1;0;0;0;0;0;0;2;0;0;0;0
17/01/2019;16:58:00;244;Acidente com Vítima;590,5;BR-040/MG;Norte;Colisão frontal;2;0;0;0;0;0;0;0;0;0;1;0;0;3;0
17/01/2019;16:05:00;238;Acidente sem Vítima;540,35;BR-040/MG;Norte;Queda de Moto;0;0;0;1;0;0;0;0;0;0;1;0;0;0;0
17/01/2019;13:57:00;209;Acidente sem Vítima;536,2;BR-040/MG;Norte;Choque em barreira New Jersey;1;0;0;0;0;0;0;0;0;0;1;0;0;0;0
17/01/2019;12:34:00;197;Acidente sem Vítima;535,5;BR-040/MG;Norte;Colisão traseira;1;0;1;0;0;0;0;0;0;0;3;0;0;0;0
17/01/2019;11:52:00;189;Acidente com Vítima;718,661;BR-040/MG;Norte;Choque em barreira New Jersey;1;0;0;0;0;0;0;0;0;0;2;1;1;0;0
17/01/2019;08:18:00;144;Acidente com Vítima;14,21;BR-040/GO;Norte;Choque com objeto fixo;1;0;0;0;0;0;0;0;0;0;0;0;0;0;0
17/01/2019;07:39:00;134;Acidente com Vítima;632,05;BR-040/MG;Norte;Abalroamento longitudinal;1;0;0;1;0;0;0;0;0;0;3;0;0;0;0
17/01/2019;06:50:00;120;Atropelamento sem Morte;43,5;BR-040/MG;Sul;Atropelamento de ciclista;1;0;0;0;0;1;0;0;0;0;1;0;1;0;0
17/01/2019;06:27:00;114;Acidente sem Vítima;452,2;BR-040/MG;Sul;Abalroamento longitudinal;2;0;0;0;0;0;0;0;0;0;3;0;0;0;0
17/01/2019;06:27:00;115;Acidente sem Vítima;465,1;BR-040/MG;Norte;Choque com objeto fixo;0;0;1;0;0;0;0;0;0;0;2;0;0;0;0
17/01/2019;05:58:00;112;Acidente com Vítima;449,9;BR-040/MG;Norte;Choque em defensa;0;0;1;0;0;0;0;0;0;0;1;1;0;0;0
17/01/2019;00:02:00;1;Acidente com Vítima;530,5;BR-040/MG;Sul;Colisão traseira;0;0;2;0;0;0;0;0;0;0;1;0;1;0;0
16/01/2019;20:15:00;313;Acidente sem Vítima;591,4;BR-040/MG;Norte;Queda de Carga;0;0;1;0;0;0;0;0;0;0;1;0;0;0;0
16/01/2019;19:20:00;290;Acidente sem Vítima;621,4;BR-040/MG;Norte;Abalroamento longitudinal;2;0;0;0;0;0;0;0;0;0;2;0;0;0;0
16/01/2019;18:53:00;275;Acidente sem Vítima;1,7;BR-040/DF;Sul;Colisão traseira;2;0;0;0;0;0;0;0;0;0;2;0;0;0;0
16/01/2019;18:48:00;272;Acidente sem Vítima;612,72;BR-040/MG;Sul;Colisão traseira;2;0;0;0;0;0;0;0;0;0;3;0;0;0;0
16/01/2019;17:46:00;246;Acidente com Vítima;538,11;BR-040/MG;Norte;Colisão traseira;1;0;2;0;0;0;0;0;0;0;2;0;1;0;0
16/01/2019;17:16:00;239;Acidente sem Vítima;538,01;BR-040/MG;Norte;Colisão traseira;3;0;1;0;0;0;0;0;0;0;4;0;0;0;0
16/01/2019;17:08:00;236;Acidente sem Vítima;6,521;BR-040/DF;Norte;Colisão traseira;1;0;1;0;0;0;0;0;0;0;2;0;0;0;0
16/01/2019;15:39:00;210;Acidente com Vítima;434,3;BR-040/MG;Norte;Queda de Moto;0;0;0;1;0;0;0;0;0;0;0;2;0;0;0
16/01/2019;14:25:00;187;Acidente com Vítima;740,918;BR-040/MG;Norte;Colisão frontal;0;0;0;2;0;0;0;0;0;0;2;0;1;0;0
16/01/2019;12:53:00;174;Acidente com Vítima;735,657;BR-040/MG;Sul;Choque em defensa;1;0;0;0;0;0;0;0;0;0;2;1;0;0;0
16/01/2019;12:08:00;168;Acidente sem Vítima;507,7;BR-040/MG;Sul;Colisão traseira;1;0;1;0;0;0;0;0;0;1;3;0;0;0;0
16/01/2019;12:07:00;167;Acidente sem Vítima;5,15;BR-040/MG;Norte;Atropelamento de animal;1;0;0;0;0;0;0;0;0;0;1;0;0;0;0
16/01/2019;08:29:00;112;Acidente com Vítima;519,4;BR-040/MG;Sul;Colisão traseira;5;0;1;1;0;0;0;0;0;0;6;1;0;0;0
16/01/2019;07:09:00;95;Acidente com Vítima;518,2;BR-040/MG;Norte;Colisão traseira;1;0;1;0;0;0;0;0;0;0;4;1;1;0;0
16/01/2019;06:48:00;89;Acidente com Vítima;3,152;BR-040/DF;Norte;Abalroamento longitudinal;1;0;0;1;0;0;0;0;0;0;1;1;0;0;0
15/01/2019;22:29:00;321;Acidente com Vítima;469,3;BR-040/MG;Norte;Capotamento;1;0;0;0;0;0;0;0;0;0;0;1;0;0;0
15/01/2019;20:23:00;299;Acidente sem Vítima;711,142;BR-040/MG;Sul;Capotamento;1;0;0;0;0;0;0;0;0;0;1;0;0;0;0
15/01/2019;19:37:00;284;Acidente com Vítima;705,4;BR-040/MG;Sul;Capotamento;1;0;0;0;0;0;0;0;0;0;1;1;0;0;0
15/01/2019;18:05:00;251;Acidente sem Vítima;1,5;BR-040/GO;Sul;Colisão traseira;2;0;0;0;0;0;0;0;0;0;2;0;0;0;0
15/01/2019;16:00:00;213;Acidente com Vítima;536,05;BR-040/MG;Sul;Queda de Moto;0;0;0;1;0;0;0;0;0;0;0;1;0;0;0
15/01/2019;15:55:00;211;Acidente sem Vítima;2,5;BR-040/GO;Sul;Abalroamento longitudinal;1;0;0;1;0;0;0;0;0;0;2;0;0;0;0
15/01/2019;15:44:00;206;Acidente sem Vítima;465,5;BR-040/MG;Sul;Atropelamento de animal;1;0;0;0;0;0;0;0;0;0;1;0;0;0;0
15/01/2019;15:25:00;200;Acidente com Vítima;123,6;BR-040/GO;Norte;Choque com objeto fixo;1;0;0;0;0;0;0;0;0;0;0;1;0;0;0
15/01/2019;14:41:00;189;Acidente com Vítima;275,4;BR-040/MG;Sul;Abalroamento transversal;1;0;0;1;0;0;0;0;0;0;1;1;0;0;0
15/01/2019;06:13:00;74;Atropelamento sem Morte;303,8;BR-040/MG;Norte;Atropelamento de ciclista;1;0;0;0;0;0;0;0;0;0;2;0;0;0;0
15/01/2019;06:11:00;73;Acidente com Morte;581,179;BR-040/MG;Norte;Abalroamento longitudinal;2;0;2;0;0;0;0;0;0;0;6;0;0;0;1
14/01/2019;21:00:00;341;Acidente sem Vítima;1,1;BR-040/DF;Norte;Colisão traseira;2;0;0;0;0;0;0;0;0;0;2;0;0;0;0
14/01/2019;19:08:00;302;Acidente sem Vítima;2,1;BR-040/DF;Sul;Colisão traseira;3;0;0;0;0;0;0;0;0;0;3;0;0;0;0
14/01/2019;17:01:00;269;Acidente com Vítima;2,1;BR-040/DF;Norte;Choque com objeto fixo;1;0;0;0;0;0;0;0;0;0;0;1;0;0;0
14/01/2019;16:44:00;263;Acidente com Vítima;366,2;BR-040/MG;Norte;Queda de Moto;0;0;0;1;0;0;0;0;0;0;1;1;0;0;0
14/01/2019;11:04:00;169;Acidente sem Vítima;723,9;BR-040/MG;Sul;Outros;1;0;0;0;0;0;0;0;0;0;2;0;0;0;0
14/01/2019;10:18:00;160;Acidente com Vítima;41,2;BR-040/MG;Sul;Colisão traseira;2;0;0;0;0;0;0;0;0;0;4;1;0;0;0
14/01/2019;09:51:00;148;Acidente sem Vítima;471,1;BR-040/MG;Norte;Colisão traseira;2;0;0;0;0;0;0;0;0;0;2;0;0;0;0
14/01/2019;09:37:00;145;Acidente sem Vítima;610,1;BR-040/MG;Sul;Colisão traseira;0;0;2;0;0;0;0;0;0;0;2;0;0;0;0
14/01/2019;08:58:00;132;Acidente com Vítima;521,1;BR-040/MG;Sul;Abalroamento longitudinal;0;0;1;1;0;0;0;0;0;0;1;1;0;0;0
14/01/2019;01:17:00;28;Atropelamento sem Morte;701,5;BR-040/MG;Sul;Atropelamento de pedestre atravessando;1;0;0;0;0;0;0;0;0;0;2;0;0;1;0
13/01/2019;23:16:00;252;Acidente com Vítima;191,406;BR-040/MG;Norte;Colisão traseira;1;0;0;0;0;1;0;0;0;0;2;1;0;0;0
13/01/2019;19:01:00;165;Acidente sem Vítima;536,12;BR-040/MG;Norte;Choque em barreira New Jersey;1;0;0;0;0;0;0;0;0;0;2;0;0;0;0
13/01/2019;18:02:00;149;Acidente sem Vítima;510,5;BR-040/MG;Sul;Colisão traseira;4;0;0;0;0;0;0;0;0;0;11;0;0;0;0
13/01/2019;17:17:00;135;Acidente sem Vítima;710,8;BR-040/MG;Norte;Abalroamento longitudinal;2;0;0;0;0;0;0;0;0;0;5;0;0;0;0
13/01/2019;15:30:00;110;Acidente sem Vítima;697,1;BR-040/MG;Norte;Capotamento;1;0;0;0;0;0;0;0;0;0;2;0;0;0;0
13/01/2019;14:10:00;93;Acidente sem Vítima;452,7;BR-040/MG;Norte;Choque com objeto fixo;1;0;0;0;0;0;0;0;0;0;1;0;0;0;0
13/01/2019;13:26:00;89;Acidente com Vítima;636,8;BR-040/MG;Sul;Queda de Moto;0;0;0;1;0;0;0;0;0;0;2;0;2;0;0
13/01/2019;10:04:00;59;Acidente com Vítima;550,2;BR-040/MG;Norte;Abalroamento longitudinal;2;0;0;0;0;0;0;0;0;0;2;0;1;0;0
12/01/2019;22:36:00;216;Acidente sem Vítima;8,01;BR-040/GO;Norte;Choque com objeto fixo;1;0;0;0;0;0;0;0;0;0;0;0;0;0;0
12/01/2019;21:44:00;206;Acidente com Vítima;511,1;BR-040/MG;Norte;Queda de Moto;0;0;0;1;0;0;0;0;0;0;1;0;0;0;0
12/01/2019;21:08:00;200;Acidente sem Vítima;97,589;BR-040/GO;Sul;Atropelamento de animal;1;0;0;0;0;0;0;0;0;0;2;0;0;0;0
12/01/2019;18:51:00;169;Acidente sem Vítima;5,01;BR-040/GO;Sul;Choque com objeto fixo;1;0;0;0;0;0;0;0;0;0;1;0;0;0;0
12/01/2019;18:07:00;156;Acidente sem Vítima;515,01;BR-040/MG;Sul;Colisão traseira;2;0;0;0;0;0;0;0;0;0;4;0;0;0;0
12/01/2019;13:28:00;106;Acidente com Vítima;511,5;BR-040/MG;Sul;Queda de Moto;0;0;0;1;0;0;0;0;0;0;0;1;0;0;0
12/01/2019;13:28:00;107;Acidente com Vítima;525,5;BR-040/MG;Norte;Colisão traseira;1;0;1;0;0;0;0;0;0;1;4;1;0;0;0
12/01/2019;12:08:00;93;Acidente com Vítima;17,9;BR-040/GO;Sul;Abalroamento longitudinal;2;0;0;0;0;0;0;0;0;0;2;0;0;0;0
12/01/2019;09:47:00;79;Acidente sem Vítima;225,651;BR-040/MG;Norte;Queda de Carga;1;0;1;0;0;0;0;0;0;0;2;0;0;0;0
12/01/2019;08:36:00;70;Acidente sem Vítima;515,4;BR-040/MG;Norte;Colisão traseira;2;0;0;0;0;0;0;0;0;0;2;0;0;0;0
12/01/2019;07:24:00;64;Acidente com Vítima;5,9;BR-040/DF;Sul;Colisão traseira;1;0;0;1;0;0;0;0;0;0;1;1;0;0;0
11/01/2019;21:03:00;360;Atropelamento sem Morte;9,17;BR-040/GO;Norte;Atropelamento de pedestre atravessando;0;0;0;1;0;0;0;0;0;0;0;0;2;0;0
11/01/2019;21:03:00;361;Acidente sem Vítima;577,01;BR-040/MG;Norte;Choque com objeto fixo;1;0;0;0;0;0;0;0;0;0;1;0;0;0;0
11/01/2019;16:13:00;279;Acidente com Vítima;403,1;BR-040/MG;Norte;Queda de Moto;0;0;0;1;0;0;0;0;0;0;0;1;0;0;0
11/01/2019;15:36:00;266;Acidente sem Vítima;57,1;BR-040/MG;Sul;Abalroamento longitudinal;1;0;0;0;0;0;0;0;0;0;1;0;0;0;0
11/01/2019;12:29:00;216;Acidente sem Vítima;356,2;BR-040/MG;Norte;Colisão traseira;0;0;2;0;0;0;0;0;0;0;2;0;0;0;0
11/01/2019;12:26:00;215;Acidente com Vítima;413,25;BR-040/MG;Sul;Abalroamento transversal;2;0;0;0;0;0;0;0;0;0;2;0;2;0;0
11/01/2019;11:31:00;205;Acidente sem Vítima;537,8;BR-040/MG;Norte;Colisão traseira;2;0;4;0;0;0;0;0;0;0;6;0;0;0;0
11/01/2019;11:22:00;200;Acidente sem Vítima;537,1;BR-040/MG;Norte;Colisão traseira;0;0;1;0;0;1;0;0;0;0;2;0;0;0;0
11/01/2019;10:18:00;176;Acidente sem Vítima;8,2;BR-040/DF;Norte;Colisão traseira;1;0;1;0;0;0;0;0;0;0;2;0;0;0;0
11/01/2019;09:29:00;155;Acidente sem Vítima;506,5;BR-040/MG;Sul;Choque em barreira New Jersey;1;0;0;0;0;0;0;0;0;0;1;0;0;0;0
11/01/2019;09:13:00;153;Acidente sem Vítima;528,1;BR-040/MG;Sul;Colisão traseira;2;0;0;0;0;0;0;0;0;0;2;0;0;0;0
11/01/2019;09:12:00;151;Acidente sem Vítima;301,9;BR-040/MG;Sul;Choque com objeto fixo;1;0;0;0;0;0;0;0;0;0;1;0;0;0;0
11/01/2019;08:02:00;126;Acidente sem Vítima;534,8;BR-040/MG;Norte;Abalroamento longitudinal;2;0;0;0;0;0;0;0;0;0;2;0;0;0;0
11/01/2019;06:27:00;80;Acidente sem Vítima;525,1;BR-040/MG;Sul;Abalroamento longitudinal;1;0;0;1;0;0;0;0;0;0;2;0;0;0;0
11/01/2019;01:57:00;9;Acidente sem Vítima;2,03;BR-040/DF;Sul;Colisão traseira;2;0;0;0;0;0;0;0;0;0;3;0;0;0;0
10/01/2019;21:57:00;368;Acidente com Vítima;89,95;BR-040/GO;Sul;Capotamento;1;0;0;0;0;0;0;0;0;0;2;2;0;0;0
10/01/2019;20:34:00;353;Acidente com Vítima;738,25;BR-040/MG;Norte;Abalroamento transversal;0;0;0;2;0;0;0;0;0;0;0;1;0;1;0
10/01/2019;20:23:00;348;Acidente com Vítima;507,96;BR-040/MG;Sul;Choque com objeto fixo;1;0;0;0;0;0;0;0;0;0;0;0;1;0;0
10/01/2019;18:19:00;323;Acidente com Vítima;618,4;BR-040/MG;Norte;Colisão traseira;0;0;2;0;0;0;0;0;0;0;1;1;0;0;0
10/01/2019;17:35:00;311;Acidente com Vítima;480,7;BR-040/MG;Sul;Capotamento;1;0;0;0;0;0;0;0;0;0;1;1;0;0;0
10/01/2019;16:17:00;291;Acidente sem Vítima;512,1;BR-040/MG;Norte;Colisão traseira;2;0;0;0;0;0;0;0;0;0;2;0;0;0;0
10/01/2019;15:50:00;281;Acidente sem Vítima;1,8;BR-040/GO;Sul;Colisão traseira;1;0;0;1;0;0;0;0;0;0;3;0;0;0;0
10/01/2019;14:52:00;267;Acidente com Vítima;517,8;BR-040/MG;Norte;Abalroamento longitudinal;0;0;1;1;0;0;0;0;0;0;1;0;0;1;0
10/01/2019;13:03:00;245;Acidente com Vítima;532,55;BR-040/MG;Sul;Colisão traseira;3;0;0;0;0;0;0;0;0;0;3;1;0;0;0
10/01/2019;12:38:00;238;Acidente sem Vítima;24,3;BR-040/GO;Sul;Abalroamento transversal;2;0;0;0;0;0;0;0;0;0;6;0;0;0;0
10/01/2019;12:37:00;237;Atropelamento sem Morte;515,18;BR-040/MG;Sul;Atropelamento de ciclista;1;1;0;0;0;0;0;0;0;0;1;1;0;0;0
10/01/2019;09:24:00;164;Acidente com Vítima;542,7;BR-040/MG;Sul;Abalroamento longitudinal;0;0;1;1;0;0;0;0;0;0;2;1;0;0;0
10/01/2019;08:31:00;142;Acidente com Morte;448,1;BR-040/MG;Norte;Capotamento;1;0;0;0;0;0;0;0;0;0;0;0;1;1;1
10/01/2019;07:22:00;116;Acidente sem Vítima;522,1;BR-040/MG;Sul;Colisão traseira;2;0;1;0;0;0;0;0;0;0;3;0;0;0;0
10/01/2019;06:43:00;105;Acidente com Vítima;523,5;BR-040/MG;Sul;Colisão traseira;1;0;0;1;0;0;0;0;0;0;1;0;1;0;0
10/01/2019;00:34:00;2;Acidente com Vítima;547,9;BR-040/MG;Norte;Capotamento;1;0;0;0;0;0;0;0;0;0;0;1;0;0;0
09/01/2019;21:01:00;288;Acidente com Vítima;563,3;BR-040/MG;Norte;Queda de Moto;0;0;0;1;0;0;0;0;0;0;1;0;1;0;0
09/01/2019;18:10:00;239;Acidente com Vítima;387,71;BR-040/MG;Sul;Colisão frontal;2;0;0;0;0;0;0;0;0;0;0;2;1;2;0
09/01/2019;17:37:00;233;Acidente sem Vítima;268,351;BR-040/MG;Norte;Choque com objeto fixo;1;0;0;0;0;0;0;0;0;0;3;0;0;0;0
09/01/2019;17:24:00;226;Atropelamento sem Morte;1,9;BR-040/GO;Norte;Atropelamento de pedestre atravessando;0;0;0;1;0;0;0;0;0;0;1;1;0;0;0
09/01/2019;15:21:00;203;Acidente com Vítima;434,67;BR-040/MG;Norte;Capotamento;1;0;0;0;0;0;0;0;0;0;2;2;0;1;0
09/01/2019;15:10:00;199;Acidente com Vítima;58,7;BR-040/MG;Norte;Choque com objeto fixo;1;0;0;0;0;0;0;0;0;0;1;1;0;0;0
09/01/2019;13:34:00;180;Acidente com Vítima;59,9;BR-040/GO;Norte;Abalroamento transversal;2;0;0;0;0;0;0;0;0;0;1;2;0;0;0
09/01/2019;12:59:00;175;Acidente sem Vítima;522,25;BR-040/MG;Norte;Choque com objeto fixo;1;0;0;0;0;0;0;0;0;0;1;0;0;0;0
09/01/2019;09:29:00;131;Acidente sem Vítima;714,21;BR-040/MG;Sul;Abalroamento longitudinal;1;0;1;0;0;0;0;0;0;0;2;0;0;0;0
09/01/2019;08:50:00;118;Acidente sem Vítima;520,1;BR-040/MG;Norte;Queda de Moto;0;0;0;1;0;0;0;0;0;0;1;0;0;0;0
09/01/2019;08:29:00;115;Acidente com Vítima;532,15;BR-040/MG;Sul;Colisão traseira;1;0;0;3;0;0;0;0;0;0;4;0;1;0;0
09/01/2019;08:01:00;107;Acidente sem Vítima;7,411;BR-040/GO;Norte;Abalroamento longitudinal;1;0;0;2;0;0;0;0;0;0;3;0;0;0;0
09/01/2019;07:37:00;100;Acidente com Vítima;531,05;BR-040/MG;Sul;Abalroamento longitudinal;1;0;0;1;0;0;0;0;0;0;1;1;0;0;0
09/01/2019;01:14:00;52;Acidente com Vítima;65,05;BR-040/MG;Norte;Choque com objeto fixo;1;0;0;0;0;0;0;0;0;0;0;3;2;0;0
08/01/2019;14:08:00;179;Acidente sem Vítima;586,21;BR-040/MG;Norte;Choque com objeto fixo;1;0;0;0;0;0;0;0;0;0;2;0;0;0;0
08/01/2019;12:52:00;168;Acidente com Vítima;603,941;BR-040/MG;Norte;Abalroamento longitudinal;1;0;0;0;0;1;0;0;0;0;2;1;0;0;0
08/01/2019;12:37:00;165;Acidente sem Vítima;714,101;BR-040/MG;Sul;Colisão traseira;1;0;1;0;0;0;0;0;0;0;2;0;0;0;0
08/01/2019;10:24:00;136;Acidente sem Vítima;6,723;BR-040/GO;Norte;Colisão traseira;2;0;0;0;0;0;0;0;0;0;2;0;0;0;0
08/01/2019;09:19:00;125;Acidente sem Vítima;501,1;BR-040/MG;Sul;Queda de Carga;1;0;0;0;0;0;0;0;0;0;1;0;0;0;0
07/01/2019;18:53:00;316;Acidente sem Vítima;542,9;BR-040/MG;Norte;Colisão traseira;2;0;0;0;0;0;0;0;0;0;7;0;0;0;0
07/01/2019;18:28:00;312;Acidente sem Vítima;357,4;BR-040/MG;Norte;Choque com objeto fixo;1;0;0;0;0;0;0;0;0;0;1;0;0;0;0
07/01/2019;17:17:00;291;Acidente sem Vítima;228,3;BR-040/MG;Sul;Choque com objeto fixo;0;0;1;0;0;0;0;0;0;0;1;0;0;0;0
07/01/2019;16:19:00;276;Acidente com Vítima;633,1;BR-040/MG;Sul;Abalroamento transversal;1;0;0;1;0;0;0;0;0;0;1;0;0;0;0
07/01/2019;15:37:00;266;Acidente sem Vítima;4,1;BR-040/GO;Norte;Choque com objeto fixo;1;0;0;0;0;0;0;0;0;0;3;0;0;0;0
07/01/2019;15:13:00;254;Acidente sem Vítima;641,1;BR-040/MG;Norte;Capotamento;1;0;0;0;0;0;0;0;0;0;1;0;0;0;0
07/01/2019;10:26:00;171;Acidente sem Vítima;205,1;BR-040/MG;Sul;Colisão traseira;2;0;0;0;0;0;0;0;0;0;5;0;0;0;0
07/01/2019;06:20:00;73;Acidente sem Vítima;484,3;BR-040/MG;Norte;Abalroamento longitudinal;1;0;0;0;0;1;0;0;0;0;6;0;0;0;0
07/01/2019;05:56:00;70;Acidente sem Vítima;500,35;BR-040/MG;Sul;Atropelamento de animal;0;0;1;0;0;0;0;0;0;0;2;0;0;0;0
06/01/2019;18:27:00;231;Acidente com Morte;505,5;BR-040/MG;Norte;Capotamento;1;0;0;0;0;0;0;0;0;0;0;0;1;1;2
06/01/2019;17:28:00;219;Acidente com Vítima;92,5;BR-040/GO;Norte;Abalroamento transversal;2;0;0;0;0;0;0;0;0;0;5;4;0;0;0
06/01/2019;16:32:00;197;Acidente sem Vítima;517,3;BR-040/MG;Sul;Colisão traseira;2;0;0;0;0;0;0;0;0;0;8;0;0;0;0
06/01/2019;13:50:00;152;Acidente sem Vítima;464,5;BR-040/MG;Sul;Queda de Moto;0;0;0;1;0;0;0;0;0;0;2;0;0;0;0
06/01/2019;07:51:00;57;Acidente sem Vítima;523,5;BR-040/MG;Sul;Capotamento;1;0;0;0;0;1;0;0;0;0;3;0;0;0;0
06/01/2019;07:30:00;50;Acidente sem Vítima;64,1;BR-040/GO;Sul;Choque com objeto fixo;1;0;0;0;0;0;0;0;0;0;3;0;0;0;0
06/01/2019;05:36:00;28;Acidente sem Vítima;520,5;BR-040/MG;Sul;Capotamento;1;0;0;0;0;0;0;0;0;0;1;0;0;0;0
06/01/2019;04:50:00;25;Acidente com Vítima;567,5;BR-040/MG;Sul;Queda de Moto;0;0;0;1;0;0;0;0;0;0;1;1;0;0;0