data;horario;n_da_ocorrencia;tipo_de_ocorrencia;km;trecho;sentido;tipo_de_acidente;automovel;bicicleta;caminhao;moto;onibus;outros;tracao_animal;transporte_de_cargas_especiais;trator_maquinas;utilitarios;ilesos;levemente_feridos;moderadamente_feridos;gravemente_feridos;mortos
05/01/2019;21:15:00;220;Acidente com Vítima;515,3;BR-040/MG;Sul;Choque com objeto fixo;1;0;0;0;0;0;0;0;0;0;1;1;0;0;0
05/01/2019;20:26:00;203;Acidente com Vítima;24,8;BR-040/GO;Sul;Colisão frontal;0;0;0;1;0;1;0;0;0;0;1;0;0;0;0
05/01/2019;14:18:00;123;Acidente sem Vítima;7,62;BR-040/GO;Norte;Outros;0;0;0;0;0;0;0;0;0;0;0;0;0;0;0
05/01/2019;13:47:00;120;Acidente sem Vítima;34,155;BR-040/MG;Norte;Colisão traseira;1;0;1;0;0;0;0;0;0;0;2;0;0;0;0
05/01/2019;13:35:00;117;Acidente com Morte;145,3;BR-040/GO;Norte;Abalroamento longitudinal;1;0;0;0;0;0;0;0;0;1;0;1;1;1;3
05/01/2019;12:19:00;104;Acidente sem Vítima;510,25;BR-040/MG;Sul;Capotamento;2;0;0;0;0;0;0;0;0;0;2;0;0;0;0
05/01/2019;11:42:00;97;Acidente com Vítima;2,9;BR-040/GO;Norte;Colisão traseira;3;0;0;0;0;0;0;0;0;0;3;1;0;0;0
05/01/2019;10:53:00;89;Acidente sem Vítima;452,3;BR-040/MG;Sul;Atropelamento de animal;1;0;0;0;0;0;0;0;0;0;1;0;0;0;0
05/01/2019;09:03:00;76;Acidente sem Vítima;119,2;BR-040/MG;Norte;Abalroamento transversal;2;0;0;0;0;1;0;0;0;0;3;0;0;0;0
05/01/2019;06:44:00;54;Acidente com Vítima;2,95;BR-040/GO;Sul;Colisão traseira;1;0;0;1;0;0;0;0;0;0;1;0;1;0;0
05/01/2019;04:14:00;43;Acidente com Morte;428,5;BR-040/MG;Sul;Colisão traseira;0;0;1;0;1;0;0;0;0;0;35;2;4;0;1
05/01/2019;02:15:00;30;Acidente com Vítima;455,8;BR-040/MG;Sul;Colisão traseira;0;0;1;1;0;0;0;0;0;0;1;0;0;1;0
04/01/2019;20:45:00;271;Atropelamento sem Morte;8,3;BR-040/GO;Sul;Atropelamento de pedestre atravessando;0;0;0;0;0;1;0;0;0;0;1;1;0;0;0
04/01/2019;18:10:00;225;Acidente sem Vítima;728,9;BR-040/MG;Sul;Choque em barreira New Jersey;0;0;1;0;0;0;0;0;0;0;1;0;0;0;0
04/01/2019;16:26:00;205;Acidente sem Vítima;508,15;BR-040/MG;Norte;Colisão traseira;0;0;2;0;0;0;0;0;0;0;2;0;0;0;0
04/01/2019;15:37:00;195;Acidente sem Vítima;455,4;BR-040/MG;Norte;Queda de Carga;0;0;1;0;0;0;0;0;0;0;1;0;0;0;0
04/01/2019;12:18:00;158;Acidente com Morte;572,9;BR-040/MG;Sul;Colisão frontal;1;0;0;1;0;0;0;0;0;0;2;0;0;0;1
04/01/2019;09:35:00;132;Acidente sem Vítima;546,5;BR-040/MG;Sul;Queda de Carga;1;0;0;0;0;0;0;0;0;0;1;0;0;0;0
04/01/2019;09:31:00;131;Acidente sem Vítima;543,5;BR-040/MG;Norte;Capotamento;1;0;0;0;0;0;0;0;0;0;1;0;0;0;0
04/01/2019;09:10:00;127;Acidente sem Vítima;320,115;BR-040/MG;Norte;Choque com objeto fixo;1;0;0;0;0;0;0;0;0;0;1;0;0;0;0
04/01/2019;07:48:00;113;Acidente sem Vítima;527,99;BR-040/MG;Norte;Colisão traseira;3;0;1;1;0;0;0;0;0;0;5;0;0;0;0
04/01/2019;07:46:00;110;Acidente sem Vítima;656,3;BR-040/MG;Norte;Choque em barreira New Jersey;1;0;0;0;0;0;0;0;0;0;1;0;0;0;0
04/01/2019;07:21:00;98;Acidente sem Vítima;621,5;BR-040/MG;Sul;Colisão traseira;2;0;0;0;0;0;0;0;0;0;3;0;0;0;0
04/01/2019;07:04:00;90;Acidente sem Vítima;562,6;BR-040/MG;Sul;Choque em barreira New Jersey;1;0;0;0;0;0;0;0;0;0;1;0;0;0;0
04/01/2019;06:45:00;84;Acidente sem Vítima;520,25;BR-040/MG;Sul;Colisão traseira;4;0;0;0;0;0;0;0;0;0;4;0;0;0;0
03/01/2019;23:39:00;381;Acidente sem Vítima;505,25;BR-040/MG;Norte;Colisão traseira;0;0;2;0;0;0;0;0;0;0;2;0;0;0;0
03/01/2019;21:53:00;367;Acidente sem Vítima;119,3;BR-040/GO;Norte;Atropelamento de animal;1;0;0;0;0;0;0;0;0;0;5;0;0;0;0
03/01/2019;16:06:00;286;Acidente com Vítima;643,001;BR-040/MG;Sul;Choque em defensa;1;0;0;0;0;0;0;0;0;0;1;0;0;0;0
03/01/2019;14:05:00;250;Acidente sem Vítima;659,8;BR-040/MG;Norte;Choque com objeto fixo;1;0;0;0;0;0;0;0;0;0;1;0;0;0;0
03/01/2019;14:02:00;249;Acidente com Vítima;536,2;BR-040/MG;Sul;Queda de Moto;0;0;0;1;0;0;0;0;0;0;0;1;0;0;0
03/01/2019;12:44:00;229;Acidente com Vítima;618,5;BR-040/MG;Norte;Queda de Moto;0;0;0;1;0;0;0;0;0;0;0;1;1;0;0
03/01/2019;12:01:00;219;Acidente sem Vítima;328,1;BR-040/MG;Norte;Colisão traseira;2;0;0;0;0;0;0;0;0;0;6;0;0;0;0
03/01/2019;00:40:00;5;Acidente com Vítima;520,1;BR-040/MG;Norte;Colisão traseira;0;0;2;0;0;0;0;0;0;0;1;0;1;0;0
02/01/2019;21:20:00;399;Acidente com Vítima;730,12;BR-040/MG;Norte;Choque com objeto fixo;1;0;0;0;0;0;0;0;0;0;0;1;0;0;0
02/01/2019;19:47:00;377;Acidente sem Vítima;547,1;BR-040/MG;Norte;Abalroamento longitudinal;2;0;0;0;0;0;0;0;0;0;2;0;0;0;0
02/01/2019;17:59:00;343;Acidente sem Vítima;2,3;BR-040/GO;Norte;Colisão traseira;2;0;0;0;0;0;0;0;0;0;2;0;0;0;0
02/01/2019;17:33:00;331;Acidente sem Vítima;515,6;BR-040/MG;Norte;Choque em barreira New Jersey;2;0;0;0;0;0;0;0;0;0;4;0;0;0;0
02/01/2019;17:12:00;320;Acidente com Vítima;693,5;BR-040/MG;Sul;Colisão traseira;1;0;0;0;0;0;0;0;0;0;0;1;0;0;0
02/01/2019;17:05:00;316;Acidente sem Vítima;430,3;BR-040/MG;Sul;Colisão traseira;2;0;0;0;0;0;0;0;0;0;3;0;0;0;0
02/01/2019;16:42:00;305;Acidente com Morte;695,1;BR-040/MG;Sul;Abalroamento transversal;2;0;0;0;0;0;0;0;0;0;2;2;0;0;1
02/01/2019;16:40:00;303;Acidente sem Vítima;473,35;BR-040/MG;Norte;Colisão traseira;2;0;0;0;0;0;0;0;0;0;1;2;0;0;0
02/01/2019;14:09:00;254;Acidente sem Vítima;595,1;BR-040/MG;Sul;Colisão traseira;2;0;0;1;0;0;0;0;0;0;7;0;0;0;0
02/01/2019;14:01:00;251;Acidente sem Vítima;426,5;BR-040/MG;Norte;Choque com objeto fixo;1;0;0;0;0;0;0;0;0;0;3;0;0;0;0
02/01/2019;14:01:00;252;Acidente sem Vítima;709,8;BR-040/MG;Sul;Outros;0;0;1;0;0;0;0;0;0;0;1;0;0;0;0
02/01/2019;13:01:00;232;Acidente sem Vítima;593,1;BR-040/MG;Norte;Choque com objeto fixo;1;0;0;0;0;0;0;0;0;0;3;0;0;0;0
02/01/2019;12:51:00;228;Acidente sem Vítima;509,3;BR-040/MG;Norte;Abalroamento longitudinal;1;0;1;0;0;0;0;0;0;0;21;0;0;0;0
02/01/2019;12:32:00;221;Acidente sem Vítima;504,8;BR-040/MG;Norte;Colisão traseira;2;0;0;0;0;0;0;0;0;0;2;0;0;0;0
02/01/2019;12:27:00;218;Acidente sem Vítima;428,2;BR-040/MG;Sul;Capotamento;1;0;0;0;0;0;0;0;0;0;1;1;0;0;0
02/01/2019;12:10:00;210;Acidente com Vítima;590,2;BR-040/MG;Norte;Colisão frontal;3;0;0;0;0;0;0;0;0;0;1;0;0;2;0
02/01/2019;12:01:00;205;Atropelamento sem Morte;3,3;BR-040/GO;Sul;Atropelamento de ciclista;1;1;0;0;0;0;0;0;0;0;2;1;0;0;0
02/01/2019;10:36:00;178;Acidente sem Vítima;456,5;BR-040/MG;Norte;Abalroamento longitudinal;2;0;0;0;0;0;0;0;0;0;2;0;0;0;0
02/01/2019;09:55:00;166;Acidente sem Vítima;583,8;BR-040/MG;Norte;Choque em defensa;1;0;0;0;0;0;0;0;0;0;3;0;0;0;0
02/01/2019;09:09:00;150;Acidente sem Vítima;487,55;BR-040/MG;Norte;Capotamento;1;0;0;0;0;0;0;0;0;0;2;0;0;0;0
02/01/2019;08:05:00;135;Acidente sem Vítima;42,5;BR-040/MG;Sul;Abalroamento transversal;1;0;0;1;0;0;0;0;0;0;3;0;0;0;0
02/01/2019;05:50:00;95;Acidente com Vítima;535,2;BR-040/MG;Norte;Abalroamento longitudinal;1;0;1;0;0;0;0;0;0;0;2;4;1;0;0
02/01/2019;04:43:00;88;Acidente com Vítima;491,5;BR-040/MG;Sul;Queda de Moto;0;0;0;1;0;0;0;0;0;0;0;2;0;0;0
02/01/2019;02:28:00;68;Acidente sem Vítima;500,1;BR-040/MG;Sul;Atropelamento de animal;0;0;1;0;0;0;0;0;0;0;1;0;0;0;0
01/01/2019;19:19:00;157;Acidente sem Vítima;633,3;BR-040/MG;Norte;Colisão traseira;2;0;0;0;0;0;0;0;0;0;3;0;0;0;0
01/01/2019;18:54:00;150;Acidente sem Vítima;718,51;BR-040/MG;Norte;Choque em barreira New Jersey;1;0;0;0;0;0;0;0;0;0;2;0;0;0;0
01/01/2019;18:42:00;146;Acidente sem Vítima;514,1;BR-040/MG;Sul;Abalroamento longitudinal;2;0;0;0;0;0;0;0;0;0;3;0;0;0;0
01/01/2019;18:22:00;139;Acidente com Vítima;718,5;BR-040/MG;Norte;Choque em barreira New Jersey;1;0;0;0;0;0;0;0;0;0;1;0;1;0;0
01/01/2019;18:03:00;127;Acidente sem Vítima;524,3;BR-040/MG;Sul;Choque com objeto fixo;1;0;0;0;0;0;0;0;0;0;2;0;0;0;0
01/01/2019;17:04:00;113;Acidente sem Vítima;730,1;BR-040/MG;Sul;Capotamento;1;0;0;0;0;0;0;0;0;0;1;0;0;0;0
01/01/2019;16:38:00;107;Acidente sem Vítima;510,1;BR-040/MG;Sul;Colisão traseira;2;0;0;0;0;0;0;0;0;0;4;0;0;0;0
01/01/2019;14:37:00;87;Acidente sem Vítima;553,24;BR-040/MG;Sul;Atropelamento de animal;1;0;0;0;0;0;0;0;0;0;1;0;0;0;0
01/01/2019;13:04:00;74;Acidente com Vítima;729,01;BR-040/MG;Sul;Choque em barreira New Jersey;1;0;0;0;0;0;0;0;0;0;2;1;0;0;0
01/01/2019;13:03:00;71;Acidente sem Vítima;455,3;BR-040/MG;Norte;Capotamento;0;0;0;0;0;1;0;0;0;0;1;0;0;0;0
01/01/2019;13:02:00;70;Acidente sem Vítima;475,4;BR-040/MG;Norte;Outros;2;0;0;0;0;0;0;0;0;0;3;0;0;0;0
01/01/2019;11:52:00;60;Acidente com Vítima;462,5;BR-040/MG;Norte;Colisão traseira;2;0;0;1;0;0;0;0;0;0;4;0;0;1;0
01/01/2019;07:03:00;31;Acidente sem Vítima;5,2;BR-040/DF;Sul;Abalroamento transversal;2;0;0;0;0;0;0;0;0;0;2;0;0;0;0
01/01/2019;06:57:00;29;Acidente com Vítima;132,8;BR-040/MG;Sul;Capotamento;1;0;0;0;0;0;0;0;0;0;0;0;0;1;0
01/01/2019;06:02:00;26;Acidente com Vítima;467,2;BR-040/MG;Norte;Capotamento;1;0;0;0;0;0;0;0;0;0;2;1;0;0;0
31/03/2019;22:49:00;305;Acidente com Vítima;501,1;BR-040/MG;Sul;Abalroamento longitudinal;1;0;0;1;0;0;0;0;0;0;1;1;0;0;0
31/03/2019;22:44:00;303;Acidente com Morte;536,68;BR-040/MG;Sul;Choque em barreira New Jersey;0;0;0;1;0;0;0;0;0;0;0;0;0;0;1
31/03/2019;22:12:00;297;Acidente sem Vítima;633,6;BR-040/MG;Sul;Choque com objeto fixo;1;0;0;0;0;0;0;0;0;0;1;0;0;0;0
31/03/2019;20:40:00;280;Acidente com Vítima;16,2;BR-040/GO;Norte;Choque com objeto fixo;1;0;0;0;0;0;0;0;0;0;0;1;0;0;0
31/03/2019;20:30:00;279;Acidente com Vítima;446,5;BR-040/MG;Sul;Choque com objeto fixo;1;0;0;0;0;0;0;0;0;0;0;1;0;0;0
31/03/2019;20:22:00;276;Acidente sem Vítima;142,5;BR-040/MG;Norte;Choque com objeto fixo;1;0;0;0;0;0;0;0;0;0;1;0;0;0;0
31/03/2019;20:09:00;270;Acidente sem Vítima;5,8;BR-040/GO;Norte;Colisão traseira;1;0;0;1;0;0;0;0;0;0;2;0;0;0;0
31/03/2019;17:44:00;232;Acidente com Vítima;515,45;BR-040/MG;Sul;Colisão traseira;3;0;0;0;0;0;0;0;0;0;7;0;1;0;0
31/03/2019;16:00:00;202;Acidente sem Vítima;418,5;BR-040/MG;Norte;;1;0;0;0;0;0;0;0;0;0;4;0;0;0;0
31/03/2019;12:42:00;149;Acidente com Vítima;735,2;BR-040/MG;Norte;Queda de Moto;0;0;0;1;0;0;0;0;0;0;0;1;0;0;0
31/03/2019;11:45:00;135;Acidente sem Vítima;487,3;BR-040/MG;Norte;Colisão traseira;0;0;0;1;0;0;0;0;0;0;1;0;0;0;0
31/03/2019;11:10:00;127;Acidente sem Vítima;474,4;BR-040/MG;Sul;Abalroamento longitudinal;1;0;1;0;0;0;0;0;0;0;3;0;0;0;0
31/03/2019;11:09:00;126;Acidente sem Vítima;9,7;BR-040/GO;Norte;Colisão traseira;1;0;0;1;0;0;0;0;0;0;2;0;0;0;0
31/03/2019;10:36:00;113;Acidente com Vítima;716,01;BR-040/MG;Norte;Queda de Moto;0;0;0;1;0;0;0;0;0;0;0;2;0;0;0
31/03/2019;07:07:00;62;Acidente sem Vítima;1,5;BR-040/DF;Norte;Choque com objeto fixo;1;0;0;0;0;0;0;0;0;0;2;0;0;0;0
31/03/2019;04:50:00;44;Acidente com Morte;698,8;BR-040/MG;Sul;Abalroamento transversal;1;0;0;1;0;0;0;0;0;0;1;0;0;0;1
31/03/2019;02:59:00;28;Acidente com Vítima;2,5;BR-040/GO;Sul;Colisão traseira;0;0;0;1;0;1;0;0;0;0;1;0;1;0;0
30/03/2019;23:27:00;258;Acidente sem Vítima;524,75;BR-040/MG;Norte;Capotamento;1;0;0;0;0;0;0;0;0;0;2;0;0;0;0
30/03/2019;20:07:00;220;Acidente sem Vítima;1,05;BR-040/GO;Norte;Colisão traseira;0;0;0;0;0;2;0;0;0;0;2;0;0;0;0
30/03/2019;17:33:00;159;Acidente com Vítima;704,1;BR-040/MG;Norte;Capotamento;1;0;0;0;0;0;0;0;0;0;0;1;0;0;0
30/03/2019;16:18:00;140;Acidente com Vítima;524,4;BR-040/MG;Norte;Queda de Moto;0;0;0;1;0;0;0;0;0;0;0;1;0;0;0
30/03/2019;13:11:00;108;Acidente com Vítima;465,6;BR-040/MG;Sul;Outros;1;0;0;0;0;0;0;0;0;0;0;1;0;0;0
30/03/2019;13:06:00;107;Acidente sem Vítima;497,2;BR-040/MG;Norte;Choque com objeto fixo;1;0;0;0;0;1;0;0;0;0;2;0;0;0;0
30/03/2019;13:02:00;106;Acidente com Vítima;129,607;BR-040/GO;Sul;Colisão traseira;1;0;1;0;0;0;0;0;0;0;1;2;0;0;0
30/03/2019;13:01:00;105;Acidente sem Vítima;518,02;BR-040/MG;Sul;Queda de Moto;1;0;0;1;0;0;0;0;0;0;1;0;0;0;0
30/03/2019;12:49:00;101;Acidente com Morte;603,8;BR-040/MG;Norte;Choque em barreira New Jersey;1;0;1;0;0;0;0;0;0;0;0;1;0;1;3
30/03/2019;08:25:00;67;Acidente com Vítima;0,7;BR-040/GO;Sul;Colisão traseira;2;0;0;1;1;0;0;0;0;0;3;0;1;0;0
30/03/2019;07:39:00;61;Acidente sem Vítima;698,1;BR-040/MG;Norte;Abalroamento longitudinal;2;0;0;0;0;0;0;0;0;0;2;0;0;0;0
30/03/2019;02:47:00;37;Acidente sem Vítima;510,6;BR-040/MG;Norte;;0;0;1;0;0;0;0;0;0;0;1;0;0;0;0
30/03/2019;00:36:00;24;Acidente sem Vítima;728,2;BR-040/MG;Sul;Choque com objeto fixo;1;0;0;0;0;0;0;0;0;0;1;1;0;0;0
29/03/2019;22:32:00;359;Acidente com Vítima;738,001;BR-040/MG;Norte;Capotamento;1;0;0;0;0;0;0;0;0;0;0;0;0;0;0
29/03/2019;20:06:00;310;Acidente com Vítima;1,8;BR-040/DF;Sul;Colisão traseira;3;0;0;0;0;0;0;0;0;0;6;1;0;0;0
29/03/2019;19:58:00;307;Acidente sem Vítima;514,76;BR-040/MG;Norte;Colisão traseira;3;0;1;0;0;0;0;0;0;0;44;0;0;0;0
29/03/2019;13:50:00;197;Acidente sem Vítima;578,1;BR-040/MG;Norte;Choque em barreira New Jersey;0;0;1;0;0;0;0;0;0;0;1;0;0;0;0
29/03/2019;12:50:00;177;Acidente sem Vítima;556,9;BR-040/MG;Norte;Abalroamento longitudinal;1;0;1;0;0;0;0;0;0;0;2;0;0;0;0
29/03/2019;12:13:00;169;Acidente com Vítima;529,5;BR-040/MG;Sul;Abalroamento longitudinal;1;0;0;1;0;0;0;0;0;0;2;1;0;0;0
29/03/2019;01:17:00;23;Acidente sem Vítima;455,1;BR-040/MG;Sul;Colisão traseira;0;0;2;0;0;0;0;0;0;0;2;0;0;0;0
28/03/2019;22:52:00;375;Acidente sem Vítima;603,8;BR-040/MG;Norte;Queda de Carga;0;0;1;0;0;0;0;0;0;0;1;0;0;0;0
28/03/2019;20:38:00;361;Acidente com Morte;151,2;BR-040/MG;Sul;Colisão frontal;0;0;1;1;0;0;0;0;0;0;1;0;0;0;1
28/03/2019;20:20:00;359;Acidente sem Vítima;618,1;BR-040/MG;Norte;Outros;1;0;0;0;0;0;0;0;0;0;1;0;0;0;0
28/03/2019;18:06:00;334;Atropelamento sem Morte;2,6;BR-040/GO;Norte;Atropelamento de pedestre atravessando;0;0;0;1;0;0;0;0;0;0;1;0;1;0;0
28/03/2019;16:43:00;312;Atropelamento sem Morte;528,6;BR-040/MG;Sul;;0;0;0;0;0;0;0;0;0;0;0;0;0;1;0
28/03/2019;13:06:00;252;Acidente com Vítima;516,6;BR-040/MG;Norte;Colisão traseira;1;0;1;0;0;0;0;0;0;0;1;1;0;0;0
28/03/2019;12:37:00;245;Acidente sem Vítima;618,1;BR-040/MG;Norte;Outros;1;0;0;0;0;0;0;0;0;0;1;0;0;0;0
28/03/2019;12:32:00;244;Atropelamento sem Morte;460,95;BR-040/MG;Sul;Atropelamento de pedestre atravessando;0;0;0;0;0;0;0;0;0;0;0;1;0;0;0
27/03/2019;20:09:00;354;Acidente com Vítima;24,2;BR-040/GO;Sul;Abalroamento transversal;0;0;0;1;0;0;0;0;0;0;0;1;0;0;0
27/03/2019;20:02:00;351;Atropelamento sem Morte;235,5;BR-040/MG;Sul;Atropelamento de ciclista;1;1;0;0;0;0;0;0;0;0;1;1;0;0;0
27/03/2019;18:08:00;319;Atropelamento sem Morte;1,5;BR-040/GO;Sul;Atropelamento de pedestre caminhando;1;0;0;0;0;0;0;0;0;0;1;1;0;0;0
27/03/2019;17:14:00;303;Acidente sem Vítima;27,2;BR-040/MG;Norte;Choque com objeto fixo;1;0;0;0;0;0;0;0;0;0;1;0;0;0;0
27/03/2019;14:30:00;258;Acidente com Vítima;279,9;BR-040/MG;Sul;Abalroamento transversal;0;0;0;1;0;0;0;0;0;0;0;1;0;0;0
27/03/2019;13:38:00;245;Acidente sem Vítima;595,1;BR-040/MG;Sul;Colisão traseira;2;0;1;0;0;0;0;0;0;0;4;0;0;0;0
27/03/2019;08:22:00;153;Acidente sem Vítima;538,5;BR-040/MG;Norte;Colisão traseira;1;0;0;0;2;0;0;0;0;0;45;0;0;0;0
27/03/2019;07:05:00;125;Acidente sem Vítima;523,45;BR-040/MG;Sul;Queda de Moto;0;0;0;2;0;0;0;0;0;0;2;0;0;0;0
27/03/2019;07:04:00;123;Acidente sem Vítima;676,5;BR-040/MG;Sul;Queda de Carga;0;0;1;0;0;0;0;0;0;0;1;0;0;0;0
27/03/2019;06:52:00;118;Acidente sem Vítima;731,7;BR-040/MG;Sul;Queda de Carga;0;0;1;0;0;0;0;0;0;0;1;0;0;0;0
26/03/2019;21:31:00;305;Acidente com Vítima;535,5;BR-040/MG;Norte;Queda de Moto;0;0;0;1;0;0;0;0;0;0;0;1;0;0;0
26/03/2019;18:04:00;255;Acidente sem Vítima;595,2;BR-040/MG;Norte;Choque com objeto fixo;0;0;2;0;0;0;0;0;0;0;2;0;0;0;0
26/03/2019;17:30:00;246;Acidente sem Vítima;28,1;BR-040/MG;Sul;Atropelamento de animal;1;0;0;0;0;0;0;0;0;0;1;0;0;0;0
26/03/2019;11:59:00;180;Acidente sem Vítima;3,964;BR-040/DF;Norte;;1;0;0;0;0;0;0;0;0;0;1;0;0;0;0
26/03/2019;10:15:00;154;Acidente com Vítima;665,1;BR-040/MG;Sul;Colisão frontal;2;0;0;0;0;0;0;0;0;0;1;1;1;1;0
26/03/2019;07:56:00;121;Acidente sem Vítima;189,05;BR-040/MG;Norte;Colisão traseira;1;0;1;0;0;0;0;0;0;0;3;0;0;0;0
26/03/2019;03:57:00;84;Acidente com Vítima;462,5;BR-040/MG;Norte;Queda de Carga;0;0;1;0;0;0;0;0;0;0;1;1;0;0;0
26/03/2019;02:59:00;79;Acidente com Vítima;761,2;BR-040/MG;Sul;Choque com objeto fixo;1;0;0;0;0;0;0;0;0;0;0;1;0;0;0
25/03/2019;22:33:00;333;Acidente com Vítima;527,5;BR-040/MG;Norte;Queda de Moto;0;0;0;1;0;0;0;0;0;0;0;1;0;0;0
25/03/2019;18:57:00;275;Acidente sem Vítima;542,17;BR-040/MG;Norte;Colisão traseira;1;0;0;1;0;0;0;0;0;0;2;0;0;0;0
25/03/2019;17:40:00;257;Acidente com Vítima;13,044;BR-040/GO;Norte;Abalroamento longitudinal;1;0;0;1;0;0;0;0;0;0;1;1;0;0;0
25/03/2019;16:33:00;245;Acidente com Vítima;459,59;BR-040/MG;Sul;Colisão traseira;0;0;1;0;1;0;0;0;0;0;2;0;1;1;0
25/03/2019;13:46:00;208;Acidente sem Vítima;622,15;BR-040/MG;Sul;Colisão traseira;1;0;0;1;0;0;0;0;0;0;2;0;0;0;0
25/03/2019;12:09:00;192;Acidente sem Vítima;474,01;BR-040/MG;Sul;Abalroamento transversal;1;0;1;0;0;0;0;0;0;0;2;0;0;0;0
25/03/2019;10:27:00;173;Acidente sem Vítima;128,03;BR-040/MG;Norte;Queda de Moto;0;0;0;1;0;0;0;0;0;0;1;0;0;0;0
25/03/2019;07:26:00;106;Acidente sem Vítima;115,028;BR-040/GO;Sul;Capotamento;1;0;0;0;0;0;0;0;0;0;2;0;0;0;0
25/03/2019;06:45:00;97;Acidente com Vítima;530,5;BR-040/MG;Sul;Abalroamento longitudinal;1;0;0;1;0;0;0;0;0;0;1;1;0;0;0
24/03/2019;20:29:00;317;Acidente sem Vítima;718,8;BR-040/MG;Sul;Capotamento;1;0;0;0;0;0;0;0;0;0;1;0;0;0;0
24/03/2019;20:26:00;314;Acidente com Vítima;718,9;BR-040/MG;Sul;Colisão traseira;0;0;1;1;0;0;0;0;0;0;1;0;0;1;0
24/03/2019;18:30:00;283;Atropelamento com Morte;504,8;BR-040/MG;Norte;Atropelamento de pedestre atravessando;2;0;1;1;0;0;0;0;0;0;5;0;0;0;2
24/03/2019;16:59:00;256;Acidente com Vítima;530,3;BR-040/MG;Sul;Colisão traseira;2;0;0;0;0;0;0;0;0;0;2;1;0;0;0
24/03/2019;13:45:00;185;Acidente sem Vítima;543,5;BR-040/MG;Sul;Choque em defensa;1;0;0;0;0;0;0;0;0;0;1;0;0;0;0
24/03/2019;12:18:00;152;Acidente sem Vítima;14,1;BR-040/GO;Sul;Colisão traseira;2;0;0;0;0;0;0;0;0;0;2;0;0;0;0
24/03/2019;11:53:00;144;Acidente com Vítima;479,3;BR-040/MG;Sul;Queda de Moto;0;0;0;1;0;0;0;0;0;0;1;1;0;0;0
24/03/2019;08:44:00;88;Acidente sem Vítima;544,3;BR-040/MG;Sul;Abalroamento longitudinal;0;0;0;1;1;0;0;0;0;0;2;0;0;0;0
24/03/2019;03:58:00;33;Acidente sem Vítima;512,225;BR-040/MG;Sul;Capotamento;1;0;0;0;0;0;0;0;0;0;1;0;0;0;0
24/03/2019;02:00:00;18;Acidente sem Vítima;12,1;BR-040/GO;Norte;Choque com objeto fixo;1;0;0;0;0;0;0;0;0;0;1;0;0;0;0
24/03/2019;01:44:00;16;Acidente sem Vítima;136,6;BR-040/MG;Norte;Choque com objeto fixo;1;0;0;0;0;0;0;0;0;0;2;0;0;0;0
24/03/2019;01:24:00;11;Acidente com Vítima;136,2;BR-040/MG;Norte;Choque com objeto fixo;1;0;0;0;0;0;0;0;0;0;0;1;0;0;0
23/03/2019;22:12:00;342;Acidente sem Vítima;52,7;BR-040/MG;Norte;Choque com objeto fixo;1;0;0;0;0;0;0;0;0;0;1;0;0;0;0
23/03/2019;21:21:00;334;Acidente sem Vítima;666,7;BR-040/MG;Norte;Abalroamento transversal;2;0;0;0;0;0;0;0;0;0;4;0;0;0;0
23/03/2019;21:16:00;330;Acidente sem Vítima;499,9;BR-040/MG;Sul;Atropelamento de animal;1;0;0;0;0;0;0;0;0;0;1;0;0;0;0
23/03/2019;19:42:00;318;Acidente com Vítima;485,012;BR-040/MG;Sul;Abalroamento longitudinal;0;0;1;1;0;0;0;0;0;0;1;0;0;1;0
23/03/2019;19:12:00;310;Atropelamento sem Morte;531,2;BR-040/MG;Norte;Atropelamento de pedestre atravessando;1;0;0;0;0;0;0;0;0;0;0;0;2;0;0
23/03/2019;17:15:00;280;Acidente sem Vítima;446,5;BR-040/MG;Norte;Capotamento;1;0;0;0;0;0;0;0;0;0;1;0;0;0;0
23/03/2019;14:24:00;232;Acidente sem Vítima;153,7;BR-040/MG;Sul;Choque com objeto fixo;1;0;0;0;0;0;0;0;0;0;2;0;0;0;0
23/03/2019;13:55:00;222;Acidente sem Vítima;717,2;BR-040/MG;Sul;Queda de Carga;1;0;1;0;0;0;0;0;0;0;4;0;0;0;0
23/03/2019;12:50:00;204;Acidente sem Vítima;1,1;BR-040/GO;Sul;Abalroamento longitudinal;1;0;0;1;0;0;0;0;0;0;3;0;0;0;0
23/03/2019;12:33:00;201;Acidente sem Vítima;5,1;BR-040/DF;Sul;Colisão traseira;2;0;0;0;0;0;0;0;0;0;2;0;0;0;0
23/03/2019;12:22:00;198;Acidente com Vítima;525,5;BR-040/MG;Norte;Abalroamento longitudinal;0;0;0;2;0;0;0;0;0;0;2;1;0;0;0
23/03/2019;11:50:00;191;Acidente sem Vítima;510,005;BR-040/MG;Sul;Colisão traseira;2;0;0;0;0;0;0;0;0;0;4;0;0;0;0
23/03/2019;11:13:00;179;Acidente sem Vítima;479,15;BR-040/MG;Norte;Queda de Carga;0;0;1;0;0;0;0;0;0;0;1;0;0;0;0
23/03/2019;10:45:00;166;Acidente sem Vítima;727,1;BR-040/MG;Sul;;1;0;0;0;0;0;0;0;0;0;4;0;0;0;0