data;horario;n_da_ocorrencia;tipo_de_ocorrencia;km;trecho;sentido;tipo_de_acidente;automovel;bicicleta;caminhao;moto;onibus;outros;tracao_animal;transporte_de_cargas_especiais;trator_maquinas;utilitarios;ilesos;levemente_feridos;moderadamente_feridos;gravemente_feridos;mortos
23/03/2019;07:35:00;83;Acidente sem Vítima;530,1;BR-040/MG;Sul;Colisão traseira;3;0;0;0;0;0;0;0;0;0;3;0;0;0;0
22/03/2019;22:29:00;379;Acidente sem Vítima;532,9;BR-040/MG;Norte;Colisão traseira;1;0;0;1;0;0;0;0;0;0;2;0;0;0;0
22/03/2019;19:57:00;347;Acidente com Vítima;725,1;BR-040/MG;Sul;Capotamento;1;0;0;0;0;0;0;0;0;0;0;0;1;0;0
22/03/2019;18:01:00;305;Acidente sem Vítima;0,95;BR-040/GO;Sul;Colisão traseira;1;0;0;0;0;1;0;0;0;0;2;0;0;0;0
22/03/2019;16:45:00;287;Atropelamento sem Morte;537,6;BR-040/MG;Norte;Atropelamento de pedestre caminhando;1;0;0;0;0;0;0;0;0;0;1;0;1;0;0
22/03/2019;14:57:00;260;Acidente sem Vítima;215,038;BR-040/MG;Sul;Choque com objeto fixo;1;0;0;0;0;0;0;0;0;0;1;0;0;0;0
22/03/2019;13:43:00;238;Acidente com Vítima;522,3;BR-040/MG;Norte;Queda de Moto;0;0;0;1;0;0;0;0;0;0;1;1;0;0;0
22/03/2019;12:09:00;217;Acidente sem Vítima;735,1;BR-040/MG;Sul;Capotamento;1;0;0;0;0;0;0;0;0;0;1;0;0;0;0
22/03/2019;11:54:00;213;Acidente com Vítima;19,041;BR-040/GO;Norte;Outros;0;0;0;1;0;0;0;0;0;0;0;0;0;0;0
22/03/2019;11:23:00;207;Acidente sem Vítima;656,1;BR-040/MG;Norte;Choque em barreira New Jersey;1;0;0;0;0;0;0;0;0;0;1;0;0;0;0
22/03/2019;07:50:00;154;Acidente sem Vítima;546,2;BR-040/MG;Sul;Outros;0;0;0;0;0;0;0;0;0;0;0;0;0;0;0
22/03/2019;07:12:00;141;Acidente sem Vítima;533,7;BR-040/MG;Norte;Colisão traseira;1;0;1;0;0;0;0;0;0;0;2;0;0;0;0
22/03/2019;06:57:00;136;Acidente com Vítima;80,25;BR-040/GO;Norte;Colisão traseira;0;0;2;0;0;0;0;0;0;0;0;2;0;0;0
22/03/2019;05:17:00;118;Acidente com Vítima;656,1;BR-040/MG;Sul;Capotamento;0;0;0;1;0;0;0;0;0;0;0;1;0;0;0
22/03/2019;01:47:00;84;Acidente com Vítima;516,64;BR-040/MG;Norte;Capotamento;1;0;0;0;0;0;0;0;0;0;0;0;1;0;0
22/03/2019;00:56:00;74;Acidente sem Vítima;467,1;BR-040/MG;Norte;Choque com objeto fixo;1;0;0;0;0;0;0;0;0;0;1;0;0;0;0
21/03/2019;22:26:00;349;Acidente com Vítima;440,9;BR-040/MG;Sul;Queda de Carga;0;0;1;0;0;0;0;0;0;0;0;1;0;0;0
21/03/2019;21:35:00;337;Acidente com Vítima;0,1;BR-040/GO;Sul;Queda de Moto;0;1;0;0;0;0;0;0;0;0;0;1;0;0;0
21/03/2019;21:22:00;335;Acidente sem Vítima;567,1;BR-040/MG;Sul;Capotamento;1;0;0;0;0;0;0;0;0;0;1;0;0;0;0
21/03/2019;21:08:00;330;Acidente sem Vítima;513,1;BR-040/MG;Norte;Choque com objeto fixo;1;0;0;0;0;0;0;0;0;0;1;0;0;0;0
21/03/2019;19:51:00;314;Acidente sem Vítima;6,3;BR-040/DF;Sul;Colisão traseira;1;0;0;2;0;0;0;0;0;0;3;0;0;0;0
21/03/2019;19:44:00;312;Acidente sem Vítima;447,2;BR-040/MG;Sul;Colisão traseira;1;0;0;1;0;0;0;0;0;0;2;0;0;0;0
21/03/2019;19:04:00;301;Acidente com Vítima;58,5;BR-040/MG;Sul;Abalroamento longitudinal;0;0;2;0;0;0;0;0;0;0;3;0;2;0;0
21/03/2019;18:42:00;291;Acidente com Vítima;533,2;BR-040/MG;Sul;Queda de Moto;0;0;0;1;0;0;0;0;0;0;0;1;0;0;0
21/03/2019;18:22:00;282;Acidente sem Vítima;314,71;BR-040/MG;Sul;Abalroamento longitudinal;2;0;0;0;0;0;0;0;0;0;3;0;0;0;0
21/03/2019;17:29:00;268;Acidente sem Vítima;447,185;BR-040/MG;Sul;Capotamento;0;0;1;0;0;0;0;0;0;0;1;0;0;0;0
21/03/2019;16:58:00;261;Acidente sem Vítima;584,1;BR-040/MG;Sul;Choque com objeto fixo;2;0;0;0;0;0;0;0;0;0;2;0;0;0;0
21/03/2019;16:09:00;247;Acidente sem Vítima;739,1;BR-040/MG;Norte;Colisão traseira;2;0;0;0;0;0;0;0;0;0;2;0;0;0;0
21/03/2019;15:41:00;238;Acidente sem Vítima;739,1;BR-040/MG;Sul;Abalroamento longitudinal;1;0;1;0;0;0;0;0;0;0;2;0;0;0;0
21/03/2019;15:09:00;232;Acidente com Vítima;506,7;BR-040/MG;Sul;Abalroamento longitudinal;1;0;0;0;0;0;0;0;0;0;0;0;0;0;0
21/03/2019;14:09:00;219;Acidente sem Vítima;739,5;BR-040/MG;Norte;Queda de Carga;0;0;1;0;0;0;0;0;0;0;1;0;0;0;0
21/03/2019;13:27:00;209;Acidente sem Vítima;583,1;BR-040/MG;Norte;Choque em defensa;1;0;0;0;0;0;0;0;0;0;1;0;0;0;0
21/03/2019;12:47:00;201;Acidente com Vítima;112,3;BR-040/GO;Sul;Capotamento;1;0;0;0;0;0;0;0;0;0;2;3;0;0;0
21/03/2019;08:18:00;135;Acidente com Vítima;549,33;BR-040/MG;Sul;Colisão traseira;1;0;1;0;0;0;0;0;0;0;1;1;0;0;0
21/03/2019;06:15:00;70;Acidente com Vítima;542,077;BR-040/MG;Sul;Queda de Moto;0;0;1;1;0;0;0;0;0;0;1;1;0;0;0
21/03/2019;03:21:00;31;Acidente sem Vítima;507,4;BR-040/MG;Norte;Capotamento;0;0;0;0;0;1;0;0;0;0;0;0;0;0;0
21/03/2019;02:33:00;29;Acidente sem Vítima;537,9;BR-040/MG;Sul;Choque com objeto fixo;0;0;0;0;0;0;0;0;0;0;0;0;0;0;0
21/03/2019;02:06:00;23;Acidente com Vítima;474,1;BR-040/MG;Sul;Capotamento;1;0;0;0;0;0;0;0;0;0;1;0;1;0;0
21/03/2019;00:32:00;18;Acidente sem Vítima;546,1;BR-040/MG;Sul;Capotamento;1;0;0;0;0;0;0;0;0;0;1;0;0;0;0
20/03/2019;21:21:00;372;Acidente sem Vítima;25,1;BR-040/GO;Sul;Choque com objeto fixo;1;0;0;0;0;0;0;0;0;0;6;0;0;0;0
20/03/2019;17:59:00;332;Acidente sem Vítima;538,45;BR-040/MG;Norte;Colisão traseira;2;0;0;0;0;0;0;0;0;0;3;0;0;0;0
20/03/2019;17:49:00;329;Acidente com Vítima;143,9;BR-040/MG;Sul;Colisão traseira;1;0;0;1;0;0;0;0;0;0;1;0;1;0;0
20/03/2019;17:24:00;321;Acidente sem Vítima;729,5;BR-040/MG;Sul;Choque com objeto fixo;1;0;0;0;0;0;0;0;0;0;2;0;0;0;0
20/03/2019;17:05:00;316;Acidente sem Vítima;726,6;BR-040/MG;Sul;Choque com objeto fixo;1;0;0;0;0;0;0;0;0;0;1;0;0;0;0
20/03/2019;16:51:00;309;Acidente com Vítima;620,6;BR-040/MG;Sul;Queda de Moto;0;0;0;1;0;0;0;0;0;0;0;1;0;0;0
20/03/2019;16:49:00;308;Acidente sem Vítima;487,3;BR-040/MG;Norte;Colisão traseira;2;0;0;0;0;0;0;0;0;0;3;0;0;0;0
20/03/2019;16:22:00;303;Acidente sem Vítima;175,8;BR-040/MG;Sul;Choque com objeto fixo;1;0;0;0;0;0;0;0;0;0;2;0;0;0;0
20/03/2019;15:56:00;299;Acidente com Vítima;2,1;BR-040/GO;Sul;Colisão traseira;1;0;0;1;0;0;0;0;0;0;1;1;0;0;0
20/03/2019;11:43:00;212;Acidente sem Vítima;508,4;BR-040/MG;Sul;Abalroamento longitudinal;2;0;0;0;0;0;0;0;0;0;6;0;0;0;0
20/03/2019;11:04:00;204;Acidente sem Vítima;439,6;BR-040/MG;Sul;Colisão traseira;1;0;1;0;0;0;0;0;0;0;3;0;0;0;0
20/03/2019;06:35:00;107;Acidente sem Vítima;0;Fora_Rota;Leste;Queda de Moto;0;0;1;0;0;0;0;0;0;0;1;0;0;0;0
20/03/2019;05:55:00;94;Acidente sem Vítima;5,2;BR-040/DF;Norte;Abalroamento longitudinal;1;0;1;0;0;0;0;0;0;0;2;0;0;0;0
19/03/2019;17:37:00;352;Acidente sem Vítima;728,4;BR-040/MG;Sul;Choque com objeto fixo;1;0;0;0;0;0;0;0;0;0;3;0;0;0;0
19/03/2019;15:04:00;314;Acidente com Vítima;0,3;BR-040/DF;Sul;Queda de Moto;0;0;0;1;0;0;0;0;0;0;0;1;0;0;0
19/03/2019;14:47:00;304;Acidente com Morte;759,882;BR-040/MG;Norte;Colisão frontal;1;0;1;0;0;0;0;0;0;0;1;0;0;1;4
19/03/2019;13:07:00;278;Acidente sem Vítima;577,01;BR-040/MG;Norte;Abalroamento longitudinal;2;0;0;0;0;0;0;0;0;0;2;0;0;0;0
19/03/2019;13:04:00;276;Acidente com Vítima;13,1;BR-040/GO;Norte;Abalroamento transversal;1;0;0;1;0;0;0;0;0;0;1;1;0;0;0
19/03/2019;11:11:00;242;Atropelamento sem Morte;9,5;BR-040/GO;Sul;Atropelamento de pedestre caminhando;0;0;1;0;0;0;0;0;0;0;1;0;1;0;0
19/03/2019;07:47:00;167;Acidente sem Vítima;533,3;BR-040/MG;Norte;Abalroamento longitudinal;1;0;1;0;0;0;0;0;0;0;2;0;0;0;0
19/03/2019;07:10:00;144;Acidente com Vítima;521,45;BR-040/MG;Norte;Colisão traseira;1;0;1;0;0;0;0;0;0;0;1;1;0;0;0
19/03/2019;06:37:00;129;Acidente sem Vítima;532,8;BR-040/MG;Sul;Colisão traseira;2;0;0;0;0;0;0;0;0;0;4;0;0;0;0
19/03/2019;06:22:00;124;Acidente com Vítima;514,46;BR-040/MG;Norte;Queda de Moto;0;0;0;1;0;0;0;0;0;0;0;1;0;0;0
18/03/2019;19:32:00;308;Acidente com Vítima;2,9;BR-040/DF;Sul;Colisão traseira;2;0;0;1;0;0;0;0;0;0;2;0;0;0;0
18/03/2019;16:09:00;242;Acidente com Vítima;631,1;BR-040/MG;Sul;Abalroamento longitudinal;1;0;0;1;0;0;0;0;0;0;2;0;1;0;0
18/03/2019;14:19:00;211;Acidente sem Vítima;466,9;BR-040/MG;Norte;Choque com objeto fixo;2;0;0;0;0;0;0;0;0;0;2;0;0;0;0
18/03/2019;13:08:00;196;Acidente com Vítima;5,001;BR-040/DF;Sul;Abalroamento transversal;1;0;0;1;0;0;0;0;0;0;2;1;0;0;0
18/03/2019;07:33:00;116;Acidente sem Vítima;2,9;BR-040/GO;Sul;Colisão traseira;1;0;0;0;0;0;0;0;0;0;1;0;0;0;0
18/03/2019;07:29:00;114;Acidente com Vítima;5,1;BR-040/DF;Norte;Colisão traseira;1;0;0;1;0;0;0;0;0;0;1;2;0;0;0
18/03/2019;06:39:00;100;Acidente sem Vítima;5,1;BR-040/DF;Sul;Queda de Moto;0;0;0;1;0;0;0;0;0;0;1;0;0;0;0
18/03/2019;06:32:00;94;Acidente com Vítima;621,1;BR-040/MG;Sul;Abalroamento longitudinal;1;0;1;0;0;0;0;0;0;0;3;1;0;0;0
17/03/2019;22:27:00;244;Acidente sem Vítima;511,8;BR-040/MG;Sul;Choque com objeto fixo;1;0;0;0;0;0;0;0;0;0;1;0;0;0;0
17/03/2019;21:43:00;234;Acidente sem Vítima;583,8;BR-040/MG;Norte;Choque em defensa;1;0;0;0;0;0;0;0;0;0;1;0;0;0;0
17/03/2019;19:47:00;203;Acidente sem Vítima;5,01;BR-040/GO;Norte;Colisão traseira;2;0;0;0;0;0;0;0;0;0;5;0;0;0;0
17/03/2019;19:27:00;196;Acidente com Vítima;30,005;BR-040/MG;Sul;Abalroamento longitudinal;0;0;0;1;0;1;0;0;0;0;1;0;1;0;0
17/03/2019;19:23:00;195;Acidente sem Vítima;529,5;BR-040/MG;Sul;Abalroamento longitudinal;1;0;0;1;0;0;0;0;0;0;3;0;0;0;0
17/03/2019;19:07:00;190;Acidente sem Vítima;517,1;BR-040/MG;Sul;Colisão traseira;2;0;0;0;0;0;0;0;0;0;2;0;0;0;0
17/03/2019;18:23:00;175;Acidente sem Vítima;695,8;BR-040/MG;Norte;Abalroamento longitudinal;1;0;1;0;0;0;0;0;0;0;2;0;0;0;0
17/03/2019;18:03:00;171;Acidente sem Vítima;467,1;BR-040/MG;Norte;Colisão traseira;2;0;0;0;0;0;0;0;0;0;2;0;0;0;0
17/03/2019;16:59:00;147;Acidente sem Vítima;664,1;BR-040/MG;Sul;Choque com objeto fixo;0;0;1;0;0;0;0;0;0;0;2;0;0;0;0
17/03/2019;16:26:00;138;Acidente sem Vítima;639,1;BR-040/MG;Norte;Choque com objeto fixo;1;0;0;0;0;0;0;0;0;0;1;0;0;0;0
17/03/2019;16:20:00;135;Acidente sem Vítima;0,1;BR-040/GO;Norte;Abalroamento longitudinal;0;0;1;1;0;0;0;0;0;0;2;0;0;0;0
17/03/2019;14:06:00;113;Acidente sem Vítima;562,1;BR-040/MG;Sul;Queda de Carga;0;0;1;0;0;0;0;0;0;0;2;0;0;0;0
17/03/2019;08:11:00;61;Acidente sem Vítima;543,1;BR-040/MG;Norte;Capotamento;1;0;0;0;0;0;0;0;0;0;1;0;0;0;0
17/03/2019;07:31:00;52;Acidente sem Vítima;728,1;BR-040/MG;Norte;Choque em defensa;1;0;0;0;0;0;0;0;0;0;1;0;0;0;0
17/03/2019;06:21:00;47;Acidente sem Vítima;528,2;BR-040/MG;Sul;Choque em barreira New Jersey;1;0;0;0;0;0;0;0;0;0;1;0;0;0;0
17/03/2019;03:51:00;34;Acidente sem Vítima;510,1;BR-040/MG;Norte;;1;0;0;0;0;0;0;0;0;0;1;0;0;0;0
17/03/2019;01:41:00;19;Acidente sem Vítima;762,2;BR-040/MG;Sul;Choque com objeto fixo;1;0;0;0;0;0;0;0;0;0;1;0;0;0;0
17/03/2019;00:41:00;8;Acidente sem Vítima;549,1;BR-040/MG;Sul;;1;0;0;0;0;0;0;0;0;0;1;0;0;0;0
17/03/2019;00:34:00;6;Acidente sem Vítima;717,3;BR-040/MG;Sul;Choque com objeto fixo;1;0;0;0;0;0;0;0;0;0;3;0;0;0;0
16/03/2019;21:27:00;263;Acidente com Vítima;6,8;BR-040/DF;Sul;Abalroamento longitudinal;0;0;0;2;0;0;0;0;0;0;1;1;0;0;0
16/03/2019;21:09:00;261;Acidente com Vítima;7,5;BR-040/GO;Sul;Abalroamento transversal;1;0;0;1;0;0;0;0;0;0;2;1;0;0;0
16/03/2019;19:55:00;249;Acidente sem Vítima;671,15;BR-040/MG;Sul;Atropelamento de animal;1;0;0;0;0;0;0;0;0;0;1;0;0;0;0
16/03/2019;18:40:00;234;Acidente sem Vítima;714,2;BR-040/MG;Norte;Colisão traseira;2;0;0;0;0;0;0;0;0;0;5;0;0;0;0
16/03/2019;17:45:00;217;Acidente sem Vítima;559,65;BR-040/MG;Sul;Choque com objeto fixo;0;0;0;0;0;0;0;0;0;0;0;0;0;0;0
16/03/2019;16:39:00;200;Acidente sem Vítima;3,1;BR-040/GO;Sul;Abalroamento transversal;2;0;0;0;0;0;0;0;0;0;2;0;0;0;0
16/03/2019;15:50:00;178;Acidente sem Vítima;537,4;BR-040/MG;Norte;;1;0;0;0;0;0;0;0;0;0;1;0;0;0;0
16/03/2019;15:33:00;170;Acidente sem Vítima;534,4;BR-040/MG;Norte;Queda de Moto;1;0;0;0;0;0;0;0;0;0;1;0;0;0;0
16/03/2019;13:51:00;146;Acidente sem Vítima;612,1;BR-040/MG;Norte;Colisão traseira;2;0;0;0;0;0;0;0;0;0;2;0;0;0;0
16/03/2019;13:25:00;138;Acidente sem Vítima;612,02;BR-040/MG;Sul;Abalroamento longitudinal;0;0;2;0;0;1;0;0;0;0;3;0;0;0;0
16/03/2019;12:40:00;119;Acidente com Vítima;3,4;BR-040/DF;Sul;Queda de Moto;0;0;0;1;0;0;0;0;0;0;0;1;0;0;0
16/03/2019;12:10:00;110;Acidente sem Vítima;750,05;BR-040/MG;Norte;Queda de Carga;0;0;1;0;0;0;0;0;0;0;1;0;0;0;0
16/03/2019;09:40:00;79;Acidente sem Vítima;690,416;BR-040/MG;Norte;Queda de Carga;0;0;1;0;0;0;0;0;0;0;1;0;0;0;0
16/03/2019;08:53:00;65;Acidente sem Vítima;587,4;BR-040/MG;Sul;Colisão traseira;1;0;0;1;0;0;0;0;0;0;2;0;0;0;0
16/03/2019;06:55:00;42;Atropelamento sem Morte;524,5;BR-040/MG;Sul;Atropelamento de pedestre atravessando;0;0;0;0;0;0;0;0;0;0;0;1;0;0;0
16/03/2019;05:13:00;31;Acidente sem Vítima;98,8;BR-040/MG;Sul;Atropelamento de animal;0;0;1;0;0;0;0;0;0;0;1;0;0;0;0
16/03/2019;04:57:00;29;Acidente com Vítima;22,2;BR-040/GO;Norte;;1;0;0;0;0;0;0;0;0;0;0;0;1;0;0
16/03/2019;04:25:00;28;Acidente com Vítima;588,3;BR-040/MG;Sul;Colisão traseira;0;0;2;0;0;0;0;0;0;0;1;1;0;0;0
16/03/2019;03:31:00;26;Acidente sem Vítima;588,61;BR-040/MG;Sul;Choque com objeto fixo;1;0;0;0;0;0;0;0;0;0;1;0;0;0;0
16/03/2019;02:31:00;23;Acidente sem Vítima;728,5;BR-040/MG;Sul;Choque com objeto fixo;0;0;1;0;0;0;0;0;0;0;1;0;0;0;0
16/03/2019;02:20:00;22;Acidente com Vítima;588,6;BR-040/MG;Sul;Choque em barreira New Jersey;0;0;1;0;0;0;0;0;0;0;0;1;0;0;0
15/03/2019;22:46:00;390;Acidente sem Vítima;446,1;BR-040/MG;Norte;Colisão traseira;1;0;1;0;0;0;0;0;0;0;2;0;0;0;0
15/03/2019;21:45:00;381;Acidente com Vítima;702,1;BR-040/MG;Norte;Colisão traseira;1;0;0;1;0;0;0;0;0;0;1;1;0;0;0
15/03/2019;20:22:00;367;Acidente sem Vítima;6,6;BR-040/GO;Sul;Colisão traseira;2;0;0;0;0;0;0;0;0;0;2;0;0;0;0
15/03/2019;19:14:00;354;Acidente com Vítima;92,6;BR-040/GO;Sul;Abalroamento transversal;1;0;0;0;0;0;0;0;0;1;1;0;0;0;0
15/03/2019;19:02:00;351;Acidente sem Vítima;556,15;BR-040/MG;Sul;Outros;1;0;0;0;0;0;0;0;0;0;1;0;0;0;0
15/03/2019;17:29:00;329;Acidente sem Vítima;590,1;BR-040/MG;Sul;Choque em barreira New Jersey;1;0;0;0;0;0;0;0;0;0;2;0;0;0;0
15/03/2019;17:04:00;317;Acidente sem Vítima;4,1;BR-040/DF;Norte;Abalroamento longitudinal;1;0;1;0;0;0;0;0;0;0;2;0;0;0;0
15/03/2019;16:04:00;296;Acidente com Vítima;572,4;BR-040/MG;Sul;Abalroamento transversal;1;0;0;1;0;0;0;0;0;0;2;0;1;0;0
15/03/2019;15:19:00;273;Acidente sem Vítima;2,9;BR-040/GO;Sul;Abalroamento transversal;0;0;1;1;0;0;0;0;0;0;1;0;0;0;0
15/03/2019;14:58:00;266;Acidente com Vítima;549,3;BR-040/MG;Norte;;1;0;0;0;0;0;0;0;0;0;0;0;1;0;0
15/03/2019;14:42:00;258;Acidente sem Vítima;6,5;BR-040/DF;Norte;Colisão traseira;2;0;0;0;0;0;0;0;0;0;2;0;0;0;0
15/03/2019;12:41:00;215;Acidente sem Vítima;501,4;BR-040/MG;Norte;Abalroamento longitudinal;1;0;1;0;0;0;0;0;0;0;2;0;0;0;0
15/03/2019;10:56:00;193;Acidente sem Vítima;6,1;BR-040/GO;Sul;Colisão traseira;2;0;0;0;0;0;0;0;0;0;2;0;0;0;0
15/03/2019;06:55:00;118;Acidente sem Vítima;516,6;BR-040/MG;Sul;Capotamento;1;0;0;0;0;0;0;0;0;0;1;0;0;0;0
15/03/2019;06:52:00;117;Acidente sem Vítima;3,001;BR-040/GO;Sul;Queda de Moto;1;0;0;1;0;0;0;0;0;0;2;0;0;0;0
15/03/2019;04:18:00;89;Acidente sem Vítima;446,3;BR-040/MG;Norte;Queda de Carga;0;0;1;0;0;0;0;0;0;0;1;0;0;0;0
14/03/2019;22:20:00;370;Acidente com Vítima;587,2;BR-040/MG;Sul;Queda de Carga;0;0;1;0;0;0;0;0;0;0;0;0;1;0;0
14/03/2019;21:06:00;355;Acidente com Vítima;723,1;BR-040/MG;Sul;Capotamento;1;0;0;0;0;0;0;0;0;0;0;1;0;0;0
14/03/2019;19:25:00;322;Acidente sem Vítima;417,647;BR-040/MG;Norte;Colisão frontal;2;0;0;0;0;0;0;0;0;0;2;0;0;0;0
14/03/2019;18:59:00;313;Acidente sem Vítima;7,34;BR-040/DF;Sul;Colisão traseira;1;0;0;1;0;0;0;0;0;0;2;0;0;0;0
14/03/2019;18:12:00;302;Atropelamento sem Morte;537,4;BR-040/MG;Sul;Atropelamento de pedestre atravessando;0;0;0;1;0;0;0;0;0;0;0;0;2;0;0
14/03/2019;16:37:00;272;Acidente com Vítima;95,001;BR-040/GO;Sul;Abalroamento transversal;1;0;0;1;0;0;0;0;0;0;2;1;0;0;0
14/03/2019;10:42:00;193;Acidente sem Vítima;530,5;BR-040/MG;Norte;Colisão traseira;3;0;0;0;0;0;0;0;0;0;3;0;0;0;0
14/03/2019;07:41:00;142;Acidente sem Vítima;605,8;BR-040/MG;Sul;Abalroamento transversal;1;0;0;0;0;1;0;0;0;0;2;0;0;0;0
14/03/2019;04:45:00;103;Acidente com Vítima;370,6;BR-040/MG;Sul;Choque com objeto fixo;1;0;0;0;0;0;0;0;0;0;0;1;0;0;0
13/03/2019;23:11:00;318;Acidente com Morte;522,01;BR-040/MG;Norte;Colisão traseira;1;0;0;1;0;0;0;0;0;0;1;0;0;0;1
13/03/2019;18:34:00;271;Acidente sem Vítima;5,5;BR-040/DF;Sul;Colisão traseira;2;0;0;0;0;0;0;0;0;0;2;0;0;0;0
13/03/2019;18:31:00;269;Acidente sem Vítima;517,6;BR-040/MG;Norte;Colisão traseira;1;0;0;1;0;0;0;0;0;0;3;0;0;0;0
13/03/2019;15:02:00;229;Acidente com Vítima;629,3;BR-040/MG;Norte;Choque em barreira New Jersey;1;0;0;0;0;0;0;0;0;0;0;0;0;0;0
13/03/2019;13:41:00;206;Acidente sem Vítima;758,2;BR-040/MG;Sul;Abalroamento longitudinal;0;0;2;0;0;0;0;0;0;0;2;0;0;0;0
13/03/2019;11:19:00;175;Acidente sem Vítima;549,1;BR-040/MG;Sul;Choque com objeto fixo;1;0;0;0;0;0;0;0;0;0;1;0;0;0;0
13/03/2019;11:08:00;174;Acidente com Vítima;542,6;BR-040/MG;Sul;Colisão traseira;0;0;1;1;0;0;0;0;0;0;1;0;0;1;0
13/03/2019;09:06:00;143;Acidente sem Vítima;532,8;BR-040/MG;Sul;Abalroamento longitudinal;1;0;0;1;0;0;0;0;0;0;2;0;0;0;0
13/03/2019;07:36:00;105;Acidente sem Vítima;13,316;BR-040/GO;Norte;Colisão traseira;1;0;0;1;0;0;0;0;0;0;2;0;0;0;0
13/03/2019;06:41:00;90;Acidente sem Vítima;63,298;BR-040/GO;Sul;Capotamento;1;0;1;0;0;0;0;0;0;0;2;0;0;0;0
12/03/2019;19:39:00;378;Acidente com Vítima;511,1;BR-040/MG;Norte;Abalroamento longitudinal;1;0;0;1;0;0;0;0;0;0;2;1;0;0;0
12/03/2019;18:20:00;346;Acidente sem Vítima;624,736;BR-040/MG;Norte;;1;0;0;0;0;0;0;0;0;0;2;0;0;0;0
12/03/2019;18:09:00;341;Acidente com Vítima;4,5;BR-040/GO;Sul;Colisão traseira;1;0;1;0;0;0;0;0;0;0;2;1;0;0;0
12/03/2019;18:08:00;340;Acidente com Vítima;509,1;BR-040/MG;Norte;Colisão traseira;3;0;0;1;0;0;0;0;0;0;8;1;0;0;0
12/03/2019;17:12:00;318;Acidente sem Vítima;585,3;BR-040/MG;Sul;Queda de Carga;0;0;1;0;0;0;0;0;0;0;1;0;0;0;0
12/03/2019;13:26:00;245;Acidente sem Vítima;456,7;BR-040/MG;Norte;;1;0;0;0;0;0;0;0;0;0;6;0;0;0;0
12/03/2019;10:58:00;208;Acidente sem Vítima;484,3;BR-040/MG;Norte;Capotamento;1;0;0;0;0;0;0;0;0;0;2;0;0;0;0
12/03/2019;08:10:00;154;Acidente sem Vítima;5,5;BR-040/GO;Sul;Colisão traseira;2;0;0;0;0;0;0;0;0;0;2;0;0;0;0
12/03/2019;07:59:00;147;Acidente com Vítima;535,26;BR-040/MG;Norte;Abalroamento longitudinal;1;0;0;1;0;0;0;0;0;0;1;1;0;0;0
12/03/2019;07:40:00;138;Acidente sem Vítima;524,46;BR-040/MG;Sul;Colisão traseira;3;0;0;0;0;0;0;0;0;0;3;0;0;0;0
12/03/2019;06:56:00;116;Acidente sem Vítima;506,75;BR-040/MG;Sul;Abalroamento longitudinal;1;0;0;0;0;0;0;0;0;0;1;0;0;0;0
12/03/2019;02:26:00;59;Acidente sem Vítima;515,5;BR-040/MG;Sul;Outros;1;0;0;0;0;0;0;0;0;0;1;0;0;0;0
12/03/2019;01:43:00;51;Acidente sem Vítima;180,05;BR-040/MG;Norte;Atropelamento de animal;1;0;0;0;0;0;0;0;0;0;2;0;0;0;0
11/03/2019;23:15:00;373;Acidente sem Vítima;8,05;BR-040/GO;Norte;Queda de Moto;0;0;0;0;0;0;0;0;0;0;0;1;0;0;0
11/03/2019;19:54:00;343;Acidente com Vítima;546,5;BR-040/MG;Norte;Abalroamento longitudinal;0;0;0;1;0;0;0;0;0;0;0;2;0;0;0
11/03/2019;16:36:00;297;Acidente sem Vítima;727,2;BR-040/MG;Sul;Choque em barreira New Jersey;1;0;0;0;0;0;0;0;0;0;1;0;0;0;0
11/03/2019;15:02:00;265;Acidente sem Vítima;697,3;BR-040/MG;Norte;Choque em defensa;1;0;0;0;0;0;0;0;0;0;1;0;0;0;0
11/03/2019;13:49:00;241;Acidente sem Vítima;732,1;BR-040/MG;Sul;;1;0;0;0;0;0;0;0;0;0;2;0;0;0;0
11/03/2019;09:27:00;171;Acidente com Vítima;97,8;BR-040/GO;Sul;Colisão traseira;2;0;0;0;0;0;0;0;0;0;2;1;0;0;0
11/03/2019;06:55:00;112;Acidente sem Vítima;515,5;BR-040/MG;Sul;Colisão traseira;2;0;0;0;0;0;0;0;0;0;3;0;0;0;0
11/03/2019;05:48:00;100;Acidente com Vítima;6,5;BR-040/DF;Norte;Colisão traseira;1;0;0;1;0;0;0;0;0;0;0;0;0;0;0
11/03/2019;04:50:00;97;Acidente com Vítima;585,8;BR-040/MG;Norte;Queda de Carga;0;0;1;0;0;0;0;0;0;0;0;1;0;0;0
10/03/2019;21:35:00;283;Acidente sem Vítima;639,1;BR-040/MG;Norte;Colisão traseira;2;0;0;0;0;0;0;0;0;0;2;0;0;0;0
10/03/2019;21:25:00;279;Acidente sem Vítima;7,5;BR-040/GO;Sul;Colisão traseira;3;0;0;0;0;0;0;0;0;0;3;0;0;0;0
10/03/2019;21:20:00;277;Acidente com Vítima;155,007;BR-040/GO;Norte;Colisão traseira;2;0;1;0;0;0;0;0;0;0;3;1;0;0;0
10/03/2019;20:56:00;271;Acidente sem Vítima;639,1;BR-040/MG;Sul;Colisão frontal;2;0;0;0;0;0;0;0;0;0;2;0;0;0;0
10/03/2019;18:55:00;230;Acidente sem Vítima;717,12;BR-040/MG;Norte;;1;0;0;0;0;0;0;0;0;0;2;0;0;0;0