data;horario;n_da_ocorrencia;tipo_de_ocorrencia;km;trecho;sentido;tipo_de_acidente;automovel;bicicleta;caminhao;moto;onibus;outros;tracao_animal;transporte_de_cargas_especiais;trator_maquinas;utilitarios;ilesos;levemente_feridos;moderadamente_feridos;gravemente_feridos;mortos
24/02/2019;01:15:00;3;Acidente sem Vítima;204,9;BR-040/MG;Sul;Queda de Carga;0;0;1;0;0;0;0;0;0;0;1;0;0;0;0
23/02/2019;23:47:00;356;Acidente sem Vítima;535,12;BR-040/MG;Norte;Colisão traseira;2;0;0;0;0;0;0;0;0;0;1;0;0;0;0
23/02/2019;23:16:00;350;Acidente com Vítima;25,1;BR-040/GO;Norte;Choque em barreira New Jersey;1;0;0;0;0;0;0;0;0;0;0;1;0;0;0
23/02/2019;17:08:00;267;Acidente sem Vítima;7,9;BR-040/GO;Sul;Colisão traseira;1;0;0;0;0;0;0;0;0;1;13;0;0;0;0
23/02/2019;14:50:00;228;Acidente com Vítima;575,056;BR-040/MG;Norte;Abalroamento longitudinal;0;0;0;1;0;1;0;0;0;0;2;0;0;0;0
23/02/2019;14:30:00;218;Acidente com Morte;764,56;BR-040/MG;Norte;Colisão frontal;2;0;0;0;0;0;0;0;0;0;0;1;1;0;1
23/02/2019;12:46:00;190;Acidente sem Vítima;617,5;BR-040/MG;Sul;Colisão traseira;2;0;0;0;0;0;0;0;0;0;2;0;0;0;0
23/02/2019;11:55:00;177;Acidente com Vítima;59,001;BR-040/GO;Norte;Colisão frontal;2;0;0;0;0;0;0;0;0;0;1;0;1;2;0
23/02/2019;11:09:00;165;Acidente com Vítima;592,1;BR-040/MG;Norte;Colisão traseira;1;0;0;1;0;0;0;0;0;0;1;1;0;0;0
22/02/2019;23:34:00;354;Acidente sem Vítima;422,9;BR-040/MG;Norte;Colisão traseira;2;0;0;0;0;0;0;0;0;0;8;0;0;0;0
22/02/2019;23:08:00;347;Acidente sem Vítima;699,448;BR-040/MG;Norte;Choque com objeto fixo;1;0;0;0;0;0;0;0;0;0;1;0;0;0;0
22/02/2019;21:11:00;326;Acidente sem Vítima;108,6;BR-040/GO;Norte;Colisão traseira;1;0;1;0;0;0;0;0;0;0;2;0;0;0;0
22/02/2019;20:51:00;323;Acidente sem Vítima;541,8;BR-040/MG;Sul;Colisão traseira;2;0;0;0;0;0;0;0;0;0;2;0;0;0;0
22/02/2019;20:35:00;319;Acidente sem Vítima;6,6;BR-040/GO;Sul;Colisão traseira;0;0;0;0;0;2;0;0;0;1;3;0;0;0;0
22/02/2019;18:57:00;287;Atropelamento sem Morte;525,5;BR-040/MG;Norte;Atropelamento de ciclista;1;1;0;0;0;0;0;0;0;0;1;0;0;1;0
22/02/2019;18:38:00;280;Acidente com Vítima;543,5;BR-040/MG;Sul;Colisão traseira;1;0;0;1;0;0;0;0;0;0;1;0;0;0;0
22/02/2019;18:03:00;275;Acidente com Vítima;534,5;BR-040/MG;Norte;Queda de Moto;0;0;0;1;0;0;0;0;0;0;0;0;0;1;0
22/02/2019;17:50:00;269;Acidente com Vítima;534,6;BR-040/MG;Norte;Abalroamento longitudinal;2;0;0;0;0;0;0;0;0;0;1;0;0;0;0
22/02/2019;13:11:00;196;Acidente sem Vítima;2,3;BR-040/GO;Sul;Colisão traseira;1;0;0;2;0;0;0;0;0;0;3;0;0;0;0
22/02/2019;10:03:00;159;Acidente com Vítima;42,035;BR-040/MG;Norte;Abalroamento transversal;0;0;0;2;0;0;0;0;0;0;2;0;1;0;0
22/02/2019;09:52:00;155;Acidente com Vítima;661,1;BR-040/MG;Sul;Queda de Carga;0;0;1;0;0;0;0;0;0;0;0;1;0;0;0
22/02/2019;07:54:00;120;Acidente sem Vítima;513,656;BR-040/MG;Norte;Colisão traseira;1;0;1;0;0;0;0;0;0;0;2;0;0;0;0
22/02/2019;06:41:00;93;Acidente sem Vítima;516,3;BR-040/MG;Sul;Colisão traseira;1;0;0;0;0;0;0;0;0;1;2;0;0;0;0
21/02/2019;19:30:00;326;Acidente sem Vítima;623,4;BR-040/MG;Sul;Queda de Carga;1;0;1;0;0;0;0;0;0;0;2;0;0;0;0
21/02/2019;19:27:00;324;Acidente sem Vítima;190,5;BR-040/MG;Sul;Outros;0;0;1;0;0;1;0;0;0;0;2;0;0;0;0
21/02/2019;17:59:00;303;Atropelamento sem Morte;1,1;BR-040/GO;Sul;Atropelamento de pedestre atravessando;0;0;0;1;0;0;0;0;0;0;1;1;0;0;0
21/02/2019;16:57:00;286;Acidente sem Vítima;172,218;BR-040/MG;Sul;Choque com objeto fixo;0;0;1;0;0;0;0;0;0;0;1;0;0;0;0
21/02/2019;13:15:00;222;Acidente com Vítima;763,1;BR-040/MG;Norte;Abalroamento longitudinal;1;0;1;0;0;0;0;0;0;0;1;1;0;0;0
21/02/2019;10:44:00;191;Acidente sem Vítima;506,025;BR-040/MG;Norte;Choque em defensa;1;0;0;0;0;0;0;0;0;0;1;0;0;0;0
21/02/2019;09:56:00;175;Acidente com Vítima;558,5;BR-040/MG;Sul;Choque em defensa;1;0;0;0;0;0;0;0;0;0;0;0;1;0;0
21/02/2019;08:30:00;155;Acidente com Vítima;588,1;BR-040/MG;Norte;Queda de Carga;2;0;1;0;0;0;0;0;0;0;3;3;0;0;0
21/02/2019;08:15:00;146;Acidente sem Vítima;461,365;BR-040/MG;Norte;Colisão traseira;2;0;0;0;0;0;0;0;0;0;2;0;0;0;0
21/02/2019;08:13:00;144;Acidente sem Vítima;455,122;BR-040/MG;Norte;Outros;2;0;0;0;0;0;0;0;0;0;2;0;0;0;0
21/02/2019;07:52:00;139;Acidente com Vítima;489,3;BR-040/MG;Norte;Choque com objeto fixo;1;0;0;0;0;0;0;0;0;0;0;0;0;1;0
21/02/2019;07:49:00;137;Acidente sem Vítima;585,1;BR-040/MG;Norte;Queda de Carga;1;0;0;0;0;0;0;0;0;0;1;0;0;0;0
21/02/2019;06:29:00;103;Acidente com Vítima;187,225;BR-040/MG;Sul;Abalroamento longitudinal;0;0;2;0;0;1;0;0;0;0;3;1;0;0;0
21/02/2019;03:14:00;67;Acidente sem Vítima;216,6;BR-040/MG;Sul;Choque com objeto fixo;0;0;0;0;0;0;0;0;0;1;1;0;0;0;0
20/02/2019;23:27:00;387;Acidente com Vítima;2,5;BR-040/MG;Sul;Capotamento;1;0;0;0;0;0;0;0;0;0;1;3;0;0;0
20/02/2019;22:24:00;374;Acidente sem Vítima;728,005;BR-040/MG;Sul;Capotamento;1;0;0;0;0;0;0;0;0;0;1;0;0;0;0
20/02/2019;21:26:00;358;Acidente sem Vítima;697,3;BR-040/MG;Sul;Choque com objeto fixo;1;0;0;0;0;0;0;0;0;0;1;0;0;0;0
20/02/2019;20:36:00;346;Acidente com Vítima;538,12;BR-040/MG;Sul;Colisão traseira;1;0;0;1;0;0;0;0;0;0;1;0;1;0;0
20/02/2019;19:13:00;323;Acidente com Vítima;514,5;BR-040/MG;Sul;Queda de Moto;0;0;0;1;0;0;0;0;0;0;0;2;0;0;0
20/02/2019;18:23:00;316;Acidente sem Vítima;496,12;BR-040/MG;Norte;Choque com objeto fixo;1;0;0;0;0;0;0;0;0;0;2;0;0;0;0
20/02/2019;17:49:00;309;Acidente sem Vítima;586,001;BR-040/MG;Sul;Choque com objeto fixo;1;0;0;0;0;0;0;0;0;0;2;0;0;0;0
20/02/2019;16:47:00;293;Acidente sem Vítima;1,1;BR-040/GO;Sul;Choque com objeto fixo;0;0;0;1;0;0;0;0;0;0;1;0;0;0;0
20/02/2019;15:46:00;281;Acidente sem Vítima;504,3;BR-040/MG;Norte;Queda de Moto;1;0;0;0;0;0;0;0;0;0;2;0;0;0;0
20/02/2019;09:37:00;181;Acidente com Vítima;534,65;BR-040/MG;Sul;Abalroamento longitudinal;1;0;1;1;0;0;0;0;0;0;2;2;0;0;0
20/02/2019;09:02:00;171;Acidente sem Vítima;544,354;BR-040/MG;Norte;Colisão traseira;2;0;0;1;0;0;0;0;0;0;4;0;0;0;0
20/02/2019;08:58:00;169;Acidente com Vítima;532,8;BR-040/MG;Sul;Queda de Moto;0;0;0;1;0;0;0;0;0;0;0;0;1;0;0
20/02/2019;08:52:00;168;Acidente sem Vítima;43,1;BR-040/MG;Norte;Abalroamento transversal;1;0;1;0;0;0;0;0;0;0;2;0;0;0;0
20/02/2019;08:36:00;163;Atropelamento sem Morte;11,001;BR-040/GO;Sul;Atropelamento de ciclista;0;0;0;0;0;0;0;0;0;0;0;0;1;0;0
20/02/2019;08:29:00;161;Acidente sem Vítima;532,8;BR-040/MG;Sul;Colisão traseira;1;0;1;0;0;0;0;0;0;0;2;0;0;0;0
20/02/2019;07:18:00;126;Acidente com Vítima;750,1;BR-040/MG;Sul;Capotamento;1;0;0;0;0;0;0;0;0;0;0;0;1;0;0
20/02/2019;06:40:00;109;Acidente com Vítima;6,49;BR-040/GO;Sul;Queda de Moto;0;0;0;1;1;0;0;0;0;0;10;2;0;0;0
20/02/2019;06:20:00;97;Acidente sem Vítima;436,4;BR-040/MG;Sul;Queda de Carga;0;0;1;0;0;0;0;0;0;0;1;0;0;0;0
19/02/2019;22:38:00;351;Acidente sem Vítima;551,25;BR-040/MG;Norte;Colisão traseira;1;0;0;1;0;0;0;0;0;0;2;0;0;0;0
19/02/2019;22:16:00;348;Acidente sem Vítima;4,2;BR-040/GO;Norte;Choque com objeto fixo;1;0;0;0;0;0;0;0;0;0;1;0;0;0;0
19/02/2019;20:58:00;336;Acidente com Vítima;522,012;BR-040/MG;Norte;Queda de Moto;1;0;0;1;0;0;0;0;0;0;0;1;0;0;0
19/02/2019;19:02:00;318;Atropelamento sem Morte;675,2;BR-040/MG;Sul;Atropelamento de pedestre caminhando;1;0;0;1;0;0;0;0;0;0;1;0;1;0;0
19/02/2019;18:18:00;312;Acidente sem Vítima;735,5;BR-040/MG;Sul;Choque com objeto fixo;1;0;0;0;0;0;0;0;0;0;1;0;0;0;0
19/02/2019;18:09:00;311;Acidente com Vítima;2,6;BR-040/GO;Sul;Colisão traseira;1;0;0;1;0;0;0;0;0;0;1;0;1;0;0
19/02/2019;15:24:00;266;Acidente com Vítima;142,3;BR-040/GO;Norte;Capotamento;1;0;0;0;0;0;0;0;0;0;0;1;0;0;0
19/02/2019;14:40:00;251;Acidente sem Vítima;41,001;BR-040/GO;Norte;Choque com objeto fixo;0;0;1;0;0;0;0;0;0;0;1;0;0;0;0
19/02/2019;12:20:00;212;Acidente com Vítima;543,45;BR-040/MG;Sul;Choque em barreira New Jersey;0;0;0;1;0;0;0;0;0;0;0;0;0;1;0
19/02/2019;11:53:00;206;Acidente com Vítima;32,8;BR-040/MG;Norte;Colisão traseira;1;0;0;1;0;0;0;0;0;0;1;1;0;0;0
19/02/2019;11:30:00;198;Acidente sem Vítima;176,5;BR-040/MG;Norte;Colisão traseira;3;0;0;0;0;0;0;0;0;0;3;0;0;0;0
19/02/2019;08:54:00;159;Acidente sem Vítima;539,4;BR-040/MG;Norte;Colisão traseira;2;0;0;0;0;0;0;0;0;0;2;0;0;0;0
19/02/2019;08:39:00;152;Acidente sem Vítima;605,4;BR-040/MG;Sul;Choque com objeto fixo;0;0;1;0;0;0;0;0;0;0;1;0;0;0;0
19/02/2019;08:30:00;149;Acidente sem Vítima;603,001;BR-040/MG;Norte;Colisão traseira;1;0;0;0;0;0;0;0;0;0;0;0;0;0;0
19/02/2019;06:08:00;84;Acidente sem Vítima;525,65;BR-040/MG;Sul;Colisão traseira;0;0;0;1;0;0;0;0;0;0;1;0;0;0;0
19/02/2019;05:49:00;81;Acidente com Vítima;47,5;BR-040/GO;Norte;Colisão frontal;1;0;1;0;0;0;0;0;0;0;1;1;1;2;0
19/02/2019;05:30:00;80;Acidente sem Vítima;39,9;BR-040/GO;Norte;Atropelamento de animal;1;0;0;0;0;0;0;0;0;0;1;0;0;0;0
18/02/2019;22:48:00;343;Acidente sem Vítima;728,8;BR-040/MG;Sul;Choque com objeto fixo;1;0;0;0;0;0;0;0;0;0;1;0;0;0;0
18/02/2019;20:59:00;322;Acidente com Vítima;5,5;BR-040/GO;Sul;Queda de Moto;0;0;0;1;0;0;0;0;0;0;0;1;0;0;0
18/02/2019;20:14:00;316;Acidente com Vítima;541,1;BR-040/MG;Sul;Abalroamento longitudinal;2;0;0;0;0;0;0;0;0;0;3;1;0;0;0
18/02/2019;20:05:00;315;Acidente sem Vítima;546,6;BR-040/MG;Sul;Choque em barreira New Jersey;1;0;0;0;0;0;0;0;0;0;1;0;0;0;0
18/02/2019;18:56:00;289;Acidente sem Vítima;536,1;BR-040/MG;Norte;Outros;1;0;1;0;0;0;0;0;0;0;2;0;0;0;0
18/02/2019;18:32:00;284;Acidente com Vítima;564,1;BR-040/MG;Norte;Choque com objeto fixo;0;0;1;0;0;0;0;0;0;0;0;0;1;0;0
18/02/2019;18:09:00;278;Acidente sem Vítima;551,69;BR-040/MG;Norte;Choque com objeto fixo;0;0;1;0;0;0;0;0;0;0;1;0;0;0;0
18/02/2019;17:15:00;263;Acidente com Vítima;19,4;BR-040/GO;Sul;Colisão traseira;1;0;0;1;0;0;0;0;0;0;1;1;0;0;0
18/02/2019;15:12:00;231;Acidente sem Vítima;735,1;BR-040/MG;Sul;Colisão traseira;1;0;1;0;0;0;0;0;0;0;2;0;0;0;0
18/02/2019;14:44:00;226;Acidente com Vítima;566,35;BR-040/MG;Norte;Capotamento;1;0;0;0;0;0;0;0;0;0;2;2;1;0;0
18/02/2019;14:17:00;218;Acidente sem Vítima;558,656;BR-040/MG;Sul;Choque em defensa;1;0;0;0;0;0;0;0;0;0;1;0;0;0;0
18/02/2019;13:04:00;198;Acidente com Vítima;446,255;BR-040/MG;Norte;Choque em defensa;0;0;1;0;0;0;0;0;0;0;0;0;1;0;0
18/02/2019;06:26:00;88;Acidente com Morte;740,9;BR-040/MG;Norte;Queda de Carga;0;0;1;0;0;0;0;0;0;0;0;0;0;0;1
17/02/2019;21:41:00;206;Acidente sem Vítima;500,73;BR-040/MG;Norte;Choque com objeto fixo;0;0;1;0;0;0;0;0;0;0;1;0;0;0;0
17/02/2019;20:47:00;197;Acidente com Vítima;464,9;BR-040/MG;Norte;Colisão traseira;1;0;1;0;0;0;0;0;0;0;3;2;0;1;0
17/02/2019;19:25:00;179;Acidente sem Vítima;635,3;BR-040/MG;Sul;Choque com objeto fixo;1;0;0;0;0;0;0;0;0;0;1;0;0;0;0
17/02/2019;19:20:00;175;Acidente sem Vítima;466,7;BR-040/MG;Sul;Colisão traseira;1;0;0;0;0;0;0;0;0;0;4;0;0;0;0
17/02/2019;19:12:00;171;Acidente sem Vítima;607,5;BR-040/MG;Norte;Choque com objeto fixo;0;0;1;0;0;0;0;0;0;0;1;0;0;0;0
17/02/2019;18:47:00;166;Acidente sem Vítima;510,8;BR-040/MG;Norte;Capotamento;1;0;0;0;0;0;0;0;0;0;1;0;0;0;0
17/02/2019;18:27:00;161;Acidente com Vítima;2,7;BR-040/GO;Norte;Abalroamento longitudinal;1;0;0;1;0;0;0;0;0;0;2;1;0;0;0
17/02/2019;15:45:00;131;Acidente sem Vítima;736,1;BR-040/MG;Sul;Capotamento;1;0;0;0;0;0;0;0;0;0;1;0;0;0;0
17/02/2019;15:38:00;129;Atropelamento sem Morte;508,196;BR-040/MG;Norte;Atropelamento de ciclista;1;0;0;0;0;1;0;0;0;0;1;0;1;0;0
17/02/2019;15:33:00;128;Acidente sem Vítima;656,1;BR-040/MG;Norte;Choque em barreira New Jersey;1;0;0;0;0;0;0;0;0;0;1;0;0;0;0
17/02/2019;15:02:00;123;Acidente com Morte;749,04;BR-040/MG;Sul;Abalroamento transversal;2;0;0;0;0;0;0;0;0;0;0;0;1;1;1
17/02/2019;14:29:00;113;Acidente sem Vítima;696,1;BR-040/MG;Sul;Abalroamento longitudinal;2;0;0;0;0;0;0;0;0;0;2;0;0;0;0
17/02/2019;10:14:00;66;Acidente com Vítima;530,663;BR-040/MG;Sul;Abalroamento longitudinal;1;0;0;1;0;0;0;0;0;0;1;1;0;0;0
17/02/2019;07:50:00;51;Acidente com Vítima;125,136;BR-040/MG;Norte;Outros;0;2;0;0;0;0;0;0;0;0;2;2;0;0;0
17/02/2019;05:38:00;35;Acidente sem Vítima;4,5;BR-040/GO;Norte;Choque com objeto fixo;1;0;0;0;0;0;0;0;0;0;1;0;0;0;0
17/02/2019;05:17:00;34;Acidente sem Vítima;57,3;BR-040/GO;Norte;Queda de Carga;0;0;1;0;0;0;0;0;0;0;1;0;0;0;0
17/02/2019;03:45:00;25;Acidente sem Vítima;3,3;BR-040/DF;Sul;Colisão traseira;1;0;0;0;0;0;0;0;0;0;1;0;0;0;0
17/02/2019;02:11:00;16;Acidente sem Vítima;57,2;BR-040/MG;Sul;Outros;0;0;1;0;0;0;0;0;0;0;1;0;0;0;0
17/02/2019;00:06:00;1;Acidente sem Vítima;552,2;BR-040/MG;Sul;Colisão traseira;2;0;0;0;0;0;0;0;0;0;1;0;0;0;0
16/02/2019;23:22:00;327;Acidente sem Vítima;25,05;BR-040/GO;Norte;Atropelamento de animal;1;0;0;0;0;0;0;0;0;0;1;0;0;0;0
16/02/2019;23:14:00;326;Acidente com Morte;344,8;BR-040/MG;Sul;Choque com objeto fixo;1;0;0;0;0;0;0;0;0;0;0;1;2;0;1
16/02/2019;23:12:00;325;Acidente sem Vítima;416,6;BR-040/MG;Sul;Choque com objeto fixo;1;0;0;0;0;0;0;0;0;0;1;0;0;0;0
16/02/2019;22:46:00;320;Acidente sem Vítima;751,8;BR-040/MG;Sul;Capotamento;0;0;0;0;1;0;0;0;0;0;16;0;0;0;0
16/02/2019;22:38:00;318;Acidente com Vítima;4,8;BR-040/GO;Sul;Colisão traseira;2;0;0;0;0;0;0;0;0;0;1;1;0;0;0
16/02/2019;22:04:00;313;Acidente com Vítima;1,5;BR-040/GO;Norte;Colisão traseira;2;0;1;0;0;0;0;0;0;0;2;3;0;0;0
16/02/2019;21:19:00;300;Acidente sem Vítima;3,05;BR-040/GO;Norte;Colisão traseira;1;0;0;0;0;0;0;0;0;0;1;0;0;0;0
16/02/2019;21:17:00;298;Acidente sem Vítima;523,15;BR-040/MG;Sul;Choque com objeto fixo;1;0;0;0;0;0;0;0;0;0;1;0;0;0;0
16/02/2019;19:57:00;287;Acidente sem Vítima;738,25;BR-040/MG;Norte;Choque com objeto fixo;1;0;0;0;0;0;0;0;0;0;3;0;0;0;0
16/02/2019;19:09:00;275;Acidente com Vítima;40,5;BR-040/GO;Norte;Capotamento;1;0;0;0;0;0;0;0;0;0;0;0;1;0;0
16/02/2019;18:46:00;269;Acidente sem Vítima;504,12;BR-040/MG;Sul;Choque com objeto fixo;1;0;0;0;0;0;0;0;0;0;2;0;0;0;0
16/02/2019;18:46:00;270;Acidente sem Vítima;103,9;BR-040/GO;Sul;Choque com objeto fixo;1;0;0;0;0;0;0;0;0;0;1;0;0;0;0
16/02/2019;18:45:00;268;Acidente sem Vítima;417,5;BR-040/MG;Sul;Choque com objeto fixo;1;0;0;0;0;0;0;0;0;0;1;0;0;0;0
16/02/2019;18:31:00;264;Acidente sem Vítima;547,01;BR-040/MG;Norte;Colisão frontal;2;0;0;0;0;0;0;0;0;0;3;0;0;0;0
16/02/2019;18:26:00;260;Acidente com Vítima;512,5;BR-040/MG;Sul;Choque em defensa;1;0;0;0;0;0;0;0;0;0;1;1;0;0;0
16/02/2019;18:03:00;254;Acidente com Vítima;503,125;BR-040/MG;Sul;Capotamento;1;0;0;0;0;0;0;0;0;0;2;1;0;0;0
16/02/2019;17:55:00;252;Acidente sem Vítima;528,65;BR-040/MG;Sul;Abalroamento longitudinal;2;0;0;0;0;0;0;0;0;0;1;0;0;0;0
16/02/2019;17:24:00;246;Acidente com Vítima;1,27;BR-040/GO;Sul;Colisão traseira;3;0;0;0;0;0;0;0;0;0;4;1;0;0;0
16/02/2019;16:55:00;237;Acidente com Vítima;487,3;BR-040/MG;Sul;Colisão traseira;1;0;1;0;0;0;0;0;0;0;4;2;0;0;0
16/02/2019;16:48:00;234;Acidente sem Vítima;633,2;BR-040/MG;Norte;Capotamento;1;0;0;0;0;0;0;0;0;0;2;0;0;0;0
16/02/2019;16:36:00;229;Acidente sem Vítima;734,8;BR-040/MG;Norte;Choque com objeto na pista;1;0;0;0;0;0;0;0;0;0;1;0;0;0;0
16/02/2019;14:32:00;207;Acidente com Vítima;30,02;BR-040/GO;Norte;Capotamento;1;0;0;0;0;0;0;0;0;0;0;1;0;2;0
16/02/2019;14:28:00;205;Acidente sem Vítima;656,3;BR-040/MG;Norte;Choque com objeto fixo;1;0;0;0;0;0;0;0;0;0;3;0;0;0;0
16/02/2019;14:13:00;202;Acidente sem Vítima;0,05;BR-040/DF;Sul;Queda de Carga;0;0;1;0;0;0;0;0;0;0;1;0;0;0;0
16/02/2019;13:06:00;183;Acidente com Vítima;468,7;BR-040/MG;Norte;Colisão traseira;2;0;0;0;0;0;0;0;0;0;5;1;0;0;0
16/02/2019;11:00:00;149;Acidente sem Vítima;469,45;BR-040/MG;Sul;Capotamento;1;0;0;0;0;0;0;0;0;0;2;0;0;0;0
16/02/2019;10:41:00;143;Acidente sem Vítima;557,6;BR-040/MG;Sul;Choque em defensa;1;0;0;0;0;0;0;0;0;0;1;0;0;0;0
16/02/2019;09:32:00;120;Acidente sem Vítima;695,1;BR-040/MG;Sul;Capotamento;0;0;0;1;0;0;0;0;0;0;3;0;0;0;0
16/02/2019;07:47:00;81;Acidente sem Vítima;512,6;BR-040/MG;Norte;Choque com objeto fixo;1;0;0;0;0;0;0;0;0;0;1;0;0;0;0
16/02/2019;06:04:00;44;Acidente com Vítima;506,35;BR-040/MG;Sul;Capotamento;1;0;0;0;0;0;0;0;0;0;0;1;0;0;0
16/02/2019;04:31:00;35;Acidente sem Vítima;749,5;BR-040/MG;Sul;Queda de Carga;1;0;0;0;0;0;0;0;0;0;1;0;0;0;0
16/02/2019;03:03:00;22;Acidente com Vítima;2,05;BR-040/GO;Norte;Abalroamento transversal;1;0;0;1;0;0;0;0;0;0;1;1;1;0;0
15/02/2019;23:52:00;413;Acidente sem Vítima;610,15;BR-040/MG;Sul;Abalroamento longitudinal;1;0;0;1;0;0;0;0;0;0;3;0;0;0;0
15/02/2019;22:19:00;404;Acidente com Vítima;527,008;BR-040/MG;Sul;Colisão traseira;2;0;1;0;0;0;0;0;0;0;2;2;0;0;0
15/02/2019;18:34:00;336;Acidente sem Vítima;615,2;BR-040/MG;Sul;Colisão traseira;2;0;0;0;0;0;0;0;0;0;4;0;0;0;0
15/02/2019;17:21:00;321;Acidente com Vítima;8,9;BR-040/GO;Sul;Abalroamento longitudinal;1;0;0;1;0;0;0;0;0;0;1;0;1;0;0
15/02/2019;14:14:00;263;Acidente sem Vítima;505,65;BR-040/MG;Sul;Choque em defensa;1;0;0;0;0;0;0;0;0;0;2;0;0;0;0
15/02/2019;13:17:00;236;Acidente sem Vítima;470,15;BR-040/MG;Sul;Choque com objeto fixo;1;0;0;0;0;0;0;0;0;0;1;0;0;0;0
15/02/2019;12:20:00;219;Acidente sem Vítima;543,141;BR-040/MG;Sul;Choque em barreira New Jersey;1;0;0;0;0;1;0;0;0;0;2;0;0;0;0
15/02/2019;11:49:00;214;Acidente com Vítima;55,5;BR-040/MG;Norte;Capotamento;1;0;0;0;0;0;0;0;0;0;2;1;0;0;0
15/02/2019;11:35:00;211;Acidente sem Vítima;331,8;BR-040/MG;Norte;Queda de Carga;0;0;1;0;0;0;0;0;0;0;1;0;0;0;0
15/02/2019;11:18:00;207;Acidente com Vítima;526,6;BR-040/MG;Norte;Colisão traseira;4;0;0;0;0;0;0;0;0;0;4;1;0;0;0
15/02/2019;09:04:00;164;Acidente sem Vítima;517,35;BR-040/MG;Sul;Queda de Carga;1;0;0;0;0;0;0;0;0;0;1;0;0;0;0
15/02/2019;08:23:00;144;Acidente sem Vítima;273,2;BR-040/MG;Norte;Atropelamento de animal;1;0;0;0;0;0;0;0;0;0;1;0;0;0;0
15/02/2019;08:02:00;132;Acidente sem Vítima;543,45;BR-040/MG;Sul;Queda de Moto;0;0;0;1;0;0;0;0;0;0;1;0;0;0;0
15/02/2019;06:53:00;105;Acidente com Vítima;11,9;BR-040/GO;Norte;Colisão traseira;2;0;0;0;0;0;0;0;0;0;1;3;0;0;0
15/02/2019;05:14:00;83;Acidente sem Vítima;494,3;BR-040/MG;Norte;;1;0;0;0;0;0;0;0;0;0;4;0;0;0;0
15/02/2019;04:48:00;80;Acidente com Vítima;524,85;BR-040/MG;Norte;Colisão traseira;1;0;0;1;0;0;0;0;0;0;1;1;0;0;0
15/02/2019;00:19:00;31;Acidente sem Vítima;253,15;BR-040/MG;Sul;Choque com objeto fixo;0;0;1;0;0;0;0;0;0;0;1;0;0;0;0
14/02/2019;23:06:00;331;Acidente sem Vítima;589,001;BR-040/MG;Norte;Abalroamento longitudinal;1;0;0;0;0;1;0;0;0;0;4;0;0;0;0
14/02/2019;16:31:00;248;Acidente sem Vítima;2,5;BR-040/GO;Sul;Choque com objeto fixo;1;0;0;0;0;0;0;0;0;0;1;0;0;0;0
14/02/2019;15:09:00;234;Acidente sem Vítima;534,6;BR-040/MG;Norte;Colisão traseira;1;0;0;0;0;0;0;0;0;0;1;0;0;0;0
14/02/2019;14:51:00;229;Acidente com Vítima;41,1;BR-040/GO;Sul;Capotamento;1;0;0;0;0;0;0;0;0;0;3;1;0;0;0
14/02/2019;14:08:00;223;Acidente com Vítima;632,35;BR-040/MG;Sul;Abalroamento transversal;1;0;1;0;0;0;0;0;0;0;1;0;0;0;0
14/02/2019;09:04:00;166;Acidente com Vítima;1,6;BR-040/DF;Norte;Colisão traseira;0;0;0;2;0;0;0;0;0;0;1;1;0;0;0
14/02/2019;06:40:00;112;Acidente sem Vítima;93,2;BR-040/GO;Norte;Abalroamento transversal;0;0;1;0;0;0;0;0;0;1;2;0;0;0;0
14/02/2019;03:16:00;57;Acidente sem Vítima;447,8;BR-040/MG;Norte;Choque em defensa;1;0;0;0;0;0;0;0;0;0;2;0;0;0;0
14/02/2019;01:02:00;30;Acidente sem Vítima;280,6;BR-040/MG;Sul;Queda de Carga;0;0;1;0;0;0;0;0;0;0;1;0;0;0;0
13/02/2019;19:44:00;299;Acidente com Vítima;519,3;BR-040/MG;Norte;Queda de Moto;0;0;0;1;0;0;0;0;0;0;0;0;2;0;0
13/02/2019;19:13:00;292;Acidente sem Vítima;519,3;BR-040/MG;Norte;Outros;0;0;1;0;0;0;0;0;0;0;1;0;0;0;0
13/02/2019;19:10:00;291;Acidente sem Vítima;589,3;BR-040/MG;Norte;Choque com objeto fixo;0;0;1;0;0;0;0;0;0;0;1;0;0;0;0
13/02/2019;19:06:00;287;Acidente com Vítima;610,6;BR-040/MG;Sul;Colisão frontal;2;0;0;0;0;0;0;0;0;0;1;0;3;0;0
13/02/2019;18:34:00;271;Acidente sem Vítima;557,544;BR-040/MG;Sul;Choque em defensa;1;0;0;0;0;0;0;0;0;0;1;0;0;0;0
13/02/2019;15:07:00;230;Acidente sem Vítima;580,1;BR-040/MG;Sul;Choque em barreira New Jersey;1;0;0;0;0;0;0;0;0;0;1;0;0;0;0
13/02/2019;13:33:00;202;Acidente sem Vítima;600,35;BR-040/MG;Norte;Colisão traseira;1;0;0;0;0;1;0;0;0;0;2;0;0;0;0
13/02/2019;13:05:00;190;Acidente sem Vítima;548,216;BR-040/MG;Norte;Queda de Moto;0;0;0;1;0;0;0;0;0;0;2;0;0;0;0
13/02/2019;09:00:00;121;Acidente sem Vítima;461,394;BR-040/MG;Norte;Colisão traseira;1;0;0;1;0;0;0;0;0;0;2;0;0;0;0