data;horario;n_da_ocorrencia;tipo_de_ocorrencia;km;trecho;sentido;tipo_de_acidente;automovel;bicicleta;caminhao;moto;onibus;outros;tracao_animal;transporte_de_cargas_especiais;trator_maquinas;utilitarios;ilesos;levemente_feridos;moderadamente_feridos;gravemente_feridos;mortos
03/05/2019;06:15:00;93;Acidente com Vítima;514,1;BR-040/MG;Sul;Abalroamento longitudinal;1;0;1;0;0;0;0;0;0;0;1;1;0;0;0
03/05/2019;05:04:00;63;Acidente sem Vítima;8,2;BR-040/GO;Norte;Choque com objeto fixo;1;0;0;0;0;0;0;0;0;0;1;0;0;0;0
03/05/2019;03:38:00;50;Acidente sem Vítima;685,1;BR-040/MG;Norte;Abalroamento longitudinal;0;0;2;0;0;0;0;0;0;0;2;0;0;0;0
03/05/2019;00:04:00;1;Acidente sem Vítima;509,6;BR-040/MG;Sul;Colisão traseira;1;0;1;0;0;0;0;0;0;0;2;0;0;0;0
02/05/2019;22:58:00;434;Acidente com Vítima;539,12;BR-040/MG;Norte;Choque em barreira New Jersey;4;0;1;0;0;0;0;0;0;0;4;0;0;0;0
02/05/2019;19:45:00;400;Acidente sem Vítima;13,1;BR-040/GO;Norte;Abalroamento transversal;2;0;0;0;0;0;0;0;0;0;3;0;0;0;0
02/05/2019;19:30:00;389;Acidente sem Vítima;613,524;BR-040/MG;Sul;Abalroamento longitudinal;0;0;2;0;0;0;0;0;0;0;2;0;0;0;0
02/05/2019;18:48:00;377;Acidente sem Vítima;526,12;BR-040/MG;Sul;Abalroamento longitudinal;1;0;1;0;0;0;0;0;0;0;2;0;0;0;0
02/05/2019;17:18:00;347;Acidente sem Vítima;462,152;BR-040/MG;Sul;Choque com objeto fixo;1;0;0;0;0;0;0;0;0;0;1;0;0;0;0
02/05/2019;16:51:00;336;Acidente sem Vítima;111,05;BR-040/MG;Sul;Outros;1;0;0;0;0;0;0;0;0;0;1;0;0;0;0
02/05/2019;16:44:00;333;Acidente com Vítima;542,3;BR-040/MG;Norte;Queda de Moto;0;0;0;1;0;0;0;0;0;0;0;1;0;0;0
02/05/2019;16:22:00;326;Acidente sem Vítima;487,3;BR-040/MG;Sul;Colisão traseira;2;0;0;0;0;0;0;0;0;0;2;0;0;0;0
02/05/2019;15:14:00;293;Acidente sem Vítima;565,4;BR-040/MG;Sul;Colisão traseira;2;0;0;0;0;0;0;0;0;0;2;0;0;0;0
02/05/2019;14:48:00;283;Acidente com Vítima;631,1;BR-040/MG;Sul;Abalroamento transversal;1;0;0;1;0;0;0;0;0;0;2;1;0;0;0
02/05/2019;14:29:00;275;Acidente sem Vítima;656,35;BR-040/MG;Sul;Capotamento;1;0;0;0;0;0;0;0;0;0;1;0;0;0;0
02/05/2019;14:20:00;272;Acidente sem Vítima;544,4;BR-040/MG;Sul;Colisão traseira;2;0;0;0;0;0;0;0;0;0;2;0;0;0;0
02/05/2019;11:12:00;227;Acidente com Vítima;507,3;BR-040/MG;Norte;Choque em defensa;1;0;0;0;0;0;0;0;0;0;2;0;1;0;0
02/05/2019;07:44:00;153;Acidente sem Vítima;749,001;BR-040/MG;Norte;Choque em defensa;1;0;0;0;0;0;0;0;0;0;1;0;0;0;0
02/05/2019;07:35:00;150;Acidente sem Vítima;543,6;BR-040/MG;Norte;Colisão traseira;2;0;0;0;0;0;0;0;0;0;2;0;0;0;0
02/05/2019;01:26:00;39;Acidente sem Vítima;663,005;BR-040/MG;Sul;Atropelamento de animal;0;0;0;0;0;0;0;0;0;1;15;0;0;0;0
02/05/2019;00:49:00;32;Acidente sem Vítima;8,17;BR-040/GO;Sul;Choque com objeto fixo;1;0;0;0;0;0;0;0;0;0;2;0;0;0;0
01/05/2019;23:31:00;222;Acidente sem Vítima;94,6;BR-040/MG;Norte;Atropelamento de animal;1;0;0;0;0;0;0;0;0;0;1;0;0;0;0
01/05/2019;15:58:00;134;Acidente sem Vítima;188,1;BR-040/MG;Norte;Outros;1;0;1;0;0;0;0;0;0;0;2;0;0;0;0
01/05/2019;14:27:00;108;Acidente sem Vítima;484,3;BR-040/MG;Sul;Choque com objeto fixo;1;0;0;0;0;0;0;0;0;0;4;0;0;0;0
01/05/2019;13:44:00;101;Acidente sem Vítima;611,538;BR-040/MG;Sul;Colisão traseira;2;0;0;0;0;0;0;0;0;0;4;0;0;0;0
01/05/2019;10:51:00;70;Acidente sem Vítima;522,1;BR-040/MG;Norte;Outros;1;0;1;0;0;0;0;0;0;0;2;0;0;0;0
01/05/2019;09:31:00;55;Acidente com Vítima;588,15;BR-040/MG;Sul;Colisão traseira;1;0;0;1;0;0;0;0;0;0;1;1;0;0;0
01/05/2019;09:08:00;53;Acidente sem Vítima;71,1;BR-040/MG;Sul;Abalroamento longitudinal;1;0;1;0;0;0;0;0;0;0;2;0;0;0;0
01/05/2019;03:29:00;19;Acidente sem Vítima;507,3;BR-040/MG;Sul;Colisão frontal;2;0;0;0;0;0;0;0;0;0;4;0;0;0;0
01/05/2019;02:25:00;18;Acidente sem Vítima;503,3;BR-040/MG;Sul;Capotamento;1;0;0;0;0;0;0;0;0;0;1;0;0;0;0
01/05/2019;00:30:00;9;Acidente com Vítima;614,2;BR-040/MG;Norte;Choque com objeto fixo;2;0;0;0;0;0;0;0;0;0;1;1;0;0;0
30/04/2019;23:57:00;369;Acidente sem Vítima;554,1;BR-040/MG;Norte;Choque com objeto fixo;1;0;0;0;0;0;0;0;0;0;1;0;0;0;0
30/04/2019;20:22:00;323;Acidente com Vítima;3,6;BR-040/GO;Sul;Colisão traseira;0;0;0;1;0;1;0;0;0;0;1;0;0;1;0
30/04/2019;18:41:00;282;Atropelamento sem Morte;6,9;BR-040/GO;Sul;Atropelamento de pedestre atravessando;0;0;0;0;0;1;0;0;0;0;1;1;0;0;0
30/04/2019;14:24:00;220;Acidente com Vítima;240,289;BR-040/MG;Norte;Abalroamento longitudinal;1;0;1;0;0;0;0;0;0;0;1;1;0;0;0
30/04/2019;12:47:00;198;Acidente sem Vítima;667,5;BR-040/MG;Norte;Colisão traseira;1;0;1;0;0;0;0;0;0;0;6;0;0;0;0
30/04/2019;08:43:00;126;Acidente com Vítima;535,1;BR-040/MG;Norte;Abalroamento longitudinal;1;0;0;1;0;0;0;0;0;0;1;1;0;0;0
30/04/2019;08:13:00;117;Acidente com Vítima;619,5;BR-040/MG;Norte;Capotamento;1;0;0;0;0;0;0;0;0;0;0;1;0;0;0
30/04/2019;06:49:00;90;Acidente com Vítima;619,84;BR-040/MG;Norte;Queda de Moto;0;0;0;1;0;0;0;0;0;0;1;1;0;0;0
30/04/2019;06:24:00;81;Acidente sem Vítima;617,9;BR-040/MG;Norte;Capotamento;1;0;0;0;0;0;0;0;0;0;4;0;0;0;0
30/04/2019;06:21:00;80;Acidente sem Vítima;619,8;BR-040/MG;Norte;Choque com objeto fixo;1;0;0;0;0;0;0;0;0;0;1;0;0;0;0
30/04/2019;06:16:00;78;Acidente com Vítima;619,7;BR-040/MG;Sul;Choque com objeto fixo;1;0;0;0;0;0;0;0;0;0;3;0;1;0;0
30/04/2019;02:52:00;46;Acidente com Vítima;200,224;BR-040/MG;Sul;Choque com objeto fixo;0;0;0;0;1;0;0;0;0;0;9;1;1;0;0
30/04/2019;02:08:00;45;Acidente sem Vítima;470,5;BR-040/MG;Sul;Atropelamento de animal;1;0;0;0;0;0;0;0;0;0;1;0;0;0;0
29/04/2019;22:44:00;401;Acidente sem Vítima;463,909;BR-040/MG;Norte;Queda de Carga;0;0;1;0;0;0;0;0;0;0;1;0;0;0;0
29/04/2019;18:45:00;353;Acidente com Vítima;534,12;BR-040/MG;Norte;Colisão traseira;1;0;0;1;0;0;0;0;0;0;1;0;1;0;0
29/04/2019;18:40:00;347;Acidente sem Vítima;714,1;BR-040/MG;Sul;Colisão traseira;1;0;1;0;0;0;0;0;0;0;5;0;0;0;0
29/04/2019;18:03:00;338;Acidente com Vítima;682,403;BR-040/MG;Sul;Abalroamento transversal;2;0;0;0;0;0;0;0;0;0;1;1;1;1;0
29/04/2019;12:37:00;225;Acidente sem Vítima;10,5;BR-040/GO;Sul;Abalroamento longitudinal;0;0;1;0;0;1;0;0;0;0;2;0;0;0;0
29/04/2019;10:02:00;190;Acidente com Vítima;532,8;BR-040/MG;Sul;Abalroamento longitudinal;0;0;1;1;0;0;0;0;0;0;1;0;0;1;0
29/04/2019;07:57:00;143;Acidente sem Vítima;2,8;BR-040/GO;Norte;Abalroamento longitudinal;2;0;0;0;0;0;0;0;0;0;3;0;0;0;0
29/04/2019;06:48:00;117;Acidente com Vítima;694,8;BR-040/MG;Sul;Colisão frontal;2;0;0;0;0;0;0;0;0;0;1;0;1;1;0
28/04/2019;18:52:00;254;Atropelamento sem Morte;9,425;BR-040/GO;Norte;Atropelamento de pedestre atravessando;0;0;0;1;0;0;0;0;0;0;0;0;0;2;0
28/04/2019;18:23:00;248;Acidente sem Vítima;449,5;BR-040/MG;Norte;Choque em defensa;2;0;0;0;0;0;0;0;0;0;1;0;0;0;0
28/04/2019;14:57:00;197;Acidente com Vítima;120,4;BR-040/MG;Norte;Colisão traseira;1;0;1;0;0;0;0;0;0;0;2;0;1;1;0
28/04/2019;12:42:00;159;Acidente com Vítima;2,001;BR-040/GO;Sul;Colisão traseira;1;0;0;1;0;0;0;0;0;0;1;1;0;0;0
28/04/2019;10:18:00;114;Acidente com Vítima;3,1;BR-040/DF;Sul;Choque com objeto fixo;1;0;0;0;0;0;0;0;0;0;2;1;0;0;0
28/04/2019;05:56:00;38;Acidente com Vítima;687,9;BR-040/MG;Norte;Colisão traseira;1;0;0;0;0;1;0;0;0;0;0;0;0;1;0
28/04/2019;02:26:00;17;Acidente com Vítima;10,5;BR-040/GO;Norte;Queda de Moto;0;0;0;1;0;0;0;0;0;0;1;1;0;0;0
27/04/2019;22:17:00;262;Acidente sem Vítima;5,2;BR-040/GO;Sul;Colisão traseira;2;0;0;0;0;2;0;0;0;0;4;0;0;0;0
27/04/2019;20:49:00;245;Acidente com Morte;5,8;BR-040/GO;Sul;Colisão traseira;0;0;0;1;0;0;0;0;0;1;1;0;0;0;1
27/04/2019;18:48:00;225;Acidente com Vítima;509,01;BR-040/MG;Norte;Colisão traseira;3;0;0;0;0;0;0;0;0;0;2;1;2;0;0
27/04/2019;18:36:00;220;Acidente sem Vítima;9,3;BR-040/GO;Sul;Choque com objeto fixo;1;0;0;0;0;0;0;0;0;0;2;0;0;0;0
27/04/2019;17:23:00;205;Atropelamento com Morte;621,5;BR-040/MG;Sul;Atropelamento de pedestre atravessando;1;0;1;0;0;0;0;0;0;0;3;0;0;0;1
27/04/2019;15:57:00;186;Acidente sem Vítima;30,1;BR-040/GO;Sul;Colisão traseira;3;0;0;0;0;0;0;0;0;0;3;0;0;0;0
27/04/2019;12:22:00;132;Acidente sem Vítima;628,863;BR-040/MG;Norte;Abalroamento longitudinal;1;0;1;0;0;0;0;0;0;0;3;0;0;0;0
27/04/2019;11:50:00;125;Acidente sem Vítima;413,3;BR-040/MG;Norte;Abalroamento longitudinal;2;0;0;0;0;0;0;0;0;0;2;0;0;0;0
27/04/2019;11:21:00;117;Acidente sem Vítima;36,1;BR-040/MG;Norte;Abalroamento longitudinal;1;0;0;1;0;0;0;0;0;0;2;0;0;0;0
27/04/2019;09:32:00;100;Acidente com Vítima;564,5;BR-040/MG;Norte;Outros;0;0;0;1;0;0;0;0;0;0;0;1;0;0;0
26/04/2019;18:09:00;319;Acidente sem Vítima;608,9;BR-040/MG;Sul;Capotamento;1;0;0;0;0;0;0;0;0;0;1;0;0;0;0
26/04/2019;17:33:00;311;Acidente sem Vítima;537,1;BR-040/MG;Norte;Colisão traseira;0;0;0;0;0;0;0;0;0;0;0;0;0;0;0
26/04/2019;17:18:00;305;Acidente sem Vítima;536,1;BR-040/MG;Norte;Colisão traseira;2;0;0;0;0;0;0;0;0;0;2;0;0;0;0
26/04/2019;17:16:00;304;Acidente sem Vítima;487,3;BR-040/MG;Sul;Colisão traseira;1;0;0;0;0;0;0;0;1;0;2;0;0;0;0
26/04/2019;15:48:00;281;Acidente sem Vítima;565,2;BR-040/MG;Sul;Colisão traseira;1;0;1;0;0;0;0;0;0;0;2;0;0;0;0
26/04/2019;15:38:00;279;Acidente sem Vítima;476,1;BR-040/MG;Norte;Outros;1;0;0;0;0;0;0;0;0;0;2;0;0;0;0
26/04/2019;13:02:00;229;Acidente sem Vítima;365,1;BR-040/MG;Norte;Choque com objeto fixo;1;0;0;0;0;0;0;0;0;0;1;0;0;0;0
26/04/2019;12:47:00;222;Acidente sem Vítima;1,8;BR-040/GO;Sul;Colisão traseira;3;0;0;0;0;0;0;0;0;0;3;0;0;0;0
26/04/2019;08:39:00;159;Acidente sem Vítima;598,3;BR-040/MG;Sul;Choque com objeto fixo;1;0;0;0;0;0;0;0;0;0;1;0;0;0;0
26/04/2019;07:57:00;148;Acidente sem Vítima;514,1;BR-040/MG;Sul;Colisão traseira;2;0;0;0;0;0;0;0;0;0;2;0;0;0;0
26/04/2019;07:19:00;136;Acidente sem Vítima;4,9;BR-040/DF;Norte;Capotamento;1;0;0;0;0;0;0;0;0;0;1;0;0;0;0
26/04/2019;05:35:00;107;Acidente sem Vítima;516,8;BR-040/MG;Sul;Colisão traseira;0;0;2;0;0;0;0;0;0;0;2;0;0;0;0
26/04/2019;01:57:00;24;Acidente sem Vítima;519,12;BR-040/MG;Sul;Capotamento;1;0;0;0;0;0;0;0;0;0;1;0;0;0;0
25/04/2019;23:41:00;410;Acidente sem Vítima;598,3;BR-040/MG;Norte;Choque com objeto fixo;0;0;1;0;0;0;0;0;0;0;1;0;0;0;0
25/04/2019;22:44:00;401;Acidente com Vítima;628,29;BR-040/MG;Norte;Colisão traseira;1;0;0;1;0;0;0;0;0;0;1;0;1;0;0
25/04/2019;21:07:00;387;Acidente com Vítima;4,1;BR-040/DF;Sul;Colisão traseira;2;0;0;0;0;0;0;0;0;0;4;1;0;0;0
25/04/2019;19:55:00;373;Acidente com Vítima;536,12;BR-040/MG;Norte;Abalroamento longitudinal;1;0;0;1;0;0;0;0;0;0;1;0;1;0;0
25/04/2019;19:38:00;368;Acidente sem Vítima;729,6;BR-040/MG;Sul;Queda de Carga;0;0;1;0;0;0;0;0;0;0;0;0;0;0;0
25/04/2019;18:18:00;342;Acidente com Vítima;3,1;BR-040/GO;Norte;Colisão traseira;0;0;0;2;0;0;0;0;0;0;1;1;0;0;0
25/04/2019;11:33:00;223;Acidente sem Vítima;534,3;BR-040/MG;Sul;Choque em barreira New Jersey;1;0;0;0;0;0;0;0;0;0;1;0;0;0;0
25/04/2019;10:52:00;212;Acidente com Vítima;498,1;BR-040/MG;Norte;Choque com objeto fixo;0;0;1;0;0;0;0;0;0;0;0;1;0;0;0
25/04/2019;07:48:00;147;Acidente com Vítima;511,8;BR-040/MG;Sul;Queda de Moto;0;0;0;1;0;0;0;0;0;0;0;2;0;0;0
25/04/2019;07:21:00;135;Acidente com Vítima;41,5;BR-040/MG;Sul;Abalroamento transversal;1;0;0;1;0;0;0;0;0;0;0;2;0;0;0
25/04/2019;06:11:00;102;Acidente sem Vítima;2,1;BR-040/GO;Norte;Abalroamento longitudinal;1;0;0;1;0;0;0;0;0;0;2;0;0;0;0
25/04/2019;00:44:00;4;Acidente com Vítima;506,5;BR-040/MG;Norte;Capotamento;1;0;0;0;0;0;0;0;0;0;0;1;0;0;0
24/04/2019;19:39:00;330;Acidente com Morte;585,366;BR-040/MG;Sul;Queda de Carga;0;0;1;0;0;0;0;0;0;0;0;0;0;0;1
24/04/2019;19:23:00;325;Acidente com Vítima;24,1;BR-040/GO;Norte;Abalroamento transversal;1;0;0;1;0;0;0;0;0;0;1;0;1;0;0
24/04/2019;17:51:00;307;Acidente com Vítima;527,4;BR-040/MG;Sul;Abalroamento transversal;1;0;0;1;0;0;0;0;0;0;1;1;0;0;0
24/04/2019;16:06:00;275;Acidente sem Vítima;528,1;BR-040/MG;Sul;Colisão traseira;1;0;1;0;1;0;0;0;0;0;3;0;0;0;0
24/04/2019;12:13:00;207;Acidente com Vítima;42,3;BR-040/MG;Norte;Abalroamento transversal;1;0;0;1;0;0;0;0;0;0;3;1;0;0;0
24/04/2019;11:40:00;204;Acidente com Vítima;2,9;BR-040/GO;Sul;Colisão traseira;1;0;0;1;0;0;0;0;0;0;1;0;1;0;0
24/04/2019;10:33:00;193;Atropelamento sem Morte;42,6;BR-040/MG;Sul;Atropelamento de pedestre atravessando;0;0;0;1;0;0;0;0;0;0;1;1;1;0;0
24/04/2019;09:46:00;179;Acidente sem Vítima;571,8;BR-040/MG;Sul;Abalroamento transversal;1;0;1;0;0;0;0;0;0;0;2;0;0;0;0
24/04/2019;09:15:00;169;Acidente sem Vítima;610,366;BR-040/MG;Norte;Abalroamento longitudinal;2;0;0;0;0;0;0;0;0;0;2;0;0;0;0
24/04/2019;08:18:00;151;Atropelamento sem Morte;508,4;BR-040/MG;Sul;Atropelamento de pedestre atravessando;2;0;0;0;0;0;0;0;0;0;2;1;0;0;0
24/04/2019;06:29:00;112;Acidente com Vítima;3,9;BR-040/GO;Sul;Queda de Moto;0;0;0;1;0;0;0;0;0;0;0;0;1;0;0
23/04/2019;20:59:00;350;Acidente sem Vítima;6,6;BR-040/GO;Sul;Colisão traseira;1;0;0;1;0;0;0;0;0;0;2;0;0;0;0
23/04/2019;19:48:00;329;Acidente sem Vítima;4,016;BR-040/GO;Sul;Abalroamento transversal;1;0;0;0;1;0;0;0;0;0;2;0;0;0;0
23/04/2019;18:21:00;306;Acidente sem Vítima;535,1;BR-040/MG;Norte;Colisão traseira;1;0;1;0;0;0;0;0;0;0;2;0;0;0;0
23/04/2019;16:59:00;276;Acidente com Vítima;652,1;BR-040/MG;Norte;Abalroamento longitudinal;1;0;1;0;0;0;0;0;0;0;1;1;0;0;0
23/04/2019;16:14:00;268;Acidente sem Vítima;671,1;BR-040/MG;Norte;Atropelamento de animal;1;0;0;0;0;0;0;0;0;0;1;0;0;0;0
23/04/2019;14:04:00;233;Acidente com Vítima;589,738;BR-040/MG;Norte;Capotamento;1;0;0;0;0;0;0;0;0;0;0;1;0;0;0
23/04/2019;13:30:00;225;Acidente sem Vítima;513,1;BR-040/MG;Norte;Abalroamento longitudinal;0;0;2;0;0;0;0;0;0;0;2;0;0;0;0
23/04/2019;12:39:00;215;Acidente com Vítima;2,8;BR-040/GO;Norte;Abalroamento longitudinal;1;0;0;1;0;0;0;0;0;0;1;1;0;0;0
23/04/2019;09:02:00;169;Acidente sem Vítima;642,1;BR-040/MG;Norte;Choque em defensa;0;0;2;0;0;0;0;0;0;0;2;0;0;0;0
23/04/2019;08:47:00;165;Acidente sem Vítima;520,1;BR-040/MG;Sul;Queda de Moto;0;0;0;1;0;0;0;0;0;0;1;0;0;0;0
23/04/2019;07:40:00;144;Acidente com Vítima;24,4;BR-040/GO;Sul;Abalroamento longitudinal;1;0;0;1;0;0;0;0;0;0;1;1;0;0;0
23/04/2019;07:17:00;137;Acidente sem Vítima;611,2;BR-040/MG;Norte;Colisão traseira;0;0;2;0;0;0;0;0;0;0;2;0;0;0;0
23/04/2019;06:28:00;119;Acidente sem Vítima;5,5;BR-040/DF;Norte;Outros;2;0;0;0;0;0;0;0;0;0;5;0;0;0;0
23/04/2019;00:56:00;36;Acidente sem Vítima;548,2;BR-040/MG;Sul;Choque com objeto fixo;1;0;0;0;0;0;0;0;0;0;1;0;0;0;0
22/04/2019;23:28:00;417;Acidente sem Vítima;626,15;BR-040/MG;Sul;Colisão traseira;0;0;2;0;0;0;0;0;0;0;2;0;0;0;0
22/04/2019;22:18:00;397;Acidente sem Vítima;703,3;BR-040/MG;Sul;Atropelamento de animal;1;0;0;0;0;0;0;0;0;0;1;0;0;0;0
22/04/2019;22:16:00;396;Acidente sem Vítima;703,3;BR-040/MG;Sul;Atropelamento de animal;0;0;1;0;0;0;0;0;0;0;1;0;0;0;0
22/04/2019;21:41:00;385;Acidente com Vítima;492,1;BR-040/MG;Norte;Choque com objeto fixo;1;0;0;0;0;0;0;0;0;0;0;1;0;0;0
22/04/2019;17:58:00;318;Acidente sem Vítima;2,5;BR-040/GO;Norte;Colisão traseira;3;0;0;0;0;0;0;0;0;0;6;0;0;0;0
22/04/2019;16:07:00;288;Acidente sem Vítima;468,25;BR-040/MG;Sul;Colisão traseira;2;0;0;0;0;0;0;0;0;0;2;0;0;0;0
22/04/2019;14:52:00;268;Acidente com Vítima;514,1;BR-040/MG;Norte;Colisão traseira;0;0;0;0;1;0;0;0;0;1;1;0;0;1;0
22/04/2019;12:18:00;230;Acidente sem Vítima;455,1;BR-040/MG;Sul;Colisão traseira;2;0;0;0;0;0;0;0;0;0;2;0;0;0;0
22/04/2019;10:48:00;200;Acidente sem Vítima;514,1;BR-040/MG;Sul;Colisão traseira;2;0;0;0;0;0;0;0;0;0;2;0;0;0;0
22/04/2019;10:48:00;202;Acidente com Vítima;2,3;BR-040/GO;Norte;Abalroamento longitudinal;1;0;0;1;0;0;0;0;0;0;1;0;1;0;0
22/04/2019;09:05:00;165;Acidente com Vítima;517,5;BR-040/MG;Sul;Abalroamento longitudinal;1;0;0;1;0;0;0;0;0;0;1;0;1;1;0
22/04/2019;08:30:00;153;Acidente com Vítima;515,1;BR-040/MG;Sul;Abalroamento longitudinal;1;0;0;1;0;0;0;0;0;0;1;0;1;0;0
22/04/2019;08:08:00;140;Acidente sem Vítima;513,1;BR-040/MG;Sul;Colisão traseira;2;0;0;0;0;0;0;0;0;0;2;0;0;0;0
22/04/2019;07:57:00;136;Acidente sem Vítima;12,2;BR-040/GO;Sul;Colisão traseira;2;0;0;0;0;0;0;0;0;0;1;0;0;0;0
22/04/2019;07:46:00;131;Acidente sem Vítima;6,1;BR-040/DF;Norte;Abalroamento longitudinal;0;0;0;2;0;0;0;0;0;0;2;0;0;0;0
22/04/2019;06:54:00;110;Acidente sem Vítima;750,157;BR-040/MG;Norte;Queda de Carga;0;0;1;0;0;0;0;0;0;0;1;0;0;0;0
22/04/2019;06:49:00;109;Acidente sem Vítima;509,1;BR-040/MG;Sul;Colisão traseira;2;0;0;0;0;0;0;0;0;0;2;0;0;0;0
21/04/2019;21:13:00;310;Acidente sem Vítima;563,2;BR-040/MG;Norte;Colisão traseira;1;0;1;0;0;0;0;0;0;0;2;0;0;0;0
21/04/2019;19:44:00;282;Acidente com Vítima;530,25;BR-040/MG;Norte;Capotamento;1;0;0;0;0;0;0;0;0;0;1;1;0;0;0
21/04/2019;19:41:00;281;Acidente com Vítima;121,5;BR-040/MG;Norte;Queda de Moto;0;0;0;1;0;0;0;0;0;0;0;0;1;0;0
21/04/2019;18:56:00;269;Atropelamento sem Morte;8,3;BR-040/GO;Norte;Atropelamento de pedestre caminhando;1;0;0;0;0;0;0;0;0;0;4;0;2;0;0
21/04/2019;18:55:00;267;Acidente sem Vítima;729,19;BR-040/MG;Norte;Choque em defensa;1;0;0;0;0;0;0;0;0;0;4;0;0;0;0
21/04/2019;18:37:00;261;Atropelamento sem Morte;44,5;BR-040/MG;Norte;Atropelamento de pedestre atravessando;1;0;0;0;0;0;0;0;0;0;1;0;1;0;0
21/04/2019;18:34:00;258;Acidente sem Vítima;100,1;BR-040/GO;Sul;Atropelamento de animal;1;0;0;0;0;0;0;0;0;0;1;0;0;0;0
21/04/2019;16:25:00;208;Acidente sem Vítima;467,4;BR-040/MG;Norte;Colisão traseira;2;0;0;0;0;0;0;0;0;0;2;0;0;0;0
21/04/2019;16:19:00;203;Acidente com Vítima;537,2;BR-040/MG;Norte;Choque com objeto fixo;2;0;0;0;0;0;0;0;0;0;1;0;1;0;0
21/04/2019;15:54:00;191;Acidente sem Vítima;405,1;BR-040/MG;Sul;Colisão traseira;2;0;0;0;0;0;0;0;0;0;3;0;0;0;0
21/04/2019;15:41:00;186;Acidente sem Vítima;470,4;BR-040/MG;Sul;Colisão traseira;3;0;0;0;0;0;0;0;0;0;3;0;0;0;0
21/04/2019;14:54:00;166;Acidente com Morte;753,6;BR-040/MG;Norte;Colisão frontal;1;0;0;1;0;0;0;0;0;0;1;1;0;0;1
21/04/2019;12:54:00;129;Acidente sem Vítima;467,7;BR-040/MG;Sul;Abalroamento longitudinal;3;0;0;0;0;0;0;0;0;0;4;0;0;0;0
21/04/2019;11:34:00;105;Acidente com Vítima;711,5;BR-040/MG;Norte;Choque com objeto fixo;1;0;0;0;0;0;0;0;0;0;1;1;0;0;0
21/04/2019;09:54:00;78;Acidente com Vítima;558,4;BR-040/MG;Norte;Colisão traseira;1;0;0;0;0;0;0;0;0;0;1;1;0;0;0
21/04/2019;07:36:00;41;Acidente sem Vítima;522,4;BR-040/MG;Norte;Choque com objeto fixo;1;0;0;0;0;0;0;0;0;0;1;0;0;0;0
21/04/2019;07:07:00;36;Acidente sem Vítima;494,4;BR-040/MG;Sul;Choque com objeto fixo;1;0;0;0;0;0;0;0;0;0;1;0;0;0;0
21/04/2019;06:07:00;31;Acidente sem Vítima;8,1;BR-040/GO;Sul;Abalroamento longitudinal;1;0;0;1;0;0;0;0;0;0;2;0;0;0;0
21/04/2019;05:01:00;24;Acidente com Vítima;0,5;BR-040/GO;Norte;Abalroamento longitudinal;1;0;0;1;0;0;0;0;0;0;4;0;0;0;0
21/04/2019;04:59:00;23;Acidente sem Vítima;318,8;BR-040/MG;Sul;Queda de Carga;0;0;1;0;0;0;0;0;0;0;1;0;0;0;0
21/04/2019;04:43:00;21;Acidente sem Vítima;23,12;BR-040/GO;Sul;Colisão traseira;1;0;0;1;0;0;0;0;0;0;2;0;0;0;0
21/04/2019;02:33:00;13;Acidente sem Vítima;693,5;BR-040/MG;Sul;Colisão traseira;1;0;0;1;0;0;0;0;0;0;3;0;0;0;0
20/04/2019;20:32:00;272;Atropelamento sem Morte;44,1;BR-040/MG;Sul;Atropelamento de pedestre atravessando;0;0;0;0;0;0;0;0;0;0;0;0;0;1;0
20/04/2019;19:23:00;256;Acidente sem Vítima;6,2;BR-040/GO;Sul;Colisão traseira;2;0;0;0;0;0;0;0;0;0;6;0;0;0;0
20/04/2019;17:39:00;224;Acidente sem Vítima;763,5;BR-040/MG;Norte;Choque com objeto fixo;0;0;1;0;0;0;0;0;0;0;1;0;0;0;0
20/04/2019;14:39:00;173;Atropelamento sem Morte;10,5;BR-040/GO;Norte;Atropelamento de ciclista;0;0;0;0;0;0;0;0;0;0;0;0;1;0;0
20/04/2019;13:00:00;142;Acidente com Vítima;365,422;BR-040/MG;Norte;Queda de Moto;0;0;0;1;0;0;0;0;0;0;1;2;0;0;0
20/04/2019;07:02:00;53;Acidente sem Vítima;519,7;BR-040/MG;Sul;Abalroamento longitudinal;1;0;1;0;0;0;0;0;0;0;2;0;0;0;0
20/04/2019;01:10:00;7;Acidente sem Vítima;507,5;BR-040/MG;Norte;Atropelamento de animal;1;0;0;0;0;0;0;0;0;0;1;0;0;0;0
19/04/2019;16:02:00;217;Acidente com Vítima;7,2;BR-040/GO;Sul;Queda de Moto;0;0;0;1;0;0;0;0;0;0;1;0;1;0;0
19/04/2019;14:55:00;206;Acidente com Vítima;551,649;BR-040/MG;Norte;Colisão traseira;1;0;0;1;0;0;0;0;0;0;1;1;0;0;0
19/04/2019;13:01:00;174;Acidente sem Vítima;505,5;BR-040/MG;Norte;Colisão traseira;2;0;0;0;0;0;0;0;0;0;5;0;0;0;0
19/04/2019;12:45:00;172;Acidente sem Vítima;656,22;BR-040/MG;Norte;Choque com objeto fixo;1;0;0;0;0;0;0;0;0;0;1;0;0;0;0