data;horario;n_da_ocorrencia;tipo_de_ocorrencia;km;trecho;sentido;tipo_de_acidente;automovel;bicicleta;caminhao;moto;onibus;outros;tracao_animal;transporte_de_cargas_especiais;trator_maquinas;utilitarios;ilesos;levemente_feridos;moderadamente_feridos;gravemente_feridos;mortos
19/04/2019;10:15:00;124;Acidente sem Vítima;562,1;BR-040/MG;Sul;Colisão traseira;1;0;0;1;0;0;0;0;0;0;5;0;0;0;0
19/04/2019;09:18:00;108;Acidente sem Vítima;576,2;BR-040/MG;Sul;Colisão traseira;1;0;0;1;0;0;0;0;0;0;2;0;0;0;0
19/04/2019;04:39:00;42;Acidente sem Vítima;466,01;BR-040/MG;Sul;Choque em defensa;1;0;0;0;0;0;0;0;0;0;1;0;0;0;0
19/04/2019;00:31:00;4;Acidente sem Vítima;7,7;BR-040/GO;Norte;Abalroamento longitudinal;2;0;0;0;0;0;0;0;0;0;4;0;0;0;0
18/04/2019;23:39:00;438;Acidente sem Vítima;714,714;BR-040/MG;Norte;Abalroamento longitudinal;2;0;0;0;0;0;0;0;0;0;2;0;0;0;0
18/04/2019;22:13:00;419;Acidente sem Vítima;213,4;BR-040/MG;Sul;Capotamento;1;0;0;0;0;0;0;0;0;0;3;0;0;0;0
18/04/2019;19:01:00;376;Acidente sem Vítima;525,6;BR-040/MG;Norte;Colisão traseira;3;0;0;0;0;0;0;0;0;0;3;0;0;0;0
18/04/2019;16:24:00;305;Acidente sem Vítima;364,8;BR-040/MG;Norte;Choque com objeto fixo;1;0;0;0;0;0;0;0;0;0;1;0;0;0;0
18/04/2019;16:02:00;295;Acidente sem Vítima;510,1;BR-040/MG;Norte;Colisão traseira;2;0;0;0;0;0;0;0;0;0;2;0;0;0;0
18/04/2019;15:39:00;286;Acidente sem Vítima;511,1;BR-040/MG;Norte;Colisão traseira;3;0;0;0;0;0;0;0;0;0;3;0;0;0;0
18/04/2019;15:21:00;278;Acidente sem Vítima;487,95;BR-040/MG;Norte;Colisão traseira;1;0;0;2;0;0;0;0;0;0;3;0;0;0;0
18/04/2019;15:18:00;277;Acidente sem Vítima;487,165;BR-040/MG;Norte;Colisão traseira;1;0;0;0;1;0;0;0;0;0;2;0;0;0;0
18/04/2019;13:59:00;255;Acidente com Vítima;12,1;BR-040/GO;Sul;Abalroamento transversal;0;0;2;0;0;0;0;0;0;0;1;0;2;0;0
18/04/2019;13:55:00;253;Acidente sem Vítima;618,2;BR-040/MG;Norte;Colisão traseira;1;0;0;1;0;0;0;0;0;0;2;0;0;0;0
18/04/2019;13:15:00;239;Acidente com Vítima;463,1;BR-040/MG;Norte;Queda de Carga;0;0;0;0;0;0;0;0;0;0;0;1;0;0;0
18/04/2019;11:36:00;213;Acidente com Vítima;522;BR-040/MG;Norte;Queda de Moto;0;0;0;1;0;0;0;0;0;0;0;0;0;1;0
18/04/2019;08:39:00;165;Acidente sem Vítima;421,3;BR-040/MG;Sul;Colisão traseira;1;0;0;0;0;0;0;0;0;0;1;0;0;0;0
18/04/2019;06:13:00;127;Acidente sem Vítima;618,2;BR-040/MG;Sul;Colisão traseira;1;0;0;1;0;0;0;0;0;0;2;0;0;0;0
18/04/2019;00:08:00;2;Acidente sem Vítima;523,12;BR-040/MG;Sul;Capotamento;1;0;0;0;0;0;0;0;0;0;1;0;0;0;0
17/04/2019;21:46:00;404;Atropelamento sem Morte;3,5;BR-040/GO;Norte;Atropelamento de ciclista;0;1;0;1;0;0;0;0;0;0;0;1;1;0;0
17/04/2019;20:58:00;398;Acidente sem Vítima;2,9;BR-040/DF;Sul;Colisão traseira;4;0;0;0;0;0;0;0;0;0;4;0;0;0;0
17/04/2019;20:41:00;397;Acidente sem Vítima;5,1;BR-040/DF;Sul;Queda de Moto;0;0;0;1;0;0;0;0;0;0;1;0;0;0;0
17/04/2019;20:18:00;393;Acidente sem Vítima;113,05;BR-040/GO;Norte;Capotamento;1;0;0;0;0;0;0;0;0;0;1;0;0;0;0
17/04/2019;20:12:00;391;Acidente com Vítima;424,3;BR-040/MG;Norte;Colisão traseira;1;0;1;0;0;0;0;0;0;0;1;1;0;0;0
17/04/2019;19:03:00;368;Acidente sem Vítima;35,6;BR-040/GO;Sul;Atropelamento de animal;0;0;0;1;0;0;0;0;0;0;2;0;0;0;0
17/04/2019;16:17:00;323;Acidente com Vítima;42,1;BR-040/MG;Sul;Abalroamento transversal;1;0;0;1;0;0;0;0;0;0;1;0;1;0;0
17/04/2019;15:01:00;293;Acidente sem Vítima;515,8;BR-040/MG;Norte;Choque com objeto fixo;0;0;1;0;0;0;0;0;0;0;1;0;0;0;0
17/04/2019;14:39:00;279;Atropelamento sem Morte;532,4;BR-040/MG;Sul;Atropelamento de pedestre atravessando;0;0;0;1;0;0;0;0;0;0;0;0;0;1;0
17/04/2019;13:04:00;239;Acidente sem Vítima;504,4;BR-040/MG;Norte;Abalroamento longitudinal;1;0;1;0;0;1;0;0;0;0;3;0;0;0;0
17/04/2019;12:42:00;230;Acidente sem Vítima;490,4;BR-040/MG;Norte;Colisão traseira;4;0;1;0;0;0;0;0;0;0;5;0;0;0;0
17/04/2019;12:34:00;228;Acidente sem Vítima;494,8;BR-040/MG;Sul;Choque com objeto fixo;1;0;0;0;0;0;0;0;0;0;2;0;0;0;0
17/04/2019;11:46:00;213;Acidente sem Vítima;46,1;BR-040/MG;Sul;Abalroamento longitudinal;0;0;2;0;0;0;0;0;0;0;2;0;0;0;0
17/04/2019;11:04:00;204;Acidente sem Vítima;535,4;BR-040/MG;Sul;Colisão traseira;2;0;1;0;0;0;0;0;0;0;3;0;0;0;0
17/04/2019;10:37:00;197;Acidente com Vítima;1,05;BR-040/GO;Sul;Colisão traseira;2;0;0;0;0;0;0;0;0;0;4;2;0;0;0
17/04/2019;08:55:00;167;Acidente com Vítima;5,1;BR-040/GO;Norte;Colisão traseira;2;0;0;0;0;0;0;0;0;0;2;1;0;0;0
17/04/2019;08:55:00;168;Acidente sem Vítima;597,01;BR-040/MG;Norte;Abalroamento longitudinal;1;0;1;0;0;0;0;0;0;0;2;0;0;0;0
17/04/2019;08:47:00;165;Acidente com Vítima;37,9;BR-040/MG;Norte;Capotamento;1;0;0;0;0;0;0;0;0;0;1;1;0;0;0
17/04/2019;07:58:00;154;Acidente sem Vítima;2,3;BR-040/GO;Norte;Colisão traseira;1;0;0;1;0;0;0;0;0;0;1;0;0;0;0
17/04/2019;07:39:00;147;Acidente com Vítima;3,5;BR-040/DF;Norte;Colisão traseira;1;0;0;1;0;0;0;0;0;0;1;0;1;0;0
17/04/2019;06:58:00;134;Acidente sem Vítima;169,3;BR-040/MG;Sul;Capotamento;1;0;0;0;0;0;0;0;0;0;2;0;0;0;0
17/04/2019;05:11:00;112;Acidente sem Vítima;611,9;BR-040/MG;Sul;Atropelamento de animal;1;0;0;0;0;0;0;0;0;0;1;0;0;0;0
17/04/2019;00:27:00;3;Acidente sem Vítima;526,55;BR-040/MG;Sul;Choque com objeto fixo;1;0;0;0;0;0;0;0;0;0;2;0;0;0;0
16/04/2019;20:03:00;366;Acidente sem Vítima;728,5;BR-040/MG;Sul;Capotamento;1;0;0;0;0;0;0;0;0;0;3;0;0;0;0
16/04/2019;19:54:00;363;Atropelamento sem Morte;5,15;BR-040/DF;Sul;Atropelamento de ciclista;1;1;0;0;0;0;0;0;0;0;2;0;1;0;0
16/04/2019;19:14:00;351;Acidente sem Vítima;714,05;BR-040/MG;Norte;Colisão traseira;0;0;2;0;0;0;0;0;0;0;2;0;0;0;0
16/04/2019;18:19:00;335;Acidente sem Vítima;643,2;BR-040/MG;Sul;Colisão traseira;1;0;1;0;0;0;0;0;0;0;2;0;0;0;0
16/04/2019;16:25:00;306;Acidente sem Vítima;623,5;BR-040/MG;Sul;Outros;1;0;0;0;0;0;0;0;0;0;1;0;0;0;0
16/04/2019;15:35:00;290;Acidente sem Vítima;547,05;BR-040/MG;Norte;Choque em barreira New Jersey;1;0;0;0;0;0;0;0;0;0;1;0;0;0;0
16/04/2019;12:48:00;246;Acidente com Vítima;717,4;BR-040/MG;Norte;Choque em barreira New Jersey;1;0;0;0;0;0;0;0;0;0;1;2;0;0;0
16/04/2019;12:37:00;241;Acidente sem Vítima;603,581;BR-040/MG;Norte;Choque com objeto fixo;0;0;1;0;1;0;0;0;0;0;2;0;0;0;0
16/04/2019;05:58:00;114;Acidente sem Vítima;616,037;BR-040/MG;Norte;Capotamento;1;0;0;0;0;0;0;0;0;0;1;0;0;0;0
15/04/2019;23:06:00;376;Acidente sem Vítima;506,372;BR-040/MG;Norte;Choque com objeto fixo;1;0;0;0;0;0;0;0;0;0;2;0;0;0;0
15/04/2019;22:32:00;372;Acidente sem Vítima;523,3;BR-040/MG;Sul;Choque com objeto fixo;1;0;0;0;0;0;0;0;0;0;1;0;0;0;0
15/04/2019;19:20:00;316;Acidente com Vítima;43,3;BR-040/MG;Sul;Queda de Moto;0;0;0;1;0;0;0;0;0;0;0;1;0;0;0
15/04/2019;19:18:00;310;Atropelamento sem Morte;1,12;BR-040/GO;Sul;Atropelamento de pedestre atravessando;0;0;0;1;0;0;0;0;0;0;1;0;0;0;0
15/04/2019;18:30:00;292;Acidente com Vítima;548,26;BR-040/MG;Norte;Colisão traseira;2;0;0;1;0;0;0;0;0;0;2;0;0;1;0
15/04/2019;18:18:00;287;Acidente com Vítima;42,1;BR-040/MG;Norte;Abalroamento transversal;1;0;0;1;0;0;0;0;0;0;2;1;0;0;0
15/04/2019;18:12:00;286;Acidente com Vítima;543,25;BR-040/MG;Norte;Abalroamento longitudinal;1;0;0;1;0;0;0;0;0;0;1;1;0;0;0
15/04/2019;17:51:00;282;Acidente sem Vítima;542,84;BR-040/MG;Norte;Colisão traseira;2;0;0;0;0;0;0;0;0;0;2;0;0;0;0
15/04/2019;16:34:00;265;Acidente com Vítima;541,1;BR-040/MG;Norte;Colisão traseira;2;0;0;0;0;0;0;0;0;0;2;1;0;0;0
15/04/2019;15:41:00;251;Acidente sem Vítima;607,2;BR-040/MG;Norte;Choque em defensa;0;0;1;0;0;0;0;0;0;0;1;0;0;0;0
15/04/2019;15:13:00;246;Acidente com Vítima;6,1;BR-040/DF;Norte;Abalroamento transversal;2;0;0;0;0;0;0;0;0;0;1;2;0;0;0
15/04/2019;14:54:00;242;Acidente com Vítima;593,25;BR-040/MG;Sul;Choque em barreira New Jersey;2;0;0;0;0;0;0;0;0;0;2;2;2;0;0
15/04/2019;14:23:00;230;Acidente sem Vítima;589,5;BR-040/MG;Norte;Queda de Carga;0;0;1;0;0;0;0;0;0;0;1;0;0;0;0
15/04/2019;14:15:00;226;Acidente sem Vítima;463,4;BR-040/MG;Norte;Choque em defensa;1;0;0;0;0;0;0;0;0;0;1;0;0;0;0
15/04/2019;13:32:00;220;Acidente sem Vítima;473,25;BR-040/MG;Norte;Choque com objeto fixo;1;0;1;0;0;0;0;0;0;0;2;0;0;0;0
15/04/2019;12:39:00;211;Atropelamento sem Morte;699,407;BR-040/MG;Sul;Atropelamento de ciclista;1;0;0;1;0;0;0;0;0;0;0;2;0;0;0
15/04/2019;12:02:00;206;Acidente com Vítima;525,05;BR-040/MG;Norte;Abalroamento longitudinal;1;0;1;0;0;0;0;0;0;0;2;1;0;0;0
15/04/2019;11:16:00;196;Acidente com Vítima;716,1;BR-040/MG;Norte;Capotamento;1;0;0;0;0;0;0;0;0;0;0;1;1;0;0
15/04/2019;09:37:00;174;Acidente sem Vítima;637,02;BR-040/MG;Norte;Abalroamento transversal;2;0;0;0;0;0;0;0;0;0;2;0;0;0;0
15/04/2019;08:35:00;155;Acidente sem Vítima;587,456;BR-040/MG;Sul;Queda de Moto;0;0;0;1;0;0;0;0;0;0;1;0;0;0;0
15/04/2019;07:54:00;135;Acidente sem Vítima;738,866;BR-040/MG;Norte;Choque com objeto fixo;1;0;0;0;0;0;0;0;0;0;1;0;0;0;0
15/04/2019;07:36:00;132;Acidente sem Vítima;535,9;BR-040/MG;Norte;Colisão traseira;3;0;0;0;0;0;0;0;0;0;3;0;0;0;0
15/04/2019;07:20:00;126;Atropelamento sem Morte;1,1;BR-040/GO;Norte;Atropelamento de pedestre atravessando;1;0;0;0;0;0;0;0;0;0;1;0;1;0;0
15/04/2019;01:10:00;38;Acidente com Vítima;701,8;BR-040/MG;Sul;Abalroamento transversal;1;0;0;1;0;0;0;0;0;0;4;0;2;0;0
15/04/2019;00:52:00;3;Acidente sem Vítima;423,015;BR-040/MG;Sul;Choque em barreira New Jersey;1;0;0;0;0;0;0;0;0;0;3;0;0;0;0
14/04/2019;21:53:00;239;Acidente sem Vítima;5,5;BR-040/GO;Norte;Choque com objeto fixo;1;0;0;0;0;0;0;0;0;0;1;0;0;0;0
14/04/2019;19:17:00;184;Acidente sem Vítima;748,8;BR-040/MG;Sul;Choque com objeto fixo;1;0;0;0;0;0;0;0;0;0;1;0;0;0;0
14/04/2019;17:29:00;159;Acidente sem Vítima;656,15;BR-040/MG;Norte;Choque com objeto fixo;1;0;0;0;0;0;0;0;0;0;1;0;0;0;0
14/04/2019;17:10:00;155;Acidente com Vítima;656,15;BR-040/MG;Norte;Choque com objeto fixo;1;0;0;0;0;0;0;0;0;0;0;2;0;0;0
14/04/2019;17:09:00;154;Acidente sem Vítima;580,629;BR-040/MG;Norte;Choque com objeto fixo;1;0;0;0;0;0;0;0;0;0;4;0;0;0;0
14/04/2019;14:52:00;127;Acidente sem Vítima;453,5;BR-040/MG;Sul;Queda de Moto;0;0;0;1;0;0;0;0;0;0;2;0;0;0;0
14/04/2019;07:27:00;45;Acidente com Vítima;610,4;BR-040/MG;Sul;Colisão frontal;1;0;1;0;0;0;0;0;0;0;2;0;0;1;0
14/04/2019;07:20:00;42;Acidente sem Vítima;446,1;BR-040/MG;Sul;Queda de Carga;0;0;1;0;0;0;0;0;0;0;1;0;0;0;0
14/04/2019;06:23:00;31;Acidente sem Vítima;119,1;BR-040/MG;Norte;Choque com objeto fixo;1;0;0;0;0;0;0;0;0;0;1;0;0;0;0
14/04/2019;05:22:00;27;Acidente com Vítima;598,2;BR-040/MG;Norte;Colisão traseira;0;0;2;0;0;0;0;0;0;0;2;1;0;0;0
14/04/2019;04:21:00;22;Acidente sem Vítima;518,124;BR-040/MG;Sul;Atropelamento de animal;1;0;0;0;0;0;0;0;0;0;1;0;0;0;0
14/04/2019;01:13:00;10;Acidente sem Vítima;14,1;BR-040/GO;Norte;Capotamento;1;0;0;0;0;0;0;0;0;0;1;0;0;0;0
13/04/2019;20:03:00;276;Acidente sem Vítima;617,4;BR-040/MG;Norte;Colisão traseira;2;0;0;0;0;0;0;0;0;0;3;0;0;0;0
13/04/2019;19:07:00;266;Acidente com Morte;420,901;BR-040/MG;Norte;Colisão frontal;1;0;0;0;0;1;0;0;0;0;1;1;0;1;1
13/04/2019;16:32:00;231;Acidente sem Vítima;277,1;BR-040/MG;Sul;Abalroamento transversal;2;0;0;0;0;0;0;0;0;0;2;0;0;0;0
13/04/2019;16:29:00;229;Acidente sem Vítima;70,5;BR-040/GO;Norte;Capotamento;1;0;0;0;0;0;0;0;0;0;1;0;0;0;0
13/04/2019;16:03:00;223;Acidente sem Vítima;94,1;BR-040/GO;Sul;Abalroamento longitudinal;1;0;0;0;0;1;0;0;0;0;2;0;0;0;0
13/04/2019;15:58:00;222;Acidente com Vítima;567,5;BR-040/MG;Sul;Abalroamento longitudinal;2;0;0;0;0;0;0;0;0;0;3;1;0;0;0
13/04/2019;15:40:00;217;Acidente sem Vítima;1,4;BR-040/DF;Sul;Queda de Carga;0;0;1;0;0;0;0;0;0;0;1;0;0;0;0
13/04/2019;15:12:00;212;Acidente com Vítima;581,5;BR-040/MG;Norte;Capotamento;1;0;0;0;0;0;0;0;0;0;2;1;0;0;0
13/04/2019;14:51:00;204;Acidente com Vítima;6,3;BR-040/DF;Norte;Colisão traseira;3;0;0;0;0;0;0;0;0;0;5;1;0;0;0
13/04/2019;08:36:00;94;Acidente sem Vítima;46,1;BR-040/MG;Sul;Choque com objeto fixo;1;0;0;0;0;0;0;0;0;0;5;0;0;0;0
13/04/2019;06:28:00;60;Acidente sem Vítima;526,5;BR-040/MG;Norte;Abalroamento longitudinal;1;0;1;0;0;0;0;0;0;0;2;0;0;0;0
13/04/2019;05:30:00;48;Atropelamento com Morte;523,4;BR-040/MG;Sul;Atropelamento de pedestre atravessando;0;0;0;0;1;0;0;0;0;0;22;0;0;0;1
13/04/2019;04:54:00;44;Acidente com Vítima;397,5;BR-040/MG;Norte;Choque com objeto fixo;1;0;0;0;0;0;0;0;0;0;4;2;0;0;0
12/04/2019;19:26:00;404;Acidente com Vítima;92,7;BR-040/GO;Sul;Abalroamento transversal;2;0;0;0;0;0;0;0;0;0;3;1;0;0;0
12/04/2019;18:12:00;384;Acidente sem Vítima;509,1;BR-040/MG;Sul;Queda de Moto;1;0;0;1;0;0;0;0;0;0;3;0;0;0;0
12/04/2019;17:48:00;374;Acidente sem Vítima;603,119;BR-040/MG;Sul;Abalroamento longitudinal;3;0;0;0;0;0;0;0;0;0;3;0;0;0;0
12/04/2019;16:39:00;352;Acidente sem Vítima;655,4;BR-040/MG;Sul;Abalroamento transversal;1;0;0;0;0;0;0;0;0;1;5;0;0;0;0
12/04/2019;16:32:00;346;Acidente com Vítima;641,7;BR-040/MG;Norte;Queda de Carga;0;0;1;0;0;0;0;0;0;0;2;1;0;0;0
12/04/2019;15:37:00;318;Acidente com Vítima;535,12;BR-040/MG;Norte;Abalroamento longitudinal;2;0;0;1;0;0;0;0;0;0;4;1;0;0;0
12/04/2019;11:25:00;238;Acidente com Vítima;10,95;BR-040/GO;Sul;Abalroamento transversal;1;0;1;0;0;0;0;0;0;0;2;0;2;0;0
12/04/2019;08:04:00;158;Acidente com Vítima;2,5;BR-040/GO;Sul;Abalroamento transversal;1;0;0;1;0;0;0;0;0;0;3;1;0;0;0
12/04/2019;07:54:00;153;Acidente sem Vítima;541,8;BR-040/MG;Sul;Colisão traseira;3;0;0;0;0;0;0;0;0;0;3;0;0;0;0
12/04/2019;07:52:00;151;Acidente com Vítima;3,5;BR-040/DF;Sul;Abalroamento transversal;1;0;0;1;0;0;0;0;0;0;2;1;0;0;0
12/04/2019;07:50:00;148;Acidente com Vítima;529,5;BR-040/MG;Sul;Abalroamento longitudinal;0;0;0;2;0;0;0;0;0;0;2;1;0;0;0
12/04/2019;06:50:00;132;Acidente com Vítima;428,5;BR-040/MG;Norte;Colisão traseira;0;0;1;0;1;0;0;0;0;0;36;1;0;0;0
12/04/2019;06:24:00;116;Acidente sem Vítima;533,05;BR-040/MG;Sul;Colisão traseira;4;0;0;0;0;0;0;0;0;0;4;0;0;0;0
12/04/2019;00:07:00;1;Acidente sem Vítima;605,34;BR-040/MG;Norte;Choque em defensa;1;0;0;0;0;0;0;0;0;0;1;0;0;0;0
11/04/2019;22:44:00;383;Acidente sem Vítima;201,9;BR-040/MG;Sul;Abalroamento longitudinal;1;0;1;0;0;0;0;0;0;0;3;0;0;0;0
11/04/2019;21:33:00;370;Acidente sem Vítima;687,3;BR-040/MG;Norte;Atropelamento de animal;0;0;0;0;0;1;0;0;0;0;1;0;0;0;0
11/04/2019;20:16:00;357;Atropelamento sem Morte;645,2;BR-040/MG;Sul;Atropelamento de pedestre atravessando;0;0;1;0;0;0;0;0;0;0;1;0;1;0;0
11/04/2019;17:16:00;305;Acidente com Vítima;532,125;BR-040/MG;Sul;Colisão traseira;1;0;2;0;0;0;0;0;0;0;2;0;0;1;0
11/04/2019;16:40:00;297;Acidente com Vítima;623,1;BR-040/MG;Norte;Colisão traseira;2;0;0;0;0;0;0;0;0;0;1;0;3;0;0
11/04/2019;07:52:00;172;Acidente sem Vítima;141,001;BR-040/MG;Sul;Outros;1;0;0;0;0;0;0;0;0;0;1;0;0;0;0
11/04/2019;06:59:00;154;Acidente sem Vítima;533,2;BR-040/MG;Sul;Colisão traseira;1;0;1;0;0;0;0;0;0;0;2;0;0;0;0
11/04/2019;03:48:00;132;Acidente sem Vítima;82,2;BR-040/GO;Norte;Choque com objeto fixo;1;0;0;0;0;0;0;0;0;0;1;0;0;0;0
10/04/2019;23:11:00;371;Acidente com Vítima;4,2;BR-040/GO;Sul;Colisão traseira;1;0;0;1;0;0;0;0;0;0;1;0;1;0;0
10/04/2019;20:44:00;347;Acidente com Vítima;536,152;BR-040/MG;Sul;Queda de Moto;0;0;0;1;0;0;0;0;0;0;0;1;0;0;0
10/04/2019;20:23:00;342;Acidente sem Vítima;547,5;BR-040/MG;Sul;Colisão traseira;1;0;1;0;0;0;0;0;0;0;2;0;0;0;0
10/04/2019;19:25:00;328;Acidente com Vítima;705,2;BR-040/MG;Sul;Capotamento;1;0;0;0;0;0;0;0;0;0;1;0;1;0;0
10/04/2019;09:29:00;187;Acidente sem Vítima;576,1;BR-040/MG;Sul;Abalroamento longitudinal;1;0;0;0;0;1;0;0;0;0;2;0;0;0;0
10/04/2019;08:33:00;177;Acidente com Vítima;520,5;BR-040/MG;Norte;Queda de Moto;0;0;0;1;0;0;0;0;0;0;0;1;0;0;0
10/04/2019;07:57:00;164;Acidente com Vítima;519,7;BR-040/MG;Sul;Colisão traseira;1;0;0;1;0;0;0;0;0;0;1;1;0;0;0
10/04/2019;07:44:00;148;Acidente com Vítima;520,5;BR-040/MG;Norte;Colisão traseira;4;0;0;0;0;0;0;0;0;0;4;1;0;0;0
10/04/2019;05:42:00;111;Acidente com Vítima;512,02;BR-040/MG;Norte;Queda de Moto;0;0;0;1;0;0;0;0;0;0;0;1;0;0;0
10/04/2019;03:17:00;84;Acidente sem Vítima;515,12;BR-040/MG;Norte;Atropelamento de animal;1;0;0;0;0;0;0;0;0;0;1;0;0;0;0
10/04/2019;02:02:00;34;Acidente sem Vítima;15,5;BR-040/GO;Sul;Capotamento;1;0;0;0;0;0;0;0;0;0;1;0;0;0;0
09/04/2019;23:24:00;444;Acidente sem Vítima;442,124;BR-040/MG;Norte;Atropelamento de animal;0;0;1;0;0;0;0;0;0;0;1;0;0;0;0
09/04/2019;19:43:00;406;Acidente com Vítima;593,18;BR-040/MG;Norte;Choque em defensa;0;0;1;0;0;0;0;0;0;0;0;1;0;0;0
09/04/2019;19:14:00;402;Acidente sem Vítima;1,1;BR-040/DF;Sul;Colisão traseira;2;0;0;0;0;0;0;0;0;0;2;0;0;0;0
09/04/2019;17:18:00;376;Atropelamento sem Morte;12,1;BR-040/GO;Sul;Atropelamento de pedestre atravessando;1;0;0;0;0;0;0;0;0;0;1;1;0;0;0
09/04/2019;16:55:00;371;Acidente sem Vítima;579,469;BR-040/MG;Sul;Choque com objeto fixo;1;0;0;0;0;0;0;0;0;0;2;0;0;0;0
09/04/2019;15:41:00;352;Acidente sem Vítima;728,2;BR-040/MG;Sul;Choque com objeto fixo;1;0;0;0;0;0;0;0;0;0;1;0;0;0;0
09/04/2019;15:20:00;345;Acidente com Vítima;698,5;BR-040/MG;Sul;Choque em defensa;1;0;0;0;0;0;0;0;0;0;0;1;0;0;0
09/04/2019;15:06:00;337;Acidente sem Vítima;559,45;BR-040/MG;Norte;Choque com objeto fixo;1;0;0;0;0;0;0;0;0;0;2;0;0;0;0
09/04/2019;12:08:00;280;Acidente sem Vítima;3,5;BR-040/GO;Norte;Colisão traseira;2;0;0;0;0;0;0;0;0;0;2;0;0;0;0
09/04/2019;11:23:00;264;Acidente sem Vítima;735,15;BR-040/MG;Norte;Choque com objeto fixo;1;0;0;0;0;0;0;0;0;0;1;0;0;0;0
09/04/2019;07:42:00;179;Acidente sem Vítima;535,4;BR-040/MG;Norte;Colisão traseira;1;0;0;0;0;1;0;0;0;0;2;0;0;0;0
09/04/2019;06:14:00;141;Acidente com Vítima;1,5;BR-040/GO;Norte;Abalroamento transversal;1;0;0;1;0;0;0;0;0;0;2;1;0;0;0
08/04/2019;21:21:00;402;Acidente sem Vítima;503,452;BR-040/MG;Sul;Abalroamento longitudinal;1;0;1;0;1;0;0;0;0;0;3;0;0;0;0
08/04/2019;21:05:00;398;Acidente sem Vítima;625,2;BR-040/MG;Norte;Capotamento;1;0;0;0;0;0;0;0;0;0;1;0;0;0;0
08/04/2019;18:57:00;364;Acidente sem Vítima;755,3;BR-040/MG;Sul;Choque com objeto fixo;0;0;0;0;0;1;0;0;0;0;2;0;0;0;0
08/04/2019;18:44:00;362;Acidente com Vítima;3,1;BR-040/DF;Sul;Colisão traseira;1;0;0;1;0;0;0;0;0;0;2;1;0;0;0
08/04/2019;18:00:00;349;Acidente com Vítima;4,5;BR-040/GO;Norte;Colisão traseira;1;0;0;1;0;0;0;0;0;0;2;1;0;0;0
08/04/2019;17:08:00;332;Acidente sem Vítima;656,1;BR-040/MG;Sul;Choque em barreira New Jersey;1;0;0;0;0;0;0;0;0;0;1;0;0;0;0
08/04/2019;16:52:00;329;Acidente sem Vítima;69,8;BR-040/GO;Norte;Colisão traseira;2;0;0;0;0;0;0;0;0;0;7;0;0;0;0
08/04/2019;15:39:00;310;Acidente sem Vítima;638,695;BR-040/MG;Sul;Choque com objeto fixo;2;0;0;0;0;0;0;0;0;0;2;0;0;0;0
08/04/2019;13:02:00;275;Acidente sem Vítima;529,45;BR-040/MG;Sul;Queda de Carga;1;0;0;0;0;0;0;0;0;0;3;0;0;0;0
08/04/2019;11:03:00;245;Acidente sem Vítima;603,1;BR-040/MG;Sul;Colisão traseira;1;0;0;0;0;1;0;0;0;0;3;0;0;0;0
08/04/2019;10:39:00;234;Acidente sem Vítima;169,15;BR-040/MG;Norte;Colisão traseira;1;0;1;0;0;0;0;0;0;0;2;0;0;0;0
08/04/2019;10:38:00;233;Acidente com Morte;169,273;BR-040/MG;Sul;Capotamento;1;0;0;0;0;0;0;0;0;0;2;1;1;0;1
08/04/2019;08:44:00;197;Acidente com Vítima;493,6;BR-040/MG;Sul;Capotamento;1;0;0;0;0;0;0;0;0;0;0;0;1;0;0
08/04/2019;08:09:00;187;Acidente sem Vítima;519,45;BR-040/MG;Sul;Colisão traseira;2;0;0;0;0;0;0;0;0;0;2;0;0;0;0
08/04/2019;06:46:00;148;Acidente com Vítima;646,1;BR-040/MG;Sul;Capotamento;1;0;0;0;0;0;0;0;0;0;0;1;0;0;0
08/04/2019;04:45:00;122;Acidente sem Vítima;540,135;BR-040/MG;Sul;Choque em barreira New Jersey;1;0;0;0;0;0;0;0;0;0;1;0;0;0;0
08/04/2019;02:26:00;62;Acidente sem Vítima;3,7;BR-040/GO;Norte;Choque com objeto fixo;1;0;0;0;0;0;0;0;0;0;3;0;0;0;0
07/04/2019;22:15:00;259;Acidente com Morte;51,009;BR-040/MG;Sul;Colisão frontal;1;0;1;0;0;0;0;0;0;0;1;0;0;0;1
07/04/2019;21:54:00;255;Acidente com Vítima;467,12;BR-040/MG;Norte;Colisão traseira;3;0;0;1;0;0;0;0;0;0;3;1;0;0;0
07/04/2019;21:16:00;244;Acidente com Vítima;472,12;BR-040/MG;Norte;Queda de Moto;0;0;0;1;0;0;0;0;0;0;0;1;0;0;0
07/04/2019;21:13:00;241;Acidente sem Vítima;478,2;BR-040/MG;Norte;Outros;1;0;0;0;0;0;0;0;0;0;3;0;0;0;0
07/04/2019;19:27:00;216;Acidente sem Vítima;535,1;BR-040/MG;Norte;Colisão traseira;3;0;0;0;0;0;0;0;0;0;3;0;0;0;0
07/04/2019;18:51:00;198;Acidente com Vítima;10,1;BR-040/GO;Sul;Colisão traseira;1;0;0;1;0;0;0;0;0;0;3;1;0;0;0