data;horario;n_da_ocorrencia;tipo_de_ocorrencia;km;trecho;sentido;tipo_de_acidente;automovel;bicicleta;caminhao;moto;onibus;outros;tracao_animal;transporte_de_cargas_especiais;trator_maquinas;utilitarios;ilesos;levemente_feridos;moderadamente_feridos;gravemente_feridos;mortos
07/04/2019;17:59:00;176;Acidente com Morte;502,03;BR-040/MG;Norte;Colisão traseira;1;0;0;1;0;0;0;0;0;0;1;0;0;0;1
07/04/2019;17:22:00;165;Acidente sem Vítima;68,01;BR-040/MG;Sul;Colisão traseira;2;0;0;0;0;0;0;0;0;0;2;0;0;0;0
07/04/2019;16:56:00;153;Acidente com Vítima;464,11;BR-040/MG;Sul;Queda de Carga;1;0;0;0;0;0;0;0;0;0;1;0;1;0;0
07/04/2019;14:00:00;105;Acidente sem Vítima;299,8;BR-040/MG;Sul;Outros;1;0;0;0;0;0;0;0;0;0;1;0;0;0;0
07/04/2019;10:04:00;67;Acidente com Vítima;737,68;BR-040/MG;Sul;Queda de Carga;0;0;1;0;0;0;0;0;0;0;0;1;0;0;0
07/04/2019;09:45:00;62;Acidente sem Vítima;507,772;BR-040/MG;Norte;Queda de Moto;0;0;0;1;0;0;0;0;0;0;1;0;0;0;0
07/04/2019;06:41:00;37;Acidente sem Vítima;577,5;BR-040/MG;Sul;Choque em defensa;2;0;0;0;0;0;0;0;0;0;2;0;0;0;0
07/04/2019;03:04:00;18;Acidente com Vítima;535,374;BR-040/MG;Norte;Capotamento;1;0;0;0;0;0;0;0;0;0;0;0;1;0;0
07/04/2019;02:43:00;16;Acidente sem Vítima;509,2;BR-040/MG;Sul;Choque com objeto fixo;1;0;0;0;0;0;0;0;0;0;1;0;0;0;0
07/04/2019;02:34:00;14;Acidente sem Vítima;727,1;BR-040/MG;Sul;Choque com objeto fixo;0;0;0;0;1;0;0;0;0;0;2;0;0;0;0
07/04/2019;01:23:00;8;Acidente sem Vítima;436,15;BR-040/MG;Norte;Colisão traseira;1;0;1;0;0;0;0;0;0;0;2;0;0;0;0
06/04/2019;21:25:00;237;Acidente com Vítima;110,1;BR-040/MG;Norte;Choque com objeto fixo;1;0;0;0;0;0;0;0;0;0;0;1;0;0;0
06/04/2019;21:12:00;235;Acidente sem Vítima;9,7;BR-040/GO;Norte;Choque em defensa;1;0;0;0;0;0;0;0;0;0;1;0;0;0;0
06/04/2019;20:29:00;223;Acidente sem Vítima;96,7;BR-040/GO;Norte;Abalroamento transversal;2;0;0;0;0;0;0;0;0;0;2;0;0;0;0
06/04/2019;18:33:00;198;Acidente sem Vítima;456,5;BR-040/MG;Sul;Colisão traseira;2;0;0;0;0;0;0;0;0;0;2;0;0;0;0
06/04/2019;18:07:00;191;Acidente com Vítima;42,015;BR-040/MG;Sul;Colisão traseira;1;0;0;1;0;0;0;0;0;0;2;1;0;0;0
06/04/2019;15:21:00;168;Acidente com Vítima;621,1;BR-040/MG;Sul;Colisão traseira;3;0;0;0;0;0;0;0;0;0;2;2;0;0;0
06/04/2019;14:28:00;159;Acidente sem Vítima;465,5;BR-040/MG;Norte;Queda de Carga;0;0;1;0;0;0;0;0;0;0;1;0;0;0;0
06/04/2019;13:58:00;148;Acidente com Vítima;464,3;BR-040/MG;Sul;Outros;1;0;0;0;0;0;0;0;0;0;0;0;0;0;0
06/04/2019;13:18:00;139;Acidente sem Vítima;461,5;BR-040/MG;Sul;Choque com objeto fixo;0;0;1;0;0;0;0;0;0;0;1;0;0;0;0
06/04/2019;13:03:00;136;Acidente sem Vítima;493,2;BR-040/MG;Norte;Colisão traseira;3;0;0;0;0;0;0;0;0;0;3;0;0;0;0
06/04/2019;12:32:00;133;Atropelamento sem Morte;11,05;BR-040/GO;Sul;Atropelamento de pedestre caminhando;0;0;0;1;0;0;0;0;0;0;1;0;1;0;0
06/04/2019;08:43:00;91;Acidente sem Vítima;521,23;BR-040/MG;Norte;Capotamento;1;0;0;0;0;0;0;0;0;0;1;0;0;0;0
06/04/2019;07:32:00;68;Acidente sem Vítima;257,042;BR-040/MG;Norte;Choque com objeto fixo;1;0;0;0;0;0;0;0;0;0;1;0;0;0;0
06/04/2019;07:21:00;63;Acidente com Vítima;454,8;BR-040/MG;Norte;Choque com objeto fixo;1;0;0;0;0;0;0;0;0;0;3;2;0;0;0
06/04/2019;05:58:00;47;Acidente sem Vítima;588,5;BR-040/MG;Sul;Capotamento;1;0;0;0;0;0;0;0;0;0;1;0;0;0;0
06/04/2019;01:54:00;13;Acidente com Vítima;2,6;BR-040/GO;Sul;Abalroamento transversal;1;0;0;1;0;0;0;0;0;0;1;1;1;0;0
05/04/2019;22:51:00;383;Acidente sem Vítima;591,8;BR-040/MG;Norte;Colisão frontal;1;0;0;0;0;0;0;0;0;0;1;0;0;0;0
05/04/2019;22:37:00;380;Acidente sem Vítima;7,2;BR-040/GO;Norte;Colisão traseira;1;0;0;0;0;0;0;0;0;0;1;0;0;0;0
05/04/2019;21:58:00;367;Acidente sem Vítima;695,1;BR-040/MG;Norte;Choque com objeto fixo;1;0;0;0;0;0;0;0;0;0;1;0;0;0;0
05/04/2019;21:27:00;365;Atropelamento sem Morte;8,2;BR-040/GO;Norte;Atropelamento de ciclista;0;1;0;1;0;0;0;0;0;0;0;2;0;0;0
05/04/2019;20:58:00;360;Acidente sem Vítima;1,3;BR-040/GO;Sul;Abalroamento longitudinal;0;0;1;0;0;1;0;0;0;0;2;0;0;0;0
05/04/2019;20:52:00;358;Acidente com Vítima;698,01;BR-040/MG;Sul;Colisão traseira;2;0;0;0;0;0;0;0;0;0;1;1;0;0;0
05/04/2019;19:59:00;341;Acidente com Morte;66,2;BR-040/GO;Norte;Colisão frontal;1;0;1;0;0;0;0;0;0;0;4;0;0;0;1
05/04/2019;19:21:00;333;Acidente com Morte;62,4;BR-040/GO;Sul;Colisão frontal;3;0;0;0;0;0;0;0;0;0;4;6;1;1;1
05/04/2019;17:29:00;302;Acidente sem Vítima;632,126;BR-040/MG;Sul;Abalroamento longitudinal;1;0;1;0;0;0;0;0;0;0;2;0;0;0;0
05/04/2019;17:18:00;299;Acidente sem Vítima;577,1;BR-040/MG;Norte;Abalroamento longitudinal;1;0;1;0;0;0;0;0;0;0;2;0;0;0;0
05/04/2019;13:37:00;236;Acidente sem Vítima;9,1;BR-040/GO;Norte;Abalroamento longitudinal;1;0;0;1;0;0;0;0;0;0;2;0;0;0;0
05/04/2019;13:11:00;222;Acidente sem Vítima;1,8;BR-040/GO;Sul;Colisão traseira;1;0;0;0;0;1;0;0;0;0;2;0;0;0;0
05/04/2019;12:50:00;215;Acidente com Vítima;80,001;BR-040/MG;Sul;Queda de Moto;0;0;0;1;0;0;0;0;0;0;0;0;1;0;0
05/04/2019;10:08:00;173;Acidente sem Vítima;517,4;BR-040/MG;Norte;Abalroamento longitudinal;2;0;0;0;0;0;0;0;0;0;3;0;0;0;0
05/04/2019;07:03:00;95;Acidente sem Vítima;121,5;BR-040/GO;Sul;Choque em defensa;0;0;1;0;0;0;0;0;0;0;2;0;0;0;0
05/04/2019;05:00:00;74;Acidente sem Vítima;713,94;BR-040/MG;Norte;Queda de Carga;0;0;1;0;0;1;0;0;0;0;2;0;0;0;0
04/04/2019;22:11:00;325;Acidente sem Vítima;674,05;BR-040/MG;Norte;Choque com objeto fixo;1;0;0;0;0;0;0;0;0;0;1;0;0;0;0
04/04/2019;21:16:00;318;Acidente com Vítima;611,8;BR-040/MG;Sul;Colisão traseira;0;0;0;1;0;1;0;0;0;0;1;1;0;0;0
04/04/2019;20:57:00;312;Acidente com Vítima;608,1;BR-040/MG;Norte;Abalroamento longitudinal;2;0;0;0;0;0;0;0;0;0;1;0;1;0;0
04/04/2019;20:33:00;305;Acidente sem Vítima;36,01;BR-040/GO;Sul;Capotamento;1;0;0;0;0;0;0;0;0;0;0;0;0;0;0
04/04/2019;20:30:00;304;Acidente sem Vítima;533,9;BR-040/MG;Sul;Abalroamento longitudinal;2;0;0;0;0;0;0;0;0;0;3;0;0;0;0
04/04/2019;19:12:00;281;Acidente sem Vítima;453,12;BR-040/MG;Sul;Capotamento;2;0;0;0;0;0;0;0;0;0;2;0;0;0;0
04/04/2019;14:52:00;230;Acidente com Vítima;105,4;BR-040/GO;Norte;Capotamento;1;0;0;0;0;0;0;0;0;0;1;0;1;0;0
04/04/2019;13:07:00;207;Acidente com Vítima;608,3;BR-040/MG;Sul;Colisão traseira;1;0;2;0;0;1;0;0;0;0;2;2;0;0;0
04/04/2019;09:57:00;155;Acidente sem Vítima;602,318;BR-040/MG;Sul;Abalroamento longitudinal;2;0;1;0;0;0;0;0;0;0;3;0;0;0;0
04/04/2019;08:41:00;133;Acidente sem Vítima;0,1;BR-040/GO;Norte;Colisão traseira;3;0;0;0;0;0;0;0;0;0;3;0;0;0;0
04/04/2019;07:24:00;108;Acidente sem Vítima;541,4;BR-040/MG;Sul;Colisão traseira;1;0;0;0;0;0;0;0;0;0;1;0;0;0;0
04/04/2019;06:47:00;96;Acidente sem Vítima;5,5;BR-040/DF;Norte;Abalroamento longitudinal;1;0;1;0;0;0;0;0;0;0;2;0;0;0;0
03/04/2019;23:00:00;350;Acidente sem Vítima;475,8;BR-040/MG;Sul;Atropelamento de animal;1;0;1;0;0;0;0;0;0;0;2;0;0;0;0
03/04/2019;22:39:00;346;Acidente com Vítima;175,041;BR-040/MG;Sul;Queda de Carga;0;0;1;0;0;0;0;0;0;0;0;2;0;0;0
03/04/2019;22:38:00;345;Acidente sem Vítima;476,6;BR-040/MG;Norte;Atropelamento de animal;1;0;0;0;0;0;0;0;0;0;3;0;0;0;0
03/04/2019;19:18:00;305;Atropelamento sem Morte;0,3;BR-040/GO;Norte;Atropelamento de pedestre atravessando;0;0;0;0;0;1;0;0;0;0;1;0;1;0;0
03/04/2019;19:16:00;303;Acidente sem Vítima;526,2;BR-040/MG;Norte;Colisão traseira;1;0;0;1;0;0;0;0;0;0;1;1;0;0;0
03/04/2019;17:45:00;283;Acidente sem Vítima;737,7;BR-040/MG;Sul;Queda de Carga;0;0;1;0;0;0;0;0;0;0;1;0;0;0;0
03/04/2019;17:26:00;279;Acidente com Vítima;532,3;BR-040/MG;Norte;Colisão traseira;1;0;0;1;0;0;0;0;0;0;2;1;0;0;0
03/04/2019;14:52:00;251;Acidente sem Vítima;676,3;BR-040/MG;Sul;Queda de Carga;1;0;1;0;0;0;0;0;0;0;2;0;0;0;0
03/04/2019;11:04:00;197;Atropelamento sem Morte;688,8;BR-040/MG;Norte;Atropelamento de pedestre atravessando;1;0;0;0;0;0;0;0;0;0;1;0;1;0;0
03/04/2019;09:24:00;173;Acidente com Vítima;71,1;BR-040/GO;Norte;Outros;1;0;0;0;0;0;0;0;0;0;0;1;0;0;0
03/04/2019;08:54:00;163;Acidente sem Vítima;3,1;BR-040/DF;Sul;Colisão traseira;2;0;0;0;0;0;0;0;0;0;2;0;0;0;0
03/04/2019;08:10:00;143;Acidente sem Vítima;3,3;BR-040/DF;Norte;Capotamento;1;0;0;0;0;0;0;0;0;0;1;0;0;0;0
03/04/2019;07:23:00;122;Acidente sem Vítima;532,85;BR-040/MG;Sul;Abalroamento longitudinal;0;0;0;1;0;1;0;0;0;0;2;0;0;0;0
03/04/2019;06:47:00;110;Acidente sem Vítima;731,1;BR-040/MG;Sul;Choque com objeto fixo;1;0;0;0;0;0;0;0;0;0;1;0;0;0;0
02/04/2019;21:11:00;295;Atropelamento com Morte;607,8;BR-040/MG;Sul;Atropelamento de pedestre atravessando;0;0;1;0;0;0;0;0;0;0;1;0;0;0;1
02/04/2019;19:39:00;271;Acidente sem Vítima;37,8;BR-040/MG;Sul;Abalroamento transversal;1;0;1;0;0;0;0;0;0;0;2;0;0;0;0
02/04/2019;19:19:00;268;Atropelamento sem Morte;6,8;BR-040/GO;Sul;Atropelamento de pedestre atravessando;0;0;0;1;0;0;0;0;0;0;1;0;1;0;0
02/04/2019;18:39:00;257;Acidente com Vítima;511,026;BR-040/MG;Norte;Colisão traseira;1;0;0;1;0;0;0;0;0;0;2;1;0;0;0
02/04/2019;18:29:00;255;Acidente sem Vítima;576,15;BR-040/MG;Sul;Abalroamento transversal;1;0;1;0;0;0;0;0;0;0;1;0;0;0;0
02/04/2019;17:47:00;242;Acidente com Vítima;0,3;BR-040/DF;Norte;Choque com objeto fixo;1;0;0;0;0;0;0;0;0;0;0;1;0;0;0
02/04/2019;16:25:00;222;Acidente com Vítima;356,1;BR-040/MG;Sul;Abalroamento transversal;2;0;0;0;0;0;0;0;0;0;1;1;0;0;0
02/04/2019;08:23:00;121;Acidente com Vítima;534,1;BR-040/MG;Sul;Queda de Moto;0;0;0;1;0;0;0;0;0;0;0;0;0;0;0
02/04/2019;08:21:00;120;Acidente sem Vítima;535,507;BR-040/MG;Sul;Colisão traseira;4;0;0;0;0;0;0;0;0;0;4;0;0;0;0
02/04/2019;04:09:00;78;Acidente sem Vítima;750,05;BR-040/MG;Norte;Choque com objeto fixo;1;0;0;0;0;0;0;0;0;0;0;0;0;0;0
01/04/2019;19:43:00;365;Acidente com Vítima;666,2;BR-040/MG;Sul;Capotamento;0;0;0;1;0;0;0;0;0;0;0;0;1;0;0
01/04/2019;19:21:00;357;Acidente sem Vítima;252,2;BR-040/MG;Sul;Choque com objeto fixo;1;0;0;0;0;0;0;0;0;0;1;0;0;0;0
01/04/2019;18:32:00;348;Acidente com Vítima;576,1;BR-040/MG;Sul;Abalroamento transversal;1;0;1;0;0;0;0;0;0;0;1;0;0;1;0
01/04/2019;14:05:00;263;Acidente com Vítima;508,5;BR-040/MG;Norte;Capotamento;1;0;0;0;0;0;0;0;0;0;3;1;0;0;0
01/04/2019;11:48:00;229;Acidente sem Vítima;24,05;BR-040/GO;Sul;Abalroamento longitudinal;1;0;0;1;0;0;0;0;0;0;2;0;0;0;0
01/04/2019;11:42:00;226;Acidente sem Vítima;583,5;BR-040/MG;Sul;Abalroamento transversal;2;0;0;0;0;0;0;0;0;0;3;0;0;0;0
01/04/2019;09:19:00;185;Acidente com Vítima;371,1;BR-040/MG;Sul;Colisão traseira;0;0;1;0;1;0;0;0;0;0;2;3;0;0;0
01/04/2019;07:58:00;153;Acidente sem Vítima;544,4;BR-040/MG;Norte;Abalroamento longitudinal;0;0;1;0;0;0;0;0;0;0;1;0;0;0;0
01/04/2019;07:43:00;145;Acidente sem Vítima;3,1;BR-040/DF;Norte;Colisão traseira;3;0;0;0;0;0;0;0;0;0;3;0;0;0;0
01/04/2019;06:46:00;118;Acidente sem Vítima;4,1;BR-040/DF;Norte;Abalroamento longitudinal;2;0;0;1;0;0;0;0;0;0;4;0;0;0;0
01/04/2019;02:55:00;32;Acidente com Vítima;648,2;BR-040/MG;Norte;Queda de Moto;0;0;0;1;0;0;0;0;0;0;0;1;0;0;0
30/06/2019;17:35:00;162;Acidente sem Vítima;7,282;BR-040/DF;Sul;Abalroamento longitudinal;2;0;0;0;0;0;0;0;0;0;2;0;0;0;0
30/06/2019;14:17:00;113;Acidente com Vítima;608,13;BR-040/MG;Norte;Abalroamento transversal;3;0;0;0;0;0;0;0;0;0;7;1;1;0;0
30/06/2019;04:10:00;22;Acidente sem Vítima;535,431;BR-040/MG;Sul;Choque em barreira New Jersey;2;0;0;0;0;0;0;0;0;0;2;0;0;0;0
29/06/2019;21:18:00;284;Acidente sem Vítima;515,3;BR-040/MG;Norte;Colisão traseira;2;0;0;0;0;0;0;0;0;0;6;0;0;0;0
29/06/2019;20:58:00;281;Atropelamento sem Morte;602,5;BR-040/MG;Norte;Atropelamento de pedestre atravessando;1;0;0;0;0;0;0;0;0;0;1;1;0;0;0
29/06/2019;20:01:00;270;Acidente sem Vítima;432,824;BR-040/MG;Sul;Queda de Carga;0;0;1;0;0;0;0;0;0;0;1;0;0;0;0
29/06/2019;19:55:00;269;Atropelamento sem Morte;508,223;BR-040/MG;Norte;Atropelamento de pedestre atravessando;1;0;0;0;0;0;0;0;0;0;1;0;0;1;0
29/06/2019;18:46:00;248;Acidente sem Vítima;714,1;BR-040/MG;Sul;Choque com objeto fixo;0;0;0;1;0;0;0;0;0;0;1;0;0;0;0
29/06/2019;18:44:00;247;Acidente sem Vítima;12,12;BR-040/GO;Sul;Colisão traseira;2;0;0;0;0;0;0;0;0;0;2;0;0;0;0
29/06/2019;17:04:00;220;Acidente sem Vítima;29,1;BR-040/GO;Sul;Colisão traseira;2;0;0;0;0;0;0;0;0;0;0;0;0;0;0
29/06/2019;13:08:00;156;Acidente sem Vítima;10,8;BR-040/GO;Sul;Abalroamento longitudinal;1;0;1;0;0;0;0;0;0;0;2;0;0;0;0
29/06/2019;12:05:00;142;Acidente com Vítima;542,1;BR-040/MG;Norte;Abalroamento longitudinal;1;0;0;1;0;0;0;0;0;0;1;1;0;0;0
29/06/2019;11:59:00;141;Acidente sem Vítima;96,1;BR-040/GO;Sul;Abalroamento transversal;1;0;1;0;0;0;0;0;0;0;4;0;0;0;0
29/06/2019;09:33:00;93;Acidente com Vítima;737,5;BR-040/MG;Norte;Queda de Moto;0;0;0;1;0;0;0;0;0;0;0;0;1;0;0
29/06/2019;09:22:00;91;Acidente com Vítima;604,22;BR-040/MG;Sul;Abalroamento transversal;0;0;0;2;0;0;0;0;0;0;1;1;0;1;0
29/06/2019;07:52:00;61;Acidente com Morte;3,8;BR-040/GO;Norte;Colisão traseira;1;0;1;1;0;0;0;0;0;0;2;0;0;0;1
29/06/2019;07:39:00;54;Acidente sem Vítima;673,5;BR-040/MG;Norte;Choque com objeto fixo;1;0;0;0;0;0;0;0;0;0;1;0;0;0;0
29/06/2019;07:15:00;50;Acidente sem Vítima;15,4;BR-040/GO;Sul;Choque com objeto fixo;1;0;0;0;0;0;0;0;0;0;1;0;0;0;0
29/06/2019;06:58:00;42;Acidente sem Vítima;455,1;BR-040/MG;Norte;Queda de Carga;1;0;0;0;0;1;0;0;0;0;2;0;0;0;0
29/06/2019;05:11:00;26;Acidente sem Vítima;534,1;BR-040/MG;Sul;Abalroamento longitudinal;1;0;1;0;0;0;0;0;0;0;3;0;0;0;0
28/06/2019;22:33:00;374;Acidente com Vítima;506,208;BR-040/MG;Sul;Capotamento;1;0;1;0;0;0;0;0;0;0;0;0;2;1;0
28/06/2019;21:53:00;366;Acidente sem Vítima;711,1;BR-040/MG;Sul;Atropelamento de animal;1;0;0;0;0;0;0;0;0;0;1;0;0;0;0
28/06/2019;21:31:00;362;Acidente sem Vítima;713,8;BR-040/MG;Norte;Atropelamento de animal;1;0;0;0;0;0;0;0;0;0;1;0;0;0;0
28/06/2019;17:39:00;313;Acidente com Vítima;607,307;BR-040/MG;Norte;Queda de Carga;2;0;0;1;0;0;0;0;0;0;3;1;0;0;0
28/06/2019;16:52:00;304;Acidente sem Vítima;3,1;BR-040/GO;Norte;Colisão traseira;3;0;0;0;0;0;0;0;0;0;4;0;0;0;0
28/06/2019;16:11:00;294;Acidente sem Vítima;14,5;BR-040/GO;Sul;Colisão traseira;1;0;0;0;1;0;0;0;0;0;2;0;0;0;0
28/06/2019;15:39:00;285;Acidente sem Vítima;724,235;BR-040/MG;Sul;Choque em defensa;1;0;0;0;0;0;0;0;0;0;1;0;0;0;0
28/06/2019;13:31:00;240;Acidente sem Vítima;46,5;BR-040/MG;Norte;Capotamento;1;0;0;0;0;0;0;0;0;0;3;0;0;0;0
28/06/2019;13:27:00;237;Atropelamento sem Morte;532,756;BR-040/MG;Sul;Atropelamento de pedestre atravessando;0;0;0;1;0;0;0;0;0;0;0;1;0;0;0
28/06/2019;12:26:00;223;Acidente sem Vítima;565,369;BR-040/MG;Sul;Abalroamento transversal;2;0;0;0;0;0;0;0;0;0;4;0;0;0;0
28/06/2019;09:23:00;176;Acidente sem Vítima;546,23;BR-040/MG;Norte;Choque em barreira New Jersey;2;0;0;0;0;0;0;0;0;0;2;0;0;0;0
28/06/2019;09:04:00;165;Acidente com Vítima;7,3;BR-040/DF;Norte;Atropelamento de animal;0;0;0;1;0;0;0;0;0;0;1;1;0;0;0
28/06/2019;08:44:00;160;Acidente sem Vítima;441,5;BR-040/MG;Norte;Choque com objeto fixo;1;0;0;0;0;0;0;0;0;0;1;0;0;0;0
28/06/2019;07:56:00;129;Acidente com Vítima;544,016;BR-040/MG;Sul;Abalroamento longitudinal;1;0;0;2;0;0;0;0;0;0;4;1;0;0;0
28/06/2019;07:25:00;114;Acidente sem Vítima;537,241;BR-040/MG;Norte;Colisão traseira;1;0;1;0;1;0;0;0;0;0;22;0;0;0;0
28/06/2019;05:01:00;79;Acidente com Vítima;663,1;BR-040/MG;Norte;Queda de Carga;0;0;0;1;0;0;0;0;0;0;0;0;2;0;0
27/06/2019;20:24:00;314;Acidente com Vítima;118,1;BR-040/MG;Sul;Colisão frontal;1;0;1;0;0;0;0;0;0;0;1;0;2;1;0
27/06/2019;18:03:00;289;Atropelamento sem Morte;612,005;BR-040/MG;Sul;Atropelamento de pedestre atravessando;1;0;0;0;0;0;0;0;0;0;1;1;0;0;0
27/06/2019;15:11:00;254;Acidente sem Vítima;546,547;BR-040/MG;Norte;Abalroamento longitudinal;0;0;0;0;0;0;0;0;0;0;0;0;0;0;0
27/06/2019;14:21:00;241;Acidente sem Vítima;3,3;BR-040/DF;Norte;Abalroamento longitudinal;2;0;0;0;0;0;0;0;0;0;2;0;0;0;0
27/06/2019;10:48:00;204;Acidente com Vítima;590,746;BR-040/MG;Norte;Capotamento;1;0;0;0;0;0;0;0;0;0;1;2;0;0;0
27/06/2019;09:27:00;176;Acidente sem Vítima;148,3;BR-040/GO;Sul;Outros;1;0;1;0;0;0;0;0;0;0;4;0;0;0;0
27/06/2019;07:30:00;124;Acidente sem Vítima;542,4;BR-040/MG;Sul;Colisão traseira;2;0;0;0;0;0;0;0;0;0;2;0;0;0;0
27/06/2019;04:47:00;85;Acidente sem Vítima;551,945;BR-040/MG;Sul;Colisão traseira;1;0;0;1;0;0;0;0;0;0;2;0;0;0;0
27/06/2019;02:55:00;80;Acidente sem Vítima;533,54;BR-040/MG;Norte;Queda de Carga;0;0;1;0;0;0;0;0;0;0;1;0;0;0;0
26/06/2019;20:37:00;295;Acidente sem Vítima;589,1;BR-040/MG;Sul;Colisão traseira;1;0;1;0;0;0;0;0;0;0;2;0;0;0;0
26/06/2019;20:09:00;289;Acidente com Vítima;3,01;BR-040/DF;Sul;Abalroamento longitudinal;1;0;0;1;0;0;0;0;0;0;1;1;0;0;0
26/06/2019;18:05:00;253;Acidente com Vítima;2,05;BR-040/DF;Sul;Colisão traseira;1;0;0;1;0;0;0;0;0;0;1;0;1;0;0
26/06/2019;17:42:00;249;Acidente sem Vítima;40,4;BR-040/MG;Sul;Abalroamento longitudinal;1;0;1;0;0;0;0;0;0;0;2;0;0;0;0
26/06/2019;17:19:00;245;Acidente sem Vítima;517,1;BR-040/MG;Norte;Capotamento;1;0;0;0;0;0;0;0;0;0;1;0;0;0;0
26/06/2019;14:56:00;208;Acidente com Vítima;528,3;BR-040/MG;Sul;Abalroamento longitudinal;1;0;0;1;0;0;0;0;0;0;1;1;0;0;0
26/06/2019;09:32:00;132;Acidente com Vítima;470,1;BR-040/MG;Sul;Queda de Carga;0;0;0;1;0;0;0;0;0;0;0;1;0;0;0
26/06/2019;09:04:00;126;Acidente sem Vítima;567,1;BR-040/MG;Norte;Colisão traseira;0;0;1;0;0;1;0;0;0;0;2;0;0;0;0
26/06/2019;07:23:00;97;Acidente sem Vítima;658,6;BR-040/MG;Norte;Choque em barreira New Jersey;1;0;0;0;0;0;0;0;0;0;1;0;0;0;0
26/06/2019;07:15:00;94;Atropelamento sem Morte;1,3;BR-040/GO;Norte;Atropelamento de pedestre atravessando;0;0;0;1;0;0;0;0;0;0;1;0;1;0;0
25/06/2019;21:57:00;292;Acidente com Morte;14,995;BR-040/GO;Norte;Colisão traseira;0;0;1;1;0;0;0;0;0;0;1;0;0;0;1
25/06/2019;20:07:00;274;Acidente com Vítima;511,19;BR-040/MG;Norte;Colisão traseira;0;0;0;1;0;0;0;0;0;1;1;0;0;0;0
25/06/2019;19:00:00;262;Acidente com Vítima;522,37;BR-040/MG;Norte;Colisão traseira;1;0;1;0;0;0;0;0;0;0;3;1;1;0;0
25/06/2019;17:36:00;237;Acidente com Vítima;515,27;BR-040/MG;Norte;Queda de Carga;0;0;0;1;0;0;0;0;0;0;0;2;0;0;0
25/06/2019;14:05:00;191;Acidente sem Vítima;0,3;BR-040/GO;Norte;Colisão traseira;2;0;0;0;0;0;0;0;0;0;4;0;0;0;0
25/06/2019;12:05:00;176;Acidente sem Vítima;120,05;BR-040/GO;Sul;Choque com objeto fixo;1;0;0;0;0;0;0;0;0;0;2;0;0;0;0
25/06/2019;09:43:00;146;Acidente sem Vítima;49,3;BR-040/MG;Norte;Colisão traseira;0;0;1;0;1;0;0;0;0;0;2;0;0;0;0
25/06/2019;09:28:00;144;Acidente com Vítima;14,001;BR-040/GO;Norte;Queda de Moto;0;0;0;1;0;0;0;0;0;0;0;0;0;0;0
25/06/2019;09:13:00;136;Acidente com Vítima;5,001;BR-040/DF;Norte;Colisão traseira;1;0;0;0;0;0;0;0;0;1;5;1;0;0;0
25/06/2019;07:18:00;94;Acidente sem Vítima;741,1;BR-040/MG;Norte;Abalroamento transversal;2;0;0;0;0;0;0;0;0;0;7;0;0;0;0
25/06/2019;06:26:00;83;Acidente sem Vítima;667,958;BR-040/MG;Sul;Colisão traseira;0;0;2;0;0;0;0;0;0;0;2;0;0;0;0
25/06/2019;03:50:00;66;Acidente sem Vítima;550,5;BR-040/MG;Sul;Choque com objeto fixo;1;0;0;0;0;0;0;0;0;0;1;0;0;0;0
25/06/2019;00:48:00;4;Acidente sem Vítima;172,1;BR-040/MG;Norte;Choque com objeto fixo;0;0;0;0;0;0;0;0;0;0;0;0;0;0;0
24/06/2019;22:26:00;326;Acidente com Vítima;293,1;BR-040/MG;Norte;Queda de Moto;0;0;0;1;0;0;0;0;0;0;0;1;0;0;0
24/06/2019;22:13:00;323;Acidente com Vítima;494,4;BR-040/MG;Sul;Queda de Moto;0;0;0;1;0;0;0;0;0;0;0;2;0;0;0
24/06/2019;18:17:00;279;Acidente com Vítima;7,1;BR-040/GO;Norte;Abalroamento longitudinal;0;0;0;1;0;0;0;0;0;0;0;1;0;0;0
24/06/2019;13:21:00;222;Acidente com Vítima;3,7;BR-040/GO;Sul;Colisão traseira;2;0;0;0;0;0;0;0;0;0;2;1;0;0;0
24/06/2019;12:07:00;200;Acidente sem Vítima;660,636;BR-040/MG;Sul;Atropelamento de animal;1;0;0;0;0;0;0;0;0;0;2;0;0;0;0
24/06/2019;10:57:00;185;Acidente sem Vítima;543,211;BR-040/MG;Sul;Colisão traseira;0;0;2;0;0;0;0;0;0;0;2;0;0;0;0
24/06/2019;10:46:00;182;Acidente sem Vítima;28,8;BR-040/MG;Norte;Choque com objeto fixo;1;0;0;0;0;0;0;0;0;0;2;0;0;0;0
24/06/2019;09:16:00;152;Acidente com Vítima;624,83;BR-040/MG;Norte;Capotamento;1;0;0;0;0;0;0;0;0;0;0;0;3;0;0
24/06/2019;08:14:00;126;Acidente sem Vítima;541,37;BR-040/MG;Sul;Colisão traseira;1;0;0;0;0;1;0;0;0;0;2;0;0;0;0
24/06/2019;07:34:00;102;Acidente sem Vítima;746,005;BR-040/MG;Sul;Abalroamento transversal;2;0;0;0;0;0;0;0;0;0;2;0;0;0;0