data;horario;n_da_ocorrencia;tipo_de_ocorrencia;km;trecho;sentido;tipo_de_acidente;automovel;bicicleta;caminhao;moto;onibus;outros;tracao_animal;transporte_de_cargas_especiais;trator_maquinas;utilitarios;ilesos;levemente_feridos;moderadamente_feridos;gravemente_feridos;mortos
27/07/2019;20:18:00;267;Acidente sem Vítima;112,2;BR-040/MG;Norte;Atropelamento de animal;1;0;0;0;0;0;0;0;0;0;2;0;0;0;0
27/07/2019;18:46:00;234;Acidente sem Vítima;6,1;BR-040/GO;Norte;Colisão traseira;3;0;0;0;0;0;0;0;0;0;3;0;0;0;0
27/07/2019;17:16:00;210;Acidente com Vítima;2,325;BR-040/GO;Norte;Colisão traseira;0;0;0;1;0;0;0;0;0;0;0;1;0;0;0
27/07/2019;14:40:00;172;Acidente sem Vítima;476,1;BR-040/MG;Norte;Choque com objeto fixo;1;0;0;0;0;0;0;0;0;0;1;0;0;0;0
27/07/2019;14:32:00;169;Acidente sem Vítima;539,1;BR-040/MG;Norte;Choque em barreira New Jersey;1;0;0;0;0;0;0;0;0;0;1;0;0;0;0
27/07/2019;13:58:00;163;Acidente sem Vítima;565,1;BR-040/MG;Sul;Queda de Carga;0;0;0;1;0;0;0;0;0;0;1;0;0;0;0
27/07/2019;13:14:00;150;Acidente sem Vítima;9,444;BR-040/GO;Sul;Choque com objeto fixo;0;0;0;1;0;0;0;0;0;0;1;0;0;0;0
27/07/2019;12:35:00;140;Acidente sem Vítima;656,001;BR-040/MG;Norte;Abalroamento longitudinal;1;0;0;0;0;0;0;0;0;0;1;0;0;0;0
27/07/2019;10:54:00;114;Acidente sem Vítima;0,2;BR-040/MG;Norte;Queda de Moto;0;0;0;1;0;0;0;0;0;0;1;0;0;0;0
27/07/2019;07:45:00;57;Acidente sem Vítima;525,6;BR-040/MG;Sul;Colisão traseira;1;0;0;2;0;0;0;0;0;0;3;0;0;0;0
27/07/2019;06:32:00;36;Acidente com Vítima;673,001;BR-040/MG;Norte;Choque com objeto fixo;1;0;0;0;0;0;0;0;0;0;0;0;1;0;0
27/07/2019;06:22:00;32;Acidente sem Vítima;96,3;BR-040/GO;Norte;Queda de Carga;1;0;0;0;0;0;0;0;0;0;1;0;0;0;0
27/07/2019;03:50:00;15;Acidente com Vítima;738,4;BR-040/MG;Norte;Capotamento;1;0;0;0;0;0;0;0;0;0;3;3;0;0;0
27/07/2019;03:40:00;14;Acidente com Vítima;522,3;BR-040/MG;Norte;Capotamento;1;0;0;0;0;0;0;0;0;0;0;1;0;0;0
26/07/2019;21:01:00;364;Acidente sem Vítima;93,2;BR-040/GO;Norte;Colisão traseira;1;0;1;0;0;0;0;0;0;0;2;0;0;0;0
26/07/2019;18:54:00;325;Acidente com Vítima;530,1;BR-040/MG;Sul;Abalroamento longitudinal;1;0;0;1;0;0;0;0;0;0;1;1;0;0;0
26/07/2019;18:25:00;312;Acidente sem Vítima;571,8;BR-040/MG;Sul;Capotamento;1;0;0;0;0;0;0;0;0;0;1;0;0;0;0
26/07/2019;18:18:00;308;Acidente sem Vítima;525,15;BR-040/MG;Norte;Abalroamento longitudinal;2;0;0;0;0;0;0;0;0;0;2;0;0;0;0
26/07/2019;17:33:00;297;Acidente sem Vítima;538,337;BR-040/MG;Norte;Colisão traseira;2;0;0;0;0;0;0;0;0;0;3;0;0;0;0
26/07/2019;17:09:00;292;Acidente sem Vítima;611,025;BR-040/MG;Sul;Choque com objeto fixo;0;0;0;0;0;1;0;0;0;0;1;0;0;0;0
26/07/2019;16:24:00;277;Acidente sem Vítima;51,017;BR-040/GO;Norte;Colisão traseira;2;0;0;0;0;0;0;0;0;0;2;0;0;0;0
26/07/2019;16:19:00;276;Atropelamento sem Morte;525,558;BR-040/MG;Norte;Atropelamento de pedestre atravessando;1;0;0;0;0;0;0;0;0;0;1;1;0;0;0
26/07/2019;15:49:00;268;Acidente sem Vítima;615,06;BR-040/MG;Sul;Colisão traseira;3;0;0;0;0;0;0;0;0;0;3;0;0;0;0
26/07/2019;15:45:00;266;Acidente com Vítima;121,136;BR-040/MG;Norte;Choque em barreira New Jersey;1;0;0;0;0;0;0;0;0;0;0;0;1;0;0
26/07/2019;15:38:00;265;Acidente com Vítima;38,9;BR-040/MG;Sul;Abalroamento longitudinal;1;0;0;0;1;0;0;0;0;0;1;4;0;0;0
26/07/2019;14:15:00;240;Acidente com Morte;12,32;BR-040/MG;Sul;Colisão frontal;0;0;2;1;0;0;0;0;0;0;4;0;1;0;1
26/07/2019;13:29:00;230;Acidente com Vítima;130,8;BR-040/MG;Norte;Queda de Carga;0;0;0;1;0;0;0;0;0;0;0;0;1;0;0
26/07/2019;12:18:00;213;Acidente com Vítima;484,411;BR-040/MG;Sul;Choque com objeto fixo;1;0;0;0;0;0;0;0;0;0;0;0;1;0;0
26/07/2019;12:12:00;210;Acidente sem Vítima;649,155;BR-040/MG;Norte;Colisão traseira;2;0;0;0;0;0;0;0;0;0;2;0;0;0;0
26/07/2019;11:55:00;199;Acidente sem Vítima;1,8;BR-040/GO;Sul;Colisão traseira;1;0;1;0;0;0;0;0;0;0;2;0;0;0;0
26/07/2019;11:00:00;177;Acidente sem Vítima;2,1;BR-040/GO;Sul;Colisão traseira;2;0;0;0;0;0;0;0;0;0;5;0;0;0;0
26/07/2019;10:55:00;175;Acidente sem Vítima;2,1;BR-040/GO;Norte;Queda de Carga;1;0;0;1;0;0;0;0;0;0;2;0;0;0;0
26/07/2019;10:38:00;171;Acidente sem Vítima;440,201;BR-040/MG;Norte;Choque com objeto fixo;1;0;0;0;0;0;0;0;0;0;1;0;0;0;0
26/07/2019;10:20:00;164;Acidente sem Vítima;129,019;BR-040/MG;Norte;Colisão traseira;1;0;0;1;0;0;0;0;0;0;7;0;0;0;0
26/07/2019;09:23:00;145;Acidente sem Vítima;541,337;BR-040/MG;Sul;Colisão traseira;2;0;0;0;0;0;0;0;0;0;7;0;0;0;0
26/07/2019;07:52:00;110;Acidente com Vítima;692,3;BR-040/MG;Norte;Capotamento;1;0;0;0;0;0;0;0;0;0;1;0;1;0;0
26/07/2019;07:50:00;109;Acidente sem Vítima;6,3;BR-040/GO;Norte;Abalroamento transversal;1;0;0;1;0;0;0;0;0;0;2;0;0;0;0
26/07/2019;06:58:00;88;Acidente com Vítima;679,135;BR-040/MG;Sul;Choque com objeto fixo;1;0;0;0;0;0;0;0;0;0;1;3;0;0;0
25/07/2019;23:45:00;359;Acidente sem Vítima;3,1;BR-040/GO;Sul;Choque com objeto fixo;2;0;0;0;0;0;0;0;0;0;3;0;0;0;0
25/07/2019;21:44:00;340;Acidente sem Vítima;421,8;BR-040/MG;Norte;Choque com objeto fixo;1;0;0;0;0;0;0;0;0;0;1;0;0;0;0
25/07/2019;18:53:00;307;Acidente sem Vítima;106,1;BR-040/GO;Sul;Colisão traseira;1;0;1;0;0;0;0;0;0;0;2;0;0;0;0
25/07/2019;18:33:00;302;Acidente sem Vítima;543,8;BR-040/MG;Norte;Abalroamento longitudinal;1;0;1;0;0;0;0;0;0;0;2;0;0;0;0
25/07/2019;18:08:00;295;Acidente com Vítima;626,1;BR-040/MG;Sul;Abalroamento longitudinal;0;0;1;1;0;0;0;0;0;0;1;0;1;0;0
25/07/2019;16:47:00;279;Acidente sem Vítima;534,992;BR-040/MG;Norte;Colisão traseira;3;0;0;0;0;0;0;0;0;0;3;0;0;0;0
25/07/2019;16:28:00;268;Acidente com Vítima;354,1;BR-040/MG;Norte;Queda de Carga;0;0;0;1;0;0;0;0;0;0;0;1;0;0;0
25/07/2019;15:37:00;259;Acidente sem Vítima;714,4;BR-040/MG;Sul;Colisão traseira;1;0;1;0;0;0;0;0;0;0;4;0;0;0;0
25/07/2019;11:26:00;198;Acidente sem Vítima;511,495;BR-040/MG;Norte;Choque com objeto fixo;1;0;1;0;0;0;0;0;0;0;2;0;0;0;0
25/07/2019;10:45:00;186;Acidente com Vítima;677,285;BR-040/MG;Sul;Capotamento;1;0;0;0;0;0;0;0;0;0;1;1;0;0;0
25/07/2019;10:09:00;172;Acidente sem Vítima;486,429;BR-040/MG;Norte;Colisão traseira;1;0;1;0;0;0;0;0;0;0;2;0;0;0;0
25/07/2019;09:32:00;161;Acidente sem Vítima;525,141;BR-040/MG;Sul;Abalroamento longitudinal;0;0;0;0;0;0;0;0;0;0;0;0;0;0;0
25/07/2019;08:58:00;151;Acidente com Vítima;2,1;BR-040/DF;Sul;Abalroamento longitudinal;1;0;0;1;0;0;0;0;0;0;1;0;0;0;0
25/07/2019;07:51:00;131;Acidente com Vítima;547,143;BR-040/MG;Sul;Colisão traseira;0;0;1;1;0;0;0;0;0;0;1;1;0;0;0
25/07/2019;06:39:00;87;Acidente com Vítima;524,571;BR-040/MG;Sul;Colisão frontal;1;0;0;1;0;0;0;0;0;0;1;0;1;0;0
25/07/2019;05:58:00;75;Acidente sem Vítima;674,3;BR-040/MG;Sul;Choque com objeto fixo;1;0;0;0;0;0;0;0;0;0;3;0;0;0;0
25/07/2019;05:29:00;73;Acidente sem Vítima;533,345;BR-040/MG;Sul;Choque com objeto fixo;0;0;0;0;0;0;0;0;0;0;0;0;0;0;0
25/07/2019;00:57:00;6;Acidente sem Vítima;738,8;BR-040/MG;Norte;Choque em defensa;0;0;1;0;0;0;0;0;0;0;1;0;0;0;0
24/07/2019;23:57:00;368;Acidente com Vítima;6,5;BR-040/DF;Norte;Choque com objeto fixo;1;0;0;0;0;0;0;0;0;0;1;0;1;0;0
24/07/2019;23:40:00;364;Acidente sem Vítima;413,1;BR-040/MG;Sul;Choque com objeto fixo;0;0;0;0;1;0;0;0;0;0;43;0;0;0;0
24/07/2019;22:29:00;357;Acidente sem Vítima;536,5;BR-040/MG;Sul;Colisão traseira;2;0;1;0;0;1;0;0;0;0;4;0;0;0;0
24/07/2019;20:03:00;330;Acidente sem Vítima;3,001;BR-040/DF;Sul;Colisão traseira;2;0;0;0;0;0;0;0;0;0;1;0;0;0;0
24/07/2019;19:01:00;314;Acidente com Vítima;9,3;BR-040/GO;Norte;Abalroamento transversal;2;0;0;0;0;0;0;0;0;0;2;2;0;0;0
24/07/2019;18:44:00;309;Acidente sem Vítima;7,9;BR-040/GO;Sul;Colisão traseira;2;0;0;0;0;0;0;0;0;0;2;0;0;0;0
24/07/2019;14:04:00;227;Atropelamento sem Morte;73,1;BR-040/MG;Norte;Atropelamento de pedestre atravessando;1;0;0;0;0;0;0;0;0;0;1;0;0;1;0
24/07/2019;12:40:00;212;Acidente sem Vítima;529,15;BR-040/MG;Sul;Colisão traseira;4;0;0;0;0;0;0;0;0;0;4;0;0;0;0
24/07/2019;10:51:00;176;Acidente sem Vítima;485,5;BR-040/MG;Sul;Colisão traseira;1;0;1;0;0;0;0;0;0;0;2;0;0;0;0
24/07/2019;09:26:00;155;Acidente com Vítima;2,35;BR-040/DF;Sul;Queda de Moto;0;0;0;1;0;0;0;0;0;0;0;1;0;0;0
24/07/2019;07:12:00;116;Acidente com Vítima;44,6;BR-040/MG;Sul;Abalroamento longitudinal;0;0;0;1;1;0;0;0;0;0;1;1;0;0;0
24/07/2019;06:38:00;104;Acidente sem Vítima;526,5;BR-040/MG;Sul;Outros;1;0;0;2;0;0;0;0;0;0;3;0;0;0;0
23/07/2019;20:50:00;299;Acidente sem Vítima;642,85;BR-040/MG;Sul;Choque em barreira New Jersey;1;0;0;0;0;0;0;0;0;0;1;0;0;0;0
23/07/2019;19:05:00;280;Atropelamento com Morte;424,3;BR-040/MG;Sul;Atropelamento de pedestre caminhando;1;0;0;0;0;0;0;0;0;0;3;0;0;0;1
23/07/2019;15:57:00;230;Acidente com Vítima;509,7;BR-040/MG;Norte;Queda de Carga;0;0;0;1;0;0;0;0;0;0;0;1;0;0;0
23/07/2019;15:37:00;222;Acidente com Vítima;11,013;BR-040/GO;Sul;Abalroamento longitudinal;1;0;0;1;0;0;0;0;0;0;1;1;0;0;0
23/07/2019;14:26:00;203;Acidente sem Vítima;532,1;BR-040/MG;Sul;Colisão traseira;2;0;0;0;0;0;0;0;0;0;2;0;0;0;0
23/07/2019;12:55:00;322;Acidente sem Vítima;42,5;BR-040/MG;Norte;Outros;0;0;0;0;0;0;0;0;0;0;0;0;0;0;0
23/07/2019;09:51:00;151;Acidente com Vítima;521,1;BR-040/MG;Sul;Queda de Carga;0;0;0;1;0;0;0;0;0;0;0;1;0;0;0
23/07/2019;06:18:00;86;Atropelamento sem Morte;529,1;BR-040/MG;Sul;Atropelamento de ciclista;1;1;0;0;0;0;0;0;0;0;1;0;1;0;0
23/07/2019;06:14:00;85;Acidente sem Vítima;547,1;BR-040/MG;Sul;Colisão traseira;2;0;0;0;0;0;0;0;0;0;2;0;0;0;0
23/07/2019;02:23:00;63;Acidente sem Vítima;444,6;BR-040/MG;Sul;Queda de Carga;0;0;1;0;0;0;0;0;0;0;1;0;0;0;0
22/07/2019;21:18:00;367;Acidente sem Vítima;275,1;BR-040/MG;Sul;Abalroamento transversal;1;0;1;0;0;0;0;0;0;0;2;0;0;0;0
22/07/2019;18:22:00;323;Acidente com Vítima;637,1;BR-040/MG;Sul;Colisão traseira;2;0;0;0;0;0;0;0;0;0;6;2;0;0;0
22/07/2019;15:53:00;285;Acidente sem Vítima;609,14;BR-040/MG;Sul;Colisão traseira;0;0;1;0;0;1;0;0;0;0;2;0;0;0;0
22/07/2019;14:50:00;263;Atropelamento sem Morte;9,553;BR-040/GO;Norte;Atropelamento de ciclista;0;1;0;1;0;0;0;0;0;0;1;0;1;0;0
22/07/2019;07:06:00;119;Acidente sem Vítima;718,3;BR-040/MG;Norte;Capotamento;1;0;0;0;0;0;0;0;0;0;2;0;0;0;0
22/07/2019;06:45:00;110;Acidente sem Vítima;541,481;BR-040/MG;Sul;Colisão traseira;2;0;1;0;0;0;0;0;0;0;3;0;0;0;0
22/07/2019;03:23:00;80;Acidente sem Vítima;639,7;BR-040/MG;Sul;Atropelamento de animal;1;0;0;0;0;0;0;0;0;0;1;0;0;0;0
22/07/2019;01:36:00;75;Acidente sem Vítima;486,2;BR-040/MG;Sul;Atropelamento de animal;0;0;1;0;0;0;0;0;0;0;1;0;0;0;0
21/07/2019;23:22:00;278;Acidente sem Vítima;524,4;BR-040/MG;Sul;Colisão traseira;1;0;0;0;0;1;0;0;0;0;1;1;0;0;0
21/07/2019;22:12:00;268;Acidente sem Vítima;613,4;BR-040/MG;Norte;Queda de Moto;1;0;0;0;0;0;0;0;0;0;1;0;0;0;0
21/07/2019;19:16:00;231;Acidente com Vítima;505,1;BR-040/MG;Sul;Colisão traseira;1;0;0;1;0;0;0;0;0;0;1;0;2;0;0
21/07/2019;18:42:00;223;Acidente com Vítima;5,3;BR-040/GO;Sul;Abalroamento transversal;1;0;0;1;0;0;0;0;0;0;1;1;0;0;0
21/07/2019;17:07:00;203;Acidente sem Vítima;467,586;BR-040/MG;Norte;Choque com objeto fixo;1;0;0;0;0;0;0;0;0;0;1;0;0;0;0
21/07/2019;16:14:00;190;Acidente sem Vítima;448,11;BR-040/MG;Norte;Choque com objeto fixo;1;0;0;0;0;0;0;0;0;0;1;0;0;0;0
21/07/2019;15:56:00;185;Acidente sem Vítima;4,34;BR-040/GO;Norte;Colisão traseira;4;0;0;0;0;0;0;0;0;0;4;0;0;0;0
21/07/2019;15:49:00;182;Acidente sem Vítima;515,082;BR-040/MG;Sul;Colisão traseira;6;0;0;0;0;0;0;0;0;0;6;0;0;0;0
21/07/2019;15:47:00;180;Acidente sem Vítima;690,3;BR-040/MG;Norte;Abalroamento longitudinal;1;0;0;1;0;0;0;0;0;0;2;0;0;0;0
21/07/2019;15:46:00;179;Acidente sem Vítima;2,268;BR-040/GO;Norte;Colisão traseira;2;0;0;0;0;0;0;0;0;0;2;0;0;0;0
21/07/2019;14:18:00;156;Acidente sem Vítima;2,001;BR-040/GO;Norte;Colisão traseira;1;0;0;0;0;0;0;0;0;0;1;0;0;0;0
21/07/2019;13:59:00;154;Acidente sem Vítima;660,3;BR-040/MG;Norte;Colisão traseira;2;0;0;0;0;0;0;0;0;0;2;0;0;0;0
21/07/2019;10:38:00;122;Acidente sem Vítima;714,3;BR-040/MG;Norte;Colisão traseira;2;0;0;0;0;0;0;0;0;0;3;0;0;0;0
21/07/2019;08:04:00;79;Acidente com Vítima;60,311;BR-040/GO;Norte;Queda de Carga;1;0;0;0;0;0;0;0;0;0;0;1;0;0;0
21/07/2019;05:45:00;41;Acidente sem Vítima;620,3;BR-040/MG;Sul;Abalroamento transversal;2;0;0;0;0;0;0;0;0;0;3;0;0;0;0
21/07/2019;03:35:00;18;Acidente com Vítima;562,6;BR-040/MG;Norte;Capotamento;1;0;0;0;0;0;0;0;0;0;2;0;3;0;0
21/07/2019;01:11:00;9;Acidente com Vítima;513,05;BR-040/MG;Sul;Capotamento;1;0;0;0;0;0;0;0;0;0;1;0;0;0;0
20/07/2019;23:04:00;267;Acidente com Vítima;682,3;BR-040/MG;Norte;Colisão frontal;2;0;0;0;0;0;0;0;0;0;1;5;0;0;0
20/07/2019;19:08:00;217;Acidente sem Vítima;534,5;BR-040/MG;Norte;Choque com objeto fixo;1;0;0;0;0;0;0;0;0;0;1;0;0;0;0
20/07/2019;19:03:00;215;Acidente com Vítima;79,3;BR-040/GO;Norte;Choque em defensa;1;0;0;0;0;0;0;0;0;0;1;1;0;0;0
20/07/2019;14:10:00;158;Acidente sem Vítima;558,1;BR-040/MG;Norte;Colisão traseira;1;0;1;0;0;0;0;0;0;0;2;0;0;0;0
20/07/2019;11:45:00;127;Acidente sem Vítima;95,001;BR-040/GO;Norte;Colisão traseira;2;0;0;0;0;0;0;0;0;0;3;0;0;0;0
20/07/2019;10:10:00;109;Acidente com Vítima;2,3;BR-040/GO;Sul;Queda de Carga;1;0;0;1;0;0;0;0;0;0;2;2;0;0;0
20/07/2019;09:37:00;103;Acidente sem Vítima;94,8;BR-040/GO;Sul;Colisão traseira;3;0;0;0;0;0;0;0;0;1;10;0;0;0;0
20/07/2019;08:01:00;84;Acidente com Vítima;6,5;BR-040/GO;Norte;Choque em defensa;1;0;0;0;0;0;0;0;0;0;2;2;0;0;0
20/07/2019;07:57:00;80;Acidente sem Vítima;714,6;BR-040/MG;Norte;Abalroamento longitudinal;2;0;0;0;0;0;0;0;0;0;3;0;0;0;0
20/07/2019;00:29:00;4;Acidente com Vítima;672,66;BR-040/MG;Sul;Choque em defensa;0;0;1;0;0;0;0;0;0;0;0;2;0;0;0
19/07/2019;22:58:00;383;Acidente com Vítima;356,072;BR-040/MG;Norte;Choque com objeto fixo;1;0;0;0;0;0;0;0;0;0;0;0;0;1;0
19/07/2019;22:39:00;379;Atropelamento sem Morte;530,8;BR-040/MG;Norte;Atropelamento de ciclista;1;0;0;0;0;0;0;0;0;0;1;0;1;0;0
19/07/2019;22:33:00;375;Acidente sem Vítima;16,16;BR-040/GO;Norte;Abalroamento transversal;0;0;2;0;0;0;0;0;0;0;2;0;0;0;0
19/07/2019;21:44:00;357;Acidente com Vítima;147,423;BR-040/GO;Sul;Outros;1;0;0;0;0;0;0;0;0;0;0;0;1;0;0
19/07/2019;19:37:00;323;Acidente sem Vítima;690,575;BR-040/MG;Sul;Choque com objeto fixo;0;0;0;1;0;0;0;0;0;0;1;0;0;0;0
19/07/2019;18:58:00;315;Acidente com Vítima;13,5;BR-040/GO;Sul;Queda de Carga;0;0;0;1;0;0;0;0;0;0;1;1;0;0;0
19/07/2019;18:22:00;305;Acidente com Vítima;532,7;BR-040/MG;Norte;Colisão traseira;1;0;0;1;0;0;0;0;0;0;0;3;0;0;0
19/07/2019;15:59:00;273;Acidente sem Vítima;566,1;BR-040/MG;Sul;Queda de Carga;1;0;1;0;0;0;0;0;0;0;2;0;0;0;0
19/07/2019;15:30:00;266;Acidente sem Vítima;668,15;BR-040/MG;Sul;Abalroamento transversal;2;0;0;1;0;0;0;0;0;0;3;0;0;0;0
19/07/2019;15:02:00;257;Acidente sem Vítima;4,8;BR-040/GO;Norte;Colisão traseira;3;0;0;0;0;0;0;0;0;0;3;0;0;0;0
19/07/2019;15:00:00;255;Acidente sem Vítima;461,1;BR-040/MG;Sul;Abalroamento longitudinal;2;0;0;0;0;0;0;0;0;0;2;0;0;0;0
19/07/2019;14:46:00;248;Acidente sem Vítima;3,6;BR-040/DF;Norte;Queda de Moto;0;0;0;1;0;0;0;0;0;0;1;0;0;0;0
19/07/2019;13:54:00;236;Acidente sem Vítima;565,1;BR-040/MG;Norte;Colisão traseira;2;0;0;0;0;0;0;0;0;0;2;0;0;0;0
19/07/2019;13:45:00;233;Acidente sem Vítima;2,5;BR-040/DF;Sul;Choque em defensa;1;0;0;0;0;0;0;0;0;0;1;0;0;0;0
19/07/2019;12:37:00;217;Acidente com Morte;87,35;BR-040/MG;Sul;Abalroamento longitudinal;2;0;2;0;0;0;0;0;0;0;6;1;0;0;4
19/07/2019;11:58:00;206;Acidente sem Vítima;480,8;BR-040/MG;Sul;Choque com objeto fixo;2;0;0;0;0;0;0;0;0;0;2;0;0;0;0
19/07/2019;10:26:00;178;Acidente sem Vítima;534,7;BR-040/MG;Sul;Colisão traseira;2;0;0;0;0;0;0;0;0;0;2;0;0;0;0
19/07/2019;07:16:00;116;Acidente sem Vítima;523,5;BR-040/MG;Sul;Colisão traseira;4;0;0;0;0;0;0;0;0;0;4;0;0;0;0
19/07/2019;06:16:00;98;Acidente sem Vítima;544,01;BR-040/MG;Norte;Colisão traseira;1;0;0;0;1;0;0;0;0;0;2;0;0;0;0
19/07/2019;05:18:00;94;Acidente com Vítima;2,8;BR-040/GO;Sul;Colisão traseira;1;0;0;1;0;0;0;0;0;0;1;1;0;0;0
19/07/2019;03:38:00;88;Acidente sem Vítima;296,2;BR-040/MG;Sul;Atropelamento de animal;1;0;0;0;0;0;0;0;0;0;4;0;0;0;0
18/07/2019;23:24:00;377;Acidente sem Vítima;566,1;BR-040/MG;Sul;Choque em defensa;1;0;0;0;0;0;0;0;0;0;1;0;0;0;0
18/07/2019;22:23:00;367;Acidente sem Vítima;338,5;BR-040/MG;Sul;Abalroamento longitudinal;1;0;1;0;0;0;0;0;0;0;5;0;0;0;0
18/07/2019;20:24:00;342;Acidente com Vítima;5,2;BR-040/DF;Sul;Colisão traseira;3;0;0;0;0;0;0;0;0;0;2;0;1;0;0
18/07/2019;17:33:00;297;Acidente com Vítima;3,432;BR-040/GO;Sul;Colisão traseira;0;0;0;1;0;0;0;0;0;0;0;0;0;0;0
18/07/2019;15:38:00;263;Acidente sem Vítima;588,2;BR-040/MG;Norte;Queda de Moto;1;0;0;0;0;0;0;0;0;0;1;0;0;0;0
18/07/2019;14:33:00;251;Acidente sem Vítima;536,168;BR-040/MG;Norte;Colisão traseira;0;0;2;0;0;0;0;0;0;0;2;0;0;0;0
18/07/2019;11:06:00;205;Acidente com Vítima;75,022;BR-040/MG;Norte;Capotamento;1;0;0;0;0;0;0;0;0;0;0;1;0;0;0
18/07/2019;08:57:00;164;Acidente sem Vítima;577,15;BR-040/MG;Sul;Choque com objeto fixo;1;0;0;0;0;0;0;0;0;0;2;0;0;0;0
18/07/2019;04:10:00;84;Acidente sem Vítima;666,8;BR-040/MG;Sul;Queda de Carga;0;0;1;0;0;0;0;0;0;0;7;2;0;0;0
18/07/2019;00:04:00;3;Atropelamento com Morte;4,4;BR-040/GO;Sul;Atropelamento de pedestre atravessando;0;0;0;1;0;0;0;0;0;0;0;0;0;1;1
17/07/2019;19:42:00;315;Acidente com Vítima;529,1;BR-040/MG;Sul;Abalroamento longitudinal;1;0;0;1;0;0;0;0;0;0;1;0;1;0;0
17/07/2019;19:29:00;311;Acidente com Vítima;1,3;BR-040/DF;Sul;Queda de Moto;0;0;0;1;0;0;0;0;0;0;0;0;0;0;0
17/07/2019;19:26:00;308;Acidente sem Vítima;93,1;BR-040/GO;Norte;Colisão traseira;2;0;0;0;0;0;0;0;0;0;2;0;0;0;0
17/07/2019;19:21:00;307;Acidente sem Vítima;537,1;BR-040/MG;Norte;Colisão traseira;3;0;0;0;0;0;0;0;0;0;3;0;0;0;0
17/07/2019;18:34:00;296;Acidente sem Vítima;538,1;BR-040/MG;Norte;Colisão traseira;3;0;2;0;0;0;0;0;0;0;5;0;0;0;0
17/07/2019;18:27:00;295;Acidente sem Vítima;509,502;BR-040/MG;Norte;Colisão traseira;2;0;0;0;0;0;0;0;0;0;2;0;0;0;0
17/07/2019;17:21:00;280;Acidente sem Vítima;109,765;BR-040/GO;Sul;Atropelamento de animal;1;0;0;0;0;0;0;0;0;0;1;0;0;0;0
17/07/2019;16:42:00;268;Acidente com Vítima;635,4;BR-040/MG;Sul;Abalroamento transversal;2;0;1;1;0;0;0;0;0;0;2;0;0;0;0
17/07/2019;14:05:00;226;Acidente sem Vítima;6,4;BR-040/GO;Norte;Colisão traseira;2;0;0;0;0;0;0;0;0;0;2;0;0;0;0
17/07/2019;11:13:00;196;Acidente com Vítima;527,394;BR-040/MG;Sul;Abalroamento longitudinal;0;0;1;0;1;0;0;0;0;0;16;1;0;0;0
17/07/2019;05:08:00;96;Acidente sem Vítima;743,692;BR-040/MG;Norte;Queda de Carga;0;0;1;0;0;0;0;0;0;0;1;0;0;0;0
17/07/2019;00:08:00;2;Acidente sem Vítima;530,3;BR-040/MG;Sul;Colisão traseira;0;0;2;0;0;0;0;0;0;0;2;0;0;0;0
16/07/2019;23:08:00;345;Acidente com Vítima;281,432;BR-040/MG;Norte;Choque com objeto fixo;1;0;0;0;0;0;0;0;0;0;0;0;1;0;0
16/07/2019;20:05:00;315;Acidente com Vítima;534,719;BR-040/MG;Sul;Colisão traseira;1;0;0;1;0;0;0;0;0;0;1;1;0;0;0
16/07/2019;19:13:00;300;Acidente com Vítima;535,486;BR-040/MG;Norte;Queda de Carga;0;0;0;1;0;0;0;0;0;0;0;1;0;0;0
16/07/2019;18:43:00;286;Acidente sem Vítima;543,1;BR-040/MG;Norte;Colisão traseira;3;0;0;0;0;0;0;0;0;0;3;0;0;0;0
16/07/2019;14:27:00;211;Acidente sem Vítima;612,3;BR-040/MG;Sul;Colisão traseira;1;0;1;0;0;0;0;0;0;0;7;0;0;0;0
16/07/2019;13:36:00;198;Acidente sem Vítima;552,1;BR-040/MG;Norte;Queda de Carga;0;0;1;0;0;0;0;0;0;0;1;0;0;0;0
16/07/2019;11:43:00;176;Acidente com Vítima;5,1;BR-040/GO;Sul;Abalroamento transversal;1;0;0;1;0;0;0;0;0;0;1;1;0;0;0
16/07/2019;10:07:00;158;Acidente sem Vítima;91,1;BR-040/MG;Sul;Choque com objeto fixo;0;0;2;0;0;0;0;0;0;0;2;0;0;0;0
16/07/2019;07:42:00;108;Acidente sem Vítima;599,151;BR-040/MG;Norte;Colisão traseira;2;0;2;0;0;0;0;0;0;0;4;0;0;0;0
16/07/2019;07:04:00;97;Acidente com Vítima;43,5;BR-040/MG;Norte;Queda de Carga;0;0;0;1;0;0;0;0;0;0;1;1;0;0;0
16/07/2019;05:17:00;86;Acidente sem Vítima;531,04;BR-040/MG;Norte;Choque com objeto fixo;1;0;0;0;0;0;0;0;0;0;1;0;0;0;0
15/07/2019;22:36:00;325;Acidente sem Vítima;6,1;BR-040/DF;Norte;Capotamento;1;0;0;0;0;0;0;0;0;0;3;0;0;0;0
15/07/2019;18:55:00;283;Acidente sem Vítima;534,1;BR-040/MG;Norte;Colisão traseira;1;0;0;1;0;0;0;0;0;0;2;0;0;0;0
15/07/2019;17:02:00;250;Acidente sem Vítima;2,001;BR-040/GO;Sul;Colisão traseira;1;0;2;0;0;0;0;0;0;0;3;0;0;0;0