data;horario;n_da_ocorrencia;tipo_de_ocorrencia;km;trecho;sentido;tipo_de_acidente;automovel;bicicleta;caminhao;moto;onibus;outros;tracao_animal;transporte_de_cargas_especiais;trator_maquinas;utilitarios;ilesos;levemente_feridos;moderadamente_feridos;gravemente_feridos;mortos
04/07/2019;16:06:00;224;Acidente com Vítima;7,9;BR-040/GO;Sul;Colisão traseira;1;0;0;1;0;0;0;0;0;0;2;1;0;0;0
04/07/2019;13:59:00;207;Acidente sem Vítima;607,223;BR-040/MG;Sul;Abalroamento transversal;2;0;0;0;0;0;0;0;0;0;2;0;0;0;0
04/07/2019;13:43:00;201;Acidente com Vítima;5,5;BR-040/GO;Sul;Queda de Moto;1;0;0;1;0;0;0;0;0;0;2;1;0;0;0
04/07/2019;12:38:00;184;Acidente com Vítima;549,15;BR-040/MG;Sul;Colisão traseira;1;0;0;1;0;0;0;0;0;0;1;1;0;0;0
04/07/2019;11:55:00;174;Acidente sem Vítima;527,1;BR-040/MG;Norte;Colisão traseira;2;0;0;0;0;0;0;0;0;0;2;0;0;0;0
04/07/2019;07:48:00;116;Acidente com Vítima;510,1;BR-040/MG;Sul;Colisão traseira;0;0;1;1;0;0;0;0;0;0;1;0;1;0;0
04/07/2019;07:06:00;106;Acidente sem Vítima;534,1;BR-040/MG;Sul;Colisão traseira;3;0;0;0;0;0;0;0;0;0;3;0;0;0;0
04/07/2019;06:43:00;98;Acidente com Vítima;513,1;BR-040/MG;Sul;Abalroamento longitudinal;1;0;0;1;0;0;0;0;0;0;0;0;2;0;0
03/07/2019;20:12:00;317;Acidente sem Vítima;620,9;BR-040/MG;Norte;Capotamento;1;0;0;0;0;0;0;0;0;0;1;0;0;0;0
03/07/2019;19:48:00;312;Acidente com Vítima;1,3;BR-040/DF;Sul;Colisão traseira;1;0;0;1;0;0;0;0;0;0;1;1;0;0;0
03/07/2019;17:41:00;280;Acidente sem Vítima;5,1;BR-040/GO;Sul;Abalroamento transversal;2;0;0;0;0;0;0;0;0;0;2;0;0;0;0
03/07/2019;12:57:00;214;Acidente sem Vítima;3,5;BR-040/DF;Norte;Colisão traseira;2;0;0;0;0;0;0;0;0;0;2;0;0;0;0
03/07/2019;12:39:00;209;Acidente sem Vítima;632,5;BR-040/MG;Norte;Atropelamento de animal;0;0;0;1;0;0;0;0;0;0;1;0;0;0;0
03/07/2019;12:04:00;199;Acidente sem Vítima;515,2;BR-040/MG;Norte;Colisão traseira;2;0;0;0;0;0;0;0;0;0;2;0;0;0;0
03/07/2019;10:55:00;181;Acidente sem Vítima;537,7;BR-040/MG;Norte;Colisão traseira;6;0;1;0;0;0;0;0;0;0;7;0;0;0;0
03/07/2019;10:02:00;163;Acidente com Vítima;3,5;BR-040/GO;Norte;Queda de Carga;0;0;0;1;0;0;0;0;0;0;0;1;0;0;0
02/07/2019;23:00:00;399;Acidente sem Vítima;723,4;BR-040/MG;Norte;Choque com objeto fixo;1;0;0;0;0;0;0;0;0;0;1;0;0;0;0
02/07/2019;18:53:00;348;Acidente com Morte;463,8;BR-040/MG;Norte;Choque em defensa;0;0;0;1;0;0;0;0;0;0;0;0;0;0;1
02/07/2019;16:26:00;306;Acidente sem Vítima;7,3;BR-040/GO;Norte;Abalroamento longitudinal;3;0;0;0;0;0;0;0;0;0;4;0;0;0;0
02/07/2019;15:55:00;293;Acidente com Vítima;1,3;BR-040/GO;Sul;Colisão traseira;4;0;0;0;0;0;0;0;0;0;4;1;0;0;0
02/07/2019;09:56:00;172;Acidente com Vítima;514,377;BR-040/MG;Norte;Queda de Carga;0;0;0;1;0;0;0;0;0;0;1;1;0;0;0
02/07/2019;09:34:00;163;Acidente sem Vítima;533,171;BR-040/MG;Norte;Colisão traseira;4;0;1;1;0;0;0;0;0;0;6;0;0;0;0
02/07/2019;08:52:00;155;Acidente sem Vítima;424,753;BR-040/MG;Norte;Colisão traseira;1;0;2;0;0;0;0;0;0;0;3;0;0;0;0
02/07/2019;08:09:00;138;Acidente sem Vítima;112,8;BR-040/MG;Norte;Queda de Carga;1;0;0;0;0;0;0;0;0;0;1;0;0;0;0
01/07/2019;11:46:00;192;Acidente sem Vítima;6,8;BR-040/DF;Norte;Colisão traseira;2;0;0;0;0;0;0;0;0;0;2;0;0;0;0
01/07/2019;09:12:00;142;Acidente sem Vítima;525,6;BR-040/MG;Norte;Colisão traseira;2;0;0;0;0;0;0;0;0;0;2;0;0;0;0
01/07/2019;06:48:00;89;Acidente com Vítima;34,4;BR-040/GO;Sul;Capotamento;1;0;0;0;0;0;0;0;0;0;0;2;0;0;0
30/09/2019;23:59:00;353;Atropelamento com Morte;357,4;BR-040/MG;Norte;Atropelamento de pedestre caminhando;0;0;0;0;1;0;0;0;0;0;21;0;0;0;1
30/09/2019;22:33:00;340;Acidente sem Vítima;709,149;BR-040/MG;Norte;Choque com objeto fixo;0;0;1;0;0;0;0;0;0;0;1;0;0;0;0
30/09/2019;21:49:00;332;Acidente sem Vítima;709,149;BR-040/MG;Norte;;1;0;0;0;0;0;0;0;0;0;1;0;0;0;0
30/09/2019;20:34:00;310;Acidente sem Vítima;709,149;BR-040/MG;Sul;Queda de Carga;0;0;1;0;0;0;0;0;0;0;1;0;0;0;0
30/09/2019;18:26:00;287;Acidente sem Vítima;98,1;BR-040/GO;Sul;Colisão traseira;2;0;0;0;0;0;0;0;0;0;3;0;0;0;0
30/09/2019;17:46:00;278;Acidente com Vítima;72,25;BR-040/GO;Sul;Capotamento;1;0;0;0;0;0;0;0;0;0;0;0;1;0;0
30/09/2019;12:22:00;192;Acidente sem Vítima;6,9;BR-040/GO;Sul;Queda de Carga;0;0;0;1;0;0;0;0;0;0;0;1;0;0;0
30/09/2019;11:49:00;185;Acidente com Vítima;567,346;BR-040/MG;Sul;Abalroamento longitudinal;1;0;0;1;0;0;0;0;0;0;1;1;0;0;0
30/09/2019;08:36:00;132;Acidente sem Vítima;728,5;BR-040/MG;Sul;Choque em barreira New Jersey;1;0;0;0;0;0;0;0;0;0;1;0;0;0;0
30/09/2019;08:09:00;122;Acidente com Vítima;42,1;BR-040/MG;Sul;Queda de Carga;0;1;0;0;0;0;0;0;0;0;0;1;0;0;0
30/09/2019;07:48:00;116;Acidente sem Vítima;757,7;BR-040/MG;Norte;Choque com objeto fixo;1;0;0;0;0;0;0;0;0;0;1;0;0;0;0
30/09/2019;07:42:00;114;Acidente com Vítima;716,1;BR-040/MG;Norte;Choque em defensa;1;0;0;0;0;0;0;0;0;0;0;1;0;0;0
30/09/2019;07:04:00;107;Acidente com Vítima;460,8;BR-040/MG;Sul;Choque com objeto fixo;0;0;0;1;0;1;0;0;0;0;1;0;1;1;0
30/09/2019;06:56:00;101;Acidente sem Vítima;541,399;BR-040/MG;Sul;Abalroamento longitudinal;2;0;0;0;0;0;0;0;0;0;2;0;0;0;0
30/09/2019;06:44:00;97;Acidente sem Vítima;7,2;BR-040/GO;Norte;Colisão traseira;3;0;1;0;0;0;0;0;0;0;4;0;0;0;0
30/09/2019;01:23:00;59;Acidente sem Vítima;6,01;BR-040/GO;Norte;Choque em defensa;1;0;0;0;0;0;0;0;0;0;1;0;0;0;0
29/09/2019;22:50:00;265;Acidente com Vítima;699,125;BR-040/MG;Norte;Choque em defensa;1;0;0;0;0;0;0;0;0;0;1;0;1;0;0
29/09/2019;21:51:00;253;Acidente sem Vítima;710,5;BR-040/MG;Sul;Choque em defensa;1;0;0;0;0;0;0;0;0;0;1;0;0;0;0
29/09/2019;20:37:00;227;Acidente com Vítima;6,9;BR-040/GO;Sul;Colisão traseira;1;0;0;1;0;0;0;0;0;0;3;1;0;0;0
29/09/2019;19:20:00;203;Acidente com Vítima;648,565;BR-040/MG;Sul;Colisão traseira;3;0;0;0;0;0;0;0;0;0;4;2;0;0;0
29/09/2019;19:02:00;196;Acidente com Vítima;6,7;BR-040/GO;Sul;Colisão traseira;2;0;0;0;0;0;0;0;0;0;2;1;0;0;0
29/09/2019;17:43:00;170;Acidente sem Vítima;3,1;BR-040/GO;Norte;Colisão traseira;2;0;0;0;0;0;0;0;0;0;5;0;0;0;0
29/09/2019;12:22:00;105;Acidente sem Vítima;462,1;BR-040/MG;Norte;Capotamento;0;0;0;1;0;1;0;0;0;0;2;0;0;0;0
29/09/2019;11:26:00;95;Acidente sem Vítima;479,428;BR-040/MG;Norte;Abalroamento longitudinal;1;0;0;0;0;0;0;0;0;0;1;0;0;0;0
29/09/2019;10:52:00;86;Acidente sem Vítima;749,7;BR-040/MG;Sul;Choque com objeto fixo;1;0;0;0;0;0;0;0;0;0;1;0;0;0;0
29/09/2019;10:35:00;80;Atropelamento sem Morte;12,048;BR-040/GO;Norte;Atropelamento de ciclista;0;1;0;1;0;0;0;0;0;0;1;1;0;0;0
29/09/2019;06:16:00;42;Acidente sem Vítima;665,65;BR-040/MG;Norte;Choque com objeto fixo;1;0;0;0;0;0;0;0;0;0;1;0;0;0;0
29/09/2019;05:38:00;39;Acidente sem Vítima;677,745;BR-040/MG;Norte;Choque com objeto fixo;1;0;0;0;0;0;0;0;0;0;1;0;0;0;0
29/09/2019;02:35:00;22;Acidente sem Vítima;690,59;BR-040/MG;Sul;Choque com objeto fixo;1;0;0;0;0;0;0;0;0;0;2;0;0;0;0
29/09/2019;01:05:00;8;Acidente sem Vítima;90,1;BR-040/GO;Norte;Outros;1;0;0;0;0;0;0;0;0;0;1;0;0;0;0
29/09/2019;00:10:00;2;Acidente sem Vítima;0,1;BR-040/DF;Sul;Colisão traseira;1;0;0;1;0;0;0;0;0;0;2;0;0;0;0
28/09/2019;23:29:00;306;Acidente sem Vítima;43,1;BR-040/MG;Sul;Colisão frontal;2;0;0;0;0;0;0;0;0;0;2;0;0;0;0
28/09/2019;22:16:00;292;Acidente com Vítima;139,1;BR-040/MG;Norte;Capotamento;1;0;0;0;0;0;0;0;0;0;0;1;0;0;0
28/09/2019;22:15:00;291;Acidente com Vítima;137,5;BR-040/MG;Sul;Capotamento;1;0;0;0;0;0;0;0;0;0;0;0;0;1;0
28/09/2019;21:14:00;284;Acidente sem Vítima;747,94;BR-040/MG;Sul;Choque com objeto fixo;1;0;0;0;0;0;0;0;0;0;1;0;0;0;0
28/09/2019;20:39:00;279;Atropelamento sem Morte;719,3;BR-040/MG;Sul;Atropelamento de pedestre atravessando;1;0;0;0;0;0;0;0;0;0;1;0;1;0;0
28/09/2019;20:25:00;276;Atropelamento sem Morte;143,325;BR-040/MG;Norte;Atropelamento de pedestre atravessando;0;0;0;1;0;0;0;0;0;0;0;3;0;0;0
28/09/2019;20:11:00;272;Acidente sem Vítima;480,5;BR-040/MG;Norte;Capotamento;1;0;0;0;0;0;0;0;0;0;3;0;0;0;0
28/09/2019;18:25:00;245;Acidente sem Vítima;258,5;BR-040/MG;Sul;Capotamento;2;0;0;0;0;0;0;0;0;0;2;0;0;0;0
28/09/2019;17:09:00;224;Acidente sem Vítima;669,1;BR-040/MG;Sul;Abalroamento transversal;2;0;0;0;0;0;0;0;0;0;3;0;0;0;0
28/09/2019;12:10:00;144;Acidente com Vítima;5,058;BR-040/GO;Norte;Abalroamento transversal;2;0;0;0;0;0;0;0;0;0;3;1;0;0;0
28/09/2019;11:48:00;139;Acidente sem Vítima;507,124;BR-040/MG;Sul;Choque em barreira New Jersey;1;0;0;0;0;0;0;0;0;0;3;0;0;0;0
28/09/2019;11:13:00;125;Atropelamento sem Morte;9,2;BR-040/GO;Sul;Atropelamento de pedestre atravessando;1;0;0;0;0;0;0;0;0;0;1;0;1;0;0
28/09/2019;02:18:00;21;Atropelamento sem Morte;701,1;BR-040/MG;Sul;Atropelamento de pedestre atravessando;0;0;0;1;0;0;0;0;0;0;2;0;1;0;0
28/09/2019;02:13:00;19;Acidente sem Vítima;615,2;BR-040/MG;Sul;Colisão traseira;0;0;1;0;1;0;0;0;0;0;3;0;0;0;0
27/09/2019;19:23:00;348;Acidente com Vítima;5,01;BR-040/GO;Norte;Choque com objeto fixo;0;0;0;1;0;0;0;0;0;0;0;0;1;0;0
27/09/2019;18:56:00;340;Atropelamento sem Morte;13,8;BR-040/GO;Sul;Atropelamento de ciclista;1;1;0;0;0;0;0;0;0;0;3;0;0;0;0
27/09/2019;18:26:00;331;Acidente com Vítima;1,1;BR-040/GO;Sul;Abalroamento longitudinal;1;0;0;1;0;0;0;0;0;0;1;1;0;0;0
27/09/2019;17:20:00;320;Acidente sem Vítima;605,05;BR-040/MG;Sul;Abalroamento longitudinal;1;0;2;0;0;0;0;0;0;0;3;0;0;0;0
27/09/2019;17:16:00;317;Acidente com Vítima;141,537;BR-040/MG;Norte;Colisão frontal;1;0;1;0;0;0;0;0;0;0;0;1;1;0;0
27/09/2019;16:59:00;314;Acidente com Vítima;543,785;BR-040/MG;Sul;Abalroamento longitudinal;0;0;0;1;1;0;0;0;0;0;1;0;1;0;0
27/09/2019;16:10:00;298;Acidente sem Vítima;6,2;BR-040/DF;Sul;Choque com objeto fixo;1;1;0;0;0;0;0;0;0;0;3;0;0;0;0
27/09/2019;15:56:00;291;Acidente sem Vítima;530,321;BR-040/MG;Sul;Colisão traseira;1;0;0;1;0;0;0;0;0;0;2;0;0;0;0
27/09/2019;14:33:00;273;Acidente com Vítima;10,1;BR-040/GO;Norte;Queda de Carga;0;0;0;0;0;0;0;0;0;0;0;1;0;0;0
27/09/2019;14:00:00;260;Acidente sem Vítima;563,15;BR-040/MG;Sul;Colisão traseira;3;0;0;0;0;0;0;0;0;0;6;0;0;0;0
27/09/2019;11:44:00;227;Acidente com Vítima;724,5;BR-040/MG;Sul;Queda de Carga;0;0;0;1;0;0;0;0;0;0;0;1;0;0;0
27/09/2019;11:00:00;212;Acidente sem Vítima;661,2;BR-040/MG;Sul;Capotamento;1;0;0;0;0;0;0;0;0;0;1;0;0;0;0
27/09/2019;07:15:00;132;Acidente com Vítima;389,6;BR-040/MG;Sul;Colisão traseira;3;0;0;0;0;0;0;0;0;0;4;0;1;0;0
27/09/2019;00:35:00;8;Acidente sem Vítima;654,2;BR-040/MG;Sul;Choque com objeto fixo;0;0;1;0;0;0;0;0;0;0;1;0;0;0;0
26/09/2019;23:58:00;339;Acidente sem Vítima;523,3;BR-040/MG;Norte;Choque com objeto fixo;1;0;0;0;0;0;0;0;0;0;1;0;0;0;0
26/09/2019;23:05:00;337;Acidente sem Vítima;305,1;BR-040/MG;Norte;Colisão traseira;2;0;0;0;0;1;0;0;0;0;5;0;0;0;0
26/09/2019;22:28:00;334;Acidente sem Vítima;526,6;BR-040/MG;Sul;Queda de Carga;0;0;0;1;0;0;0;0;0;0;1;0;0;0;0
26/09/2019;21:19:00;326;Acidente com Vítima;514,4;BR-040/MG;Sul;Capotamento;1;0;0;0;0;0;0;0;0;0;0;0;1;0;0
26/09/2019;20:49:00;318;Acidente sem Vítima;517,7;BR-040/MG;Norte;Choque com objeto fixo;1;0;0;0;0;0;0;0;0;0;3;0;0;0;0
26/09/2019;19:28:00;300;Acidente com Vítima;444,5;BR-040/MG;Sul;;1;0;0;0;0;0;0;0;0;0;0;0;1;0;0
26/09/2019;18:06:00;285;Acidente sem Vítima;3,8;BR-040/GO;Sul;Colisão traseira;3;0;0;1;0;0;0;0;0;0;4;0;0;0;0
26/09/2019;17:43:00;277;Acidente com Vítima;467,56;BR-040/MG;Sul;Capotamento;1;0;0;0;0;0;0;0;0;0;1;0;1;0;0
26/09/2019;17:37:00;274;Acidente com Vítima;639,4;BR-040/MG;Sul;Capotamento;1;0;0;0;0;0;0;0;0;0;2;2;0;0;0
26/09/2019;16:59:00;263;Acidente sem Vítima;668,618;BR-040/MG;Norte;Abalroamento transversal;1;0;0;0;1;0;0;0;0;0;7;0;0;0;0
26/09/2019;16:25:00;253;Acidente sem Vítima;91,1;BR-040/GO;Sul;Abalroamento transversal;2;0;0;0;0;0;0;0;0;0;7;0;0;0;0
26/09/2019;14:16:00;218;Acidente com Vítima;5,1;BR-040/DF;Norte;Colisão traseira;3;0;0;0;0;0;0;0;0;0;3;0;0;0;0
26/09/2019;13:49:00;214;Acidente sem Vítima;487,5;BR-040/MG;Sul;Colisão traseira;1;0;1;0;0;0;0;0;0;0;2;0;0;0;0
26/09/2019;13:25:00;207;Acidente sem Vítima;738,65;BR-040/MG;Sul;Choque com objeto fixo;1;0;0;0;0;0;0;0;0;0;2;0;0;0;0
26/09/2019;11:33:00;188;Acidente com Vítima;651,242;BR-040/MG;Norte;Choque com objeto fixo;1;0;0;0;0;0;0;0;0;0;1;1;0;0;0
26/09/2019;11:24:00;187;Acidente sem Vítima;656,329;BR-040/MG;Norte;Choque com objeto fixo;1;0;0;0;0;0;0;0;0;0;1;0;0;0;0
26/09/2019;11:06:00;178;Acidente sem Vítima;746,8;BR-040/MG;Sul;Choque com objeto fixo;1;0;0;0;0;0;0;0;0;0;1;0;0;0;0
26/09/2019;09:26:00;154;Acidente sem Vítima;717,666;BR-040/MG;Norte;Choque com objeto fixo;1;0;0;0;0;0;0;0;0;0;1;0;0;0;0
26/09/2019;08:22:00;140;Acidente sem Vítima;592,4;BR-040/MG;Norte;Choque com objeto fixo;0;0;1;0;0;0;0;0;0;0;1;0;0;0;0
26/09/2019;08:19:00;139;Atropelamento sem Morte;4,1;BR-040/GO;Norte;Atropelamento de ciclista;0;1;0;1;0;0;0;0;0;0;1;1;0;0;0
26/09/2019;07:09:00;112;Acidente com Vítima;514,6;BR-040/MG;Norte;Abalroamento longitudinal;1;0;0;1;0;0;0;0;0;0;1;1;0;0;0
26/09/2019;06:52:00;110;Acidente sem Vítima;695,4;BR-040/MG;Norte;Choque em defensa;1;0;0;0;0;0;0;0;0;0;1;0;0;0;0
26/09/2019;06:33:00;105;Acidente sem Vítima;405,45;BR-040/MG;Norte;Colisão traseira;1;0;0;1;0;0;0;0;0;0;2;0;0;0;0
26/09/2019;00:32:00;23;Acidente sem Vítima;2,9;BR-040/DF;Sul;Choque com objeto fixo;1;0;0;0;0;0;0;0;0;0;1;0;0;0;0
25/09/2019;23:43:00;384;Acidente sem Vítima;516,6;BR-040/MG;Sul;Capotamento;1;0;0;0;0;0;0;0;0;0;2;0;0;0;0
25/09/2019;23:08:00;377;Acidente sem Vítima;196,4;BR-040/MG;Norte;Colisão traseira;3;0;0;0;0;0;0;0;0;0;5;0;0;0;0
25/09/2019;22:34:00;372;Acidente sem Vítima;462,2;BR-040/MG;Sul;Colisão traseira;2;0;0;0;0;0;0;0;0;0;2;0;0;0;0
25/09/2019;21:52:00;365;Acidente sem Vítima;21,01;BR-040/GO;Norte;Capotamento;1;0;1;0;0;0;0;0;0;0;3;0;0;0;0
25/09/2019;21:06:00;351;Acidente sem Vítima;712,12;BR-040/MG;Norte;Abalroamento longitudinal;1;0;1;0;0;0;0;0;0;0;1;0;0;0;0
25/09/2019;19:56:00;327;Acidente com Morte;196,4;BR-040/MG;Norte;Queda de Moto;0;0;1;0;0;0;0;0;0;0;0;0;0;0;1
25/09/2019;18:48:00;316;Acidente sem Vítima;525,1;BR-040/MG;Norte;Colisão traseira;2;0;0;0;0;0;0;0;0;0;2;0;0;0;0
25/09/2019;18:32:00;309;Acidente sem Vítima;662,47;BR-040/MG;Sul;Choque com objeto fixo;1;0;0;0;0;0;0;0;0;0;2;0;0;0;0
25/09/2019;18:27:00;306;Acidente com Vítima;42,3;BR-040/MG;Sul;Abalroamento transversal;1;0;0;1;0;0;0;0;0;0;1;0;1;0;0
25/09/2019;18:12:00;297;Acidente sem Vítima;461,65;BR-040/MG;Sul;Colisão traseira;0;0;2;0;0;0;0;0;0;0;2;0;0;0;0
25/09/2019;17:07:00;279;Acidente com Vítima;462,604;BR-040/MG;Sul;Colisão traseira;0;0;1;0;1;0;0;0;0;0;1;12;7;9;0
25/09/2019;16:16:00;259;Acidente com Vítima;662,977;BR-040/MG;Norte;Colisão traseira;1;0;1;0;0;0;0;0;0;0;1;2;0;0;0
25/09/2019;16:15:00;258;Acidente sem Vítima;618,799;BR-040/MG;Sul;Colisão traseira;2;0;0;0;0;0;0;0;0;0;2;0;0;0;0
25/09/2019;15:45:00;247;Acidente sem Vítima;726,1;BR-040/MG;Sul;Choque com objeto fixo;1;0;0;0;0;0;0;0;0;0;1;0;0;0;0
25/09/2019;14:55:00;235;Acidente sem Vítima;749,15;BR-040/MG;Sul;Choque em defensa;1;0;0;0;0;0;0;0;0;0;1;0;0;0;0
25/09/2019;14:40:00;231;Acidente sem Vítima;739,1;BR-040/MG;Norte;Capotamento;1;0;0;0;0;0;0;0;0;0;1;0;0;0;0
25/09/2019;14:25:00;226;Acidente sem Vítima;520,65;BR-040/MG;Norte;Abalroamento longitudinal;0;0;0;2;0;0;0;0;0;0;2;0;0;0;0
25/09/2019;13:37:00;209;Acidente sem Vítima;562,2;BR-040/MG;Norte;Queda de Moto;1;0;0;0;0;0;0;0;0;0;1;0;0;0;0
25/09/2019;12:30:00;194;Acidente sem Vítima;716,45;BR-040/MG;Norte;Capotamento;1;0;0;0;0;0;0;0;0;0;1;0;0;0;0
25/09/2019;12:12:00;190;Acidente sem Vítima;661,1;BR-040/MG;Sul;;1;0;0;0;0;0;0;0;0;0;1;0;0;0;0
25/09/2019;10:41:00;171;Acidente com Vítima;535,5;BR-040/MG;Norte;Colisão traseira;0;0;0;1;0;0;0;0;0;0;0;1;0;0;0
25/09/2019;10:37:00;168;Acidente sem Vítima;536,6;BR-040/MG;Sul;Choque com objeto fixo;1;0;0;0;0;0;0;0;0;0;1;0;0;0;0
25/09/2019;09:47:00;157;Acidente com Vítima;717,1;BR-040/MG;Norte;Choque em defensa;1;0;0;0;0;0;0;0;0;0;0;1;0;0;0
25/09/2019;09:45:00;156;Acidente sem Vítima;230,556;BR-040/MG;Norte;Colisão traseira;1;0;2;0;0;0;0;0;0;0;5;0;0;0;0
25/09/2019;08:51:00;140;Acidente sem Vítima;638,5;BR-040/MG;Norte;Choque com objeto fixo;1;0;0;0;0;0;0;0;0;0;1;0;0;0;0
25/09/2019;08:22:00;132;Acidente sem Vítima;16,296;BR-040/MG;Sul;Queda de Carga;0;0;1;0;0;0;0;0;0;0;1;0;0;0;0
25/09/2019;07:31:00;106;Acidente sem Vítima;74,1;BR-040/GO;Sul;Colisão traseira;0;0;2;0;0;0;0;0;0;0;2;0;0;0;0
25/09/2019;04:56:00;68;Acidente sem Vítima;150,5;BR-040/MG;Sul;Colisão traseira;1;0;1;0;0;0;0;0;0;0;2;0;0;0;0
24/09/2019;20:06:00;307;Acidente com Vítima;633,06;BR-040/MG;Sul;Abalroamento transversal;1;0;0;1;0;0;0;0;0;0;1;1;0;0;0
24/09/2019;19:36:00;296;Acidente sem Vítima;92,65;BR-040/GO;Sul;Abalroamento transversal;2;0;0;0;0;0;0;0;0;0;4;0;0;0;0
24/09/2019;18:34:00;280;Acidente sem Vítima;531,1;BR-040/MG;Sul;Colisão traseira;0;0;0;1;1;0;0;0;0;0;2;0;0;0;0
24/09/2019;18:04:00;273;Acidente sem Vítima;487,01;BR-040/MG;Sul;Colisão traseira;1;0;1;0;0;0;0;0;0;0;3;0;0;0;0
24/09/2019;17:41:00;269;Acidente com Vítima;536,1;BR-040/MG;Norte;Colisão traseira;2;0;0;1;0;0;0;0;0;0;3;1;0;0;0
24/09/2019;16:35:00;253;Acidente com Vítima;584,1;BR-040/MG;Sul;Abalroamento transversal;1;0;1;0;0;0;0;0;0;0;1;0;0;1;0
24/09/2019;13:43:00;213;Acidente com Vítima;337,291;BR-040/MG;Norte;Colisão frontal;2;0;1;0;0;0;0;0;0;0;3;1;0;1;0
24/09/2019;12:48:00;203;Acidente sem Vítima;503,1;BR-040/MG;Sul;Abalroamento longitudinal;1;0;1;0;0;0;0;0;0;0;2;0;0;0;0
24/09/2019;09:21:00;154;Acidente com Vítima;467,7;BR-040/MG;Sul;Choque com objeto fixo;1;0;0;0;0;0;0;0;0;0;0;1;0;0;0
24/09/2019;08:53:00;141;Acidente com Vítima;532,122;BR-040/MG;Sul;Colisão traseira;2;0;0;0;0;0;0;0;0;0;2;1;0;0;0
24/09/2019;08:05:00;127;Acidente sem Vítima;534,211;BR-040/MG;Norte;Abalroamento longitudinal;1;0;1;0;0;0;0;0;0;0;2;0;0;0;0
24/09/2019;07:12:00;108;Acidente sem Vítima;656,1;BR-040/MG;Norte;Choque com objeto fixo;1;0;0;0;0;0;0;0;0;0;1;0;0;0;0
24/09/2019;06:31:00;99;Acidente com Vítima;538,3;BR-040/MG;Norte;Abalroamento longitudinal;1;0;0;1;0;0;0;0;0;0;1;1;0;0;0
24/09/2019;03:18:00;39;Acidente sem Vítima;495,7;BR-040/MG;Sul;Colisão traseira;0;0;2;0;0;0;0;0;0;0;2;0;0;0;0
24/09/2019;00:01:00;2;Acidente sem Vítima;349,425;BR-040/MG;Norte;Outros;0;0;1;0;0;0;0;0;0;0;27;0;0;0;0
23/09/2019;18:55:00;294;Acidente com Vítima;717,1;BR-040/MG;Norte;Queda de Carga;1;0;0;0;0;0;0;0;0;0;1;3;0;0;0
23/09/2019;15:52:00;256;Acidente sem Vítima;6,396;BR-040/GO;Norte;Colisão traseira;1;0;0;0;1;0;0;0;0;0;4;0;0;0;0
23/09/2019;08:22:00;137;Acidente com Vítima;549,615;BR-040/MG;Sul;Queda de Carga;0;0;0;1;0;1;0;0;0;0;1;0;0;1;0
23/09/2019;07:29:00;124;Acidente sem Vítima;113,344;BR-040/GO;Norte;Capotamento;1;0;0;0;0;0;0;0;0;0;2;0;0;0;0
23/09/2019;06:29:00;97;Acidente com Vítima;535,474;BR-040/MG;Norte;Queda de Carga;0;0;1;0;0;0;0;0;0;0;0;0;1;0;0
23/09/2019;00:22:00;4;Acidente sem Vítima;728,015;BR-040/MG;Sul;Choque com objeto fixo;1;0;0;0;0;0;0;0;0;0;4;0;0;0;0
23/09/2019;00:14:00;2;Acidente sem Vítima;590,12;BR-040/MG;Norte;Choque com objeto fixo;1;0;0;0;0;0;0;0;0;0;1;0;0;0;0
22/09/2019;22:19:00;260;Acidente sem Vítima;5,12;BR-040/GO;Norte;Choque com objeto fixo;2;0;0;0;0;0;0;0;0;0;3;0;0;0;0
22/09/2019;21:48:00;255;Acidente com Vítima;730,315;BR-040/MG;Norte;Choque em barreira New Jersey;1;0;0;0;0;0;0;0;0;0;1;1;0;0;0
22/09/2019;21:34:00;249;Acidente com Vítima;97,12;BR-040/GO;Norte;Capotamento;2;0;0;0;0;0;0;0;0;0;0;0;1;0;0
22/09/2019;21:05:00;245;Acidente sem Vítima;458,64;BR-040/MG;Sul;Queda de Carga;0;0;0;1;0;0;0;0;0;0;0;0;0;1;0
22/09/2019;21:00:00;243;Acidente sem Vítima;544,1;BR-040/MG;Sul;;1;0;0;0;0;0;0;0;0;0;2;0;0;0;0
22/09/2019;20:22:00;226;Acidente sem Vítima;491,2;BR-040/MG;Sul;Choque com objeto fixo;1;0;0;0;0;0;0;0;0;0;1;0;0;0;0
22/09/2019;19:44:00;217;Acidente sem Vítima;305,1;BR-040/MG;Norte;Atropelamento de animal;1;0;0;0;0;0;0;0;0;0;1;0;0;0;0
22/09/2019;19:38:00;212;Acidente sem Vítima;491,2;BR-040/MG;Sul;Choque com objeto fixo;1;0;0;0;0;0;0;0;0;0;1;0;0;0;0
22/09/2019;19:19:00;204;Acidente sem Vítima;717,5;BR-040/MG;Norte;Choque em barreira New Jersey;1;0;0;0;0;0;0;0;0;0;3;0;0;0;0
22/09/2019;17:50:00;172;Acidente sem Vítima;731,5;BR-040/MG;Sul;Choque com objeto fixo;1;0;0;0;0;0;0;0;0;0;1;0;0;0;0