data;horario;n_da_ocorrencia;tipo_de_ocorrencia;km;trecho;sentido;tipo_de_acidente;automovel;bicicleta;caminhao;moto;onibus;outros;tracao_animal;transporte_de_cargas_especiais;trator_maquinas;utilitarios;ilesos;levemente_feridos;moderadamente_feridos;gravemente_feridos;mortos
29/08/2019;19:30:00;288;Acidente sem Vítima;525,5;BR-040/MG;Norte;Abalroamento longitudinal;1;0;0;0;1;0;0;0;0;0;41;0;0;0;0
29/08/2019;15:53:00;233;Acidente sem Vítima;180,5;BR-040/MG;Norte;Queda de Carga;0;0;0;1;0;0;0;0;0;0;1;0;0;0;0
29/08/2019;15:48:00;232;Acidente com Vítima;632,1;BR-040/MG;Norte;Abalroamento transversal;1;0;0;1;0;0;0;0;0;0;1;0;1;0;0
29/08/2019;15:18:00;225;Acidente sem Vítima;4,3;BR-040/DF;Sul;Choque com objeto fixo;2;0;0;0;0;0;0;0;0;0;2;0;0;0;0
29/08/2019;11:00:00;184;Acidente com Vítima;645,5;BR-040/MG;Sul;Abalroamento transversal;2;0;0;0;0;0;0;0;0;0;0;0;4;0;0
29/08/2019;10:56:00;183;Acidente sem Vítima;447,3;BR-040/MG;Norte;Abalroamento longitudinal;1;0;1;0;0;1;0;0;0;0;3;0;0;0;0
29/08/2019;08:07:00;134;Acidente com Vítima;540,9;BR-040/MG;Sul;Colisão traseira;1;0;0;1;0;0;0;0;0;0;1;1;0;0;0
29/08/2019;03:04:00;68;Atropelamento sem Morte;3,6;BR-040/GO;Sul;Atropelamento de pedestre caminhando;1;0;0;0;0;0;0;0;0;0;2;0;2;0;0
29/08/2019;01:58:00;59;Acidente com Vítima;3,9;BR-040/GO;Sul;Colisão traseira;2;0;0;0;0;0;0;0;0;0;2;1;0;0;0
28/08/2019;23:18:00;343;Acidente sem Vítima;555,3;BR-040/MG;Norte;Choque com objeto fixo;1;0;0;0;0;0;0;0;0;0;1;0;0;0;0
28/08/2019;20:03:00;303;Acidente com Vítima;506,5;BR-040/MG;Norte;Colisão traseira;1;0;0;1;0;0;0;0;0;0;2;1;0;0;0
28/08/2019;17:19:00;264;Acidente sem Vítima;725,1;BR-040/MG;Norte;Outros;1;0;0;0;0;1;0;0;0;0;2;0;0;0;0
28/08/2019;16:00:00;241;Acidente sem Vítima;528,25;BR-040/MG;Sul;Colisão traseira;0;0;2;0;1;0;0;0;0;0;3;0;0;0;0
28/08/2019;12:20:00;194;Acidente sem Vítima;763,5;BR-040/MG;Norte;Colisão traseira;2;0;0;0;0;0;0;0;0;0;2;0;0;0;0
28/08/2019;10:38:00;165;Acidente com Vítima;509,1;BR-040/MG;Norte;Abalroamento longitudinal;1;0;0;1;0;0;0;0;0;0;1;1;0;0;0
28/08/2019;07:25:00;120;Acidente com Vítima;41,257;BR-040/MG;Norte;Abalroamento transversal;1;0;0;1;0;0;0;0;0;0;1;1;0;0;0
28/08/2019;07:08:00;117;Acidente sem Vítima;6,5;BR-040/GO;Norte;Colisão traseira;2;0;0;0;0;0;0;0;0;0;2;0;0;0;0
28/08/2019;07:02:00;115;Acidente sem Vítima;587,58;BR-040/MG;Norte;Colisão traseira;1;0;2;0;0;0;0;0;0;0;5;0;0;0;0
28/08/2019;06:45:00;112;Acidente com Vítima;3,1;BR-040/GO;Norte;Abalroamento longitudinal;1;0;0;1;0;0;0;0;0;0;1;1;0;0;0
28/08/2019;06:37:00;109;Acidente com Vítima;517,9;BR-040/MG;Sul;Abalroamento longitudinal;1;0;0;1;0;0;0;0;0;0;1;1;0;0;0
28/08/2019;06:32:00;105;Acidente sem Vítima;586,5;BR-040/MG;Sul;Queda de Carga;0;0;1;0;0;0;0;0;0;0;1;0;0;0;0
28/08/2019;06:14:00;101;Acidente sem Vítima;461,1;BR-040/MG;Sul;Choque com objeto fixo;1;0;0;0;0;0;0;0;0;0;1;0;0;0;0
27/08/2019;23:12:00;391;Acidente sem Vítima;494,04;BR-040/MG;Norte;Atropelamento de animal;1;0;0;0;0;0;0;0;0;0;1;0;0;0;0
27/08/2019;22:30:00;386;Acidente com Vítima;12,2;BR-040/GO;Norte;Colisão traseira;1;0;0;1;0;0;0;0;0;0;1;0;1;0;0
27/08/2019;21:27:00;374;Acidente com Vítima;13,7;BR-040/GO;Norte;Queda de Carga;0;0;0;1;0;0;0;0;0;0;0;1;0;0;0
27/08/2019;21:11:00;371;Acidente com Vítima;39,95;BR-040/MG;Norte;Abalroamento longitudinal;1;0;0;1;0;0;0;0;0;0;1;2;0;0;0
27/08/2019;19:16:00;345;Acidente sem Vítima;586,1;BR-040/MG;Norte;Colisão traseira;0;0;1;0;1;0;0;0;0;0;15;0;0;0;0
27/08/2019;19:09:00;343;Acidente sem Vítima;532,1;BR-040/MG;Norte;Colisão traseira;2;0;0;1;0;0;0;0;0;0;3;0;0;0;0
27/08/2019;17:12:00;317;Acidente com Vítima;536,6;BR-040/MG;Norte;Abalroamento longitudinal;0;0;0;1;0;0;0;0;0;0;1;1;0;0;0
27/08/2019;15:28:00;287;Acidente sem Vítima;535,458;BR-040/MG;Norte;Colisão traseira;0;0;2;0;0;0;0;0;0;0;2;0;0;0;0
27/08/2019;10:34:00;197;Acidente sem Vítima;588,003;BR-040/MG;Sul;Abalroamento longitudinal;2;0;0;0;0;0;0;0;0;0;2;0;0;0;0
27/08/2019;07:18:00;105;Acidente com Vítima;3,1;BR-040/DF;Norte;Colisão traseira;0;0;0;2;0;0;0;0;0;0;3;1;0;0;0
27/08/2019;06:47:00;94;Acidente sem Vítima;739,3;BR-040/MG;Norte;Choque em defensa;1;0;0;0;0;0;0;0;0;0;1;0;0;0;0
26/08/2019;22:28:00;362;Acidente sem Vítima;544,4;BR-040/MG;Norte;Abalroamento longitudinal;2;0;0;0;0;0;0;0;0;0;2;0;0;0;0
26/08/2019;20:36:00;337;Acidente sem Vítima;533,1;BR-040/MG;Norte;Colisão traseira;2;0;0;0;0;0;0;0;0;0;2;0;0;0;0
26/08/2019;19:35:00;327;Acidente sem Vítima;53,5;BR-040/GO;Sul;Choque em defensa;1;0;0;0;0;0;0;0;0;0;1;0;0;0;0
26/08/2019;19:15:00;322;Acidente sem Vítima;587,1;BR-040/MG;Norte;Outros;0;0;2;0;0;0;0;0;0;0;2;0;0;0;0
26/08/2019;19:11:00;320;Acidente com Vítima;10,35;BR-040/GO;Norte;Abalroamento longitudinal;1;0;0;1;0;0;0;0;0;0;1;0;1;0;0
26/08/2019;18:31:00;312;Acidente com Vítima;637,7;BR-040/MG;Norte;Choque com objeto fixo;0;0;1;0;0;0;0;0;0;0;0;0;0;0;0
26/08/2019;14:58:00;261;Acidente com Vítima;527,098;BR-040/MG;Norte;Queda de Carga;0;0;0;1;0;0;0;0;0;0;0;1;0;0;0
26/08/2019;14:56:00;260;Acidente sem Vítima;487,033;BR-040/MG;Sul;Colisão traseira;1;0;0;1;0;0;0;0;0;0;3;0;0;0;0
26/08/2019;13:41:00;247;Acidente com Vítima;5,1;BR-040/GO;Norte;Colisão traseira;2;0;0;0;0;0;0;0;0;0;5;2;0;0;0
26/08/2019;09:09:00;157;Acidente com Vítima;516,058;BR-040/MG;Sul;Colisão traseira;2;0;1;0;0;0;0;0;0;0;2;0;1;0;0
26/08/2019;07:05:00;101;Acidente com Vítima;14,1;BR-040/GO;Sul;Queda de Carga;0;0;0;1;0;0;0;0;0;0;1;1;0;0;0
26/08/2019;06:50:00;97;Acidente sem Vítima;532,572;BR-040/MG;Sul;Colisão traseira;0;0;3;0;0;0;0;0;0;0;3;0;0;0;0
26/08/2019;04:20:00;84;Acidente sem Vítima;75,9;BR-040/GO;Sul;Colisão traseira;0;0;2;0;0;0;0;0;0;0;2;0;0;0;0
26/08/2019;00:15:00;14;Acidente com Morte;695,73;BR-040/MG;Sul;Colisão frontal;1;0;1;0;0;0;0;0;0;0;32;1;0;0;1
25/08/2019;23:37:00;280;Acidente com Vítima;485,2;BR-040/MG;Sul;Colisão traseira;1;0;0;0;0;0;0;0;0;0;0;0;0;2;0
25/08/2019;20:49:00;247;Acidente sem Vítima;110,1;BR-040/GO;Sul;Atropelamento de animal;1;0;0;0;0;0;0;0;0;0;1;0;0;0;0
25/08/2019;20:31:00;237;Acidente com Vítima;552,7;BR-040/MG;Norte;Colisão traseira;2;0;0;0;0;0;0;0;0;0;3;1;1;0;0
25/08/2019;18:53:00;211;Acidente com Vítima;552,6;BR-040/MG;Norte;Colisão traseira;2;0;0;0;0;0;0;0;0;0;4;1;0;0;0
25/08/2019;18:50:00;208;Acidente com Vítima;519,3;BR-040/MG;Norte;Queda de Moto;0;0;0;1;0;0;0;0;0;0;0;1;0;0;0
25/08/2019;18:39:00;204;Acidente sem Vítima;552,3;BR-040/MG;Norte;Colisão traseira;2;0;0;0;0;0;0;0;0;0;4;0;0;0;0
25/08/2019;17:58:00;191;Acidente sem Vítima;419,9;BR-040/MG;Norte;Capotamento;1;0;0;0;0;0;0;0;0;0;2;0;0;0;0
25/08/2019;17:52:00;189;Acidente com Vítima;502,8;BR-040/MG;Sul;Capotamento;1;0;0;0;0;0;0;0;0;0;2;1;0;0;0
25/08/2019;17:38:00;181;Acidente sem Vítima;585,078;BR-040/MG;Norte;Capotamento;1;0;0;0;0;0;0;0;0;0;2;0;0;0;0
25/08/2019;17:00:00;171;Acidente sem Vítima;699,3;BR-040/MG;Norte;Choque com objeto fixo;1;0;0;0;0;0;0;0;0;0;2;0;0;0;0
25/08/2019;15:46:00;156;Acidente com Morte;680,637;BR-040/MG;Norte;Choque em defensa;0;0;0;1;0;0;0;0;0;0;0;0;1;0;1
25/08/2019;07:03:00;48;Acidente sem Vítima;583,933;BR-040/MG;Sul;Queda de Carga;0;0;1;0;0;0;0;0;0;0;1;0;0;0;0
25/08/2019;05:10:00;38;Acidente sem Vítima;509,7;BR-040/MG;Norte;Choque com objeto fixo;1;0;0;0;0;0;0;0;0;0;1;0;0;0;0
25/08/2019;04:50:00;35;Acidente sem Vítima;478,1;BR-040/MG;Norte;Choque com objeto fixo;1;0;0;0;0;0;0;0;0;0;3;0;0;0;0
25/08/2019;03:24:00;28;Acidente sem Vítima;593,685;BR-040/MG;Norte;Choque com objeto fixo;1;0;0;0;0;0;0;0;0;0;1;0;0;0;0
25/08/2019;03:04:00;25;Acidente sem Vítima;7,003;BR-040/DF;Sul;Choque com objeto fixo;1;0;0;0;0;0;0;0;0;0;2;0;0;0;0
24/08/2019;23:16:00;311;Acidente sem Vítima;717,8;BR-040/MG;Sul;Choque com objeto fixo;1;0;0;0;0;0;0;0;0;0;1;0;0;0;0
24/08/2019;23:15:00;310;Acidente com Vítima;545,7;BR-040/MG;Sul;Choque com objeto fixo;1;0;0;0;0;0;0;0;0;0;0;0;1;0;0
24/08/2019;20:27:00;285;Acidente sem Vítima;503,3;BR-040/MG;Sul;Abalroamento longitudinal;2;0;0;0;0;0;0;0;0;0;2;0;0;0;0
24/08/2019;19:43:00;275;Acidente com Vítima;26,5;BR-040/GO;Norte;Abalroamento longitudinal;0;0;1;1;0;0;0;0;0;0;1;0;1;0;0
24/08/2019;18:47:00;260;Acidente sem Vítima;465,1;BR-040/MG;Norte;Atropelamento de animal;1;0;0;0;0;0;0;0;0;0;2;0;0;0;0
24/08/2019;17:25:00;238;Acidente com Vítima;534,14;BR-040/MG;Sul;Capotamento;1;0;0;0;0;0;0;0;0;0;0;2;0;0;0
24/08/2019;15:04:00;190;Acidente sem Vítima;5,6;BR-040/GO;Sul;Colisão traseira;2;0;0;0;0;0;0;0;0;0;2;0;0;0;0
24/08/2019;11:00:00;145;Acidente com Vítima;19,2;BR-040/GO;Norte;Abalroamento longitudinal;0;0;0;2;0;0;0;0;0;0;1;1;0;0;0
24/08/2019;10:55:00;143;Acidente sem Vítima;519,1;BR-040/MG;Sul;Queda de Carga;0;0;0;1;0;0;0;0;0;0;1;0;0;0;0
24/08/2019;10:46:00;139;Acidente com Vítima;556,1;BR-040/MG;Sul;Colisão traseira;5;0;0;0;0;0;0;0;0;0;5;1;0;0;0
24/08/2019;10:05:00;131;Acidente com Morte;122,449;BR-040/GO;Norte;Capotamento;0;0;1;0;0;0;0;0;0;0;0;0;0;0;1
24/08/2019;08:39:00;108;Acidente sem Vítima;180,5;BR-040/MG;Sul;Queda de Carga;1;0;1;0;0;0;0;0;0;0;3;0;0;0;0
24/08/2019;07:22:00;93;Atropelamento sem Morte;12,4;BR-040/GO;Sul;Atropelamento de ciclista;1;0;0;0;0;1;0;0;0;0;2;0;0;0;0
24/08/2019;06:40:00;80;Acidente sem Vítima;587,1;BR-040/MG;Sul;Choque com objeto fixo;1;0;0;0;0;1;0;0;0;0;2;0;0;0;0
24/08/2019;05:31:00;73;Acidente sem Vítima;545,5;BR-040/MG;Sul;Choque com objeto fixo;1;0;0;0;0;0;0;0;0;0;1;0;0;0;0
24/08/2019;02:55:00;52;Atropelamento com Morte;2,21;BR-040/GO;Sul;Atropelamento de pedestre caminhando;1;0;0;0;0;0;0;0;0;0;2;0;0;0;1
24/08/2019;01:13:00;20;Acidente sem Vítima;730,1;BR-040/MG;Norte;Choque em defensa;0;0;1;0;0;0;0;0;0;0;1;0;0;0;0
23/08/2019;21:50:00;412;Acidente sem Vítima;513,01;BR-040/MG;Sul;Colisão traseira;3;0;0;0;0;0;0;0;0;0;4;0;0;0;0
23/08/2019;21:13:00;401;Acidente com Vítima;585,6;BR-040/MG;Norte;Choque com objeto fixo;1;0;0;0;0;0;0;0;0;0;1;0;1;0;0
23/08/2019;20:27:00;385;Acidente sem Vítima;664,1;BR-040/MG;Sul;Atropelamento de animal;1;0;0;0;0;0;0;0;0;0;3;0;0;0;0
23/08/2019;19:55:00;363;Acidente sem Vítima;0;Fora_Rota;Leste;Queda de Carga;0;0;1;0;0;0;0;0;0;0;1;0;0;0;0
23/08/2019;18:19:00;329;Acidente sem Vítima;545,15;BR-040/MG;Sul;Colisão traseira;5;0;0;0;0;0;0;0;0;0;5;0;0;0;0
23/08/2019;17:59:00;322;Acidente sem Vítima;741,1;BR-040/MG;Norte;Capotamento;1;0;0;0;0;0;0;0;0;0;2;0;0;0;0
23/08/2019;17:53:00;320;Acidente sem Vítima;749,8;BR-040/MG;Sul;Choque com objeto fixo;1;0;0;0;0;0;0;0;0;0;1;0;0;0;0
23/08/2019;17:48:00;318;Acidente sem Vítima;717,2;BR-040/MG;Norte;Capotamento;1;0;0;0;0;0;0;0;0;0;5;0;0;0;0
23/08/2019;16:53:00;303;Acidente sem Vítima;544,068;BR-040/MG;Sul;Choque em barreira New Jersey;1;0;0;0;0;0;0;0;0;0;1;0;0;0;0
23/08/2019;16:50:00;302;Acidente com Vítima;605,972;BR-040/MG;Norte;Colisão frontal;0;0;2;0;1;0;0;0;0;0;5;12;5;0;0
23/08/2019;16:45:00;299;Acidente sem Vítima;579,4;BR-040/MG;Sul;Choque em barreira New Jersey;1;0;0;0;0;0;0;0;0;0;1;0;0;0;0
23/08/2019;16:33:00;296;Acidente sem Vítima;656,7;BR-040/MG;Norte;Choque em barreira New Jersey;1;0;0;0;0;0;0;0;0;0;1;0;0;0;0
23/08/2019;16:22:00;292;Acidente sem Vítima;605,9;BR-040/MG;Norte;Choque com objeto fixo;0;0;0;0;0;0;0;0;0;1;1;0;0;0;0
23/08/2019;16:13:00;290;Acidente sem Vítima;538,2;BR-040/MG;Sul;Choque com objeto fixo;1;0;0;0;0;0;0;0;0;0;1;0;0;0;0
23/08/2019;16:01:00;285;Acidente com Vítima;513,2;BR-040/MG;Norte;Abalroamento longitudinal;0;0;0;1;0;0;0;0;0;0;0;0;1;0;0
23/08/2019;15:13:00;274;Acidente com Vítima;513,165;BR-040/MG;Sul;Choque com objeto fixo;1;0;0;0;0;0;0;0;0;0;1;0;0;0;0
23/08/2019;14:50:00;269;Acidente sem Vítima;661,3;BR-040/MG;Sul;Outros;1;0;0;0;0;0;0;0;0;0;1;0;0;0;0
23/08/2019;14:49:00;268;Acidente com Vítima;5,1;BR-040/GO;Norte;Queda de Carga;2;0;0;0;0;0;0;0;0;0;2;1;0;0;0
23/08/2019;13:50:00;253;Acidente com Vítima;552,65;BR-040/MG;Sul;Abalroamento longitudinal;1;0;0;1;0;0;0;0;0;0;2;1;0;0;0
23/08/2019;13:42:00;248;Acidente sem Vítima;462,736;BR-040/MG;Norte;Colisão traseira;1;0;0;0;0;0;0;0;0;0;1;0;0;0;0
23/08/2019;12:44:00;232;Acidente com Vítima;462,736;BR-040/MG;Sul;Abalroamento longitudinal;2;0;0;0;0;0;0;0;0;0;0;1;1;0;0
23/08/2019;12:18:00;224;Acidente com Vítima;764,3;BR-040/MG;Sul;Capotamento;1;0;0;0;0;0;0;0;0;0;1;1;0;0;0
23/08/2019;11:00:00;210;Acidente sem Vítima;731,8;BR-040/MG;Sul;Choque em barreira New Jersey;1;0;0;0;0;0;0;0;0;0;2;0;0;0;0
23/08/2019;09:21:00;172;Acidente sem Vítima;719,7;BR-040/MG;Norte;Choque em barreira New Jersey;1;0;0;0;0;0;0;0;0;0;1;0;0;0;0
23/08/2019;09:06:00;171;Acidente sem Vítima;539,412;BR-040/MG;Sul;Colisão traseira;3;0;0;0;0;0;0;0;0;0;3;0;0;0;0
23/08/2019;08:44:00;158;Acidente sem Vítima;38,4;BR-040/GO;Sul;Colisão traseira;2;0;0;0;0;0;0;0;0;0;4;0;0;0;0
23/08/2019;08:26:00;152;Acidente sem Vítima;754,7;BR-040/MG;Sul;Capotamento;1;0;0;0;0;0;0;0;0;0;1;0;0;0;0
23/08/2019;08:11:00;142;Acidente sem Vítima;458,4;BR-040/MG;Sul;Colisão traseira;0;0;2;0;0;0;0;0;0;0;2;0;0;0;0
23/08/2019;06:49:00;108;Atropelamento sem Morte;537,45;BR-040/MG;Sul;Atropelamento de pedestre atravessando;0;0;0;1;0;0;0;0;0;0;2;1;0;0;0
23/08/2019;06:33:00;102;Acidente sem Vítima;713,5;BR-040/MG;Norte;Capotamento;1;0;0;0;0;0;0;0;0;0;2;0;0;0;0
23/08/2019;06:17:00;99;Acidente com Vítima;575,006;BR-040/MG;Sul;Choque com objeto fixo;0;0;1;0;0;0;0;0;0;0;0;0;1;0;0
22/08/2019;22:59:00;421;Acidente sem Vítima;7,15;BR-040/GO;Norte;Colisão traseira;2;0;0;0;0;0;0;0;0;0;2;0;0;0;0
22/08/2019;22:17:00;409;Acidente sem Vítima;5,3;BR-040/GO;Norte;Colisão traseira;1;0;1;0;0;0;0;0;0;0;2;0;0;0;0
22/08/2019;20:39:00;386;Acidente sem Vítima;35,65;BR-040/GO;Sul;Atropelamento de animal;0;0;1;0;0;0;0;0;0;0;1;0;0;0;0
22/08/2019;16:38:00;325;Acidente sem Vítima;537,65;BR-040/MG;Norte;Choque em barreira New Jersey;0;0;1;1;0;0;0;0;0;0;2;0;0;0;0
22/08/2019;15:44:00;312;Acidente sem Vítima;576,2;BR-040/MG;Sul;Colisão traseira;2;0;1;0;0;0;0;0;0;0;3;0;0;0;0
22/08/2019;11:58:00;251;Acidente sem Vítima;640,688;BR-040/MG;Sul;Choque com objeto fixo;1;0;0;0;0;0;0;0;0;0;2;0;0;0;0
22/08/2019;07:58:00;166;Acidente sem Vítima;543,372;BR-040/MG;Sul;Choque em veículo parado na pista;0;0;1;1;0;0;0;0;0;0;2;0;0;0;0
22/08/2019;07:14:00;142;Acidente com Vítima;1,2;BR-040/GO;Norte;Abalroamento longitudinal;1;0;0;1;0;0;0;0;0;0;1;0;1;0;0
22/08/2019;07:05:00;120;Acidente com Vítima;534,743;BR-040/MG;Sul;Abalroamento longitudinal;1;0;0;1;0;0;0;0;0;0;1;1;0;0;0
22/08/2019;02:48:00;45;Acidente sem Vítima;591,29;BR-040/MG;Norte;Choque em defensa;2;0;0;0;0;0;0;0;0;0;2;0;0;0;0
22/08/2019;00:31:00;25;Acidente com Morte;278,07;BR-040/MG;Sul;Colisão frontal;1;0;1;0;0;0;0;0;0;0;1;0;0;1;1
21/08/2019;19:31:00;467;Acidente sem Vítima;169,5;BR-040/MG;Norte;Abalroamento longitudinal;2;0;0;0;0;0;0;0;0;0;2;0;0;0;0
21/08/2019;17:30:00;337;Acidente com Vítima;446,1;BR-040/MG;Sul;Capotamento;1;0;0;0;0;0;0;0;0;0;0;0;1;0;0
21/08/2019;11:23:00;229;Acidente sem Vítima;203,2;BR-040/MG;Sul;Choque com objeto fixo;1;0;0;0;0;0;0;0;0;0;1;0;0;0;0
21/08/2019;02:06:00;72;Acidente sem Vítima;547,1;BR-040/MG;Sul;Colisão traseira;0;0;2;0;0;0;0;0;0;0;2;0;0;0;0
21/08/2019;00:54:00;52;Acidente sem Vítima;592,48;BR-040/MG;Norte;Choque em defensa;1;0;0;0;0;0;0;0;0;0;2;0;0;0;0
20/08/2019;23:27:00;413;Acidente sem Vítima;484,1;BR-040/MG;Sul;Outros;1;0;0;0;0;0;0;0;0;0;1;0;0;0;0
20/08/2019;20:47:00;375;Atropelamento sem Morte;471,2;BR-040/MG;Norte;Atropelamento de pedestre caminhando;0;0;0;1;0;0;0;0;0;0;0;0;0;2;0
20/08/2019;20:07:00;355;Acidente sem Vítima;618,185;BR-040/MG;Norte;Choque com objeto fixo;0;0;1;0;0;0;0;0;0;0;1;0;0;0;0
20/08/2019;19:20:00;339;Acidente sem Vítima;730,3;BR-040/MG;Norte;Choque em barreira New Jersey;1;0;0;0;0;0;0;0;0;0;1;0;0;0;0
20/08/2019;18:31:00;318;Acidente com Vítima;43,061;BR-040/MG;Sul;Abalroamento transversal;1;0;0;1;0;0;0;0;0;0;2;0;1;1;0
20/08/2019;17:27:00;293;Acidente sem Vítima;538,1;BR-040/MG;Norte;Colisão traseira;2;0;0;0;0;0;0;0;0;0;2;0;0;0;0
20/08/2019;17:13:00;286;Acidente sem Vítima;657,1;BR-040/MG;Sul;Choque com objeto fixo;1;0;0;0;0;0;0;0;0;0;1;0;0;0;0
20/08/2019;15:07:00;242;Acidente sem Vítima;577,1;BR-040/MG;Sul;Colisão traseira;0;0;2;0;0;0;0;0;0;0;2;0;0;0;0
20/08/2019;13:20:00;208;Acidente sem Vítima;503,1;BR-040/MG;Sul;Choque em defensa;1;0;0;0;0;0;0;0;0;0;1;0;0;0;0
20/08/2019;12:04:00;194;Acidente com Vítima;282,01;BR-040/MG;Norte;Abalroamento transversal;1;0;1;0;0;0;0;0;0;0;5;1;0;0;0
20/08/2019;11:52:00;190;Acidente sem Vítima;2,2;BR-040/GO;Norte;Colisão traseira;1;0;0;1;0;0;0;0;0;0;2;0;0;0;0
20/08/2019;11:32:00;185;Acidente com Vítima;656,328;BR-040/MG;Norte;Capotamento;1;0;0;0;0;0;0;0;0;0;0;1;1;0;0
20/08/2019;09:08:00;147;Acidente sem Vítima;527,1;BR-040/MG;Norte;Queda de Carga;0;0;0;1;0;0;0;0;0;0;1;0;0;0;0
20/08/2019;08:32:00;135;Acidente sem Vítima;2,035;BR-040/GO;Sul;Colisão traseira;3;0;0;0;0;0;0;0;0;0;3;0;0;0;0
20/08/2019;04:02:00;80;Acidente sem Vítima;140,7;BR-040/MG;Norte;Atropelamento de animal;0;0;1;0;0;0;0;0;0;0;12;0;0;0;0
20/08/2019;00:02:00;1;Acidente com Vítima;490,3;BR-040/MG;Norte;Colisão frontal;2;0;0;0;0;0;0;0;0;0;0;1;2;1;0
19/08/2019;22:13:00;344;Acidente com Vítima;7,8;BR-040/DF;Norte;Capotamento;1;0;0;0;0;0;0;0;0;0;0;0;0;1;0
19/08/2019;20:02:00;323;Atropelamento sem Morte;701,4;BR-040/MG;Sul;Atropelamento de pedestre atravessando;1;0;0;0;0;0;0;0;0;0;3;0;1;0;0
19/08/2019;17:25:00;284;Acidente sem Vítima;513,45;BR-040/MG;Sul;Colisão traseira;2;0;0;0;0;0;0;0;0;0;6;0;0;0;0
19/08/2019;14:47:00;237;Acidente com Vítima;514,116;BR-040/MG;Sul;Colisão traseira;0;0;1;0;0;1;0;0;0;0;3;0;1;0;0
19/08/2019;08:59:00;156;Acidente com Vítima;106,2;BR-040/GO;Norte;Outros;1;0;0;0;0;0;0;0;0;0;1;1;0;0;0
19/08/2019;07:03:00;118;Acidente sem Vítima;512,65;BR-040/MG;Sul;Colisão traseira;2;0;0;0;0;0;0;0;0;0;5;0;0;0;0
19/08/2019;06:50:00;115;Acidente com Vítima;539,37;BR-040/MG;Sul;Abalroamento longitudinal;1;0;0;1;0;0;0;0;0;0;1;2;0;0;0
19/08/2019;05:16:00;95;Acidente com Morte;62,602;BR-040/MG;Norte;Colisão frontal;1;0;0;0;0;1;0;0;0;0;3;3;0;0;1
19/08/2019;01:06:00;10;Acidente sem Vítima;129,7;BR-040/GO;Norte;Choque com objeto fixo;2;0;0;0;0;0;0;0;0;0;4;0;0;0;0
18/08/2019;21:41:00;270;Acidente sem Vítima;755,5;BR-040/MG;Norte;Colisão traseira;2;0;0;0;0;0;0;0;0;0;3;0;0;0;0
18/08/2019;21:33:00;267;Acidente sem Vítima;448,15;BR-040/MG;Sul;Choque em defensa;1;0;0;0;0;0;0;0;0;0;4;0;0;0;0
18/08/2019;21:24:00;264;Acidente com Vítima;516,15;BR-040/MG;Sul;Capotamento;2;0;0;0;0;0;0;0;0;0;2;1;1;0;0
18/08/2019;19:23:00;226;Acidente com Vítima;5,5;BR-040/DF;Sul;Colisão traseira;2;0;0;0;0;0;0;0;0;0;2;1;2;0;0
18/08/2019;19:21:00;225;Acidente sem Vítima;5,7;BR-040/GO;Norte;Abalroamento longitudinal;0;0;0;1;0;0;0;0;0;0;1;0;0;0;0
18/08/2019;18:44:00;214;Acidente sem Vítima;5,1;BR-040/GO;Norte;Abalroamento longitudinal;2;0;0;0;0;0;0;0;0;0;2;0;0;0;0
18/08/2019;18:43:00;215;Acidente sem Vítima;755,1;BR-040/MG;Norte;Queda de Carga;1;0;1;0;0;0;0;0;0;0;3;0;0;0;0
18/08/2019;18:38:00;212;Acidente sem Vítima;535,6;BR-040/MG;Norte;Colisão traseira;3;0;0;0;0;0;0;0;0;0;3;0;0;0;0
18/08/2019;18:27:00;206;Acidente sem Vítima;10,02;BR-040/GO;Norte;Abalroamento longitudinal;2;0;0;0;0;0;0;0;0;0;4;0;0;0;0
18/08/2019;18:19:00;202;Atropelamento com Morte;569,6;BR-040/MG;Norte;Atropelamento de pedestre atravessando;1;0;0;0;0;0;0;0;0;0;1;0;0;0;1
18/08/2019;18:15:00;200;Acidente sem Vítima;509,4;BR-040/MG;Sul;Colisão traseira;4;0;0;0;0;0;0;0;0;0;11;0;0;0;0
18/08/2019;17:51:00;192;Acidente sem Vítima;9,2;BR-040/GO;Sul;Abalroamento longitudinal;2;0;0;0;0;0;0;0;0;0;2;0;0;0;0
18/08/2019;17:35:00;189;Acidente sem Vítima;510,565;BR-040/MG;Sul;Colisão traseira;2;0;0;0;0;0;0;0;0;0;3;0;0;0;0
18/08/2019;15:50:00;157;Acidente sem Vítima;522,65;BR-040/MG;Sul;Colisão traseira;2;0;0;0;0;0;0;0;0;0;7;0;0;0;0
18/08/2019;14:59:00;145;Acidente com Vítima;0,1;BR-040/DF;Sul;Queda de Carga;0;0;1;0;0;0;0;0;0;0;1;0;0;0;0
18/08/2019;14:19:00;134;Acidente sem Vítima;467,588;BR-040/MG;Norte;Choque com objeto fixo;2;0;0;0;0;0;0;0;0;0;3;0;0;0;0