data;horario;n_da_ocorrencia;tipo_de_ocorrencia;km;trecho;sentido;tipo_de_acidente;automovel;bicicleta;caminhao;moto;onibus;outros;tracao_animal;transporte_de_cargas_especiais;trator_maquinas;utilitarios;ilesos;levemente_feridos;moderadamente_feridos;gravemente_feridos;mortos
05/08/2019;00:35:00;43;Acidente sem Vítima;730,4;BR-040/MG;Norte;Choque em barreira New Jersey;1;0;0;0;0;0;0;0;0;0;3;0;0;0;0
05/08/2019;00:22:00;30;Acidente sem Vítima;129,123;BR-040/MG;Sul;Atropelamento de animal;1;0;0;0;0;0;0;0;0;0;4;0;0;0;0
04/08/2019;20:11:00;225;Atropelamento sem Morte;43,5;BR-040/MG;Sul;Atropelamento de pedestre atravessando;1;0;0;0;0;0;0;0;0;0;1;1;0;0;0
04/08/2019;18:50:00;200;Acidente sem Vítima;553,6;BR-040/MG;Norte;Choque com objeto fixo;1;0;0;0;0;0;0;0;0;0;1;0;0;0;0
04/08/2019;18:49:00;199;Acidente sem Vítima;661,01;BR-040/MG;Norte;Capotamento;1;0;0;0;0;0;0;0;0;0;3;0;0;0;0
04/08/2019;17:37:00;172;Acidente sem Vítima;717,25;BR-040/MG;Sul;Choque com objeto fixo;1;0;0;0;0;0;0;0;0;0;2;0;0;0;0
04/08/2019;17:19:00;168;Acidente com Vítima;737,9;BR-040/MG;Norte;Capotamento;1;0;0;0;0;0;0;0;0;0;1;0;1;0;0
04/08/2019;15:42:00;136;Acidente sem Vítima;342,112;BR-040/MG;Norte;Choque com objeto fixo;1;0;0;0;0;0;0;0;0;0;5;0;0;0;0
04/08/2019;15:32:00;135;Acidente sem Vítima;730,6;BR-040/MG;Sul;Choque em defensa;1;0;0;0;0;0;0;0;0;0;1;0;0;0;0
04/08/2019;15:31:00;134;Acidente sem Vítima;731,8;BR-040/MG;Norte;Choque em defensa;1;0;0;0;0;0;0;0;0;0;1;0;0;0;0
04/08/2019;15:04:00;126;Acidente sem Vítima;735,1;BR-040/MG;Sul;Choque com objeto fixo;1;0;0;0;0;0;0;0;0;0;1;0;0;0;0
04/08/2019;14:57:00;122;Acidente com Vítima;718,1;BR-040/MG;Norte;Capotamento;1;0;0;0;0;0;0;0;0;0;1;1;0;0;0
04/08/2019;12:58:00;97;Acidente sem Vítima;750,011;BR-040/MG;Norte;Choque com objeto fixo;1;0;0;0;0;1;0;0;0;0;5;0;0;0;0
04/08/2019;12:53:00;96;Acidente sem Vítima;746,5;BR-040/MG;Norte;Choque com objeto fixo;1;0;0;0;0;0;0;0;0;0;4;0;0;0;0
04/08/2019;12:52:00;95;Acidente com Vítima;717,9;BR-040/MG;Norte;Choque em veículo parado na pista;1;0;0;0;0;0;0;0;0;0;0;0;0;0;0
04/08/2019;12:18:00;85;Acidente com Vítima;737,7;BR-040/MG;Norte;Abalroamento transversal;2;0;0;0;0;0;0;0;0;0;2;1;0;0;0
04/08/2019;11:51:00;80;Acidente sem Vítima;750,1;BR-040/MG;Sul;Choque com objeto fixo;1;0;0;0;0;0;0;0;0;0;1;0;0;0;0
04/08/2019;11:45:00;78;Acidente sem Vítima;660,998;BR-040/MG;Sul;Choque com objeto fixo;1;0;0;0;0;0;0;0;0;0;1;0;0;0;0
04/08/2019;09:11:00;56;Acidente com Vítima;4,2;BR-040/DF;Norte;Abalroamento longitudinal;2;0;0;0;0;0;0;0;0;0;2;1;0;0;0
04/08/2019;07:56:00;37;Acidente sem Vítima;730,2;BR-040/MG;Norte;Choque em barreira New Jersey;1;0;0;0;0;0;0;0;0;0;1;0;0;0;0
04/08/2019;06:30:00;26;Acidente sem Vítima;737,536;BR-040/MG;Sul;Capotamento;2;0;0;0;0;0;0;0;0;0;2;0;0;0;0
04/08/2019;04:18:00;18;Acidente com Vítima;491,2;BR-040/MG;Norte;Abalroamento longitudinal;0;0;1;1;0;0;0;0;0;0;2;1;0;0;0
04/08/2019;00:19:00;1;Acidente sem Vítima;590,887;BR-040/MG;Norte;Choque em barreira New Jersey;0;0;1;0;0;0;0;0;0;0;1;0;0;0;0
03/08/2019;21:29:00;256;Acidente com Vítima;535,001;BR-040/MG;Sul;Queda de Moto;1;0;0;1;0;0;0;0;0;0;3;1;0;0;0
03/08/2019;20:55:00;250;Acidente sem Vítima;730,197;BR-040/MG;Norte;Choque em barreira New Jersey;1;0;0;0;0;0;0;0;0;0;4;0;0;0;0
03/08/2019;20:19:00;244;Acidente sem Vítima;715,148;BR-040/MG;Norte;Choque com objeto fixo;1;0;0;0;0;0;0;0;0;0;1;0;0;0;0
03/08/2019;18:20:00;212;Acidente sem Vítima;762,9;BR-040/MG;Sul;Capotamento;1;0;0;0;0;0;0;0;0;0;1;0;0;0;0
03/08/2019;17:50:00;200;Acidente sem Vítima;697,322;BR-040/MG;Sul;Capotamento;1;0;0;0;0;0;0;0;0;0;1;0;0;0;0
03/08/2019;17:03:00;192;Acidente com Vítima;731,848;BR-040/MG;Sul;Choque com objeto na pista;2;0;0;0;0;0;0;0;0;0;2;1;1;0;0
03/08/2019;16:50:00;186;Acidente sem Vítima;749,8;BR-040/MG;Sul;Choque em defensa;1;0;0;0;0;0;0;0;0;0;1;0;0;0;0
03/08/2019;15:19:00;162;Acidente com Vítima;560,1;BR-040/MG;Sul;Choque com objeto fixo;1;0;0;0;0;0;0;0;0;0;0;1;0;0;0
03/08/2019;13:50:00;146;Acidente com Vítima;525,4;BR-040/MG;Norte;Colisão traseira;1;0;0;0;1;0;0;0;0;0;4;1;1;0;0
03/08/2019;13:07:00;139;Acidente com Vítima;507,1;BR-040/MG;Norte;Queda de Carga;0;0;0;1;0;0;0;0;0;0;0;0;1;0;0
03/08/2019;11:28:00;125;Acidente com Vítima;5,472;BR-040/DF;Norte;Abalroamento transversal;1;0;0;1;0;1;0;0;0;0;2;0;1;0;0
03/08/2019;10:56:00;118;Atropelamento sem Morte;536,1;BR-040/MG;Norte;Atropelamento de pedestre caminhando;0;0;0;0;0;0;0;0;0;0;0;0;0;0;0
03/08/2019;09:57:00;105;Acidente sem Vítima;726,5;BR-040/MG;Norte;Atropelamento de animal;1;0;0;0;0;0;0;0;0;0;1;0;0;0;0
03/08/2019;09:43:00;100;Acidente sem Vítima;714,2;BR-040/MG;Sul;Colisão traseira;1;0;1;0;0;0;0;0;0;0;3;0;0;0;0
03/08/2019;07:30:00;63;Acidente com Morte;87,048;BR-040/GO;Norte;Colisão frontal;2;0;0;0;0;0;0;0;0;0;1;0;0;0;1
03/08/2019;06:41:00;52;Acidente com Vítima;637,087;BR-040/MG;Sul;Colisão frontal;1;0;0;1;0;0;0;0;0;0;2;0;0;0;0
03/08/2019;06:41:00;53;Acidente sem Vítima;2,5;BR-040/GO;Sul;Queda de Carga;2;0;0;0;0;0;0;0;0;0;5;0;0;0;0
03/08/2019;06:37:00;51;Acidente com Vítima;20,1;BR-040/GO;Sul;Abalroamento transversal;1;0;1;0;0;0;0;0;0;0;1;2;0;0;0
03/08/2019;03:39:00;30;Acidente sem Vítima;452,2;BR-040/MG;Norte;Choque com objeto fixo;1;0;0;0;0;0;0;0;0;0;2;0;0;0;0
03/08/2019;03:17:00;28;Acidente com Vítima;551,15;BR-040/MG;Sul;Capotamento;1;0;0;0;0;0;0;0;0;0;2;1;0;0;0
03/08/2019;02:22:00;18;Acidente sem Vítima;426,01;BR-040/MG;Sul;Abalroamento longitudinal;1;0;0;0;0;0;0;0;0;0;1;0;0;0;0
03/08/2019;00:45:00;7;Acidente com Vítima;672,509;BR-040/MG;Sul;Choque com objeto fixo;0;0;1;0;0;0;0;0;0;0;0;1;0;0;0
02/08/2019;21:32:00;361;Atropelamento sem Morte;614,311;BR-040/MG;Sul;Atropelamento de pedestre atravessando;1;0;0;0;0;0;0;0;0;0;4;0;1;0;0
02/08/2019;20:45:00;351;Acidente sem Vítima;485,05;BR-040/MG;Norte;Colisão traseira;1;0;1;0;0;0;0;0;0;0;2;0;0;0;0
02/08/2019;19:40:00;329;Acidente com Vítima;506,32;BR-040/MG;Sul;Colisão traseira;1;0;0;1;0;0;0;0;0;0;2;1;0;0;0
02/08/2019;19:36:00;327;Acidente com Vítima;731,517;BR-040/MG;Sul;Choque com objeto fixo;0;0;1;0;0;0;0;0;0;0;0;1;0;0;0
02/08/2019;18:52:00;313;Acidente sem Vítima;103,021;BR-040/MG;Sul;Outros;2;0;1;0;0;0;0;0;0;0;3;0;0;0;0
02/08/2019;18:47:00;308;Atropelamento sem Morte;0,627;BR-040/GO;Sul;Atropelamento de pedestre atravessando;1;0;0;0;0;0;0;0;0;0;1;0;1;0;0
02/08/2019;16:41:00;256;Acidente com Vítima;531,6;BR-040/MG;Norte;Queda de Carga;0;0;0;1;0;0;0;0;0;0;1;1;0;0;0
02/08/2019;16:03:00;243;Acidente sem Vítima;666,9;BR-040/MG;Sul;Colisão traseira;2;0;0;0;0;0;0;0;0;0;2;0;0;0;0
02/08/2019;14:17:00;218;Acidente sem Vítima;528,2;BR-040/MG;Sul;Colisão traseira;4;0;0;0;0;0;0;0;0;0;4;0;0;0;0
02/08/2019;13:34:00;210;Acidente sem Vítima;615,189;BR-040/MG;Sul;Colisão traseira;2;0;0;0;0;0;0;0;0;0;2;0;0;0;0
02/08/2019;12:43:00;198;Acidente sem Vítima;1,8;BR-040/GO;Sul;Colisão traseira;3;0;0;0;0;0;0;0;0;0;3;0;0;0;0
01/08/2019;23:01:00;355;Acidente com Vítima;57,9;BR-040/GO;Norte;Queda de Carga;0;0;1;0;0;0;0;0;0;0;0;0;1;0;0
01/08/2019;19:01:00;304;Atropelamento sem Morte;508,01;BR-040/MG;Sul;Atropelamento de pedestre atravessando;0;0;0;1;0;0;0;0;0;0;1;1;0;0;0
01/08/2019;17:07:00;271;Acidente sem Vítima;5,5;BR-040/DF;Sul;Colisão traseira;0;0;0;1;0;0;0;0;0;0;1;0;0;0;0
01/08/2019;15:37:00;250;Acidente sem Vítima;487,1;BR-040/MG;Norte;Abalroamento longitudinal;2;0;0;0;0;0;0;0;0;0;2;0;0;0;0
01/08/2019;15:34:00;248;Acidente com Vítima;71,54;BR-040/GO;Sul;Queda de Carga;0;0;1;0;0;0;0;0;0;0;1;1;0;0;0
01/08/2019;15:13:00;242;Acidente sem Vítima;417,1;BR-040/MG;Sul;Colisão traseira;4;0;1;0;0;0;0;0;0;0;5;0;0;0;0
01/08/2019;14:56:00;236;Acidente sem Vítima;602,1;BR-040/MG;Sul;Abalroamento longitudinal;1;0;1;0;0;0;0;0;0;0;2;0;0;0;0
01/08/2019;14:53:00;234;Acidente com Vítima;526,1;BR-040/MG;Norte;Abalroamento longitudinal;1;0;0;1;0;0;0;0;0;0;0;1;0;0;0
01/08/2019;12:25:00;210;Acidente com Vítima;476,105;BR-040/MG;Sul;Colisão traseira;1;0;0;0;0;1;0;0;0;0;1;1;0;0;0
01/08/2019;09:00:00;151;Acidente com Vítima;5,6;BR-040/DF;Norte;Colisão traseira;1;0;0;2;0;0;0;0;0;0;2;1;0;0;0
01/08/2019;07:40:00;130;Acidente sem Vítima;542,5;BR-040/MG;Sul;Colisão traseira;1;0;0;0;0;0;0;0;0;1;2;0;0;0;0
01/08/2019;07:08:00;126;Acidente com Vítima;4,549;BR-040/DF;Norte;Abalroamento longitudinal;1;0;0;1;0;0;0;0;0;0;1;1;0;0;0
31/10/2019;00:13:00;3;Acidente sem Vítimas;444,1;BR-040/MG;Sul;Tombamento;1;0;0;1;0;0;0;0;0;0;1;0;0;0;0
31/10/2019;07:00:00;117;Acidente sem Vítimas;523,2;BR-040/MG;Norte;Colisão lateral;1;0;0;0;0;0;0;0;0;0;2;0;0;0;0
31/10/2019;08:07:00;135;Acidente sem Vítimas;4,9;BR-040/DF;Norte;Colisão traseira;1;0;0;1;0;0;0;0;0;0;0;0;0;0;0
31/10/2019;09:24:00;153;Acidente com Vítimas;523,6;BR-040/MG;Sul;Colisão traseira;1;0;0;1;0;0;0;0;0;0;0;1;0;0;0
31/10/2019;09:30:00;152;Acidente com Vítimas;510,11;BR-040/MG;Norte;Choque c/ Objeto Fixo;1;0;0;0;0;2;0;0;0;0;1;0;1;0;0
31/10/2019;14:16:00;196;Acidente sem Vítimas;466,2;BR-040/MG;Sul;Capotamento;1;0;0;0;0;0;0;0;0;0;1;0;0;0;0
31/10/2019;15:03:00;201;Acidente sem Vítimas;557,25;BR-040/MG;Sul;Tombamento;0;0;1;1;0;0;0;0;0;0;1;0;0;0;0
31/10/2019;15:41:00;205;Acidente sem Vítimas;728,1;BR-040/MG;Norte;Capotamento;0;0;1;0;1;2;0;0;0;0;1;0;0;0;0
31/10/2019;15:48:00;206;Acidente Fatal;771,1;BR-040/MG;Sul;Colisão frontal;1;0;0;0;0;0;0;0;0;0;0;0;0;0;1
31/10/2019;17:47:00;226;Acidente sem Vítimas;0,5;BR-040/GO;Sul;Colisão traseira;0;0;0;0;0;1;0;0;0;0;1;0;0;0;0
31/10/2019;18:05:00;227;Acidente com Vítimas;542,2;BR-040/MG;Norte;Colisão lateral;1;0;0;0;0;1;0;0;0;0;1;1;0;0;0
31/10/2019;18:14:00;231;Acidente com Vítimas;7,6;BR-040/GO;Sul;Atropelamento de Pedestre;1;0;0;0;0;0;0;0;0;0;1;1;0;0;0
31/10/2019;20:26:00;254;Acidente sem Vítimas;631,5;BR-040/MG;Sul;Atropelamento de Animal;1;0;0;1;0;0;0;0;0;0;1;0;0;0;0
31/10/2019;23:17:00;279;Acidente sem Vítimas;7,9;BR-040/GO;Norte;Colisão Lateral;0;0;0;1;0;0;0;0;0;0;2;0;0;0;0
30/10/2019;00:21:00;6;Acidente sem Vítimas;440,2;BR-040/MG;Norte;Queda Veículo;1;0;0;0;0;0;0;0;0;0;1;0;0;0;0
30/10/2019;05:17:00;86;Acidente sem Vítimas;422,2;BR-040/MG;Sul;Tombamento;0;0;0;1;1;1;0;0;0;0;1;0;0;0;0
30/10/2019;07:21:00;121;Acidente com Vítimas;7,261;BR-040/DF;Norte;Colisão Lateral;0;0;1;0;0;1;0;0;0;0;3;1;0;0;0
30/10/2019;08:23:00;141;Acidente sem Vítimas;130,4;BR-040/GO;Norte;Choque c/ Objeto Fixo;2;0;0;0;0;1;0;0;0;0;2;0;0;0;0
30/10/2019;08:49:00;147;Acidente com Vítimas;517,1;BR-040/MG;Norte;Colisão Lateral;1;0;0;0;0;0;0;0;0;0;2;0;0;0;0
30/10/2019;09:28:00;155;Acidente com Vítimas;6,61;BR-040/DF;Norte;Tombamento de Moto;1;0;0;0;0;1;0;0;0;0;0;1;1;0;0
30/10/2019;14:45:00;211;Acidente sem Vítimas;130,63;BR-040/MG;Sul;Tombamento;1;0;0;0;0;0;0;0;0;0;1;0;0;0;0
30/10/2019;14:59:00;214;Acidente com Vítimas;587,455;BR-040/MG;Norte;Capotamento;1;0;0;0;0;0;0;0;0;0;3;0;1;0;0
30/10/2019;17:37:00;246;Acidente sem Vítimas;5,8;BR-040/DF;Sul;Outros;1;0;0;0;0;0;0;0;0;0;0;0;0;0;0
30/10/2019;22:13:00;290;Acidente sem Vítimas;141,8;BR-040/MG;Norte;Colisão Lateral;0;0;0;0;0;2;0;0;0;0;2;0;0;0;0
29/10/2019;00:02:00;1;Acidente com Vítimas;11,1;BR-040/GO;Sul;Tombamento de Moto;0;0;1;0;0;0;0;0;0;0;1;0;1;0;0
29/10/2019;04:18:00;81;Acidente sem Vítimas;129,4;BR-040/GO;Norte;Capotamento;1;0;0;0;0;0;0;0;0;0;0;1;0;0;0
29/10/2019;06:49:00;95;Acidente com Vítimas;535,349;BR-040/MG;Sul;Colisão Lateral;0;0;0;0;1;0;0;0;0;0;2;1;0;0;0
29/10/2019;06:50:00;96;Acidente com Vítimas;7,2;BR-040/DF;Sul;Colisão Lateral;0;0;0;0;0;1;0;0;0;0;2;0;1;0;0
29/10/2019;08:17:00;123;Acidente sem Vítimas;523,5;BR-040/MG;Norte;Atropelamento de Pedestre;0;0;0;0;0;1;0;0;0;0;1;0;0;1;0
29/10/2019;09:34:00;141;Acidente sem Vítimas;640,273;BR-040/MG;Norte;Queda de Ribanceira;1;0;1;2;0;0;0;0;0;0;2;0;0;0;0
29/10/2019;13:41:00;197;Acidente com Vítimas;531,21;BR-040/MG;Sul;Colisão Lateral;1;0;0;0;0;1;0;0;0;0;2;1;0;0;0
29/10/2019;15:10:00;214;Acidente sem Vítimas;723,56;BR-040/MG;Sul;Choque c/ Objeto Fixo;2;0;0;0;0;0;0;0;0;0;2;0;0;0;0
29/10/2019;16:44:00;236;Acidente sem Vítimas;463,564;BR-040/MG;Norte;Capotamento;0;0;0;1;0;0;0;0;0;0;2;0;0;0;0
29/10/2019;16:58:00;238;Acidente sem Vítimas;454,9;BR-040/MG;Norte;Choque / defensa, barreira ou "submarino";0;0;1;0;0;0;0;0;0;0;1;0;0;0;0
29/10/2019;17:05:00;239;Acidente com Vítimas;58,8;BR-040/MG;Norte;Colisão traseira;1;0;0;0;0;1;0;0;0;0;4;1;0;0;0
29/10/2019;17:09:00;240;Acidente sem Vítimas;661,452;BR-040/MG;Norte;Choque / árvore;0;0;1;0;0;1;0;0;0;0;1;0;0;0;0
29/10/2019;17:29:00;243;Acidente sem Vítimas;541,651;BR-040/MG;Norte;Colisão traseira;2;0;0;0;0;0;0;0;0;0;1;0;0;0;0
29/10/2019;17:45:00;247;Acidente com Vítimas;53,2;BR-040/GO;Sul;Atropelamento de animal;0;0;1;0;0;0;0;0;0;0;0;1;0;0;0
29/10/2019;17:45:00;248;Acidente sem Vítimas;461,8;BR-040/MG;Sul;Tombamento;1;0;0;0;1;0;0;0;0;0;1;0;0;0;0
29/10/2019;17:50:00;251;Acidente com Vítimas;526,142;BR-040/MG;Norte;Colisão traseira;1;0;0;0;1;0;0;0;0;0;1;0;0;1;0
29/10/2019;18:16:00;257;Acidente sem Vítimas;520,433;BR-040/MG;Norte;Tombamento;1;0;0;1;0;0;0;0;0;0;3;0;0;0;0
29/10/2019;19:23:00;265;Acidente com Vítimas;103,25;BR-040/GO;Sul;Colisão Lateral;1;0;0;0;0;0;0;0;0;0;1;5;0;0;0
29/10/2019;19:44:00;268;Acidente sem Vítimas;521,1;BR-040/MG;Sul;Outros;1;0;0;0;0;0;0;0;0;0;1;0;0;0;0
29/10/2019;20:13:00;275;Acidente sem Vítimas;728,1;BR-040/MG;Sul;Capotamento;1;0;0;0;0;0;0;0;0;0;1;0;0;0;0
29/10/2019;20:58:00;281;Acidente sem Vítimas;517,6;BR-040/MG;Norte;Choque com objeto fixo;1;0;0;0;0;1;0;0;0;0;1;0;0;0;0
29/10/2019;21:12:00;283;Acidente sem Vítimas;525,5;BR-040/MG;Norte;Choque c/ Objeto Fixo;1;0;0;0;1;0;0;0;0;0;1;0;0;0;0
29/10/2019;21:14:00;289;Acidente com Vítimas;549,2;BR-040/MG;Norte;Capotamento;1;0;0;1;0;0;0;0;0;0;0;1;0;0;0
29/10/2019;22:56:00;304;Acidente sem Vítimas;524,5;BR-040/MG;Norte;Tombamento;1;0;0;1;0;0;0;0;0;0;1;0;0;0;0
29/10/2019;22:58:00;303;Acidente com Vítimas;766,1;BR-040/MG;Sul;Tombamento;1;0;0;0;0;1;0;0;0;0;0;1;0;0;0
29/10/2019;23:10:00;311;Acidente sem Vítimas;697,15;BR-040/MG;Sul;Choque c/ Objeto Fixo;1;0;0;0;0;0;0;0;0;0;1;0;0;0;0
29/10/2019;23:28:00;313;Acidente sem Vítimas;507,4;BR-040/MG;Norte;Atropelamento de animal;2;0;0;0;0;1;0;0;0;0;13;0;0;0;0
28/10/2019;20:45:00;313;Acidente sem Vítima;601,1;BR-040/MG;Sul;Colisão traseira;1;0;1;0;0;0;0;0;0;0;3;0;0;0;0
28/10/2019;18:52:00;278;Acidente sem Vítima;25,1;BR-040/GO;Sul;Choque com objeto na pista;1;0;0;0;0;0;0;0;0;0;1;0;0;0;0
28/10/2019;18:39:00;273;Acidente sem Vítima;433,5;BR-040/MG;Norte;Choque com objeto fixo;1;0;0;0;0;0;0;0;0;0;1;0;0;0;0
28/10/2019;18:21:00;267;Acidente sem Vítima;119,1;BR-040/GO;Norte;Capotamento;2;0;0;0;0;0;0;0;0;0;1;0;0;0;0
28/10/2019;16:30:00;243;Acidente sem Vítima;540,01;BR-040/MG;Norte;Colisão traseira;2;0;0;0;0;0;0;0;0;0;2;0;0;0;0
28/10/2019;15:50:00;236;Acidente sem Vítima;495,265;BR-040/MG;Norte;Choque com objeto fixo;1;0;0;0;0;0;0;0;0;0;1;0;0;0;0
28/10/2019;15:48:00;235;Acidente com Vítima;515,517;BR-040/MG;Norte;Choque em defensa;0;0;1;0;0;0;0;0;0;0;1;0;1;0;0
28/10/2019;15:46:00;233;Acidente sem Vítima;615,1;BR-040/MG;Sul;Colisão traseira;2;0;0;0;0;0;0;0;0;0;2;0;0;0;0
28/10/2019;14:46:00;219;Acidente sem Vítima;658,1;BR-040/MG;Norte;Capotamento;1;0;0;0;0;0;0;0;0;0;1;0;0;0;0
28/10/2019;13:47:00;209;Acidente com Vítima;735,1;BR-040/MG;Norte;Choque com objeto fixo;1;0;0;0;0;0;0;0;0;0;0;2;0;0;0
28/10/2019;13:14:00;204;Acidente com Vítima;510,733;BR-040/MG;Norte;Colisão traseira;1;0;1;0;1;0;0;0;0;0;6;7;0;0;0
28/10/2019;13:11:00;202;Acidente com Vítima;727,5;BR-040/MG;Sul;Capotamento;2;0;0;0;0;0;0;0;0;0;1;1;0;0;0
28/10/2019;13:02:00;197;Acidente sem Vítima;510,5;BR-040/MG;Norte;Choque em defensa;0;0;1;0;0;0;0;0;0;0;1;0;0;0;0
28/10/2019;12:37:00;193;Acidente sem Vítima;727,15;BR-040/MG;Sul;Choque com objeto fixo;1;0;0;0;0;0;0;0;0;0;1;0;0;0;0
28/10/2019;12:32:00;191;Acidente com Vítima;751,5;BR-040/MG;Sul;Choque com objeto fixo;0;0;1;0;0;0;0;0;0;0;0;1;0;0;0
28/10/2019;12:18:00;190;Acidente sem Vítima;570,499;BR-040/MG;Sul;Abalroamento longitudinal;1;0;1;0;0;0;0;0;0;0;3;0;0;0;0
28/10/2019;12:08:00;188;Acidente sem Vítima;570,012;BR-040/MG;Sul;Colisão traseira;1;0;2;0;0;0;0;0;0;0;7;0;0;0;0
28/10/2019;11:45:00;184;Acidente sem Vítima;729,5;BR-040/MG;Sul;Choque em barreira New Jersey;1;0;0;0;0;0;0;0;0;0;1;0;0;0;0
28/10/2019;09:52:00;152;Acidente sem Vítima;550,1;BR-040/MG;Sul;Colisão traseira;3;0;0;0;0;0;0;0;0;0;3;0;0;0;0
28/10/2019;07:45:00;124;Acidente sem Vítima;735,1;BR-040/MG;Sul;Capotamento;1;0;0;0;0;0;0;0;0;0;1;0;0;0;0
28/10/2019;07:36:00;118;Acidente sem Vítima;530,5;BR-040/MG;Sul;Abalroamento longitudinal;1;0;0;1;0;0;0;0;0;0;2;0;0;0;0
28/10/2019;06:54:00;110;Acidente sem Vítima;713,1;BR-040/MG;Sul;Choque com objeto fixo;1;0;0;0;0;0;0;0;0;0;1;0;0;0;0
27/10/2019;22:20:00;256;Acidente sem Vítima;535,05;BR-040/MG;Norte;Colisão traseira;2;0;0;0;0;0;0;0;0;0;2;0;0;0;0
27/10/2019;21:48:00;245;Acidente com Vítima;687,636;BR-040/MG;Sul;Queda de Moto;1;0;0;0;0;0;0;0;0;0;1;1;0;1;0
27/10/2019;20:19:00;221;Acidente com Vítima;279,94;BR-040/MG;Sul;Abalroamento transversal;1;0;0;1;0;0;0;0;0;0;1;0;0;1;0
27/10/2019;19:26:00;207;Acidente com Vítima;16,2;BR-040/GO;Sul;Abalroamento transversal;2;0;0;0;0;0;0;0;0;0;0;0;0;0;0
27/10/2019;18:45:00;193;Acidente com Vítima;771,12;BR-040/MG;Sul;Queda de Carga;0;0;0;1;0;0;0;0;0;0;0;1;0;0;0
27/10/2019;18:37:00;190;Acidente sem Vítima;514,04;BR-040/MG;Sul;Colisão traseira;1;0;0;0;0;3;0;0;0;0;4;0;0;0;0
27/10/2019;17:59:00;184;Acidente com Vítima;512,2;BR-040/MG;Sul;Abalroamento longitudinal;1;0;0;1;0;0;0;0;0;0;2;1;0;0;0
27/10/2019;17:39:00;179;Acidente sem Vítima;543,2;BR-040/MG;Sul;Colisão traseira;2;0;0;0;0;0;0;0;0;0;5;0;0;0;0
27/10/2019;17:26:00;177;Acidente sem Vítima;2,3;BR-040/GO;Norte;Abalroamento longitudinal;3;0;0;0;0;0;0;0;0;0;3;0;0;0;0
27/10/2019;16:22:00;157;Acidente com Vítima;528,114;BR-040/MG;Sul;Colisão traseira;1;0;0;1;0;0;0;0;0;0;1;1;0;0;0
27/10/2019;16:16:00;155;Acidente com Vítima;86,5;BR-040/MG;Sul;Choque com objeto fixo;1;0;0;0;0;0;0;0;0;0;0;0;0;0;0
27/10/2019;15:47:00;148;Acidente sem Vítima;454,521;BR-040/MG;Sul;Colisão traseira;2;0;0;0;0;0;0;0;0;0;4;0;0;0;0
27/10/2019;13:53:00;115;Acidente com Vítima;0,3;BR-040/GO;Sul;Abalroamento longitudinal;0;0;0;1;0;0;0;0;0;0;0;1;0;0;0
27/10/2019;11:59:00;98;Acidente sem Vítima;720,8;BR-040/MG;Norte;Colisão traseira;2;0;0;0;0;0;0;0;0;1;3;0;0;0;0
27/10/2019;03:41:00;18;Acidente sem Vítima;762,05;BR-040/MG;Sul;;1;0;0;0;0;0;0;0;0;0;1;0;0;0;0
27/10/2019;01:45:00;10;Acidente com Vítima;108,253;BR-040/MG;Sul;Queda de Carga;1;0;0;0;0;0;0;0;0;0;0;1;0;0;0
27/10/2019;01:05:00;6;Acidente com Vítima;511,1;BR-040/MG;Sul;Abalroamento longitudinal;1;0;1;0;0;0;0;0;0;0;4;1;0;0;0
26/10/2019;23:02:00;281;Acidente sem Vítima;620,1;BR-040/MG;Sul;Choque com objeto fixo;1;0;0;0;0;0;0;0;0;0;4;0;0;0;0
26/10/2019;22:51:00;279;Atropelamento sem Morte;96,4;BR-040/GO;Sul;Atropelamento de pedestre caminhando;0;0;0;1;0;0;0;0;0;0;0;1;1;0;0
26/10/2019;21:51:00;272;Acidente com Vítima;655,5;BR-040/MG;Sul;Choque com objeto fixo;1;0;0;0;0;0;0;0;0;0;3;1;0;0;0
26/10/2019;17:32:00;240;Acidente sem Vítima;524,269;BR-040/MG;Sul;Abalroamento longitudinal;1;0;0;0;0;0;0;0;0;0;1;0;0;0;0
26/10/2019;17:16:00;235;Acidente com Vítima;530,012;BR-040/MG;Norte;Abalroamento longitudinal;1;0;0;1;0;0;0;0;0;0;2;1;0;0;0
26/10/2019;16:55:00;230;Acidente sem Vítima;534,4;BR-040/MG;Norte;Choque com objeto fixo;0;0;0;1;0;0;0;0;0;0;1;0;0;0;0
26/10/2019;16:37:00;223;Acidente sem Vítima;4,6;BR-040/DF;Sul;Abalroamento longitudinal;2;0;0;0;0;0;0;0;0;0;2;0;0;0;0
26/10/2019;16:31:00;221;Acidente com Vítima;509,107;BR-040/MG;Norte;Choque em defensa;0;0;1;0;0;0;0;0;0;0;1;1;0;0;0
26/10/2019;14:14:00;182;Acidente com Vítima;614,3;BR-040/MG;Sul;Colisão frontal;1;0;1;0;0;0;0;0;0;0;1;0;2;0;0
26/10/2019;12:49:00;160;Acidente com Vítima;716,45;BR-040/MG;Norte;Queda de Carga;0;0;0;1;0;0;0;0;0;0;1;1;0;0;0
26/10/2019;10:38:00;119;Acidente sem Vítima;708,745;BR-040/MG;Norte;Outros;1;0;0;0;0;0;0;0;0;0;3;0;0;0;0