data;horario;n_da_ocorrencia;tipo_de_ocorrencia;km;trecho;sentido;tipo_de_acidente;automovel;bicicleta;caminhao;moto;onibus;outros;tracao_animal;transporte_de_cargas_especiais;trator_maquinas;utilitarios;ilesos;levemente_feridos;moderadamente_feridos;gravemente_feridos;mortos
26/10/2019;09:52:00;101;Acidente com Morte;734,744;BR-040/MG;Norte;Abalroamento transversal;2;0;0;0;0;1;0;0;0;0;2;0;0;0;1
26/10/2019;09:14:00;93;Acidente sem Vítima;494,646;BR-040/MG;Norte;Capotamento;1;0;0;0;0;0;0;0;0;0;1;0;0;0;0
26/10/2019;09:09:00;90;Acidente sem Vítima;719,5;BR-040/MG;Norte;Choque em defensa;1;0;0;0;0;0;0;0;0;0;1;0;0;0;0
26/10/2019;07:46:00;72;Acidente sem Vítima;559,77;BR-040/MG;Norte;Choque em defensa;2;0;0;0;0;0;0;0;0;0;2;0;0;0;0
26/10/2019;06:30:00;58;Acidente sem Vítima;196,281;BR-040/MG;Sul;Queda de Carga;0;0;1;0;0;0;0;0;0;0;1;0;0;0;0
26/10/2019;05:53:00;53;Acidente sem Vítima;511,1;BR-040/MG;Norte;Abalroamento longitudinal;1;0;0;1;0;0;0;0;0;0;2;0;0;0;0
26/10/2019;05:33:00;49;Acidente sem Vítima;554,8;BR-040/MG;Norte;Capotamento;1;0;0;0;0;0;0;0;0;0;3;0;0;0;0
26/10/2019;05:30:00;48;Atropelamento sem Morte;3,8;BR-040/GO;Norte;Atropelamento de ciclista;1;1;0;0;0;0;0;0;0;0;3;0;0;0;0
26/10/2019;04:58:00;45;Acidente com Vítima;16,01;BR-040/GO;Norte;Capotamento;1;0;0;0;0;0;0;0;0;0;0;0;1;0;0
26/10/2019;04:56:00;44;Acidente sem Vítima;13,8;BR-040/GO;Sul;Choque com objeto fixo;1;0;0;0;0;0;0;0;0;0;2;0;0;0;0
26/10/2019;02:44:00;20;Atropelamento sem Morte;22,51;BR-040/GO;Sul;Atropelamento de ciclista;1;1;0;0;0;0;0;0;0;0;1;1;0;0;0
26/10/2019;00:41:00;7;Acidente sem Vítima;0,1;BR-040/DF;Sul;Queda de Carga;0;0;0;1;0;0;0;0;0;0;0;0;0;1;0
25/10/2019;23:30:00;385;Acidente sem Vítima;763,1;BR-040/MG;Norte;Colisão traseira;1;0;1;0;0;0;0;0;0;0;5;0;0;0;0
25/10/2019;22:47:00;379;Acidente com Vítima;559,2;BR-040/MG;Norte;Colisão traseira;1;0;1;0;0;0;0;0;0;0;2;1;0;0;0
25/10/2019;22:39:00;377;Acidente com Vítima;607,1;BR-040/MG;Sul;Colisão traseira;1;0;0;0;0;0;0;0;0;0;4;1;0;0;0
25/10/2019;22:21:00;369;Acidente sem Vítima;727,15;BR-040/MG;Sul;Choque com objeto fixo;1;0;0;0;0;0;0;0;0;0;1;0;0;0;0
25/10/2019;22:06:00;362;Acidente sem Vítima;706,1;BR-040/MG;Norte;Choque com objeto fixo;1;0;0;0;0;0;0;0;0;0;1;0;0;0;0
25/10/2019;20:59:00;347;Acidente sem Vítima;412,15;BR-040/MG;Sul;Atropelamento de animal;1;0;0;0;0;0;0;0;0;0;2;0;0;0;0
25/10/2019;20:01:00;331;Acidente sem Vítima;712,3;BR-040/MG;Sul;Abalroamento longitudinal;1;0;1;0;0;0;0;0;0;0;2;0;0;0;0
25/10/2019;18:47:00;312;Acidente sem Vítima;5,6;BR-040/DF;Sul;Abalroamento longitudinal;1;0;0;1;0;0;0;0;0;0;2;0;0;0;0
25/10/2019;18:23:00;301;Acidente com Vítima;500,8;BR-040/MG;Norte;Colisão traseira;0;0;1;1;0;0;0;0;0;0;1;0;1;0;0
25/10/2019;17:46:00;296;Acidente sem Vítima;614,3;BR-040/MG;Norte;Abalroamento longitudinal;1;0;0;0;0;1;0;0;0;0;2;0;0;0;0
25/10/2019;17:40:00;292;Acidente sem Vítima;750,5;BR-040/MG;Sul;Choque com objeto fixo;1;0;0;0;0;0;0;0;0;0;1;0;0;0;0
25/10/2019;17:35:00;290;Acidente sem Vítima;464,221;BR-040/MG;Sul;Choque com objeto fixo;0;0;1;0;0;0;0;0;0;0;1;0;0;0;0
25/10/2019;17:24:00;286;Acidente sem Vítima;489,12;BR-040/MG;Norte;;1;0;0;0;0;0;0;0;0;0;3;0;0;0;0
25/10/2019;17:05:00;278;Acidente sem Vítima;614,3;BR-040/MG;Sul;Colisão traseira;1;0;1;0;0;0;0;0;0;0;2;0;0;0;0
25/10/2019;16:40:00;274;Acidente sem Vítima;491,156;BR-040/MG;Norte;;1;0;0;0;0;0;0;0;0;0;1;0;0;0;0
25/10/2019;15:36:00;260;Acidente sem Vítima;533,145;BR-040/MG;Norte;Colisão traseira;0;0;1;0;0;0;0;0;0;0;1;0;0;0;0
25/10/2019;15:29:00;256;Acidente sem Vítima;635,379;BR-040/MG;Sul;Abalroamento transversal;1;0;1;0;0;0;0;0;0;0;2;0;0;0;0
25/10/2019;15:09:00;246;Acidente sem Vítima;610,3;BR-040/MG;Sul;Atropelamento de animal;0;0;1;0;0;0;0;0;0;0;1;0;0;0;0
25/10/2019;13:01:00;213;Acidente com Vítima;517,45;BR-040/MG;Sul;Abalroamento transversal;1;0;0;1;0;0;0;0;0;0;1;1;0;0;0
25/10/2019;11:58:00;192;Acidente sem Vítima;523,987;BR-040/MG;Sul;Queda de Carga;0;0;0;1;0;0;0;0;0;0;2;0;0;0;0
25/10/2019;09:46:00;158;Acidente sem Vítima;549,4;BR-040/MG;Norte;Colisão traseira;2;0;0;0;0;0;0;0;0;0;2;0;0;0;0
25/10/2019;07:28:00;116;Acidente sem Vítima;535,231;BR-040/MG;Norte;Abalroamento longitudinal;1;0;1;0;0;0;0;0;0;0;3;0;0;0;0
25/10/2019;07:03:00;108;Acidente com Vítima;167,4;BR-040/MG;Sul;Capotamento;1;0;0;0;0;0;0;0;0;0;1;1;0;0;0
25/10/2019;06:45:00;103;Acidente com Vítima;514,333;BR-040/MG;Sul;Colisão traseira;3;0;0;0;0;0;0;0;0;0;4;0;1;0;0
25/10/2019;03:21:00;85;Acidente sem Vítima;277,6;BR-040/MG;Sul;Queda de Carga;0;0;1;0;0;0;0;0;0;0;1;0;0;0;0
24/10/2019;21:11:00;281;Acidente sem Vítima;535,02;BR-040/MG;Norte;Abalroamento longitudinal;1;0;1;0;0;0;0;0;0;0;2;0;0;0;0
24/10/2019;17:47:00;235;Acidente com Vítima;0,1;BR-040/GO;Sul;Atropelamento de animal;0;0;0;0;0;0;0;0;0;0;0;0;1;1;0
24/10/2019;15:36:00;211;Acidente com Vítima;26,2;BR-040/GO;Norte;Colisão traseira;1;0;0;0;0;0;0;0;0;0;0;3;0;0;0
24/10/2019;10:25:00;161;Acidente sem Vítima;343,7;BR-040/MG;Norte;Colisão traseira;2;0;0;1;0;0;0;0;0;0;3;1;0;0;0
24/10/2019;09:58:00;157;Acidente sem Vítima;731,2;BR-040/MG;Norte;Choque em barreira New Jersey;1;0;0;0;0;0;0;0;0;0;1;0;0;0;0
24/10/2019;09:29:00;150;Acidente sem Vítima;727,1;BR-040/MG;Norte;;1;0;0;0;0;0;0;0;0;0;1;0;0;0;0
24/10/2019;08:05:00;125;Acidente sem Vítima;523,01;BR-040/MG;Sul;Colisão traseira;1;0;0;2;0;0;0;0;0;0;3;0;0;0;0
24/10/2019;07:05:00;111;Acidente sem Vítima;67,8;BR-040/MG;Sul;Abalroamento longitudinal;1;0;1;0;0;0;0;0;0;0;3;0;0;0;0
24/10/2019;00:00:00;1;Acidente sem Vítima;466,6;BR-040/MG;Norte;Choque com objeto fixo;1;0;0;0;0;0;0;0;0;0;1;0;0;0;0
23/10/2019;20:32:00;328;Acidente sem Vítima;539,79;BR-040/MG;Norte;Choque com objeto fixo;1;0;0;0;0;0;0;0;0;0;1;0;0;0;0
23/10/2019;18:35:00;297;Acidente sem Vítima;43,02;BR-040/MG;Sul;Colisão traseira;1;0;0;1;0;0;0;0;0;0;2;0;0;0;0
23/10/2019;17:21:00;270;Acidente sem Vítima;428,8;BR-040/MG;Norte;Queda de Carga;1;0;0;0;0;0;0;0;0;0;1;0;0;0;0
23/10/2019;16:22:00;254;Acidente com Vítima;77,5;BR-040/GO;Norte;Queda de Carga;0;0;1;0;0;0;0;0;0;0;0;0;0;0;0
23/10/2019;16:19:00;252;Acidente sem Vítima;462,12;BR-040/MG;Sul;Choque com objeto fixo;0;0;1;0;0;0;0;0;0;0;1;0;0;0;0
23/10/2019;14:02:00;232;Acidente sem Vítima;541,2;BR-040/MG;Sul;Abalroamento longitudinal;1;0;1;0;0;0;0;0;0;0;2;0;0;0;0
23/10/2019;06:37:00;88;Acidente sem Vítima;735,1;BR-040/MG;Sul;Capotamento;1;0;0;0;0;0;0;0;0;0;1;0;0;0;0
23/10/2019;02:57:00;49;Acidente com Vítima;587,135;BR-040/MG;Sul;Queda de Carga;0;0;1;0;0;0;0;0;0;0;1;1;0;0;0
23/10/2019;01:01:00;21;Acidente com Vítima;1,8;BR-040/GO;Sul;Atropelamento de animal;0;0;0;1;0;0;0;0;0;0;0;1;0;0;0
23/10/2019;00:08:00;1;Acidente com Vítima;710,5;BR-040/MG;Sul;Choque em barreira New Jersey;1;0;0;0;0;0;0;0;0;0;1;1;2;0;0
22/10/2019;21:23:00;331;Acidente com Vítima;142,9;BR-040/MG;Norte;Abalroamento longitudinal;1;0;0;1;0;0;0;0;0;0;1;0;0;0;0
22/10/2019;16:29:00;268;Acidente sem Vítima;542,654;BR-040/MG;Sul;Colisão traseira;2;0;0;0;0;0;0;0;0;0;2;0;0;0;0
22/10/2019;13:47:00;221;Acidente sem Vítima;7,478;BR-040/DF;Norte;;0;0;1;0;0;0;0;0;0;0;1;0;0;0;0
22/10/2019;12:14:00;203;Acidente sem Vítima;520,353;BR-040/MG;Sul;;1;0;0;0;0;0;0;0;0;0;2;0;0;0;0
22/10/2019;11:51:00;197;Acidente sem Vítima;475,574;BR-040/MG;Sul;Colisão traseira;1;0;1;0;0;0;0;0;0;0;2;0;0;0;0
22/10/2019;11:27:00;190;Acidente sem Vítima;536,032;BR-040/MG;Norte;Colisão traseira;1;0;0;0;0;0;0;0;0;0;1;0;0;0;0
22/10/2019;09:43:00;164;Acidente com Vítima;5,28;BR-040/DF;Sul;Colisão traseira;4;0;0;0;0;0;0;0;0;0;5;1;0;0;0
22/10/2019;08:21:00;129;Acidente sem Vítima;116,2;BR-040/MG;Sul;Choque com objeto fixo;0;0;1;0;0;0;0;0;0;0;2;0;0;0;0
21/10/2019;23:44:00;367;Acidente sem Vítima;424,5;BR-040/MG;Norte;Outros;1;0;1;0;0;0;0;0;0;0;2;0;0;0;0
21/10/2019;20:56:00;348;Acidente sem Vítima;534,001;BR-040/MG;Sul;Choque com objeto fixo;1;0;0;0;0;0;0;0;0;0;1;0;0;0;0
21/10/2019;20:20:00;347;Acidente sem Vítima;490,1;BR-040/MG;Sul;Abalroamento longitudinal;1;0;1;0;0;0;0;0;0;0;2;0;0;0;0
21/10/2019;17:35:00;300;Acidente sem Vítima;557,551;BR-040/MG;Sul;Choque com objeto fixo;2;0;0;0;0;0;0;0;0;0;2;0;0;0;0
21/10/2019;15:47:00;267;Acidente sem Vítima;12,45;BR-040/GO;Sul;Capotamento;2;0;0;0;0;0;0;0;0;0;3;0;0;0;0
21/10/2019;15:16:00;258;Acidente com Vítima;434,726;BR-040/MG;Sul;Colisão traseira;1;0;1;0;0;0;0;0;0;0;3;1;1;0;0
21/10/2019;14:33:00;248;Acidente sem Vítima;593,65;BR-040/MG;Norte;Choque com objeto fixo;1;0;0;0;0;0;0;0;0;0;1;0;0;0;0
21/10/2019;12:10:00;212;Acidente sem Vítima;697,45;BR-040/MG;Norte;Choque em barreira New Jersey;0;0;0;0;0;0;0;0;0;0;0;0;0;0;0
21/10/2019;11:55:00;208;Acidente sem Vítima;631,45;BR-040/MG;Sul;Choque com objeto fixo;0;0;0;0;0;1;0;0;0;0;1;0;0;0;0
21/10/2019;11:48:00;203;Acidente sem Vítima;737,9;BR-040/MG;Sul;Choque em defensa;1;0;0;0;0;0;0;0;0;0;1;0;0;0;0
21/10/2019;11:41:00;201;Acidente com Vítima;697,45;BR-040/MG;Sul;Choque em barreira New Jersey;1;0;0;0;0;0;0;0;0;0;0;1;0;0;0
21/10/2019;11:15:00;194;Acidente sem Vítima;738,7;BR-040/MG;Sul;Choque com objeto fixo;2;0;0;0;0;0;0;0;0;0;5;0;0;0;0
21/10/2019;11:07:00;190;Acidente com Vítima;757,612;BR-040/MG;Sul;Colisão frontal;1;0;1;0;0;0;0;0;0;0;1;0;1;1;0
21/10/2019;08:07:00;118;Acidente sem Vítima;538,27;BR-040/MG;Sul;Abalroamento longitudinal;1;0;0;1;0;0;0;0;0;0;2;0;0;0;0
21/10/2019;08:05:00;117;Acidente sem Vítima;539,633;BR-040/MG;Sul;Abalroamento longitudinal;1;0;1;0;0;0;0;0;0;0;2;0;0;0;0
21/10/2019;07:46:00;111;Acidente sem Vítima;541,1;BR-040/MG;Norte;Colisão traseira;2;0;0;0;0;0;0;0;0;0;2;0;0;0;0
21/10/2019;06:54:00;83;Acidente com Vítima;538,273;BR-040/MG;Sul;Colisão traseira;2;0;0;1;0;0;0;0;0;0;2;1;0;0;0
20/10/2019;19:26:00;206;Acidente sem Vítima;5,8;BR-040/GO;Sul;Colisão traseira;2;0;0;0;0;0;0;0;0;0;2;0;0;0;0
20/10/2019;18:55:00;196;Acidente sem Vítima;254,1;BR-040/MG;Sul;Atropelamento de animal;1;0;0;0;0;0;0;0;0;0;1;0;0;0;0
20/10/2019;16:49:00;151;Acidente com Vítima;6,6;BR-040/GO;Norte;Colisão traseira;4;0;0;0;0;0;0;0;0;0;4;0;0;0;0
20/10/2019;16:49:00;152;Acidente sem Vítima;128,1;BR-040/GO;Sul;Atropelamento de animal;1;0;0;0;0;0;0;0;0;0;5;0;0;0;0
20/10/2019;16:38:00;147;Acidente sem Vítima;447,5;BR-040/MG;Norte;Colisão traseira;1;0;1;0;0;0;0;0;0;0;4;0;0;0;0
20/10/2019;16:33:00;146;Acidente com Vítima;731,1;BR-040/MG;Sul;Abalroamento longitudinal;1;0;0;1;0;0;0;0;0;0;1;1;0;0;0
20/10/2019;11:53:00;90;Acidente com Vítima;436;BR-040/MG;Sul;Queda de Moto;0;0;0;1;0;0;0;0;0;0;0;1;0;0;0
20/10/2019;07:56:00;47;Acidente com Vítima;374,25;BR-040/MG;Sul;Capotamento;1;0;0;0;0;0;0;0;0;0;0;3;0;0;0
20/10/2019;07:55:00;46;Acidente sem Vítima;10,8;BR-040/GO;Sul;Outros;2;0;0;0;0;0;0;0;0;0;4;0;0;0;0
20/10/2019;07:04:00;38;Acidente sem Vítima;5,1;BR-040/GO;Sul;Abalroamento transversal;2;0;0;0;0;0;0;0;0;0;4;0;0;0;0
20/10/2019;06:13:00;30;Acidente com Vítima;487,5;BR-040/MG;Norte;Choque com objeto fixo;1;0;0;0;0;0;0;0;0;0;2;1;0;0;0
20/10/2019;05:49:00;29;Acidente com Vítima;461,2;BR-040/MG;Sul;Capotamento;1;0;0;0;0;0;0;0;0;0;0;2;0;0;0
20/10/2019;05:33:00;28;Acidente com Vítima;705,1;BR-040/MG;Sul;Capotamento;1;0;0;0;0;0;0;0;0;0;1;2;0;0;0
20/10/2019;03:41:00;19;Acidente sem Vítima;546,8;BR-040/MG;Sul;Choque com objeto fixo;4;0;0;0;0;0;0;0;0;0;7;0;0;0;0
19/10/2019;20:09:00;257;Acidente sem Vítima;54,6;BR-040/GO;Norte;Capotamento;1;0;0;0;0;0;0;0;0;0;4;0;0;0;0
19/10/2019;19:33:00;248;Acidente sem Vítima;515,77;BR-040/MG;Norte;Abalroamento longitudinal;1;0;1;0;0;0;0;0;0;0;4;0;0;0;0
19/10/2019;18:46:00;235;Acidente com Vítima;553,1;BR-040/MG;Norte;Colisão traseira;1;0;1;0;0;0;0;0;0;0;3;1;0;0;0
19/10/2019;18:25:00;226;Acidente sem Vítima;726,9;BR-040/MG;Sul;Choque em barreira New Jersey;1;0;0;0;0;0;0;0;0;0;1;0;0;0;0
19/10/2019;18:07:00;220;Acidente sem Vítima;509,7;BR-040/MG;Norte;Choque com objeto fixo;1;0;0;0;0;0;0;0;0;0;1;0;0;0;0
19/10/2019;17:59:00;217;Acidente sem Vítima;484,3;BR-040/MG;Norte;Abalroamento longitudinal;2;0;0;0;0;0;0;0;0;0;5;0;0;0;0
19/10/2019;17:56:00;216;Acidente sem Vítima;738,8;BR-040/MG;Sul;Capotamento;1;0;0;0;0;0;0;0;0;0;2;0;0;0;0
19/10/2019;16:28:00;190;Acidente com Vítima;3,1;BR-040/DF;Sul;Capotamento;1;0;0;0;0;0;0;0;0;0;0;1;0;0;0
19/10/2019;16:01:00;184;Acidente com Vítima;544,366;BR-040/MG;Sul;Abalroamento longitudinal;1;0;0;1;0;0;0;0;0;0;1;1;0;0;0
19/10/2019;15:15:00;175;Acidente sem Vítima;144,001;BR-040/MG;Sul;Abalroamento transversal;2;0;0;0;0;0;0;0;0;0;7;0;0;0;0
19/10/2019;13:27:00;148;Acidente com Vítima;394,9;BR-040/MG;Norte;Choque com objeto fixo;1;0;0;0;0;0;0;0;0;0;1;0;1;0;0
19/10/2019;13:21:00;146;Acidente com Vítima;534,603;BR-040/MG;Sul;Queda de Moto;0;0;0;0;0;0;0;0;0;0;0;0;0;0;0
19/10/2019;11:24:00;123;Acidente com Vítima;527,7;BR-040/MG;Norte;Choque em defensa;1;0;0;0;0;0;0;0;0;0;0;0;0;0;0
19/10/2019;11:05:00;119;Acidente com Vítima;635,943;BR-040/MG;Norte;Capotamento;1;0;0;0;0;0;0;0;0;0;0;0;0;0;0
19/10/2019;10:40:00;114;Atropelamento sem Morte;526,5;BR-040/MG;Sul;Atropelamento de pedestre atravessando;1;0;0;0;0;0;0;0;0;0;1;0;1;0;0
19/10/2019;10:04:00;104;Acidente sem Vítima;534,2;BR-040/MG;Sul;Colisão traseira;0;0;0;0;0;0;0;0;0;0;0;0;0;0;0
19/10/2019;07:36:00;59;Acidente com Vítima;642,1;BR-040/MG;Norte;Queda de Carga;0;0;1;1;0;0;0;0;0;0;1;1;0;0;0
19/10/2019;05:38:00;40;Acidente com Vítima;44,1;BR-040/MG;Sul;Queda de Carga;0;1;0;0;0;0;0;0;0;0;0;1;0;0;0
19/10/2019;00:28:00;5;Acidente sem Vítima;555,005;BR-040/MG;Sul;;1;0;0;0;0;0;0;0;0;0;1;0;0;0;0
18/10/2019;23:19:00;457;Atropelamento sem Morte;553,11;BR-040/MG;Sul;;0;0;0;0;0;0;0;0;0;0;0;0;1;0;0
18/10/2019;20:31:00;408;Acidente com Vítima;522,4;BR-040/MG;Norte;Colisão traseira;2;0;0;0;0;0;0;0;0;0;1;1;0;0;0
18/10/2019;19:58:00;397;Acidente sem Vítima;607,15;BR-040/MG;Sul;Colisão traseira;2;0;0;0;0;0;0;0;0;0;3;0;0;0;0
18/10/2019;19:53:00;392;Acidente com Vítima;96,1;BR-040/GO;Sul;Abalroamento transversal;1;0;0;0;0;1;0;0;0;0;0;1;0;0;0
18/10/2019;18:58:00;376;Acidente sem Vítima;603,382;BR-040/MG;Norte;Abalroamento longitudinal;1;0;0;0;0;1;0;0;0;0;4;0;0;0;0
18/10/2019;18:13:00;361;Acidente sem Vítima;600,3;BR-040/MG;Sul;Colisão traseira;1;0;1;0;0;0;0;0;0;0;2;0;0;0;0
18/10/2019;16:58:00;335;Acidente com Vítima;537,321;BR-040/MG;Norte;Colisão traseira;1;0;0;1;0;0;0;0;0;0;1;0;1;0;0
18/10/2019;16:58:00;336;Acidente sem Vítima;699,894;BR-040/MG;Sul;Abalroamento longitudinal;1;0;1;0;0;0;0;0;0;0;5;0;0;0;0
18/10/2019;16:44:00;329;Acidente sem Vítima;538,4;BR-040/MG;Norte;Colisão traseira;0;0;2;0;0;0;0;0;0;0;2;0;0;0;0
18/10/2019;16:33:00;325;Acidente com Vítima;224,343;BR-040/MG;Norte;Queda de Carga;0;0;1;0;0;0;0;0;0;0;2;1;0;0;0
18/10/2019;16:19:00;323;Atropelamento com Morte;517,242;BR-040/MG;Norte;;1;0;0;0;0;0;0;0;0;0;1;0;0;1;1
18/10/2019;15:28:00;298;Acidente com Vítima;605,721;BR-040/MG;Sul;Choque com objeto fixo;1;0;0;0;0;0;0;0;0;0;2;0;2;0;0
18/10/2019;14:19:00;278;Acidente sem Vítima;530,248;BR-040/MG;Sul;Colisão traseira;3;0;0;0;0;0;0;0;0;0;5;0;0;0;0
18/10/2019;14:13:00;273;Acidente com Vítima;538,11;BR-040/MG;Sul;Colisão traseira;3;0;1;0;0;0;0;0;0;0;5;3;2;0;0
18/10/2019;13:33:00;257;Acidente com Vítima;541,2;BR-040/MG;Sul;Colisão traseira;1;0;0;2;0;0;0;0;0;0;2;0;0;1;0
18/10/2019;13:33:00;258;Acidente com Vítima;7,8;BR-040/GO;Norte;Colisão traseira;2;0;0;0;0;0;0;0;0;0;3;1;0;0;0
18/10/2019;10:36:00;194;Acidente com Vítima;7,2;BR-040/GO;Sul;Queda de Carga;1;0;0;1;0;0;0;0;0;0;2;1;0;0;0
18/10/2019;09:47:00;180;Acidente sem Vítima;3,6;BR-040/DF;Norte;Abalroamento longitudinal;1;0;0;1;0;0;0;0;0;0;2;0;0;0;0
18/10/2019;08:14:00;148;Acidente sem Vítima;719,5;BR-040/MG;Sul;Colisão traseira;2;0;0;0;0;0;0;0;0;0;2;0;0;0;0
18/10/2019;06:25:00;105;Acidente sem Vítima;602,498;BR-040/MG;Sul;Colisão frontal;2;0;1;0;0;0;0;0;0;0;5;0;0;0;0
18/10/2019;06:24:00;106;Acidente com Vítima;359,8;BR-040/MG;Sul;Queda de Carga;0;0;0;1;0;0;0;0;0;0;1;1;0;0;0
17/10/2019;19:51:00;352;Acidente sem Vítima;509,2;BR-040/MG;Sul;;3;0;0;0;0;0;0;0;0;0;3;0;0;0;0
17/10/2019;19:34:00;349;Acidente com Vítima;467,15;BR-040/MG;Sul;Choque com objeto fixo;1;0;0;0;0;0;0;0;0;0;4;1;0;0;0
17/10/2019;18:29:00;336;Acidente sem Vítima;611,1;BR-040/MG;Norte;Colisão traseira;0;0;1;0;0;1;0;0;0;0;2;0;0;0;0
17/10/2019;18:07:00;329;Acidente sem Vítima;496,1;BR-040/MG;Sul;;1;0;0;0;0;0;0;0;0;0;1;0;0;0;0
17/10/2019;16:49:00;311;Acidente com Vítima;7,016;BR-040/GO;Norte;Colisão frontal;1;0;0;1;0;0;0;0;0;0;2;1;0;0;0
17/10/2019;16:25:00;306;Acidente com Vítima;715,326;BR-040/MG;Norte;Queda de Carga;0;0;0;1;0;0;0;0;0;0;0;1;0;0;0
17/10/2019;15:16:00;290;Acidente sem Vítima;117,028;BR-040/GO;Sul;Capotamento;1;0;0;0;0;0;0;0;0;0;1;0;0;0;0
17/10/2019;13:28:00;257;Acidente sem Vítima;521,148;BR-040/MG;Norte;Abalroamento longitudinal;2;0;0;0;0;0;0;0;0;0;5;0;0;0;0
17/10/2019;13:11:00;253;Acidente com Vítima;128,51;BR-040/MG;Norte;Queda de Carga;0;0;1;0;0;0;0;0;0;0;2;1;0;0;0
17/10/2019;12:20:00;236;Acidente sem Vítima;523,656;BR-040/MG;Norte;Choque com objeto fixo;0;0;1;0;0;0;0;0;0;0;1;0;0;0;0
17/10/2019;11:27:00;229;Acidente com Vítima;464,117;BR-040/MG;Norte;Queda de Carga;0;0;1;0;0;0;0;0;0;0;0;1;0;0;0
17/10/2019;09:46:00;192;Acidente com Vítima;709,723;BR-040/MG;Sul;Capotamento;1;0;0;0;0;0;0;0;0;0;3;1;0;0;0
17/10/2019;09:39:00;188;Acidente sem Vítima;542,321;BR-040/MG;Sul;Queda de Carga;0;0;0;1;0;0;0;0;0;0;1;0;0;0;0
17/10/2019;06:31:00;88;Acidente com Vítima;1,2;BR-040/GO;Norte;Abalroamento longitudinal;0;0;0;2;0;0;0;0;0;0;1;1;0;0;0
16/10/2019;23:47:00;327;Acidente sem Vítima;290,6;BR-040/MG;Sul;Choque com objeto fixo;1;0;0;0;0;0;0;0;0;0;1;0;0;0;0
16/10/2019;21:19:00;302;Acidente sem Vítima;93,275;BR-040/GO;Sul;Choque com objeto fixo;0;0;1;0;0;0;0;0;0;0;1;0;0;0;0
16/10/2019;18:53:00;268;Acidente sem Vítima;525,8;BR-040/MG;Sul;Colisão traseira;2;0;0;0;0;0;0;0;0;0;2;0;0;0;0
16/10/2019;18:07:00;249;Acidente sem Vítima;529,37;BR-040/MG;Sul;Abalroamento longitudinal;1;0;0;0;0;1;0;0;0;0;3;0;0;0;0
16/10/2019;10:57:00;156;Acidente sem Vítima;509,466;BR-040/MG;Norte;Colisão traseira;0;0;0;0;0;0;0;0;0;0;0;0;0;0;0
16/10/2019;07:44:00;106;Acidente com Vítima;522,6;BR-040/MG;Sul;Abalroamento longitudinal;1;0;0;1;0;0;0;0;0;0;2;1;0;0;0
16/10/2019;07:11:00;97;Acidente com Vítima;14,001;BR-040/GO;Norte;Choque com objeto fixo;0;0;0;1;0;0;0;0;0;0;1;0;1;0;0
15/10/2019;23:35:00;351;Acidente sem Vítima;245,15;BR-040/MG;Norte;Queda de Carga;0;0;0;1;0;0;0;0;0;0;2;0;0;0;0
15/10/2019;22:54:00;349;Acidente sem Vítima;551,8;BR-040/MG;Norte;Colisão traseira;0;0;2;0;0;0;0;0;0;0;2;0;0;0;0
15/10/2019;21:59:00;343;Acidente com Morte;463,405;BR-040/MG;Norte;Choque em defensa;0;0;1;0;0;0;0;0;0;0;0;0;0;0;2
15/10/2019;21:07:00;334;Atropelamento sem Morte;11,7;BR-040/GO;Sul;Atropelamento de ciclista;0;1;0;1;0;0;0;0;0;0;1;0;1;0;0
15/10/2019;20:57:00;333;Acidente sem Vítima;500,9;BR-040/MG;Norte;Atropelamento de animal;1;0;0;0;0;0;0;0;0;0;1;0;0;0;0
15/10/2019;19:18:00;313;Acidente com Vítima;155,01;BR-040/GO;Norte;Choque com objeto fixo;0;0;0;1;0;0;0;0;0;0;0;1;0;0;0
15/10/2019;19:10:00;309;Acidente com Vítima;649,012;BR-040/MG;Norte;Colisão traseira;1;0;0;1;0;0;0;0;0;0;1;0;1;0;0
15/10/2019;18:20:00;296;Acidente sem Vítima;537,5;BR-040/MG;Norte;Colisão traseira;0;0;1;0;0;1;0;0;0;0;2;0;0;0;0
15/10/2019;17:34:00;281;Acidente sem Vítima;534,2;BR-040/MG;Norte;Choque com objeto fixo;1;0;0;0;0;0;0;0;0;0;1;0;0;0;0
15/10/2019;17:29:00;279;Atropelamento sem Morte;36,1;BR-040/MG;Norte;Atropelamento de ciclista;1;1;0;0;0;0;0;0;0;0;1;1;0;0;0
15/10/2019;16:24:00;262;Acidente sem Vítima;689,1;BR-040/MG;Norte;Abalroamento transversal;2;0;0;0;0;0;0;0;0;0;2;0;0;0;0
15/10/2019;15:57:00;252;Acidente sem Vítima;645,1;BR-040/MG;Norte;Choque com objeto fixo;1;0;0;0;0;1;0;0;0;0;2;0;0;0;0
15/10/2019;15:24:00;246;Acidente sem Vítima;665,1;BR-040/MG;Sul;Choque com objeto fixo;2;0;0;0;0;0;0;0;0;0;2;0;0;0;0
15/10/2019;14:02:00;218;Acidente com Vítima;34,1;BR-040/MG;Sul;Colisão traseira;2;0;0;0;0;0;0;0;0;0;1;3;1;0;0
15/10/2019;13:08:00;204;Acidente sem Vítima;673,1;BR-040/MG;Norte;Choque com objeto fixo;0;0;1;0;0;0;0;0;0;0;1;0;0;0;0