data;horario;n_da_ocorrencia;tipo_de_ocorrencia;km;trecho;sentido;tipo_de_acidente;automovel;bicicleta;caminhao;moto;onibus;outros;tracao_animal;transporte_de_cargas_especiais;trator_maquinas;utilitarios;ilesos;levemente_feridos;moderadamente_feridos;gravemente_feridos;mortos
05/10/2019;12:24:00;149;Atropelamento com Morte;696,8;BR-040/MG;Sul;Atropelamento de ciclista;1;1;0;0;0;0;0;0;0;0;2;0;0;0;1
05/10/2019;10:04:00;113;Acidente com Vítima;0,377;BR-040/GO;Sul;Abalroamento longitudinal;1;0;0;1;0;0;0;0;0;0;2;1;0;0;0
05/10/2019;09:38:00;103;Acidente sem Vítima;621,316;BR-040/MG;Sul;Colisão traseira;3;0;0;0;0;0;0;0;0;0;3;0;0;0;0
05/10/2019;09:29:00;101;Acidente sem Vítima;543,543;BR-040/MG;Sul;Queda de Carga;0;1;0;1;0;0;0;0;0;0;2;0;0;0;0
05/10/2019;03:41:00;31;Acidente sem Vítima;524,2;BR-040/MG;Norte;Choque com objeto fixo;1;0;0;0;0;0;0;0;0;0;1;0;0;0;0
05/10/2019;01:39:00;16;Acidente sem Vítima;4,5;BR-040/GO;Sul;Abalroamento longitudinal;2;0;0;0;0;0;0;0;0;0;2;0;0;0;0
04/10/2019;21:43:00;351;Atropelamento com Morte;275,98;BR-040/MG;Norte;Atropelamento de pedestre atravessando;1;0;0;0;0;0;0;0;0;0;1;0;0;0;1
04/10/2019;20:56:00;341;Acidente com Vítima;1,8;BR-040/GO;Sul;Abalroamento longitudinal;1;0;0;1;0;0;0;0;0;0;1;1;0;0;0
04/10/2019;20:51:00;340;Acidente com Vítima;748,8;BR-040/MG;Sul;Queda de Carga;0;0;1;0;0;0;0;0;0;0;0;1;0;0;0
04/10/2019;17:56:00;286;Acidente sem Vítima;544,35;BR-040/MG;Norte;Colisão traseira;1;0;0;0;0;3;0;0;0;0;4;0;0;0;0
04/10/2019;15:52:00;251;Acidente com Vítima;0,1;BR-040/DF;Sul;Queda de Carga;1;0;0;1;0;0;0;0;0;0;1;1;0;0;0
04/10/2019;15:35:00;245;Acidente sem Vítima;669,5;BR-040/MG;Norte;Colisão traseira;2;0;0;0;0;0;0;0;0;0;2;0;0;0;0
04/10/2019;14:55:00;232;Acidente com Vítima;668,3;BR-040/MG;Sul;Abalroamento longitudinal;2;0;0;0;0;0;0;0;0;0;2;1;0;0;0
04/10/2019;14:07:00;214;Acidente com Vítima;533,2;BR-040/MG;Sul;Colisão traseira;1;1;0;0;0;0;0;0;0;0;1;1;0;0;0
04/10/2019;10:44:00;172;Acidente com Vítima;617,322;BR-040/MG;Sul;Colisão traseira;1;0;0;1;0;0;0;0;0;0;1;0;1;0;0
04/10/2019;08:30:00;144;Acidente sem Vítima;2,1;BR-040/DF;Norte;Choque com objeto fixo;1;0;0;0;0;0;0;0;0;0;1;0;0;0;0
04/10/2019;08:22:00;139;Acidente sem Vítima;536,2;BR-040/MG;Norte;Colisão traseira;3;0;0;0;0;0;0;0;0;0;4;0;0;0;0
04/10/2019;06:32:00;107;Atropelamento sem Morte;532,4;BR-040/MG;Sul;Atropelamento de pedestre atravessando;0;0;0;1;0;0;0;0;0;0;1;1;0;0;0
04/10/2019;06:00:00;96;Acidente com Vítima;550,417;BR-040/MG;Norte;Outros;2;0;0;0;1;0;0;0;0;0;10;1;0;0;0
04/10/2019;01:19:00;26;Acidente com Vítima;669,803;BR-040/MG;Norte;Abalroamento longitudinal;0;0;2;0;0;0;0;0;0;0;0;2;0;0;0
04/10/2019;00:16:00;1;Acidente com Vítima;522,325;BR-040/MG;Norte;Colisão frontal;2;0;0;0;0;0;0;0;0;0;0;0;7;1;0
03/10/2019;23:56:00;378;Acidente sem Vítima;12,3;BR-040/GO;Sul;Choque em barreira New Jersey;1;0;0;0;0;0;0;0;0;0;1;0;0;0;0
03/10/2019;18:58:00;316;Acidente com Vítima;715,5;BR-040/MG;Norte;Abalroamento longitudinal;1;0;0;1;0;0;0;0;0;0;1;2;0;0;0
03/10/2019;17:20:00;292;Acidente com Vítima;10,965;BR-040/GO;Sul;Abalroamento transversal;0;0;0;2;0;0;0;0;0;0;1;0;1;0;0
03/10/2019;07:29:00;128;Atropelamento sem Morte;6,6;BR-040/DF;Norte;Atropelamento de ciclista;0;1;0;1;0;0;0;0;0;0;1;0;0;0;0
03/10/2019;07:17:00;123;Acidente com Vítima;19,1;BR-040/GO;Sul;Capotamento;1;0;0;0;0;0;0;0;0;0;2;0;0;0;0
03/10/2019;04:23:00;101;Acidente sem Vítima;598,1;BR-040/MG;Norte;Colisão traseira;0;0;1;0;0;1;0;0;0;0;2;0;0;0;0
03/10/2019;02:36:00;34;Acidente sem Vítima;93,693;BR-040/MG;Sul;Atropelamento de animal;0;0;0;0;1;0;0;0;0;0;28;0;0;0;0
03/10/2019;00:26:00;3;Acidente sem Vítima;101,102;BR-040/GO;Sul;Atropelamento de animal;1;0;0;0;0;0;0;0;0;0;1;0;0;0;0
02/10/2019;20:17:00;354;Acidente sem Vítima;545,1;BR-040/MG;Sul;Abalroamento longitudinal;0;0;2;0;0;0;0;0;0;0;2;0;0;0;0
02/10/2019;18:48:00;332;Atropelamento sem Morte;192,1;BR-040/MG;Sul;Atropelamento de pedestre atravessando;0;0;1;0;0;0;0;0;0;0;1;0;1;0;0
02/10/2019;16:13:00;297;Acidente sem Vítima;0,5;BR-040/GO;Sul;Abalroamento longitudinal;1;0;1;0;0;0;0;0;0;0;3;0;0;0;0
02/10/2019;14:06:00;248;Acidente sem Vítima;3,028;BR-040/GO;Sul;Choque com objeto fixo;0;0;1;0;0;0;0;0;0;0;1;0;0;0;0
02/10/2019;08:09:00;130;Acidente sem Vítima;1,5;BR-040/GO;Sul;Colisão traseira;1;0;0;2;0;0;0;0;0;0;3;0;0;0;0
02/10/2019;07:52:00;120;Acidente sem Vítima;43,5;BR-040/MG;Sul;Queda de Carga;0;0;0;1;0;0;0;0;0;0;2;0;0;0;0
02/10/2019;07:32:00;117;Acidente sem Vítima;18,95;BR-040/GO;Sul;Queda de Carga;0;0;0;2;0;0;0;0;0;0;2;0;0;0;0
02/10/2019;06:40:00;99;Acidente com Vítima;541,1;BR-040/MG;Sul;Colisão traseira;1;0;0;1;0;0;0;0;0;0;1;1;0;0;0
02/10/2019;01:04:00;12;Acidente sem Vítima;81,01;BR-040/GO;Norte;Atropelamento de animal;0;0;0;0;0;1;0;0;0;0;1;0;0;0;0
01/10/2019;20:23:00;306;Acidente sem Vítima;4,2;BR-040/GO;Sul;Colisão traseira;1;0;0;1;0;0;0;0;0;0;2;0;0;0;0
01/10/2019;19:02:00;287;Acidente com Vítima;486,1;BR-040/MG;Sul;Colisão traseira;1;0;1;0;0;0;0;0;0;0;1;0;0;1;0
01/10/2019;18:42:00;279;Acidente com Vítima;539,5;BR-040/MG;Sul;Abalroamento longitudinal;0;0;0;2;0;0;0;0;0;0;3;1;0;0;0
01/10/2019;18:35:00;277;Acidente sem Vítima;643,01;BR-040/MG;Sul;Choque em barreira New Jersey;1;0;0;0;0;0;0;0;0;0;2;0;0;0;0
01/10/2019;17:45:00;273;Acidente sem Vítima;538,7;BR-040/MG;Norte;Colisão traseira;1;0;1;0;0;0;0;0;0;0;2;0;0;0;0
01/10/2019;16:46:00;259;Acidente sem Vítima;8,01;BR-040/DF;Norte;Colisão traseira;2;0;0;0;0;0;0;0;0;0;4;0;0;0;0
01/10/2019;16:36:00;256;Acidente com Vítima;7,481;BR-040/DF;Norte;Colisão traseira;3;0;0;0;0;0;0;0;0;0;4;1;0;0;0
01/10/2019;09:36:00;137;Acidente sem Vítima;533,1;BR-040/MG;Sul;Colisão traseira;1;0;0;1;0;0;0;0;0;0;2;0;0;0;0
01/10/2019;09:28:00;135;Acidente sem Vítima;535,45;BR-040/MG;Sul;Abalroamento longitudinal;1;0;1;0;0;0;0;0;0;0;2;0;0;0;0
01/10/2019;09:07:00;123;Acidente sem Vítima;533,4;BR-040/MG;Sul;Colisão traseira;1;0;0;1;0;0;0;0;0;0;2;0;0;0;0
01/10/2019;07:30:00;95;Acidente com Vítima;2,165;BR-040/GO;Sul;Colisão traseira;1;0;0;0;1;0;0;0;0;0;2;1;0;0;0
01/10/2019;07:28:00;94;Acidente sem Vítima;535,122;BR-040/MG;Sul;Abalroamento longitudinal;1;0;1;0;0;0;0;0;0;0;2;0;0;0;0
01/10/2019;07:18:00;90;Atropelamento sem Morte;539,1;BR-040/MG;Sul;Atropelamento de ciclista;1;1;0;0;0;0;0;0;0;0;2;0;0;0;0
01/10/2019;06:42:00;76;Acidente sem Vítima;538,1;BR-040/MG;Sul;Colisão traseira;0;0;1;1;0;0;0;0;0;0;2;0;0;0;0
01/11/2019;01:32:00;55;Acidente sem Vítimas;2,3;BR-040/GO;Sul;Colisão Lateral;1;0;0;0;0;1;0;0;0;0;2;0;0;0;0
01/11/2019;06:53:00;100;Acidente com Vítimas;6,1;BR-040/DF;Norte;Atropelamento de Andarilho;1;0;0;0;0;1;0;0;0;0;1;1;0;0;0
01/11/2019;06:56:00;101;Acidente sem Vítimas;600,1;BR-040/MG;Norte;Colisão traseira;0;0;2;0;1;0;0;0;0;0;3;0;0;0;0
01/11/2019;07:20:00;103;Acidente com Vítimas;524,9;BR-040/MG;Sul;Colisão lateral;0;0;0;1;0;1;0;0;0;0;1;0;1;0;0
01/11/2019;11:03:00;148;Acidente com Vítimas;555,4;BR-040/MG;Sul;Tombamento;0;0;0;0;0;1;0;0;0;0;1;0;0;0;0
01/11/2019;11:21:00;152;Acidente com Vítimas;729,6;BR-040/MG;Norte;Colisão lateral;3;0;0;0;0;0;0;0;0;0;4;4;0;0;0
01/11/2019;11:52:00;158;Acidente sem Vítimas;729,2;BR-040/MG;Sul;Choque c/ Objeto Fixo;1;0;0;0;0;0;0;0;0;0;1;0;0;0;0
01/11/2019;12:22:00;164;Acidente com Vítimas;545,5;BR-040/MG;Norte;Tombamento de Moto;0;0;0;1;0;0;0;0;0;0;0;1;0;0;0
01/11/2019;12:27:00;169;Acidente com Vítimas;381,2;BR-040/MG;Norte;Tombamento de Moto;0;0;0;1;0;0;0;0;0;0;0;1;0;0;0
01/11/2019;14:16:00;186;Acidente sem Vítimas;572,1;BR-040/MG;Norte;Queda Veículo;1;0;0;0;0;0;0;0;0;0;1;0;0;0;0
01/11/2019;14:47:00;192;Acidente sem Vítimas;3,9;BR-040/GO;Norte;Colisão traseira;2;0;0;0;0;1;0;0;0;0;3;0;0;0;0
01/11/2019;15:46:00;205;Acidente com Vítimas;246,1;BR-040/MG;Sul;Choque com objeto;0;0;0;0;0;1;0;0;0;0;2;1;0;0;0
01/11/2019;16:14:00;217;Acidente sem Vítimas;526,12;BR-040/MG;Norte;Colisão traseira;3;0;0;0;0;1;0;0;0;0;1;0;0;0;0
01/11/2019;17:24:00;231;Acidente sem Vítimas;224,4;BR-040/MG;Sul;Tombamento;0;0;0;1;0;0;0;0;0;0;1;0;0;0;0
01/11/2019;17:43:00;239;Acidente sem Vítimas;119,1;BR-040/MG;Norte;Colisão traseira;2;0;0;0;0;0;0;0;0;0;6;0;0;0;0
01/11/2019;18:04:00;242;Acidente sem Vítimas;413,3;BR-040/MG;Sul;Colisão traseira;2;0;0;0;0;0;0;0;0;0;5;0;0;0;0
01/11/2019;18:53:00;259;Acidente sem Vítimas;11,1;BR-040/GO;Sul;Tombamento de Moto;1;0;0;1;0;0;0;0;0;0;1;0;0;0;0
01/11/2019;19:15:00;264;Acidente com Vítimas;93,1;BR-040/MG;Sul;Colisão frontal;2;0;0;0;0;0;0;0;0;0;2;1;1;0;0
01/11/2019;21:06:00;288;Acidente Fatal;21,27;BR-040/GO;Norte;Atropelamento de Ciclista;1;0;0;0;0;1;0;0;0;0;4;0;0;0;1
01/11/2019;22:22:00;305;Acidente com Vítimas;5,6;BR-040/GO;Sul;Colisão lateral;1;0;0;1;0;1;0;0;0;0;2;0;2;0;0
01/11/2019;22:32:00;304;Acidente com Vítimas;526,6;BR-040/MG;Norte;Tombamento de Moto;0;0;0;0;0;1;0;0;0;0;1;1;0;0;0
01/11/2019;23:06:00;314;Acidente sem Vítimas;511,1;BR-040/MG;Sul;Choque c/ Objeto Fixo;0;0;1;0;0;1;0;0;0;0;1;0;0;0;0
01/11/2019;23:14:00;313;Acidente sem Vítimas;653,3;BR-040/MG;Norte;Atropelamento de Animal;1;1;0;0;0;1;0;0;0;0;5;0;0;0;0
02/11/2019;01:47:00;11;Acidente sem Vítimas;510,1;BR-040/MG;Norte;Colisão lateral;1;0;0;1;0;0;0;0;0;0;1;0;0;0;0
02/11/2019;03:06:00;16;Acidente sem Vítimas;607,204;BR-040/MG;Sul;Colisão lateral;2;0;0;0;0;0;0;0;0;0;3;0;0;0;0
02/11/2019;05:59:00;24;Acidente com Vítimas;547,321;BR-040/MG;Sul;Queda de Viaduto;1;0;0;0;0;0;0;0;0;0;0;1;0;0;0
02/11/2019;11:24:00;94;Acidente sem Vítimas;546,313;BR-040/MG;Sul;Colisão lateral;1;0;0;0;1;0;0;0;0;0;3;0;0;0;0
02/11/2019;16:06:00;142;Acidente com Vítimas;288,6;BR-040/MG;Sul;Capotamento;2;0;0;0;0;2;0;0;0;0;0;1;1;0;0
03/11/2019;04:20:00;905;Acidente sem Vítimas;542,1;BR-040/MG;Norte;Choque / objeto não identificado;1;0;0;0;0;0;0;0;0;0;1;0;0;0;0
03/11/2019;16:57:00;9115;Acidente Fatal;41,23;BR-040/GO;Sul;Colisão frontal;2;0;0;0;0;0;0;0;0;0;0;0;0;3;2
03/11/2019;19:00:00;9137;Acidente sem Vítimas;696,1;BR-040/MG;Norte;Tombamento;0;0;0;0;0;1;0;0;0;0;1;0;0;0;0
03/11/2019;21:58:00;9161;Acidente com Vítimas;530,1;BR-040/MG;Norte;Tombamento;0;0;0;1;0;0;0;0;0;0;1;0;0;0;0
04/11/2019;12:29:00;7;Acidente sem Vítimas;46,1;BR-040/GO;Sul;Atropelamento de Animal;1;0;0;0;0;0;0;0;0;0;1;0;0;0;0
04/11/2019;12:59:00;12;Acidente com Vítimas;514,4;BR-040/MG;Sul;Engavetamento;3;0;0;0;0;0;0;0;0;0;3;0;1;0;0
04/11/2019;18:44:00;69;Acidente com Vítimas;520,135;BR-040/MG;Norte;Atropelamento de Pedestre;0;0;0;0;0;2;0;0;0;0;0;0;1;1;0
04/11/2019;21:23:00;108;Acidente sem Vítimas;515,3;BR-040/MG;Sul;Choque c/ Objeto Fixo;1;0;0;0;0;1;0;0;0;0;1;0;0;0;0
04/11/2019;21:36:00;115;Acidente com Vítimas;7,7;BR-040/GO;Sul;Atropelamento de Animal;0;0;0;1;0;0;0;0;0;0;0;0;1;0;0
05/11/2019;03:02:00;74;Acidente sem Vítimas;92,3;BR-040/MG;Sul;Atropelamento de Animal;0;0;0;0;1;0;0;0;0;0;1;0;0;0;0
05/11/2019;07:50:00;116;Acidente com Vítimas;4,478;BR-040/DF;Sul;Colisão lateral;1;0;0;1;0;0;0;0;0;0;1;0;0;0;0
05/11/2019;07:52:00;118;Acidente com Vítimas;521,15;BR-040/MG;Sul;Queda Veículo;0;0;0;1;0;0;0;0;0;0;0;1;0;0;0
05/11/2019;08:10:00;123;Acidente sem Vítimas;529,11;BR-040/MG;Sul;Colisão lateral;1;0;0;0;0;0;0;0;0;0;2;0;0;0;0
05/11/2019;14:59:00;220;Acidente sem Vítimas;141,8;BR-040/MG;Norte;Colisão traseira;1;0;0;0;0;0;0;0;0;0;1;0;0;0;0
05/11/2019;16:36:00;243;Acidente com Vítimas;631,1;BR-040/MG;Sul;Colisão transversal;1;0;0;1;0;0;0;0;0;0;1;0;0;0;0
05/11/2019;17:24:00;250;Acidente com Vítimas;523,2;BR-040/MG;Sul;Tombamento de Moto;0;0;0;1;0;1;0;0;0;0;0;0;1;0;0
05/11/2019;23:28:00;318;Acidente sem Vítimas;444,4;BR-040/MG;Sul;Tombamento;0;0;2;0;0;0;0;0;0;0;1;0;0;0;0
06/11/2019;00:10:00;4;Acidente com Vítimas;476,64;BR-040/MG;Norte;Colisão traseira;0;0;0;0;0;0;0;0;0;0;1;0;0;0;0
06/11/2019;03:18:00;91;Acidente sem Vítimas;560,1;BR-040/MG;Sul;Choque c/ Objeto Fixo;0;0;0;0;0;1;0;0;0;0;2;0;0;0;0
06/11/2019;04:35:00;95;Acidente com Vítimas;591,591;BR-040/MG;Norte;Colisão transversal;0;0;0;0;1;2;0;0;0;0;1;0;1;0;0
06/11/2019;05:08:00;98;Acidente sem Vítimas;12,4;BR-040/GO;Norte;Colisão traseira;2;0;0;0;0;0;0;0;0;0;2;0;0;0;0
06/11/2019;05:45:00;100;Acidente sem Vítimas;7,194;BR-040/DF;Sul;Tombamento;0;0;0;0;0;1;0;0;0;0;1;0;0;0;0
06/11/2019;06:46:00;105;Acidente sem Vítimas;444,698;BR-040/MG;Sul;Colisão lateral;1;0;1;0;0;0;0;0;0;0;2;0;0;0;0
06/11/2019;08:23:00;144;Acidente com Vítimas;0,12;BR-040/DF;Sul;Colisão traseira;0;0;0;1;0;0;0;0;0;0;1;0;0;0;0
06/11/2019;10:43:00;177;Acidente sem Vítimas;535,52;BR-040/MG;Norte;Colisão traseira;1;0;0;0;1;0;0;0;0;0;2;0;0;0;0
06/11/2019;14:04:00;235;Acidente sem Vítimas;593,5;BR-040/MG;Norte;Colisão lateral;0;0;1;0;0;2;0;0;0;0;1;0;0;0;0
06/11/2019;15:46:00;253;Acidente sem Vítimas;656,5;BR-040/MG;Norte;Choque com objeto;1;0;0;0;0;0;0;0;0;0;1;0;0;0;0
06/11/2019;16:00:00;258;Acidente sem Vítimas;735,3;BR-040/MG;Norte;Choque com objeto;0;0;0;0;0;1;0;0;0;0;1;0;0;0;0
06/11/2019;16:19:00;265;Acidente com Vítimas;491,7;BR-040/MG;Norte;Colisão lateral;1;0;1;0;0;2;0;0;0;0;1;8;0;0;0
06/11/2019;16:40:00;270;Acidente sem Vítimas;523,104;BR-040/MG;Norte;Capotamento;0;0;0;0;0;1;0;0;0;0;3;0;0;0;0
06/11/2019;17:17:00;275;Acidente sem Vítimas;408,541;BR-040/MG;Sul;Colisão lateral;1;0;1;0;0;0;0;0;0;0;3;0;0;0;0
06/11/2019;17:25:00;278;Acidente sem Vítimas;440,321;BR-040/MG;Sul;Choque c/ Objeto Fixo;0;0;0;0;0;1;0;0;0;0;1;0;0;0;0
06/11/2019;17:29:00;279;Acidente com Vítimas;524,9;BR-040/MG;Norte;Atropelamento de Pedestre;0;0;0;0;0;2;0;0;0;0;1;0;1;0;0
07/11/2019;02:17:00;16;Acidente sem Vítimas;456,1;BR-040/MG;Norte;Choque c/ Objeto Fixo;2;0;0;0;0;0;0;0;0;0;1;0;0;0;0
07/11/2019;04:28:00;88;Acidente sem Vítimas;1,225;BR-040/GO;Norte;Atropelamento de Animal;1;0;0;0;0;0;0;0;0;0;1;0;0;0;0
07/11/2019;04:36:00;89;Acidente sem Vítimas;460,3;BR-040/MG;Sul;Tombamento;0;0;1;0;0;0;0;0;0;0;1;0;0;0;0
07/11/2019;05:33:00;94;Acidente sem Vítimas;81,1;BR-040/MG;Norte;Choque c/ Objeto Fixo;0;0;0;0;0;1;0;0;0;0;2;0;0;0;0
07/11/2019;05:47:00;96;Acidente com Vítimas;603,811;BR-040/MG;Norte;Colisão frontal;0;0;1;0;1;0;0;0;0;0;2;2;0;0;0
07/11/2019;06:17:00;100;Acidente sem Vítimas;559,453;BR-040/MG;Sul;Capotamento;0;0;1;0;0;0;0;0;0;0;1;0;0;0;0
07/11/2019;06:30:00;108;Acidente com Vítimas;579,579;BR-040/MG;Norte;Choque c/ Objeto Fixo;0;0;2;0;0;1;0;0;0;0;1;13;3;0;0
07/11/2019;06:41:00;110;Acidente sem Vítimas;3,2;BR-040/DF;Norte;Choque c/ Objeto Fixo;1;0;0;0;0;0;0;0;0;0;3;0;0;0;0
07/11/2019;07:06:00;118;Acidente com Vítimas;671,81;BR-040/MG;Sul;Choque c/ Objeto Fixo;2;0;0;0;0;0;0;0;0;0;3;1;0;0;0
07/11/2019;11:11:00;181;Acidente com Vítimas;741,2;BR-040/MG;Norte;Colisão frontal;3;0;0;0;0;0;0;0;0;0;5;2;0;2;0
07/11/2019;11:57:00;192;Acidente sem Vítimas;146,6;BR-040/MG;Sul;Choque c/ Objeto Fixo;1;0;0;0;0;0;0;0;0;0;1;0;0;0;0
07/11/2019;11:58:00;193;Acidente com Vítimas;12,2;BR-040/GO;Sul;Colisão traseira;2;0;0;0;0;0;0;0;0;0;2;0;0;0;0
07/11/2019;12:10:00;195;Acidente com Vítimas;466,354;BR-040/MG;Norte;Colisão lateral;0;0;0;1;0;1;0;0;0;0;1;1;0;0;0
07/11/2019;13:05:00;202;Acidente sem Vítimas;700,5;BR-040/MG;Sul;Atropelamento de Andarilho;1;0;0;0;0;1;0;0;0;0;1;0;0;0;0
07/11/2019;15:19:00;232;Acidente com Vítimas;532,183;BR-040/MG;Norte;Colisão lateral;1;0;0;1;0;0;0;0;0;0;1;1;0;0;0
07/11/2019;16:12:00;247;Acidente sem Vítimas;516,85;BR-040/MG;Norte;Colisão traseira;1;0;0;0;0;2;0;0;0;0;5;0;0;0;0
07/11/2019;17:19:00;261;Acidente sem Vítimas;254,2;BR-040/MG;Norte;Choque c/ Objeto Fixo;0;0;1;0;0;0;0;0;0;0;1;0;0;0;0
07/11/2019;19:00:00;281;Acidente sem Vítimas;8,1;BR-040/GO;Norte;Atropelamento de Animal;0;0;1;0;0;0;0;0;0;0;1;0;0;0;0
07/11/2019;20:41:00;303;Acidente sem Vítimas;463,424;BR-040/MG;Norte;Choque c/ Objeto Fixo;1;0;0;0;0;0;0;0;0;0;1;0;0;0;0
07/11/2019;22:49:00;323;Acidente com Vítimas;11,1;BR-040/GO;Norte;Colisão lateral;1;0;0;1;0;0;0;0;0;0;3;0;1;0;0
08/11/2019;02:47:00;12;Acidente com Vítimas;510,5;BR-040/MG;Norte;Tombamento de Moto;0;0;0;0;0;1;0;0;0;0;1;1;0;0;0
08/11/2019;06:46:00;109;Acidente com Vítimas;518,8;BR-040/MG;Sul;Atropelamento de Pedestre;1;0;0;0;0;0;0;0;0;0;1;0;1;0;0
08/11/2019;07:32:00;122;Acidente sem Vítimas;510,5;BR-040/MG;Norte;Colisão traseira;2;0;0;0;0;1;0;0;0;0;2;0;0;0;0
08/11/2019;07:58:00;132;Acidente com Vítimas;196,1;BR-040/MG;Sul;Tombamento;0;0;0;0;0;1;0;0;0;0;8;4;1;0;0
08/11/2019;09:59:00;162;Acidente sem Vítimas;526;BR-040/MG;Sul;Colisão lateral;1;0;0;0;0;0;0;0;0;0;1;0;0;0;0
08/11/2019;10:10:00;161;Acidente sem Vítimas;731,8;BR-040/MG;Norte;Choque c/ Objeto Fixo;1;0;0;0;0;0;0;0;0;0;1;0;0;0;0
08/11/2019;10:40:00;168;Acidente sem Vítimas;1,8;BR-040/GO;Norte;Colisão lateral;0;0;0;1;0;1;0;0;0;0;1;0;0;0;0
08/11/2019;11:03:00;171;Acidente sem Vítimas;527,8;BR-040/MG;Norte;Colisão lateral;0;0;1;0;0;1;0;0;0;0;1;0;0;0;0
08/11/2019;11:24:00;176;Acidente sem Vítimas;714,714;BR-040/MG;Sul;Colisão lateral;2;0;0;0;0;0;0;0;0;0;1;0;0;0;0
08/11/2019;11:33:00;177;Acidente com Vítimas;49,1;BR-040/MG;Norte;Colisão frontal;0;0;1;0;0;3;0;0;0;0;3;0;0;1;0
08/11/2019;11:38:00;178;Acidente sem Vítimas;768,1;BR-040/MG;Norte;Choque c/ Objeto Fixo;1;0;0;0;0;0;0;0;0;0;1;0;0;0;0
08/11/2019;12:20:00;183;Acidente com Vítimas;576,1;BR-040/MG;Norte;Colisão lateral;0;0;0;2;0;1;0;0;0;0;2;0;0;0;0
08/11/2019;14:09:00;204;Acidente sem Vítimas;746,1;BR-040/MG;Sul;Atropelamento de Animal;1;0;0;0;0;0;0;0;0;0;1;0;0;0;0
08/11/2019;14:35:00;209;Acidente com Vítimas;112,1;BR-040/MG;Sul;Tombamento;0;0;1;0;0;0;0;0;0;0;2;0;0;0;0
08/11/2019;15:02:00;214;Acidente sem Vítimas;604,1;BR-040/MG;Sul;Colisão traseira;1;0;0;1;0;1;0;0;0;0;1;0;0;0;0
08/11/2019;16:27:00;225;Acidente sem Vítimas;756,1;BR-040/MG;Sul;Choque com objeto;0;0;0;0;0;1;0;0;0;0;2;0;0;0;0
08/11/2019;16:43:00;228;Acidente com Vítimas;120,1;BR-040/GO;Sul;Choque c/ Objeto Fixo;1;0;0;0;0;0;0;0;0;0;0;0;1;0;0
08/11/2019;18:33:00;257;Acidente com Vítimas;538,8;BR-040/MG;Norte;Colisão lateral;0;0;0;1;0;1;0;0;0;0;1;1;0;0;0
08/11/2019;19:03:00;269;Acidente sem Vítimas;671;BR-040/MG;Norte;Engavetamento;1;0;0;0;0;3;0;0;0;0;4;0;0;0;0
08/11/2019;19:35:00;279;Acidente sem Vítimas;728,3;BR-040/MG;Norte;Outros;1;0;0;0;0;0;0;0;0;0;1;0;0;0;0
08/11/2019;19:36:00;281;Acidente sem Vítimas;523,3;BR-040/MG;Norte;Engavetamento;1;0;0;1;0;1;0;0;0;1;4;0;0;0;0
08/11/2019;20:04:00;288;Acidente sem Vítimas;523,3;BR-040/MG;Norte;Engavetamento;2;0;0;0;0;1;0;0;0;0;4;0;0;0;0
08/11/2019;20:49:00;297;Acidente com Vítimas;23,29;BR-040/MG;Norte;Colisão traseira;0;0;0;1;0;0;0;0;0;0;0;0;1;0;0
08/11/2019;22:42:00;320;Acidente sem Vítimas;521,1;BR-040/MG;Sul;Colisão lateral;1;0;0;0;0;1;0;0;0;0;2;0;0;0;0
08/11/2019;23:08:00;327;Acidente sem Vítimas;505,95;BR-040/MG;Sul;Choque c/ Objeto Fixo;1;0;0;0;0;0;0;0;0;0;1;0;0;0;0
09/11/2019;01:15:00;8;Acidente sem Vítimas;541,1;BR-040/MG;Sul;Colisão traseira;1;0;0;0;0;1;0;0;0;0;1;0;0;0;0
09/11/2019;04:13:00;35;Acidente sem Vítimas;549,9;BR-040/MG;Sul;Colisão traseira;1;0;1;0;0;1;0;0;0;0;2;0;0;0;0
09/11/2019;08:19:00;82;Acidente sem Vítimas;536,65;BR-040/MG;Norte;Colisão lateral;2;0;0;0;0;0;0;0;0;0;1;0;0;0;0
09/11/2019;08:36:00;86;Acidente com Vítimas;436,8;BR-040/MG;Sul;Atropelamento de Ciclista;1;0;0;0;0;0;0;0;0;0;1;0;0;1;0
09/11/2019;10:15:00;102;Acidente com Vítimas;5,1;BR-040/GO;Sul;Colisão transversal;1;0;0;1;0;0;0;0;0;0;1;1;0;0;0
09/11/2019;15:03:00;165;Acidente sem Vítimas;766,1;BR-040/MG;Sul;Choque c/ Objeto Fixo;1;0;0;0;0;0;0;0;0;0;2;0;0;0;0
09/11/2019;15:31:00;168;Acidente sem Vítimas;365,7;BR-040/MG;Sul;Choque com objeto;1;0;0;0;1;0;0;0;0;0;2;0;0;0;0
09/11/2019;15:37:00;170;Acidente sem Vítimas;733,1;BR-040/MG;Sul;Choque c/ Objeto Fixo;2;0;0;0;0;0;0;0;0;0;1;0;0;0;0
09/11/2019;16:25:00;181;Acidente com Vítimas;621,1;BR-040/MG;Norte;Colisão frontal;2;0;0;0;0;0;0;0;0;0;0;0;2;0;0
09/11/2019;17:26:00;192;Acidente com Vítimas;589,589;BR-040/MG;Sul;Capotamento;1;0;0;0;0;0;0;0;0;0;0;0;1;0;0
09/11/2019;17:29:00;193;Acidente sem Vítimas;716,1;BR-040/MG;Norte;Choque c/ Objeto Fixo;1;0;0;0;0;0;0;0;0;0;1;0;0;0;0