data;horario;n_da_ocorrencia;tipo_de_ocorrencia;km;trecho;sentido;tipo_de_acidente;automovel;bicicleta;caminhao;moto;onibus;outros;tracao_animal;transporte_de_cargas_especiais;trator_maquinas;utilitarios;ilesos;levemente_feridos;moderadamente_feridos;gravemente_feridos;mortos
18/11/2019;12:09:00;190;Acidente sem Vítimas;321,8;BR-040/MG;Norte;Choque c/ Objeto Fixo;1;0;0;0;0;0;0;0;0;0;1;0;0;0;0
18/11/2019;12:59:00;208;Acidente sem Vítimas;738,321;BR-040/MG;Norte;Colisão lateral;1;0;0;0;0;0;0;0;0;0;1;0;0;0;0
18/11/2019;15:00:00;233;Acidente sem Vítimas;512,3;BR-040/MG;Sul;Choque c/ Objeto Fixo;1;0;0;0;0;1;0;0;0;0;1;0;0;0;0
18/11/2019;16:02:00;242;Acidente sem Vítimas;506,4;BR-040/MG;Sul;Colisão transversal;0;0;0;0;1;2;0;0;0;0;1;0;0;0;0
18/11/2019;17:23:00;261;Acidente sem Vítimas;618,15;BR-040/MG;Norte;Engavetamento;3;0;0;0;0;1;0;0;0;0;4;2;0;0;0
18/11/2019;18:18:00;278;Acidente Fatal;607,4;BR-040/MG;Sul;Colisão transversal;0;0;2;1;0;0;0;0;0;0;3;0;0;0;1
18/11/2019;21:46:00;309;Acidente sem Vítimas;51,6;BR-040/MG;Norte;Choque c/ Objeto Fixo;1;0;0;0;0;0;0;0;0;0;0;1;0;0;0
19/11/2019;06:06:00;73;Acidente com Vítimas;636,211;BR-040/MG;Sul;Colisão traseira;2;0;0;0;0;0;0;0;0;0;1;2;0;0;0
19/11/2019;13:32:00;195;Acidente sem Vítimas;5,9;BR-040/GO;Sul;Choque c/ Objeto Fixo;1;0;0;0;0;1;0;0;0;0;0;1;0;0;0
19/11/2019;14:21:00;212;Acidente sem Vítimas;532,3;BR-040/MG;Sul;Engavetamento;1;0;0;0;0;2;0;0;0;0;3;0;0;0;0
19/11/2019;16:00:00;231;Acidente sem Vítimas;518,5;BR-040/MG;Norte;Colisão traseira;2;0;0;0;0;0;0;0;0;0;2;0;0;0;0
19/11/2019;17:41:00;260;Acidente com Vítimas;103,7;BR-040/GO;Norte;Outros;0;0;0;0;0;2;0;0;0;0;2;0;0;0;0
19/11/2019;18:36:00;273;Acidente com Vítimas;528,15;BR-040/MG;Sul;Colisão lateral;1;0;0;1;0;0;0;0;0;0;2;1;0;0;0
19/11/2019;19:03:00;290;Acidente sem Vítimas;538,15;BR-040/MG;Norte;Engavetamento;6;0;0;0;0;1;0;0;0;0;0;1;0;0;0
19/11/2019;19:47:00;287;Acidente com Vítimas;469,4;BR-040/MG;Norte;Choque c/ Objeto Fixo;1;0;0;0;0;0;0;0;0;0;2;1;0;0;0
19/11/2019;21:04:00;300;Acidente sem Vítimas;634,2;BR-040/MG;Norte;Queda Veículo;1;0;0;0;0;0;0;0;0;0;0;1;0;0;0
20/11/2019;02:16:00;18;Acidente sem Vítimas;432,17;BR-040/MG;Norte;Capotamento;1;0;0;0;0;1;0;0;0;0;0;1;0;0;0
20/11/2019;04:19:00;40;Acidente sem Vítimas;500,5;BR-040/MG;Sul;Atropelamento de Animal;0;0;0;0;0;0;0;0;0;0;4;0;0;0;0
20/11/2019;06:19:00;72;Acidente com Vítimas;456,7;BR-040/MG;Sul;Choque c/ Objeto Fixo;2;0;0;0;0;0;0;0;0;0;0;3;0;0;0
20/11/2019;07:29:00;86;Acidente sem Vítimas;194,1;BR-040/MG;Sul;Capotamento;0;0;0;0;0;0;0;0;0;0;0;1;0;0;0
20/11/2019;07:53:00;96;Acidente sem Vítimas;193,8;BR-040/MG;Sul;Tombamento;0;0;1;0;0;0;0;0;0;0;1;0;0;0;0
20/11/2019;10:04:00;129;Acidente sem Vítimas;449,79;BR-040/MG;Norte;Choque c/ Objeto Fixo;1;0;0;0;0;0;0;0;0;0;1;0;0;0;0
20/11/2019;11:47:00;153;Acidente com Vítimas;466,5;BR-040/MG;Norte;Capotamento;1;0;0;0;0;0;0;0;0;0;1;0;0;0;0
20/11/2019;14:00:00;174;Acidente sem Vítimas;457,7;BR-040/MG;Norte;Choque c/ Objeto Fixo;0;0;0;0;0;2;0;0;0;0;3;0;0;0;0
20/11/2019;14:12:00;175;Acidente sem Vítimas;568,147;BR-040/MG;Norte;Colisão transversal;1;0;0;0;0;1;0;0;0;0;3;0;0;0;0
20/11/2019;15:08:00;190;Acidente sem Vítimas;155,1;BR-040/GO;Sul;Colisão traseira;1;0;1;0;0;0;0;0;0;0;2;0;0;0;0
20/11/2019;15:51:00;210;Acidente com Vítimas;271,5;BR-040/MG;Norte;Queda de Ribanceira;1;0;0;0;0;0;0;0;0;0;0;2;0;0;0
20/11/2019;17:15:00;229;Acidente sem Vítimas;517,3;BR-040/MG;Norte;Colisão lateral;1;0;0;0;0;0;0;0;0;0;1;0;1;0;0
20/11/2019;18:56:00;256;Acidente sem Vítimas;722,122;BR-040/MG;Norte;Choque c/ Objeto Fixo;1;0;0;0;0;0;0;0;0;0;3;0;0;0;0
20/11/2019;19:14:00;259;Acidente com Vítimas;681,1;BR-040/MG;Sul;Colisão transversal;1;0;0;1;0;0;0;0;0;0;1;0;1;0;0
20/11/2019;19:40:00;264;Acidente com Vítimas;298,7;BR-040/MG;Sul;Capotamento;0;0;0;0;0;1;0;0;0;0;0;0;1;0;0
20/11/2019;22:22:00;283;Acidente com Vítimas;1,7;BR-040/GO;Sul;Atropelamento de Pedestre;0;0;0;1;0;1;0;0;0;0;0;0;1;0;0
21/11/2019;04:38:00;77;Acidente sem Vítimas;1,3;BR-040/DF;Norte;Capotamento;1;0;0;0;0;0;0;0;0;0;2;0;0;0;0
21/11/2019;06:23:00;84;Acidente Fatal;0,5;BR-040/DF;Sul;Atropelamento de Ciclista;1;0;0;0;0;0;0;0;0;0;1;0;0;0;1
21/11/2019;06:54:00;94;Acidente com Vítimas;26,1;BR-040/GO;Sul;Colisão transversal;1;0;0;1;0;0;0;0;0;0;1;0;0;0;0
21/11/2019;07:44:00;113;Acidente sem Vítimas;5,1;BR-040/GO;Norte;Colisão traseira;1;0;0;0;0;0;0;0;0;0;1;0;0;0;0
21/11/2019;07:52:00;115;Acidente sem Vítimas;549,5;BR-040/MG;Sul;Colisão traseira;1;0;0;0;0;0;0;0;0;0;0;1;0;0;0
21/11/2019;09:43:00;137;Acidente sem Vítimas;714,2;BR-040/MG;Sul;Colisão traseira;0;0;1;0;0;1;0;0;0;0;2;0;0;0;0
21/11/2019;12:10:00;169;Acidente sem Vítimas;696,1;BR-040/MG;Sul;Colisão lateral;1;0;0;0;1;1;0;0;0;0;1;0;0;0;0
21/11/2019;16:32:00;214;Acidente sem Vítimas;616,1;BR-040/MG;Norte;Colisão traseira;1;0;0;1;0;1;0;0;0;0;1;2;0;0;0
21/11/2019;17:35:00;229;Acidente sem Vítimas;2,1;BR-040/GO;Norte;Colisão traseira;0;0;0;0;0;0;0;0;0;0;0;1;0;0;0
21/11/2019;17:35:00;233;Acidente com Vítimas;509,8;BR-040/MG;Norte;Colisão traseira;1;0;0;0;0;0;0;0;0;0;1;1;0;0;0
21/11/2019;18:26:00;245;Acidente Fatal;583,523;BR-040/MG;Norte;Queda de Ribanceira;0;0;0;0;0;1;0;0;0;0;0;0;0;0;2
21/11/2019;20:28:00;268;Acidente com Vítimas;532,2;BR-040/MG;Sul;Tombamento de Moto;0;0;0;1;0;0;0;0;0;0;0;2;0;0;0
22/11/2019;06:02:00;101;Acidente sem Vítimas;92,5;BR-040/GO;Norte;Choque c/ Objeto Fixo;1;0;0;0;0;0;0;0;0;0;0;1;0;0;0
22/11/2019;07:46:00;156;Acidente sem Vítimas;557,5;BR-040/MG;Sul;Choque c/ Objeto Fixo;1;0;0;0;0;0;0;0;0;0;1;0;0;0;0
22/11/2019;08:25:00;172;Acidente com Vítimas;0,4;BR-040/GO;Sul;Colisão lateral;0;1;0;1;0;0;0;0;0;0;1;1;0;0;0
22/11/2019;15:15:00;287;Acidente com Vítimas;470,3;BR-040/MG;Norte;Capotamento;1;0;0;0;0;0;0;0;0;0;1;0;0;1;0
22/11/2019;15:43:00;294;Acidente sem Vítimas;470,5;BR-040/MG;Norte;Choque c/ Objeto Fixo;0;0;0;0;1;0;0;0;0;0;2;0;0;0;0
22/11/2019;15:52:00;302;Acidente sem Vítimas;444,4;BR-040/MG;Sul;Tombamento;0;0;1;0;0;2;0;0;0;0;2;0;0;0;0
22/11/2019;16:33:00;313;Acidente fatal;661,11;BR-040/MG;Sul;Colisão frontal;2;0;0;0;0;0;0;0;0;0;0;4;1;0;1
22/11/2019;16:51:00;317;Acidente sem Vítimas;547,522;BR-040/MG;Norte;Colisão traseira;0;0;1;0;0;1;0;0;0;0;0;1;0;0;0
22/11/2019;18:20:00;334;Acidente com Vítimas;15,1;BR-040/MG;Sul;Capotamento;1;0;0;0;0;0;0;0;0;0;0;1;0;0;0
22/11/2019;21:08:00;369;Acidente sem Vítimas;621,1;BR-040/MG;Norte;Queda Veículo;1;0;0;0;0;0;0;0;0;0;2;0;0;0;0
23/11/2019;02:03:00;9;Acidente sem Vítimas;442,3;BR-040/MG;Sul;Tombamento;0;0;1;0;0;0;0;0;0;0;1;0;0;0;0
23/11/2019;06:08:00;28;Acidente sem Vítimas;265,429;BR-040/MG;Norte;Capotamento;0;0;0;0;0;2;0;0;0;0;3;0;0;0;0
23/11/2019;06:34:00;29;Acidente sem Vítimas;539,663;BR-040/MG;Sul;Colisão traseira;2;0;0;0;0;0;0;0;0;0;2;0;0;0;0
23/11/2019;06:46:00;30;Acidente sem Vítimas;487,3;BR-040/MG;Sul;Colisão traseira;1;0;0;0;0;1;0;0;0;0;5;0;0;0;0
23/11/2019;08:27:00;52;Acidente com Vítimas;614,143;BR-040/MG;Sul;Colisão transversal;1;0;0;0;0;2;0;0;0;0;1;1;0;0;0
23/11/2019;09:11:00;61;Acidente com Vítimas;626,2;BR-040/MG;Sul;Atropelamento de Pedestre;0;0;0;0;1;0;0;0;0;0;0;0;0;1;0
23/11/2019;13:18:00;98;Acidente sem Vítimas;624,842;BR-040/MG;Sul;Tombamento;0;0;1;0;0;1;0;0;0;0;0;1;0;0;0
23/11/2019;13:45:00;101;Acidente sem Vítimas;511,6;BR-040/MG;Sul;Colisão lateral;1;0;0;0;0;1;0;0;0;0;0;1;0;0;0
23/11/2019;14:19:00;109;Acidente sem Vítimas;542,3;BR-040/MG;Norte;Colisão traseira;1;0;0;0;1;0;0;0;0;0;0;1;0;0;0
23/11/2019;14:41:00;116;Acidente sem Vítimas;714,1;BR-040/MG;Norte;Colisão lateral;1;0;0;0;1;0;0;0;0;0;2;0;0;0;0
23/11/2019;15:32:00;130;Acidente com Vítimas;593,321;BR-040/MG;Norte;Capotamento;0;0;1;0;0;0;0;0;0;0;1;0;0;1;0
23/11/2019;16:41:00;138;Acidente sem Vítimas;11,9;BR-040/GO;Norte;Colisão transversal;2;0;0;0;0;0;0;0;0;0;2;0;0;0;0
23/11/2019;20:14:00;170;Acidente sem Vítimas;421,5;BR-040/MG;Norte;Choque c/ Objeto Fixo;1;0;0;0;0;0;0;0;0;0;0;1;0;0;0
23/11/2019;21:56:00;176;Acidente com Vítimas;11,4;BR-040/GO;Sul;Atropelamento de Pedestre;1;0;0;0;0;1;0;0;0;0;1;0;0;1;0
24/11/2019;01:39:00;7;Acidente sem Vítimas;504,7;BR-040/MG;Sul;Choque c/ Objeto Fixo;1;0;0;0;0;1;0;0;0;0;1;0;0;0;0
24/11/2019;02:53:00;9;Acidente com Vítimas;717,2;BR-040/MG;Sul;Choque c/ Objeto Fixo;1;0;0;0;0;0;0;0;0;0;0;1;0;0;0
24/11/2019;05:50:00;18;Acidente com Vítimas;477,498;BR-040/MG;Norte;Colisão traseira;2;0;0;0;0;1;0;0;0;0;3;0;2;0;0
24/11/2019;06:45:00;23;Acidente com Vítimas;741,4;BR-040/MG;Sul;Capotamento;1;0;0;0;0;0;0;0;0;0;1;1;0;0;0
24/11/2019;07:16:00;27;Acidente sem Vítimas;729,1;BR-040/MG;Sul;Choque c/ Objeto Fixo;0;0;0;0;0;0;0;0;0;0;1;0;0;0;0
24/11/2019;16:30:00;126;Acidente com Vítimas;509,7;BR-040/MG;Norte;Colisão traseira;0;0;0;0;0;1;0;0;0;0;0;1;0;0;0
24/11/2019;16:31:00;127;Acidente sem Vítimas;457,15;BR-040/MG;Norte;Choque c/ Objeto Fixo;0;0;0;0;0;2;0;0;0;0;0;1;0;0;0
24/11/2019;20:44:00;182;Acidente sem Vítimas;666,8;BR-040/MG;Norte;Choque c/ Objeto Fixo;0;0;0;1;0;0;0;0;0;0;1;0;0;0;0
25/11/2019;01:00:00;48;Acidente com Vítimas;6,2;BR-040/DF;Sul;Engavetamento;1;0;0;1;0;0;0;0;0;0;1;0;0;0;0
25/11/2019;07:24:00;116;Acidente com Vítimas;539,2;BR-040/MG;Norte;Atropelamento de Pedestre;0;0;0;0;1;1;0;0;0;0;1;1;0;0;0
25/11/2019;07:29:00;113;Acidente sem Vítimas;214,4;BR-040/MG;Sul;Colisão traseira;1;0;0;0;0;0;0;0;0;0;1;0;0;0;0
25/11/2019;15:14:00;250;Acidente com Vítimas;742,105;BR-040/MG;Norte;Colisão lateral;1;0;0;0;0;0;0;0;0;0;0;1;0;0;0
25/11/2019;17:25:00;287;Acidente sem Vítimas;517,5;BR-040/MG;Sul;Colisão traseira;1;0;0;0;1;0;0;0;0;0;3;0;0;0;0
25/11/2019;17:45:00;297;Acidente com Vítimas;526,5;BR-040/MG;Sul;Tombamento de Moto;0;0;0;1;0;0;0;0;0;0;0;1;0;0;0
26/11/2019;06:43:00;85;Acidente com Vítimas;513,234;BR-040/MG;Sul;Colisão traseira;0;0;0;1;0;2;0;0;0;0;0;0;1;0;0
26/11/2019;07:39:00;107;Acidente sem Vítimas;514,6;BR-040/MG;Sul;Colisão lateral;0;0;0;0;2;1;0;0;0;0;4;1;0;0;0
26/11/2019;09:58:00;124;Acidente sem Vítimas;537,4;BR-040/MG;Norte;Choque c/ Objeto Fixo;1;0;0;0;0;1;0;0;0;0;0;1;0;0;0
26/11/2019;10:01:00;125;Acidente com Vítimas;694,4;BR-040/MG;Sul;Colisão lateral;1;0;0;0;0;0;0;0;0;0;0;1;0;0;0
26/11/2019;11:13:00;143;Acidente sem Vítimas;224,5;BR-040/MG;Norte;Tombamento;0;0;0;0;1;1;0;0;0;0;1;0;0;0;0
26/11/2019;17:54:00;266;Acidente com Vítimas;672,9;BR-040/MG;Sul;Colisão lateral;1;0;0;1;0;0;0;0;0;0;2;0;1;0;0
26/11/2019;18:56:00;278;Acidente com Vítimas;468,1;BR-040/MG;Sul;Choque c/ Objeto Fixo;0;0;1;0;0;0;0;0;0;0;0;1;0;0;0
26/11/2019;19:20:00;282;Acidente com Vítimas;544,1;BR-040/MG;Sul;Tombamento de Moto;0;0;0;0;0;1;0;0;0;0;0;0;1;0;0
26/11/2019;19:34:00;288;Acidente sem Vítimas;658,2;BR-040/MG;Sul;Colisão traseira;1;0;1;0;0;0;0;0;0;0;2;0;0;0;0
26/11/2019;23:14:00;311;Acidente sem Vítimas;495,5;BR-040/MG;Sul;Choque c/ Objeto Fixo;0;0;0;0;0;1;0;0;0;0;0;1;0;0;0
27/11/2019;00:02:00;1;Acidente sem Vítimas;546,3;BR-040/MG;Norte;Capotamento;1;0;0;0;0;1;0;0;0;0;0;1;0;0;0
27/11/2019;03:38:00;8;Acidente sem Vítimas;398,5;BR-040/MG;Sul;Tombamento;0;0;0;0;1;0;0;0;0;0;1;1;0;0;0
27/11/2019;06:33:00;45;Acidente sem Vítimas;761,5;BR-040/MG;Sul;Choque c/ Objeto Fixo;1;0;0;0;0;1;0;0;0;0;1;0;0;0;0
27/11/2019;08:39:00;71;Acidente sem Vítimas;542,461;BR-040/MG;Sul;Engavetamento;4;0;0;0;0;0;0;0;0;0;3;0;0;0;0
27/11/2019;16:16:00;202;Acidente com Vítimas;502,141;BR-040/MG;Norte;Tombamento de Moto;0;0;0;1;0;0;0;0;0;0;1;1;0;0;0
27/11/2019;17:02:00;216;Acidente com Vítimas;538,6;BR-040/MG;Norte;Colisão traseira;1;0;0;0;0;1;0;0;0;0;0;0;1;0;0
27/11/2019;18:02:00;242;Acidente com Vítimas;533,5;BR-040/MG;Sul;Colisão transversal;1;0;0;1;0;0;0;0;0;0;1;1;0;0;0
27/11/2019;19:40:00;259;Acidente sem Vítimas;96,2;BR-040/GO;Sul;Queda Veículo;0;0;0;1;0;0;0;0;0;0;0;2;0;0;0
28/11/2019;03:11:00;64;Acidente sem Vítimas;587,3;BR-040/MG;Norte;Choque c/ Objeto Fixo;0;0;0;0;0;1;0;0;0;0;1;0;0;0;0
28/11/2019;10:29:00;114;Acidente Fatal;696,8;BR-040/MG;Norte;Colisão frontal;1;0;0;0;2;1;0;0;0;0;2;0;0;0;1
28/11/2019;11:11:00;127;Acidente com Vítimas;700,2;BR-040/MG;Sul;Atropelamento de Animal;0;0;0;1;0;0;0;0;0;0;0;0;1;0;0
28/11/2019;12:33:00;151;Acidente sem Vítimas;3,1;BR-040/MG;Sul;Queda Veículo;0;0;0;0;0;0;0;0;0;0;0;1;0;0;0
28/11/2019;12:56:00;159;Acidente com Vítimas;627,5;BR-040/MG;Sul;Colisão traseira;0;0;0;0;0;2;0;0;0;0;0;1;0;0;0
28/11/2019;12:57:00;158;Acidente sem Vítimas;640,25;BR-040/MG;Sul;Capotamento;1;0;0;0;0;1;0;0;0;0;1;0;0;0;0
28/11/2019;13:23:00;163;Acidente sem Vítimas;142,126;BR-040/MG;Sul;Colisão transversal;2;0;0;0;0;0;0;0;0;0;2;0;0;0;0
28/11/2019;14:57:00;181;Acidente sem Vítimas;464,4;BR-040/MG;Sul;Choque c/ Objeto Fixo;0;0;0;0;0;1;0;0;0;0;1;0;0;0;0
28/11/2019;15:59:00;192;Acidente sem Vítimas;53,544;BR-040/MG;Sul;Tombamento;0;0;0;0;1;0;0;0;0;0;1;0;0;0;0
28/11/2019;16:19:00;199;Acidente sem Vítimas;725,2;BR-040/MG;Norte;Capotamento;0;0;0;0;0;2;0;0;0;0;1;0;0;0;0
28/11/2019;17:28:00;209;Acidente com Vítimas;456,5;BR-040/MG;Norte;Tombamento;0;0;1;0;0;0;0;0;0;0;0;0;0;1;0
28/11/2019;19:08:00;235;Acidente sem Vítimas;508,173;BR-040/MG;Norte;Colisão lateral;0;0;0;1;1;0;0;0;0;0;13;0;0;0;0
28/11/2019;19:11:00;236;Acidente sem Vítimas;497,7;BR-040/MG;Sul;Choque c/ Objeto Fixo;1;0;0;0;0;0;0;0;0;0;0;1;0;0;0
28/11/2019;19:42:00;249;Acidente sem Vítimas;633,7;BR-040/MG;Norte;Colisão lateral;1;0;0;1;0;1;0;0;0;0;1;0;1;0;0
28/11/2019;19:48:00;257;Acidente sem Vítimas;590,1;BR-040/MG;Norte;Choque c/ Objeto Fixo;0;0;1;0;0;0;0;0;0;0;1;0;0;0;0
28/11/2019;20:41:00;265;Acidente sem Vítimas;709,1;BR-040/MG;Sul;Capotamento;1;0;0;0;0;0;0;0;0;0;0;0;2;0;0
28/11/2019;20:50:00;264;Acidente com Vítimas;455,5;BR-040/MG;Norte;Colisão traseira;1;0;0;1;0;0;0;0;0;0;1;2;1;0;0
28/11/2019;21:27:00;269;Acidente sem Vítimas;464,9;BR-040/MG;Norte;Tombamento;0;0;1;0;0;0;0;0;0;0;1;0;0;0;0
28/11/2019;21:33:00;271;Acidente sem Vítimas;624,5;BR-040/MG;Sul;Tombamento;0;0;1;0;0;0;0;0;0;0;0;1;0;0;0
28/11/2019;23:28:00;282;Acidente sem Vítimas;527,7;BR-040/MG;Sul;Choque c/ Objeto Fixo;1;0;0;0;0;0;0;0;0;0;2;0;0;0;0
29/11/2019;04:59:00;90;Acidente sem Vítimas;504,455;BR-040/MG;Sul;Colisão traseira;1;0;0;0;0;0;0;0;0;0;0;1;0;0;0
29/11/2019;05:45:00;93;Acidente sem Vítimas;92,8;BR-040/GO;Norte;Tombamento;0;0;0;0;1;0;0;0;0;0;2;0;0;0;0
29/11/2019;06:37:00;101;Acidente sem Vítimas;241,6;BR-040/MG;Norte;Choque c/ Objeto Fixo;1;0;0;0;0;0;0;0;0;0;2;0;0;0;0
29/11/2019;07:23:00;112;Acidente sem Vítimas;736,2;BR-040/MG;Norte;Choque c/ Objeto Fixo;1;0;0;0;0;0;0;0;0;0;0;1;0;0;0
29/11/2019;11:05:00;167;Acidente sem Vítimas;714,1;BR-040/MG;Norte;Colisão lateral;0;0;0;0;1;1;0;0;0;0;1;0;0;0;0
29/11/2019;12:02:00;179;Acidente sem Vítimas;143,6;BR-040/MG;Norte;Colisão transversal;1;0;0;0;0;1;0;0;0;0;2;0;0;0;0
29/11/2019;13:49:00;199;Acidente sem Vítimas;248,248;BR-040/MG;Sul;Choque c/ Objeto Fixo;1;0;0;0;0;0;0;0;0;0;3;0;0;0;0
29/11/2019;13:55:00;201;Acidente sem Vítimas;41,41;BR-040/MG;Sul;Capotamento;1;0;0;0;0;1;0;0;0;0;0;2;0;0;0
29/11/2019;15:03:00;209;Acidente com Vítimas;12,12;BR-040/GO;Sul;Colisão traseira;2;0;0;0;0;0;0;0;0;0;2;1;0;0;0
29/11/2019;17:47:00;242;Acidente sem Vítimas;4,3;BR-040/DF;Norte;Colisão traseira;2;0;0;0;0;0;0;0;0;0;2;0;0;0;0
29/11/2019;17:53:00;246;Acidente com Vítimas;682,1;BR-040/MG;Sul;Atropelamento de Animal;0;0;1;1;0;0;0;0;0;0;0;1;0;0;0
29/11/2019;18:07:00;245;Acidente com Vítimas;15,6;BR-040/MG;Sul;Capotamento;1;0;0;0;0;0;0;0;0;0;0;4;0;0;0
29/11/2019;18:58:00;260;Acidente com Vítimas;9,2;BR-040/GO;Sul;Atropelamento de Pedestre;0;0;0;0;0;1;0;0;0;0;1;2;1;0;0
29/11/2019;19:18:00;265;Acidente com Vítimas;633,1;BR-040/MG;Norte;Colisão lateral;0;0;0;1;0;0;0;0;0;0;1;0;1;0;0
29/11/2019;19:36:00;268;Acidente sem Vítimas;535,3;BR-040/MG;Sul;Colisão traseira;1;0;0;1;0;0;0;0;0;0;3;0;0;0;0
29/11/2019;21:47:00;292;Acidente com Vítimas;282,1;BR-040/MG;Norte;Atropelamento de Pedestre;0;0;0;0;1;0;0;0;0;0;1;0;0;0;0
29/11/2019;22:12:00;295;Acidente sem Vítimas;87,1;BR-040/GO;Norte;Tombamento;0;0;0;1;0;0;0;0;0;0;1;0;0;0;0
29/11/2019;22:39:00;298;Acidente sem Vítimas;234,1;BR-040/MG;Sul;Choque c/ Objeto Fixo;1;0;0;0;0;0;0;0;0;0;1;0;0;0;0
30/11/2019;01:27:00;19;Acidente sem Vítimas;513,8;BR-040/MG;Norte;Choque c/ Objeto Fixo;1;0;0;0;0;0;0;0;0;0;1;0;0;0;0
30/11/2019;04:58:00;50;Acidente sem Vítimas;528,5;BR-040/MG;Norte;Choque c/ Objeto Fixo;1;0;0;0;0;0;0;0;0;0;0;1;0;0;0
30/11/2019;05:25:00;51;Acidente sem Vítimas;521,6;BR-040/MG;Norte;Choque c/ Objeto Fixo;1;0;0;0;0;0;0;0;0;0;1;0;0;0;0
30/11/2019;05:57:00;54;Acidente com Vítimas;735,324;BR-040/MG;Norte;Tombamento de Moto;0;0;0;1;0;0;0;0;0;0;0;1;1;0;0
30/11/2019;07:45:00;71;Acidente com Vítimas;1,6;BR-040/GO;Norte;Colisão lateral;0;0;0;1;0;1;0;0;0;0;0;0;1;0;0
30/11/2019;09:25:00;87;Acidente com Vítimas;536,536;BR-040/MG;Norte;Atropelamento de Pedestre;0;0;0;0;0;1;0;0;0;0;0;0;0;1;0
30/11/2019;11:36:00;110;Acidente com Vítimas;1,14;BR-040/GO;Norte;Colisão lateral;1;0;0;1;0;0;0;0;0;0;0;0;1;0;0
30/11/2019;12:22:00;120;Acidente sem Vítimas;506,605;BR-040/MG;Sul;Outros;1;0;0;0;0;0;0;0;0;0;0;1;0;0;0
30/11/2019;13:31:00;132;Acidente sem Vítimas;42,8;BR-040/MG;Sul;Colisão transversal;2;0;0;0;0;0;0;0;0;0;2;2;0;0;0
30/11/2019;16:36:00;169;Acidente sem Vítimas;462;BR-040/MG;Sul;Outros;0;0;0;0;0;0;0;0;0;0;0;1;0;0;0
30/11/2019;17:43:00;178;Acidente sem Vítimas;535,2;BR-040/MG;Norte;Colisão lateral;0;0;0;1;0;1;0;0;0;0;1;0;1;0;0
30/11/2019;23:17:00;219;Acidente sem Vítimas;397,2;BR-040/MG;Norte;Colisão frontal;1;0;1;0;0;0;0;0;0;0;1;0;0;0;0
30/11/2019;23:35:00;222;Acidente sem Vítimas;2,5;BR-040/DF;Sul;Colisão traseira;2;0;0;0;0;0;0;0;0;0;0;1;0;0;0
01/12/2019;00:43:00;4;Acidente sem Vítimas;537,7;BR-040/MG;Norte;Choque c/ Objeto Fixo;1;0;0;0;0;0;0;0;0;0;1;0;0;0;0
01/12/2019;01:31:00;7;Acidente sem Vítimas;555,7;BR-040/MG;Sul;Choque com objeto;0;0;0;0;1;0;0;0;0;0;1;0;0;0;0
01/12/2019;03:50:00;15;Acidente sem Vítimas;206,256;BR-040/MG;Norte;Outros;0;0;0;0;0;1;0;0;0;0;2;0;0;0;0
01/12/2019;04:11:00;16;Acidente sem Vítimas;593,6;BR-040/MG;Sul;Colisão lateral;1;0;0;0;0;0;0;0;0;0;2;0;0;0;0
01/12/2019;06:19:00;27;Acidente sem Vítimas;510,9;BR-040/MG;Sul;Capotamento;1;0;0;0;0;1;0;0;0;0;1;0;0;0;0
01/12/2019;08:14:00;42;Acidente com Vítimas;5,3;BR-040/GO;Sul;Colisão lateral;3;0;0;0;0;1;0;0;0;0;1;2;2;0;0
01/12/2019;08:54:00;48;Acidente com Vítimas;92,5;BR-040/GO;Sul;Capotamento;2;0;0;0;0;0;0;0;0;0;5;1;0;0;0
01/12/2019;14:29:00;91;Acidente com Vítimas;632,148;BR-040/MG;Sul;Choque c/ Objeto Fixo;1;0;0;0;0;0;0;0;0;0;1;1;0;0;0
01/12/2019;15:39:00;106;Acidente sem Vítimas;716,441;BR-040/MG;Norte;Choque com objeto;1;0;0;0;0;0;0;0;0;0;1;0;0;0;0
01/12/2019;16:56:00;127;Acidente sem Vítimas;31,2;BR-040/GO;Norte;Tombamento;1;0;0;0;0;0;0;0;0;0;1;0;0;0;0
01/12/2019;18:09:00;141;Acidente com Vítimas;283,15;BR-040/MG;Sul;Atropelamento de Animal;0;0;0;1;0;0;0;0;0;0;0;0;1;0;0
01/12/2019;18:21:00;142;Acidente Fatal;535,294;BR-040/MG;Sul;Atropelamento de Pedestre;1;0;0;0;0;1;0;0;0;0;1;0;0;0;1
01/12/2019;19:11:00;151;Acidente com Vítimas;632,8;BR-040/MG;Norte;Colisão transversal;1;0;0;1;0;1;0;0;0;0;1;0;1;1;0
01/12/2019;20:08:00;169;Acidente sem Vítimas;527,8;BR-040/MG;Norte;Capotamento;1;0;0;0;0;0;0;0;0;0;1;0;0;0;0
01/12/2019;20:15:00;164;Acidente com Vítimas;475,8;BR-040/MG;Sul;Tombamento de Moto;0;0;0;0;0;0;0;0;0;0;1;0;0;0;0
01/12/2019;21:17:00;180;Acidente com Vítimas;55,5;BR-040/GO;Norte;Capotamento;1;0;0;0;0;0;0;0;0;0;1;0;0;0;0
01/12/2019;22:05:00;203;Acidente sem Vítimas;592,12;BR-040/MG;Norte;Choque c/ Objeto Fixo;1;0;0;0;0;0;0;0;0;0;1;0;0;0;0
02/12/2019;07:10:00;57;Acidente sem Vítimas;536,9;BR-040/MG;Norte;Engavetamento;4;0;0;0;0;0;0;0;0;0;3;0;0;0;0
02/12/2019;08:12:00;74;Acidente sem Vítimas;607,3;BR-040/MG;Norte;Colisão traseira;0;0;0;0;0;0;0;0;0;0;1;0;0;0;0
02/12/2019;08:24:00;80;Acidente com Vítimas;1,5;BR-040/DF;Norte;Choque c/ Objeto Fixo;0;0;0;1;0;0;0;0;0;0;0;1;0;0;0
02/12/2019;08:54:00;93;Acidente sem Vítimas;649,3;BR-040/MG;Sul;Choque c/ Objeto Fixo;0;0;0;0;0;0;0;0;0;0;2;0;0;0;0