data;horario;n_da_ocorrencia;tipo_de_ocorrencia;km;trecho;sentido;tipo_de_acidente;automovel;bicicleta;caminhao;moto;onibus;outros;tracao_animal;transporte_de_cargas_especiais;trator_maquinas;utilitarios;ilesos;levemente_feridos;moderadamente_feridos;gravemente_feridos;mortos
13/12/2019;10:41:00;158;Acidente com Vítimas;174,326;BR-040/MG;Norte;Colisão lateral;2;0;0;0;1;0;0;0;0;0;1;2;0;0;0
13/12/2019;10:57:00;162;Acidente com Vítimas;446,3;BR-040/MG;Sul;Capotamento;0;0;0;0;0;1;0;0;0;0;1;1;2;2;0
13/12/2019;11:16:00;168;Acidente sem Vítimas;537,3;BR-040/MG;Sul;Colisão traseira;1;0;0;1;0;1;0;0;0;0;3;0;0;0;0
13/12/2019;12:49:00;189;Acidente sem Vítimas;593,313;BR-040/MG;Norte;Choque c/ Objeto Fixo;1;0;0;0;0;0;0;0;0;0;2;0;0;0;0
13/12/2019;13:35:00;197;Acidente sem Vítimas;38,1;BR-040/GO;Sul;Capotamento;1;0;0;0;0;1;0;0;0;0;1;0;0;0;0
13/12/2019;13:52:00;199;Acidente com Vítimas;721,3;BR-040/MG;Sul;Colisão traseira;2;0;0;0;0;0;0;0;0;0;1;0;0;0;0
13/12/2019;14:08:00;203;Acidente sem Vítimas;725,151;BR-040/MG;Sul;Outros;2;0;0;0;0;1;0;0;0;0;1;0;0;0;0
13/12/2019;14:37:00;206;Acidente sem Vítimas;6,464;BR-040/GO;Norte;Choque c/ Objeto Fixo;1;0;0;0;0;2;0;0;0;0;1;0;0;0;0
13/12/2019;15:48:00;231;Acidente sem Vítimas;545,9;BR-040/MG;Norte;Capotamento;1;0;0;0;0;0;0;0;0;0;1;0;0;0;0
13/12/2019;16:15:00;248;Acidente sem Vítimas;758,9;BR-040/MG;Norte;Colisão traseira;1;0;0;0;0;3;0;0;0;0;3;0;0;0;0
13/12/2019;16:27:00;250;Acidente sem Vítimas;549,1;BR-040/MG;Sul;Colisão traseira;0;0;1;1;0;1;0;0;0;0;2;0;0;0;0
13/12/2019;17:34:00;273;Acidente sem Vítimas;758,9;BR-040/MG;Sul;Choque c/ Objeto Fixo;1;0;0;0;0;0;0;0;0;0;1;0;0;0;0
13/12/2019;21:05:00;315;Acidente sem Vítimas;575,1;BR-040/MG;Norte;Colisão transversal;2;0;0;0;0;0;0;0;0;0;2;0;0;0;0
13/12/2019;23:55:00;349;Acidente com Vítimas;618,2;BR-040/MG;Sul;Colisão traseira;1;0;0;0;0;1;0;0;0;0;0;1;0;0;0
14/12/2019;07:32:00;81;Acidente com Vítimas;447,1;BR-040/MG;Norte;Atropelamento de Ciclista;1;1;0;0;0;0;0;0;0;0;0;0;1;0;0
14/12/2019;12:25:00;143;Acidente sem Vítimas;512,1;BR-040/MG;Sul;Engavetamento;2;0;0;0;0;1;0;0;0;0;1;0;0;0;0
14/12/2019;12:41:00;148;Acidente sem Vítimas;511,1;BR-040/MG;Norte;Engavetamento;2;0;0;0;0;2;0;0;0;0;3;0;0;0;0
14/12/2019;13:51:00;160;Acidente sem Vítimas;650,317;BR-040/MG;Norte;Choque c/ Objeto Fixo;1;0;0;0;0;0;0;0;0;0;3;0;0;0;0
14/12/2019;14:15:00;165;Acidente com Vítimas;548,1;BR-040/MG;Sul;Choque c/ Objeto Fixo;1;0;0;0;0;1;0;0;0;0;0;0;1;0;0
14/12/2019;14:38:00;167;Acidente sem Vítimas;156,3;BR-040/GO;Sul;Choque c/ Objeto Fixo;1;0;0;0;0;0;0;0;0;0;2;0;0;0;0
14/12/2019;14:52:00;170;Acidente sem Vítimas;550,1;BR-040/MG;Norte;Choque c/ Objeto Fixo;1;0;0;0;0;0;0;0;0;0;1;0;0;0;0
14/12/2019;15:26:00;175;Acidente com Vítimas;534,1;BR-040/MG;Norte;Engavetamento;1;0;0;1;1;0;0;0;0;0;2;0;0;1;0
14/12/2019;15:40:00;181;Acidente com Vítimas;533,8;BR-040/MG;Sul;Tombamento de Moto;0;0;0;1;0;0;0;0;0;0;1;0;0;0;0
15/12/2019;01:25:00;7;Acidente sem Vítimas;507,9;BR-040/MG;Norte;Capotamento;1;0;0;0;0;0;0;0;0;0;1;0;0;0;0
15/12/2019;01:40:00;13;Acidente sem Vítimas;507,9;BR-040/MG;Norte;Tombamento de Moto;0;0;0;0;0;1;0;0;0;0;1;0;0;0;0
15/12/2019;03:32:00;16;Acidente sem Vítimas;479,38;BR-040/MG;Sul;Tombamento;0;0;0;0;1;1;0;0;0;0;1;0;0;0;0
15/12/2019;16:38:00;148;Acidente com Vítimas;763,4;BR-040/MG;Sul;Tombamento de Moto;0;0;0;1;0;0;0;0;0;0;2;0;0;0;0
15/12/2019;18:23:00;189;Acidente sem Vítimas;682,45;BR-040/MG;Sul;Choque c/ Objeto Fixo;1;0;0;0;0;0;0;0;0;0;3;0;0;0;0
15/12/2019;18:28:00;190;Acidente sem Vítimas;734,8;BR-040/MG;Norte;Colisão lateral;1;0;0;0;0;0;0;0;0;0;1;0;0;0;0
15/12/2019;20:27:00;222;Acidente sem Vítimas;24,1;BR-040/GO;Sul;Atropelamento de Ciclista;0;0;0;1;0;0;0;0;0;0;1;0;0;0;0
15/12/2019;21:30:00;240;Acidente sem Vítimas;278,1;BR-040/MG;Norte;Colisão traseira;1;0;0;0;0;1;0;0;0;0;0;0;0;0;0
16/12/2019;07:38:00;117;Acidente sem Vítimas;727,1;BR-040/MG;Sul;Tombamento;0;0;0;0;1;0;0;0;0;0;1;0;0;0;0
16/12/2019;09:12:00;149;Acidente com Vítimas;509,566;BR-040/MG;Norte;Colisão traseira;4;0;0;0;0;0;0;0;0;0;2;2;0;0;0
16/12/2019;13:14:00;220;Acidente sem Vítimas;595,525;BR-040/MG;Norte;Engavetamento;0;0;2;0;0;2;0;0;0;0;1;0;0;0;0
16/12/2019;13:32:00;224;Acidente sem Vítimas;365,3;BR-040/MG;Sul;Choque c/ Objeto Fixo;1;0;0;0;0;0;0;0;0;0;2;0;0;0;0
16/12/2019;13:59:00;227;Acidente com Vítimas;392,77;BR-040/MG;Sul;Choque c/ Objeto Fixo;1;0;0;0;0;0;0;0;0;0;0;0;1;0;0
16/12/2019;14:11:00;230;Acidente com Vítimas;617,5;BR-040/MG;Sul;Colisão traseira;2;0;0;0;0;1;0;0;0;0;2;0;0;0;0
16/12/2019;15:05:00;246;Acidente com Vítimas;581,131;BR-040/MG;Norte;Colisão frontal;0;0;0;0;1;2;0;0;0;0;0;0;4;0;0
16/12/2019;18:26:00;306;Acidente sem Vítimas;515,1;BR-040/MG;Sul;Colisão traseira;1;0;1;0;0;0;0;0;0;0;1;0;0;0;0
16/12/2019;19:53:00;332;Acidente com Vítimas;558,7;BR-040/MG;Sul;Colisão traseira;2;0;0;0;0;0;0;0;0;0;3;1;0;0;0
16/12/2019;20:57:00;347;Acidente sem Vítimas;3,2;BR-040/DF;Sul;Colisão traseira;1;0;0;1;0;1;0;0;0;0;1;0;1;0;0
16/12/2019;22:53:00;368;Acidente sem Vítimas;434,123;BR-040/MG;Sul;Colisão traseira;1;0;0;0;0;0;0;0;0;0;0;2;0;0;0
16/12/2019;23:11:00;370;Acidente sem Vítimas;682,1;BR-040/MG;Norte;Colisão traseira;0;0;1;0;0;1;0;0;0;0;1;0;0;0;0
17/12/2019;00:07:00;1;Acidente com Vítimas;142,2;BR-040/MG;Norte;Atropelamento de Animal;0;0;0;1;0;0;0;0;0;0;0;0;1;0;0
17/12/2019;03:59:00;54;Acidente sem Vítimas;665,15;BR-040/MG;Norte;Colisão lateral;0;0;0;0;0;1;0;0;0;0;1;0;0;0;0
17/12/2019;04:27:00;56;Acidente sem Vítimas;474,1;BR-040/MG;Sul;Choque c/ Objeto Fixo;0;0;0;0;1;0;0;0;0;0;1;0;0;0;0
17/12/2019;05:26:00;85;Acidente sem Vítimas;681,1;BR-040/MG;Norte;Colisão lateral;0;0;0;0;1;1;0;0;0;0;1;0;0;0;0
17/12/2019;05:59:00;88;Acidente com Vítimas;537,15;BR-040/MG;Sul;Atropelamento de Animal;0;0;0;1;0;1;0;0;0;0;1;0;0;0;0
17/12/2019;06:16:00;91;Acidente sem Vítimas;446,3;BR-040/MG;Norte;Colisão traseira;1;0;0;0;0;0;0;0;0;0;1;0;0;0;0
17/12/2019;07:10:00;102;Acidente com Vítimas;526,3;BR-040/MG;Norte;Colisão lateral;2;0;0;0;0;1;0;0;0;0;2;1;0;0;0
17/12/2019;07:44:00;109;Acidente com Vítimas;12,19;BR-040/GO;Sul;Colisão lateral;0;0;0;1;0;1;0;0;0;0;0;1;0;0;0
17/12/2019;07:46:00;111;Acidente com Vítimas;121,8;BR-040/MG;Sul;Colisão lateral;1;0;0;0;0;3;0;0;0;0;0;0;1;0;0
17/12/2019;07:47:00;108;Acidente com Vítimas;542,3;BR-040/MG;Sul;Tombamento de Moto;0;0;0;1;0;0;0;0;0;0;0;2;0;0;0
17/12/2019;09:18:00;150;Acidente sem Vítimas;555,183;BR-040/MG;Sul;Capotamento;1;0;0;0;0;0;0;0;0;0;1;0;0;0;0
17/12/2019;09:35:00;156;Acidente sem Vítimas;742,37;BR-040/MG;Sul;Choque c/ Objeto Fixo;1;0;0;0;0;0;0;0;0;0;1;0;0;0;0
17/12/2019;12:29:00;206;Acidente com Vítimas;5,512;BR-040/DF;Norte;Colisão lateral;1;0;0;1;0;1;0;0;0;0;0;1;0;0;0
17/12/2019;13:30:00;218;Acidente com Vítimas;525,3;BR-040/MG;Norte;Tombamento de Moto;0;0;0;1;0;0;0;0;0;0;1;1;0;0;0
17/12/2019;14:57:00;256;Acidente sem Vítimas;538,15;BR-040/MG;Sul;Colisão lateral;0;0;0;1;1;0;0;0;0;0;2;0;0;0;0
17/12/2019;17:32:00;322;Acidente sem Vítimas;1,3;BR-040/GO;Sul;Colisão lateral;1;0;1;0;0;0;0;0;0;0;2;0;0;0;0
17/12/2019;20:55:00;371;Acidente com Vítimas;598,1;BR-040/MG;Sul;Colisão traseira;1;0;1;0;0;1;0;0;0;0;2;0;0;1;0
17/12/2019;22:16:00;380;Acidente com Vítimas;5,3;BR-040/GO;Sul;Engavetamento;2;0;0;1;0;0;0;0;0;0;2;1;0;0;0
17/12/2019;22:24:00;382;Acidente sem Vítimas;510,5;BR-040/MG;Sul;Capotamento;1;0;0;1;0;0;0;0;0;0;2;1;0;0;0
17/12/2019;22:32:00;384;Acidente com Vítimas;523,2;BR-040/MG;Norte;Tombamento de Moto;0;0;0;1;0;0;0;0;0;0;0;1;0;0;0
18/12/2019;06:01:00;67;Acidente com Vítimas;705,2;BR-040/MG;Sul;Colisão traseira;1;0;0;0;0;0;0;0;0;0;0;0;2;0;0
18/12/2019;07:48:00;93;Acidente sem Vítimas;550,55;BR-040/MG;Sul;Engavetamento;2;0;1;0;0;1;0;0;0;0;1;0;0;0;0
18/12/2019;08:51:00;107;Acidente sem Vítimas;375,8;BR-040/MG;Norte;Choque c/ Objeto Fixo;0;0;0;0;0;1;0;0;0;0;1;0;0;0;0
18/12/2019;09:48:00;137;Acidente sem Vítimas;463,5;BR-040/MG;Sul;Colisão transversal;2;0;1;0;0;1;0;0;0;0;5;0;0;0;0
18/12/2019;14:10:00;189;Acidente sem Vítimas;531,2;BR-040/MG;Sul;Choque c/ Objeto Fixo;0;0;0;0;1;0;0;0;0;0;1;0;0;0;0
18/12/2019;14:40:00;197;Acidente sem Vítimas;728,6;BR-040/MG;Norte;Colisão lateral;1;0;1;0;0;0;0;0;0;0;1;0;0;0;0
18/12/2019;18:07:00;251;Acidente sem Vítimas;462,2;BR-040/MG;Norte;Colisão traseira;0;0;1;0;0;1;0;0;0;0;2;0;0;0;0
18/12/2019;18:50:00;271;Acidente sem Vítimas;629,3;BR-040/MG;Sul;Engavetamento;2;0;0;1;0;0;0;0;0;0;4;0;0;0;0
18/12/2019;19:40:00;295;Acidente sem Vítimas;442,2;BR-040/MG;Norte;Colisão traseira;2;0;0;0;0;0;0;0;0;0;2;0;0;0;0
18/12/2019;21:26:00;324;Acidente sem Vítimas;462,2;BR-040/MG;Norte;Choque c/ Objeto Fixo;1;0;0;0;0;0;0;0;0;0;1;0;0;0;0
19/12/2019;00:57:00;50;Acidente sem Vítimas;358,25;BR-040/MG;Sul;Atropelamento de Animal;0;0;1;0;0;0;0;0;0;0;1;0;0;0;0
19/12/2019;06:19:00;91;Acidente sem Vítimas;5,9;BR-040/GO;Sul;Colisão traseira;1;0;0;0;1;1;0;0;0;0;2;0;0;0;0
19/12/2019;07:59:00;110;Acidente com Vítimas;74,4;BR-040/GO;Sul;Capotamento;0;0;0;0;0;2;0;0;0;0;0;1;0;0;0
19/12/2019;10:14:00;166;Acidente sem Vítimas;562,1;BR-040/MG;Norte;Capotamento;0;0;0;0;0;2;0;0;0;0;1;0;0;0;0
19/12/2019;11:35:00;187;Acidente sem Vítimas;593,25;BR-040/MG;Norte;Outros;0;0;0;0;0;1;0;0;0;1;1;0;0;0;0
19/12/2019;11:59:00;194;Acidente com Vítimas;535,1;BR-040/MG;Norte;Tombamento de Moto;1;0;0;1;0;0;0;0;0;0;1;1;0;0;0
19/12/2019;13:53:00;219;Acidente sem Vítimas;563,1;BR-040/MG;Sul;Engavetamento;2;0;0;0;0;2;0;0;0;0;4;0;0;0;0
19/12/2019;13:59:00;221;Acidente com Vítimas;5,5;BR-040/DF;Sul;Colisão transversal;1;0;0;0;0;0;0;0;0;0;2;0;0;0;0
19/12/2019;15:29:00;248;Acidente sem Vítimas;607,5;BR-040/MG;Norte;Colisão lateral;0;0;0;3;0;0;0;0;0;0;3;0;0;0;0
19/12/2019;17:01:00;267;Acidente sem Vítimas;545,1;BR-040/MG;Norte;Colisão traseira;1;0;0;0;0;2;0;0;0;0;1;0;0;0;0
19/12/2019;17:20:00;272;Acidente sem Vítimas;462,5;BR-040/MG;Sul;Colisão traseira;0;0;1;0;1;0;0;0;0;0;2;0;0;0;0
19/12/2019;17:21:00;274;Acidente sem Vítimas;5,35;BR-040/DF;Sul;Engavetamento;3;0;0;0;0;1;0;0;0;0;3;0;0;0;0
19/12/2019;17:35:00;280;Acidente com Vítimas;546,1;BR-040/MG;Norte;Colisão traseira;1;0;0;1;0;0;0;0;0;0;1;1;0;0;0
19/12/2019;18:16:00;286;Acidente sem Vítimas;751,1;BR-040/MG;Sul;Choque com objeto;1;0;0;0;0;0;0;0;0;0;1;0;0;0;0
19/12/2019;18:30:00;294;Acidente sem Vítimas;440,4;BR-040/MG;Norte;Choque c/ Objeto Fixo;1;0;0;0;0;0;0;0;0;0;2;0;0;0;0
19/12/2019;18:40:00;297;Acidente sem Vítimas;728,1;BR-040/MG;Sul;Choque com objeto;1;0;0;0;0;0;0;0;0;0;1;0;0;0;0
19/12/2019;19:44:00;317;Acidente sem Vítimas;749;BR-040/MG;Norte;Capotamento;1;0;0;0;0;1;0;0;0;0;1;0;0;0;0
19/12/2019;21:31:00;343;Acidente sem Vítimas;38,2;BR-040/GO;Sul;Atropelamento de Animal;1;0;0;0;0;0;0;0;0;0;1;0;0;0;0
19/12/2019;21:43:00;345;Acidente sem Vítimas;506,67;BR-040/MG;Norte;Tombamento;0;0;0;0;0;1;0;0;0;0;1;0;0;0;0
19/12/2019;21:53:00;350;Acidente sem Vítimas;3,3;BR-040/DF;Sul;Engavetamento;2;0;0;0;0;2;0;0;0;0;3;0;0;0;0
19/12/2019;21:58:00;349;Acidente com Vítimas;547,3;BR-040/MG;Sul;Colisão traseira;1;0;0;0;0;1;0;0;0;0;0;0;1;0;0
19/12/2019;22:21:00;356;Acidente com Vítimas;3,3;BR-040/DF;Sul;Colisão lateral;1;0;0;1;0;0;0;0;0;0;1;1;0;0;0
19/12/2019;22:43:00;357;Acidente sem Vítimas;513,3;BR-040/MG;Sul;Choque c/ Objeto Fixo;1;0;0;0;0;0;0;0;0;0;1;0;0;0;0
20/12/2019;03:42:00;78;Acidente sem Vítimas;27,889;BR-040/GO;Sul;Atropelamento de Animal;1;0;0;0;0;0;0;0;0;0;2;0;0;0;0
20/12/2019;06:21:00;94;Acidente com Vítimas;530,6;BR-040/MG;Sul;Colisão traseira;0;0;0;0;0;2;0;0;0;0;0;1;0;0;0
20/12/2019;07:25:00;109;Acidente sem Vítimas;440,6;BR-040/MG;Norte;Tombamento de Moto;0;0;0;1;0;0;0;0;0;0;1;0;0;0;0
20/12/2019;08:21:00;120;Acidente sem Vítimas;470,9;BR-040/MG;Sul;Engavetamento;2;0;0;0;0;1;0;0;0;0;3;1;0;0;0
20/12/2019;08:59:00;130;Acidente com Vítimas;517,6;BR-040/MG;Sul;Colisão transversal;1;0;0;1;0;0;0;0;0;0;1;0;0;1;0
20/12/2019;10:09:00;146;Acidente com Vítimas;86,622;BR-040/GO;Norte;Colisão frontal;2;0;0;0;0;1;0;0;0;0;2;1;0;0;0
20/12/2019;10:31:00;153;Acidente com Vítimas;14,663;BR-040/GO;Norte;Colisão traseira;0;0;0;0;0;2;0;0;0;0;0;1;0;0;0
20/12/2019;12:05:00;178;Acidente sem Vítimas;0,3;BR-040/GO;Sul;Colisão lateral;0;0;1;0;1;0;0;0;0;0;1;0;0;0;0
20/12/2019;14:50:00;225;Acidente sem Vítimas;618,2;BR-040/MG;Norte;Choque c/ Objeto Fixo;0;0;0;1;0;0;0;0;0;0;1;0;0;0;0
20/12/2019;15:46:00;243;Acidente com Vítimas;359,2;BR-040/MG;Sul;Capotamento;1;0;0;0;0;1;0;0;0;0;3;1;0;0;0
20/12/2019;16:01:00;256;Acidente sem Vítimas;615,323;BR-040/MG;Sul;Colisão lateral;1;0;0;0;0;1;0;0;0;0;1;0;0;0;0
20/12/2019;16:22:00;252;Acidente sem Vítimas;681,151;BR-040/MG;Norte;Colisão traseira;2;0;0;0;0;0;0;0;0;0;2;0;0;0;0
20/12/2019;16:35:00;257;Acidente sem Vítimas;2,3;BR-040/DF;Norte;Engavetamento;3;0;0;0;0;0;0;0;0;0;1;0;0;0;0
20/12/2019;17:42:00;272;Acidente com Vítimas;535,9;BR-040/MG;Norte;Tombamento de Moto;0;0;0;1;0;0;0;0;0;0;0;1;0;0;0
20/12/2019;21:46:00;335;Acidente sem Vítimas;78,2;BR-040/MG;Norte;Colisão lateral;2;0;0;0;1;0;0;0;0;0;7;0;0;0;0
20/12/2019;23:39:00;366;Acidente sem Vítimas;497,1;BR-040/MG;Sul;Capotamento;1;0;0;0;0;0;0;0;0;0;1;0;0;0;0
20/12/2019;23:44:00;365;Acidente sem Vítimas;468,1;BR-040/MG;Sul;Choque c/ Objeto Fixo;1;0;0;0;0;0;0;0;0;0;1;0;0;0;0
21/12/2019;01:10:00;9;Acidente sem Vítimas;2,3;BR-040/DF;Sul;Capotamento;0;0;0;0;0;1;0;0;0;0;1;0;0;0;0
21/12/2019;01:13:00;10;Acidente sem Vítimas;7,256;BR-040/GO;Sul;Tombamento;0;0;0;0;0;1;0;0;0;0;0;1;0;0;0
21/12/2019;02:15:00;19;Acidente com Vítimas;476,1;BR-040/MG;Norte;Choque c/ Objeto Fixo;0;0;0;0;0;1;0;0;0;0;0;3;0;0;0
21/12/2019;02:32:00;22;Acidente sem Vítimas;480,1;BR-040/MG;Sul;Tombamento;0;0;0;0;1;0;0;0;0;0;1;0;0;0;0
21/12/2019;07:48:00;91;Acidente sem Vítimas;509,561;BR-040/MG;Norte;Tombamento de Moto;1;0;0;1;0;0;0;0;0;0;1;0;0;0;0
21/12/2019;09:26:00;117;Acidente sem Vítimas;521,1;BR-040/MG;Norte;Colisão traseira;2;0;0;0;0;0;0;0;0;0;2;0;0;0;0
21/12/2019;09:27:00;118;Acidente sem Vítimas;615,1;BR-040/MG;Sul;Engavetamento;3;0;0;0;0;0;0;0;0;0;3;0;0;0;0
21/12/2019;09:33:00;119;Acidente sem Vítimas;615,1;BR-040/MG;Sul;Colisão traseira;4;0;0;0;0;0;0;0;0;0;2;0;0;0;0
21/12/2019;10:40:00;136;Acidente com Vítimas;532,1;BR-040/MG;Sul;Engavetamento;3;0;0;0;0;0;0;0;0;0;1;0;0;0;0
21/12/2019;10:56:00;142;Acidente com Vítimas;7,3;BR-040/GO;Norte;Engavetamento;3;0;0;0;0;0;0;0;0;0;0;1;0;0;0
21/12/2019;11:28:00;152;Acidente sem Vítimas;536,612;BR-040/MG;Norte;Engavetamento;2;0;0;0;0;1;0;0;0;0;1;0;0;0;0
21/12/2019;11:49:00;163;Acidente com Vítimas;517,35;BR-040/MG;Norte;Colisão lateral;1;0;0;1;0;1;0;0;0;0;2;1;0;0;0
21/12/2019;11:54:00;161;Acidente sem Vítimas;479,58;BR-040/MG;Sul;Capotamento;1;0;0;0;0;1;0;0;0;0;4;0;0;0;0
21/12/2019;12:18:00;167;Acidente com Vítimas;536,15;BR-040/MG;Norte;Colisão traseira;1;0;0;1;0;0;0;0;0;0;1;0;1;0;0
21/12/2019;12:48:00;191;Acidente sem Vítimas;510,264;BR-040/MG;Norte;Colisão traseira;1;0;0;0;0;1;0;0;0;0;1;0;0;0;0
21/12/2019;12:50:00;171;Acidente sem Vítimas;632,1;BR-040/MG;Sul;Colisão traseira;1;0;1;0;0;0;0;0;0;0;2;0;0;0;0
21/12/2019;13:10:00;179;Acidente sem Vítimas;281,2;BR-040/MG;Sul;Capotamento;2;0;0;0;0;0;0;0;0;0;1;0;0;0;0
21/12/2019;13:35:00;183;Acidente sem Vítimas;533,1;BR-040/MG;Sul;Colisão traseira;2;0;0;0;0;0;0;0;0;0;2;0;0;0;0
21/12/2019;17:24:00;238;Acidente com Vítimas;549,5;BR-040/MG;Norte;Capotamento;1;0;0;0;0;0;0;0;0;0;0;0;1;0;0
21/12/2019;19:56:00;275;Acidente sem Vítimas;452,1;BR-040/MG;Norte;Colisão traseira;2;0;0;0;0;0;0;0;0;0;2;0;0;0;0
21/12/2019;20:24:00;282;Acidente sem Vítimas;3,1;BR-040/GO;Sul;Colisão traseira;1;0;0;0;0;0;0;0;0;0;1;0;0;0;0
21/12/2019;20:53:00;295;Acidente sem Vítimas;631,5;BR-040/MG;Sul;Colisão traseira;2;0;0;0;0;1;0;0;0;0;2;0;0;0;0
21/12/2019;22:21:00;308;Acidente sem Vítimas;506,4;BR-040/MG;Norte;Colisão traseira;1;0;0;0;1;0;0;0;0;0;2;0;0;1;0
21/12/2019;23:23:00;316;Acidente sem Vítimas;505,2;BR-040/MG;Norte;Capotamento;1;0;0;0;0;0;0;0;0;0;1;0;0;0;0
22/12/2019;00:49:00;2;Acidente Fatal;136,9;BR-040/MG;Sul;Colisão traseira;1;0;1;0;0;0;0;0;0;0;3;0;0;0;2
22/12/2019;03:49:00;21;Acidente Fatal;698,4;BR-040/MG;Norte;Atropelamento de Ciclista;1;0;0;0;0;0;0;0;0;0;0;0;0;0;1
22/12/2019;03:56:00;22;Acidente sem Vítimas;0,8;BR-040/DF;Sul;Capotamento;1;0;0;0;0;0;0;0;0;0;1;0;0;0;0
22/12/2019;08:21:00;52;Acidente sem Vítimas;4,7;BR-040/DF;Sul;Colisão traseira;2;0;0;0;0;0;0;0;0;0;2;0;0;0;0
22/12/2019;09:49:00;78;Acidente sem Vítimas;487,1;BR-040/MG;Sul;Colisão lateral;1;0;0;0;1;0;0;0;0;0;1;0;0;0;0
22/12/2019;10:35:00;84;Acidente sem Vítimas;562,1;BR-040/MG;Sul;Choque c/ Objeto Fixo;1;0;0;0;0;0;0;0;0;0;1;0;0;0;0
22/12/2019;11:32:00;94;Acidente sem Vítimas;435,5;BR-040/MG;Sul;Colisão traseira;1;0;0;0;0;1;0;0;0;0;2;0;0;0;0
22/12/2019;11:41:00;98;Acidente sem Vítimas;397,1;BR-040/MG;Sul;Tombamento de Moto;0;0;0;0;0;1;0;0;0;0;1;0;0;0;0
22/12/2019;15:51:00;156;Acidente sem Vítimas;153,3;BR-040/MG;Sul;Capotamento;1;0;0;0;0;0;0;0;0;0;1;0;0;0;0
22/12/2019;16:01:00;161;Acidente sem Vítimas;525,1;BR-040/MG;Norte;Colisão lateral;1;0;0;0;0;2;0;0;0;0;1;0;0;0;0
22/12/2019;16:10:00;162;Acidente com Vítimas;224,5;BR-040/MG;Norte;Choque c/ Objeto Fixo;1;0;0;0;0;0;0;0;0;0;1;0;0;0;0
22/12/2019;17:15:00;182;Acidente com Vítimas;76,1;BR-040/MG;Sul;Tombamento de Moto;0;0;0;0;0;0;0;0;0;0;1;0;0;0;0
22/12/2019;17:53:00;187;Acidente sem Vítimas;697,5;BR-040/MG;Norte;Capotamento;2;0;0;0;0;0;0;0;0;0;0;2;0;1;0
22/12/2019;18:10:00;200;Acidente sem Vítimas;730,1;BR-040/MG;Norte;Choque c/ Objeto Fixo;1;0;0;0;0;0;0;0;0;0;2;0;0;0;0
22/12/2019;18:11:00;195;Acidente sem Vítimas;717;BR-040/MG;Sul;Capotamento;1;0;0;0;0;1;0;0;0;0;1;0;0;0;0
22/12/2019;18:30:00;212;Acidente sem Vítimas;300,9;BR-040/MG;Norte;Tombamento;0;0;1;1;0;0;0;0;0;0;1;0;0;0;0
22/12/2019;18:57:00;216;Acidente sem Vítimas;725,9;BR-040/MG;Norte;Capotamento;1;0;0;0;0;0;0;0;0;0;2;0;0;0;0
22/12/2019;19:09:00;227;Acidente sem Vítimas;507,7;BR-040/MG;Sul;Atropelamento de Animal;0;0;0;0;0;1;0;0;0;0;1;0;0;0;0
22/12/2019;20:03:00;244;Acidente sem Vítimas;102,147;BR-040/GO;Norte;Atropelamento de Animal;1;0;0;0;0;0;0;0;0;0;1;0;0;0;0
22/12/2019;22:57:00;275;Acidente com Vítimas;7,325;BR-040/DF;Norte;Choque c/ Objeto Fixo;0;0;0;0;0;1;0;0;0;0;1;0;0;0;0
22/12/2019;23:08:00;278;Acidente sem Vítimas;41,287;BR-040/GO;Norte;Choque c/ Objeto Fixo;0;0;1;0;0;0;0;0;0;0;3;0;0;0;0
23/12/2019;00:21:00;2;Acidente sem Vítimas;516,6;BR-040/MG;Norte;Choque c/ Objeto Fixo;1;0;0;0;0;1;0;0;0;0;1;0;0;0;0
23/12/2019;01:50:00;46;Acidente sem Vítimas;464,9;BR-040/MG;Norte;Choque c/ Objeto Fixo;1;0;0;0;0;0;0;0;0;0;4;0;0;0;0
23/12/2019;02:33:00;53;Acidente sem Vítimas;535,5;BR-040/MG;Sul;Tombamento de Moto;0;0;0;0;0;1;0;0;0;0;0;1;0;0;0
23/12/2019;03:43:00;75;Acidente sem Vítimas;475,5;BR-040/MG;Norte;Choque c/ Objeto Fixo;1;0;0;0;0;0;0;0;0;0;1;0;0;0;0
23/12/2019;05:50:00;94;Acidente sem Vítimas;760;BR-040/MG;Sul;Capotamento;0;0;0;0;0;0;0;0;0;0;1;0;0;0;0
23/12/2019;06:03:00;96;Acidente com Vítimas;464,1;BR-040/MG;Sul;Tombamento;1;0;1;0;0;0;0;0;0;0;1;0;1;1;0
23/12/2019;08:19:00;124;Acidente sem Vítimas;656,5;BR-040/MG;Norte;Capotamento;2;0;0;0;0;0;0;0;0;0;1;0;0;0;0
23/12/2019;10:23:00;149;Acidente sem Vítimas;532,1;BR-040/MG;Norte;Engavetamento;2;0;0;0;0;2;0;0;0;0;3;0;0;0;0
23/12/2019;10:49:00;157;Acidente com Vítimas;734,5;BR-040/MG;Norte;Capotamento;0;0;0;0;0;1;0;0;0;0;0;3;1;0;0
23/12/2019;11:52:00;170;Acidente com Vítimas;466,1;BR-040/MG;Norte;Atropelamento de Pedestre;1;0;0;0;1;0;0;0;0;0;1;0;1;0;0
23/12/2019;13:04:00;190;Acidente sem Vítimas;664,75;BR-040/MG;Norte;Outros;2;0;0;0;0;0;0;0;0;0;0;2;0;0;0
23/12/2019;14:46:00;213;Acidente com Vítimas;7,15;BR-040/GO;Norte;Outros;1;0;0;0;0;1;0;0;0;0;1;0;1;0;0
23/12/2019;15:50:00;226;Acidente sem Vítimas;578,474;BR-040/MG;Sul;Choque c/ Objeto Fixo;1;0;0;0;0;1;0;0;0;0;1;0;0;0;0
23/12/2019;17:20:00;247;Acidente sem Vítimas;723,7;BR-040/MG;Norte;Capotamento;1;0;0;0;0;1;0;0;0;0;0;0;4;0;0
23/12/2019;17:50:00;250;Acidente sem Vítimas;726,5;BR-040/MG;Sul;Choque c/ Objeto Fixo;1;0;0;0;0;0;0;0;0;0;1;0;0;0;0