data;horario;n_da_ocorrencia;tipo_de_ocorrencia;km;trecho;sentido;tipo_de_acidente;automovel;bicicleta;caminhao;moto;onibus;outros;tracao_animal;transporte_de_cargas_especiais;trator_maquinas;utilitarios;ilesos;levemente_feridos;moderadamente_feridos;gravemente_feridos;mortos
23/12/2019;18:17:00;258;Acidente sem Vítimas;5,32;BR-040/DF;Sul;Engavetamento;3;0;0;0;0;0;0;0;0;0;3;0;0;0;0
23/12/2019;19:07:00;274;Acidente com Vítimas;7,3;BR-040/GO;Sul;Atropelamento de Pedestre;0;0;0;0;0;1;0;0;0;0;0;0;0;1;0
23/12/2019;19:51:00;293;Acidente sem Vítimas;588,1;BR-040/MG;Sul;Colisão lateral;0;0;1;0;0;2;0;0;0;0;2;0;0;0;0
23/12/2019;21:08:00;313;Acidente Fatal;12,2;BR-040/GO;Sul;Atropelamento de Pedestre;1;0;0;0;0;1;0;0;0;0;1;0;0;0;1
24/12/2019;01:18:00;28;Acidente sem Vítimas;316,312;BR-040/MG;Sul;Choque c/ Objeto Fixo;1;0;0;0;0;0;0;0;0;0;1;0;0;0;0
24/12/2019;03:34:00;43;Acidente sem Vítimas;498,6;BR-040/MG;Sul;Atropelamento de Animal;1;0;0;0;0;0;0;0;0;0;1;0;0;0;0
24/12/2019;06:47:00;69;Acidente sem Vítimas;510,15;BR-040/MG;Norte;Tombamento de Moto;0;0;0;0;0;2;0;0;0;0;1;0;0;0;0
24/12/2019;07:05:00;76;Acidente sem Vítimas;500,4;BR-040/MG;Norte;Choque c/ Objeto Fixo;1;0;0;0;0;0;0;0;0;0;3;0;0;0;0
24/12/2019;08:39:00;87;Acidente sem Vítimas;497,9;BR-040/MG;Sul;Choque c/ Objeto Fixo;1;0;0;0;0;0;0;0;0;0;3;0;0;0;0
24/12/2019;10:02:00;95;Acidente com Vítimas;532,6;BR-040/MG;Norte;Tombamento;0;0;1;0;0;2;0;0;0;0;1;1;0;0;0
24/12/2019;10:21:00;97;Acidente sem Vítimas;714,5;BR-040/MG;Norte;Colisão lateral;1;0;1;0;0;0;0;0;0;0;2;0;0;0;0
24/12/2019;10:48:00;99;Acidente sem Vítimas;659,9;BR-040/MG;Sul;Choque c/ Objeto Fixo;1;0;0;0;0;0;0;0;0;0;1;0;0;0;0
24/12/2019;11:47:00;108;Acidente sem Vítimas;598;BR-040/MG;Sul;Choque c/ Objeto Fixo;1;0;0;0;0;0;0;0;0;0;1;0;0;0;0
24/12/2019;12:03:00;109;Acidente sem Vítimas;504,5;BR-040/MG;Norte;Choque c/ Objeto Fixo;0;0;0;0;0;0;0;0;0;1;1;0;0;0;0
24/12/2019;12:24:00;114;Acidente sem Vítimas;525,7;BR-040/MG;Sul;Colisão lateral;1;0;1;0;0;0;0;0;0;0;2;0;0;0;0
24/12/2019;12:34:00;115;Acidente sem Vítimas;597,6;BR-040/MG;Sul;Colisão traseira;1;0;0;1;0;0;0;0;0;0;2;0;0;0;0
24/12/2019;12:42:00;116;Acidente sem Vítimas;531,5;BR-040/MG;Norte;Capotamento;1;0;0;0;0;0;0;0;0;0;1;0;0;0;0
24/12/2019;12:54:00;118;Acidente com Vítimas;755,6;BR-040/MG;Sul;Colisão frontal;1;0;0;0;0;1;0;0;0;0;0;0;2;0;0
24/12/2019;13:04:00;125;Acidente sem Vítimas;735,285;BR-040/MG;Sul;Choque c/ Objeto Fixo;1;0;0;0;0;1;0;0;0;0;1;0;0;0;0
24/12/2019;13:08:00;121;Acidente com Vítimas;463,8;BR-040/MG;Sul;Tombamento de Moto;0;0;0;0;0;1;0;0;0;0;0;1;0;0;0
24/12/2019;13:29:00;128;Acidente sem Vítimas;637,212;BR-040/MG;Norte;Tombamento;1;0;0;0;0;0;0;0;0;0;1;0;0;0;0
24/12/2019;14:04:00;135;Acidente com Vítimas;10,1;BR-040/GO;Norte;Colisão traseira;1;0;0;1;0;0;0;0;0;0;2;1;0;0;0
24/12/2019;14:48:00;146;Acidente sem Vítimas;509,9;BR-040/MG;Norte;Colisão traseira;4;0;0;0;0;0;0;0;0;0;6;0;0;0;0
24/12/2019;16:23:00;152;Acidente sem Vítimas;541,2;BR-040/MG;Norte;Colisão lateral;0;0;1;1;0;0;0;0;0;0;2;0;0;0;0
24/12/2019;20:55:00;196;Acidente sem Vítimas;762,5;BR-040/MG;Norte;Queda de Ribanceira;0;0;1;0;0;0;0;0;0;0;1;0;0;0;0
24/12/2019;21:19:00;200;Acidente sem Vítimas;751,9;BR-040/MG;Sul;Choque com objeto;0;0;0;0;0;1;0;0;0;0;1;0;0;0;0
24/12/2019;21:32:00;202;Acidente sem Vítimas;475,1;BR-040/MG;Norte;Atropelamento de Pedestre;1;0;0;0;0;0;0;0;0;0;1;0;1;0;0
24/12/2019;22:09:00;209;Acidente com Vítimas;111,2;BR-040/GO;Norte;Outros;1;0;0;0;0;0;0;0;0;0;0;2;0;0;0
24/12/2019;23:04:00;219;Acidente com Vítimas;517,1;BR-040/MG;Norte;Tombamento de Moto;0;0;0;1;0;0;0;0;0;0;0;0;2;0;0
25/12/2019;01:29:00;9;Acidente sem Vítimas;143,2;BR-040/MG;Sul;Colisão transversal;2;0;0;0;0;0;0;0;0;0;2;0;0;0;0
25/12/2019;01:34:00;10;Acidente sem Vítimas;564,1;BR-040/MG;Norte;Choque c/ Objeto Fixo;1;0;0;0;0;0;0;0;0;0;1;0;0;0;0
25/12/2019;01:42:00;12;Acidente sem Vítimas;539,15;BR-040/MG;Norte;Choque c/ Objeto Fixo;1;0;0;0;0;0;0;0;0;0;1;0;0;0;0
25/12/2019;04:35:00;20;Acidente sem Vítimas;5,1;BR-040/GO;Norte;Choque c/ Objeto Fixo;1;0;0;0;0;0;0;0;0;0;0;0;1;0;0
25/12/2019;04:52:00;21;Acidente com Vítimas;520,3;BR-040/MG;Norte;Capotamento;1;0;0;0;0;0;0;0;0;0;1;1;0;0;0
25/12/2019;08:52:00;35;Acidente com Vítimas;6,2;BR-040/GO;Norte;Atropelamento de Ciclista;0;1;0;0;0;1;0;0;0;0;0;1;0;0;0
25/12/2019;09:42:00;39;Acidente com Vítimas;455,4;BR-040/MG;Norte;Capotamento;0;0;0;0;0;1;0;0;0;0;1;4;1;0;0
25/12/2019;17:17:00;126;Acidente com Vítimas;548,546;BR-040/MG;Norte;Tombamento de Moto;0;0;0;1;0;0;0;0;0;0;0;0;1;0;0
25/12/2019;18:20:00;137;Acidente com Vítimas;589,9;BR-040/MG;Norte;Colisão frontal;1;0;0;0;0;0;0;0;0;0;0;2;0;1;0
25/12/2019;18:50:00;149;Acidente sem Vítimas;559,2;BR-040/MG;Norte;Colisão traseira;2;0;0;0;0;2;0;0;0;0;8;0;0;0;0
25/12/2019;19:40:00;166;Acidente sem Vítimas;58,2;BR-040/MG;Norte;Atropelamento de Animal;1;0;0;0;0;0;0;0;0;0;1;0;0;0;0
25/12/2019;20:40:00;177;Acidente com Vítimas;632,2;BR-040/MG;Norte;Choque c/ Objeto Fixo;1;0;0;0;0;1;0;0;0;0;0;5;0;0;0
25/12/2019;20:54:00;179;Acidente com Vítimas;155,1;BR-040/GO;Norte;Colisão traseira;2;0;0;0;0;0;0;0;0;0;2;1;0;0;0
26/12/2019;06:27:00;101;Acidente sem Vítimas;542,5;BR-040/MG;Sul;Colisão traseira;2;0;0;0;0;0;0;0;0;0;2;0;0;0;0
26/12/2019;06:59:00;107;Acidente sem Vítimas;362,7;BR-040/MG;Sul;Atropelamento de Animal;1;0;0;0;0;0;0;0;0;0;1;0;0;0;0
26/12/2019;08:03:00;126;Acidente com Vítimas;771,225;BR-040/MG;Norte;Colisão transversal;1;1;0;1;0;0;0;0;0;0;0;2;0;0;0
26/12/2019;08:07:00;127;Acidente com Vítimas;129,9;BR-040/MG;Norte;Colisão traseira;1;0;1;0;0;0;0;0;0;0;3;2;0;0;0
26/12/2019;11:19:00;184;Acidente sem Vítimas;660;BR-040/MG;Sul;Queda Veículo;0;0;0;1;0;0;0;0;0;0;0;1;0;0;0
26/12/2019;13:42:00;218;Acidente sem Vítimas;464,1;BR-040/MG;Sul;Colisão traseira;1;0;0;0;0;1;0;0;0;0;2;0;0;0;0
26/12/2019;14:01:00;223;Acidente com Vítimas;145,1;BR-040/MG;Norte;Colisão lateral;1;0;1;0;0;0;0;0;0;0;0;1;1;0;0
26/12/2019;14:05:00;225;Acidente com Vítimas;772,1;BR-040/MG;Sul;Colisão lateral;0;0;0;0;2;0;0;0;0;0;1;1;0;0;0
26/12/2019;15:18:00;243;Acidente sem Vítimas;322,1;BR-040/MG;Norte;Outros;1;0;1;0;0;0;0;0;0;0;2;0;0;0;0
26/12/2019;15:36:00;248;Acidente com Vítimas;480,1;BR-040/MG;Sul;Capotamento;1;0;0;0;0;1;0;0;0;0;0;1;0;0;0
26/12/2019;18:20:00;297;Acidente com Vítimas;509,715;BR-040/MG;Sul;Tombamento de Moto;0;0;0;1;0;0;0;0;0;0;0;1;0;0;0
26/12/2019;19:33:00;319;Acidente sem Vítimas;16,6;BR-040/GO;Norte;Colisão lateral;0;0;0;0;0;2;0;0;0;0;1;0;0;0;0
26/12/2019;21:58:00;342;Acidente sem Vítimas;703;BR-040/MG;Norte;Colisão lateral;1;0;0;0;0;2;0;0;0;0;1;0;0;0;0
27/12/2019;03:48:00;76;Acidente Fatal;690,6;BR-040/MG;Norte;Colisão frontal;1;0;0;0;0;1;0;0;0;0;1;0;0;1;1
27/12/2019;06:46:00;97;Acidente com Vítimas;19,1;BR-040/GO;Sul;Atropelamento de Ciclista;0;1;0;0;0;2;0;0;0;0;1;0;0;0;0
27/12/2019;08:40:00;123;Acidente com Vítimas;15,3;BR-040/GO;Norte;Colisão lateral;1;0;0;0;0;1;0;0;0;0;1;0;0;0;0
27/12/2019;08:54:00;127;Acidente sem Vítimas;539,5;BR-040/MG;Sul;Colisão lateral;1;0;0;0;0;1;0;0;0;0;2;0;0;0;0
27/12/2019;09:24:00;138;Acidente com Vítimas;0,5;BR-040/DF;Sul;Engavetamento;4;0;0;0;0;0;0;0;0;0;4;1;0;0;0
27/12/2019;10:24:00;152;Acidente com Vítimas;665,256;BR-040/MG;Norte;Choque c/ Objeto Fixo;2;0;0;0;0;0;0;0;0;0;1;1;0;0;0
27/12/2019;10:42:00;158;Acidente sem Vítimas;607,146;BR-040/MG;Sul;Outros;3;0;1;0;0;0;0;0;0;0;1;0;0;0;0
27/12/2019;14:18:00;199;Acidente sem Vítimas;487,1;BR-040/MG;Norte;Colisão traseira;0;0;0;1;0;1;0;0;0;0;2;0;0;0;0
27/12/2019;14:52:00;210;Acidente sem Vítimas;509,5;BR-040/MG;Norte;Colisão traseira;2;0;0;0;0;0;0;0;0;0;2;0;0;0;0
27/12/2019;15:01:00;214;Acidente sem Vítimas;157,1;BR-040/MG;Norte;Colisão traseira;2;0;0;0;0;0;0;0;0;0;4;0;0;0;0
27/12/2019;15:35:00;220;Acidente sem Vítimas;509,1;BR-040/MG;Norte;Colisão traseira;2;0;0;0;0;1;0;0;0;0;2;0;0;0;0
27/12/2019;17:52:00;257;Acidente sem Vítimas;620,25;BR-040/MG;Norte;Outros;1;0;1;0;0;0;0;0;0;0;3;0;0;0;0
27/12/2019;18:01:00;261;Acidente sem Vítimas;519,25;BR-040/MG;Norte;Colisão traseira;1;0;0;0;0;1;0;0;0;0;1;0;0;0;0
27/12/2019;18:38:00;271;Acidente sem Vítimas;525,774;BR-040/MG;Norte;Tombamento de Moto;0;0;0;1;0;0;0;0;0;0;2;0;0;0;0
27/12/2019;18:48:00;273;Acidente com Vítimas;535,5;BR-040/MG;Norte;Colisão lateral;0;0;0;1;1;0;0;0;0;0;11;0;0;0;0
27/12/2019;21:21:00;309;Acidente com Vítimas;511,35;BR-040/MG;Sul;Colisão lateral;0;0;1;1;0;1;0;0;0;0;1;1;0;0;0
27/12/2019;23:40:00;327;Acidente sem Vítimas;591;BR-040/MG;Norte;Colisão traseira;1;0;0;0;0;1;0;0;0;0;2;0;0;0;0
28/12/2019;07:41:00;70;Acidente sem Vítimas;461,2;BR-040/MG;Norte;Colisão traseira;1;0;0;0;0;1;0;0;0;0;2;0;0;0;0
28/12/2019;07:48:00;72;Acidente sem Vítimas;463,3;BR-040/MG;Sul;Engavetamento;3;0;0;0;0;0;0;0;0;0;13;0;0;0;0
28/12/2019;13:14:00;129;Acidente com Vítimas;511,12;BR-040/MG;Norte;Engavetamento;3;0;0;0;0;0;0;0;0;0;3;1;0;0;0
28/12/2019;18:48:00;195;Acidente sem Vítimas;457,1;BR-040/MG;Norte;Tombamento de Moto;0;0;0;1;0;0;0;0;0;0;0;1;0;0;0
28/12/2019;18:48:00;196;Acidente com Vítimas;3,4;BR-040/GO;Sul;Colisão traseira;1;0;0;1;0;2;0;0;0;0;3;1;0;0;0
28/12/2019;21:01:00;225;Acidente com Vítimas;507,5;BR-040/MG;Sul;Capotamento;1;0;0;0;0;0;0;0;0;0;0;0;0;1;0
28/12/2019;21:24:00;230;Acidente com Vítimas;526,256;BR-040/MG;Sul;Atropelamento de Pedestre;0;0;0;1;0;0;0;0;0;0;0;1;1;0;0
29/12/2019;06:09:00;30;Acidente com Vítimas;5,5;BR-040/DF;Norte;Colisão traseira;1;0;0;0;0;2;0;0;0;0;1;0;2;0;0
29/12/2019;06:53:00;34;Acidente com Vítimas;30,3;BR-040/GO;Norte;Atropelamento de Pedestre;1;0;1;0;0;0;0;0;0;0;3;0;0;1;0
29/12/2019;09:49:00;47;Acidente com Vítimas;367,7;BR-040/MG;Norte;Choque c/ Objeto Fixo;0;0;0;0;0;1;0;0;0;0;0;0;1;0;0
29/12/2019;09:50:00;48;Acidente sem Vítimas;543,4;BR-040/MG;Sul;Choque c/ Objeto Fixo;1;0;0;0;0;0;0;0;0;0;1;0;0;0;0
29/12/2019;15:22:00;128;Acidente sem Vítimas;643,44;BR-040/MG;Sul;Choque c/ Objeto Fixo;1;0;0;0;0;0;0;0;0;0;2;0;0;0;0
29/12/2019;18:14:00;165;Acidente com Vítimas;6,1;BR-040/GO;Sul;Colisão lateral;1;0;0;1;0;0;0;0;0;0;2;0;1;0;0
29/12/2019;20:19:00;194;Acidente com Vítimas;576,3;BR-040/MG;Sul;Colisão traseira;2;0;0;0;0;0;0;0;0;0;0;1;2;1;0
29/12/2019;21:29:00;202;Acidente sem Vítimas;100,4;BR-040/MG;Norte;Atropelamento de Animal;1;0;0;0;0;0;0;0;0;0;1;0;0;0;0
29/12/2019;21:57:00;207;Acidente sem Vítimas;475,3;BR-040/MG;Norte;Colisão traseira;2;0;0;0;0;0;0;0;0;0;4;0;0;0;0
30/12/2019;07:18:00;85;Acidente sem Vítimas;511,1;BR-040/MG;Sul;Engavetamento;1;0;0;0;0;2;0;0;0;0;3;0;0;0;0
30/12/2019;09:32:00;119;Acidente com Vítimas;511,1;BR-040/MG;Sul;Colisão traseira;1;0;0;0;0;1;0;0;0;0;0;0;0;2;0
30/12/2019;19:38:00;251;Acidente com Vítimas;285,3;BR-040/MG;Norte;Capotamento;0;0;0;0;0;2;0;0;0;0;0;4;0;0;0
30/12/2019;19:49:00;253;Acidente com Vítimas;626,5;BR-040/MG;Sul;Colisão transversal;0;0;0;1;0;1;0;0;0;0;3;0;0;0;0
30/12/2019;20:50:00;267;Acidente sem Vítimas;508,5;BR-040/MG;Norte;Colisão traseira;2;0;0;0;0;2;0;0;0;0;3;0;0;0;0
30/12/2019;22:15:00;280;Acidente sem Vítimas;564,185;BR-040/MG;Norte;Colisão lateral;1;0;0;0;0;1;0;0;0;0;1;0;0;0;0
31/12/2019;01:23:00;28;Acidente com Vítimas;282,5;BR-040/MG;Norte;Atropelamento de Pedestre;0;0;0;0;0;1;0;0;0;0;0;0;0;1;0
31/12/2019;07:36:00;82;Acidente sem Vítimas;693,2;BR-040/MG;Sul;Colisão traseira;1;0;1;0;0;0;0;0;0;0;2;0;0;0;0
31/12/2019;08:11:00;87;Acidente com Vítimas;528,9;BR-040/MG;Norte;Colisão traseira;0;0;1;1;0;0;0;0;0;0;1;0;1;0;0
31/12/2019;09:09:00;97;Acidente com Vítimas;538,1;BR-040/MG;Norte;Engavetamento;2;0;0;0;1;0;0;0;0;0;0;2;0;0;0
31/12/2019;11:24:00;113;Acidente com Vítimas;660,6;BR-040/MG;Sul;Queda Veículo;0;0;0;1;0;0;0;0;0;0;0;1;0;0;0
31/12/2019;12:28:00;125;Acidente com Vítimas;543,8;BR-040/MG;Norte;Queda Veículo;1;0;0;0;0;1;0;0;0;0;0;1;0;0;0
31/12/2019;13:19:00;131;Acidente com Vítimas;246,8;BR-040/MG;Norte;Choque c/ Objeto Fixo;1;0;0;0;0;0;0;0;0;0;1;2;0;0;0
31/12/2019;14:34:00;142;Acidente sem Vítimas;0,9;BR-040/DF;Sul;Capotamento;1;0;0;0;0;1;0;0;0;0;1;0;0;0;0
31/12/2019;14:48:00;143;Acidente sem Vítimas;553,1;BR-040/MG;Norte;Choque c/ Objeto Fixo;1;0;0;0;0;0;0;0;0;0;1;0;0;0;0
31/12/2019;14:54:00;144;Acidente sem Vítimas;587,5;BR-040/MG;Norte;Choque c/ Objeto Fixo;1;0;0;0;0;0;0;0;0;0;1;0;0;0;0
31/12/2019;15:03:00;148;Acidente sem Vítimas;514,1;BR-040/MG;Norte;Colisão traseira;1;0;0;0;0;1;0;0;0;0;2;0;0;0;0
31/12/2019;15:24:00;153;Acidente sem Vítimas;514,1;BR-040/MG;Norte;Tombamento de Moto;0;0;0;0;0;1;0;0;0;0;1;0;0;0;0
31/12/2019;16:19:00;165;Acidente com Vítimas;41,1;BR-040/GO;Sul;Capotamento;2;0;0;0;0;0;0;0;0;0;1;3;0;0;0
31/12/2019;17:25:00;179;Acidente sem Vítimas;717,244;BR-040/MG;Norte;Choque c/ Objeto Fixo;0;0;0;0;1;0;0;0;0;0;1;0;0;0;0
31/12/2019;17:47:00;183;Acidente com Vítimas;562,1;BR-040/MG;Norte;Colisão traseira;1;0;0;2;0;0;0;0;0;0;0;0;1;0;0
31/12/2019;18:15:00;188;Acidente sem Vítimas;474,4;BR-040/MG;Norte;Capotamento;1;0;0;0;0;0;0;0;0;0;2;0;0;0;0
31/12/2019;20:56:00;219;Acidente com Vítimas;521,1;BR-040/MG;Norte;Colisão traseira;2;0;0;0;0;0;0;0;0;0;2;0;0;0;0
31/12/2019;22:30:00;233;Acidente com Vítimas;448,16;BR-040/MG;Sul;Colisão lateral;2;0;0;0;0;0;0;0;0;0;0;1;0;0;0
01/06/2020;09:36:00;157;Acidente sem Vítimas;628,32;BR-040/MG;Norte;Colisão lateral;1;0;0;0;1;0;0;0;0;0;2;0;0;0;0
01/06/2020;19:11:00;285;Acidente com Vítimas;679,2;BR-040/MG;Sul;Tombamento;0;0;0;0;1;3;0;0;0;0;14;7;5;0;0
02/06/2020;06:46:00;9;Acidente com Vítimas;542,19;BR-040/MG;Sul;Atropelamento de Pedestre;0;0;0;1;0;0;0;0;0;0;1;0;1;0;0
02/06/2020;08:29:00;82;Acidente sem Vítimas;3,68;BR-040/GO;Sul;Tombamento;1;0;0;0;0;2;0;0;0;0;2;0;0;0;0
02/06/2020;11:18:00;167;Acidente com Vítimas;540,29;BR-040/MG;Sul;Tombamento de Moto;0;0;0;1;0;0;0;0;0;0;1;1;0;0;0
02/06/2020;14:35:00;207;Acidente sem Vítimas;356,5;BR-040/MG;Norte;Tombamento de Moto;0;0;0;1;0;0;0;0;0;0;1;1;0;0;0
02/06/2020;15:13:00;216;Acidente sem Vítimas;576,6;BR-040/MG;Norte;Colisão lateral;2;0;0;0;0;0;0;0;0;0;2;0;0;0;0
02/06/2020;17:58:00;242;Acidente com Vítimas;609,7;BR-040/MG;Sul;Colisão traseira;1;0;0;0;1;1;0;0;0;0;1;0;1;0;0
02/06/2020;18:35:00;248;Acidente sem Vítimas;523,1;BR-040/MG;Sul;Choque com objeto;1;0;2;0;0;0;0;0;0;0;12;0;0;0;0
02/06/2020;20:38:00;261;Acidente sem Vítimas;354,8;BR-040/MG;Sul;Colisão lateral;1;0;0;0;1;1;0;0;0;0;0;0;0;0;0
03/06/2020;03:44:00;95;Acidente sem Vítimas;520,1;BR-040/MG;Sul;Capotamento;1;0;0;0;0;0;0;0;0;0;1;0;0;0;0
03/06/2020;04:06:00;96;Acidente com Vítimas;27,5;BR-040/GO;Sul;Choque c/ Objeto Fixo;1;0;0;0;0;0;0;0;0;0;0;1;0;0;0
03/06/2020;06:34:00;114;Acidente com Vítimas;541,3;BR-040/MG;Sul;Colisão traseira;1;0;0;1;0;0;0;0;0;0;0;1;0;0;0
03/06/2020;08:57:00;165;Acidente com Vítimas;638,1;BR-040/MG;Norte;Tombamento de Moto;0;0;0;0;0;1;0;0;0;0;0;1;0;0;0
03/06/2020;10:58:00;190;Acidente sem Vítimas;1,2;BR-040/GO;Sul;Engavetamento;2;0;0;0;0;1;0;0;0;0;3;0;0;0;0
03/06/2020;12:22:00;205;Acidente sem Vítimas;532,6;BR-040/MG;Sul;Colisão traseira;3;0;0;0;0;0;0;0;0;0;2;0;0;0;0
03/06/2020;15:09:00;229;Acidente sem Vítimas;758,3;BR-040/MG;Norte;Capotamento;1;0;0;0;0;0;0;0;0;0;2;0;0;0;0
03/06/2020;19:55:00;287;Acidente sem Vítimas;2,78;BR-040/DF;Sul;Engavetamento;3;0;0;0;0;1;0;0;0;0;3;0;0;0;0
03/06/2020;21:40:00;300;Acidente com Vítimas;695,7;BR-040/MG;Norte;Tombamento de Moto;0;0;0;1;0;0;0;0;0;0;0;1;1;0;0
04/06/2020;02:34:00;47;Acidente sem Vítimas;2,2;BR-040/DF;Sul;Choque c/ Objeto Fixo;1;0;0;0;0;0;0;0;0;0;0;0;0;0;0
04/06/2020;06:10:00;87;Acidente com Vítimas;529,15;BR-040/MG;Sul;Tombamento de Moto;0;0;0;0;0;1;0;0;0;0;1;1;0;0;0
04/06/2020;08:29:00;119;Acidente com Vítimas;510,8;BR-040/MG;Norte;Colisão traseira;1;0;1;0;0;0;0;0;0;0;1;0;1;0;0
04/06/2020;11:24:00;168;Acidente sem Vítimas;39,1;BR-040/GO;Norte;Tombamento;0;0;0;0;0;1;0;0;0;0;1;0;0;0;0
04/06/2020;12:45:00;183;Acidente sem Vítimas;608,135;BR-040/MG;Sul;Colisão transversal;0;0;1;1;0;0;0;0;0;0;2;0;0;0;0
04/06/2020;15:12:00;211;Acidente sem Vítimas;628,1;BR-040/MG;Norte;Colisão lateral;0;0;0;0;2;0;0;0;0;0;2;0;0;0;0
04/06/2020;15:54:00;216;Acidente com Vítimas;522,1;BR-040/MG;Norte;Colisão lateral;0;0;0;0;0;2;0;0;0;0;1;0;1;0;0
04/06/2020;17:05:00;225;Acidente com Vítimas;73,4;BR-040/MG;Norte;Capotamento;0;0;0;1;0;1;0;0;0;0;0;1;0;0;0
04/06/2020;20:12:00;271;Acidente sem Vítimas;79,5;BR-040/GO;Norte;Atropelamento de Animal;0;0;0;0;0;1;0;0;0;0;1;0;0;0;0
04/06/2020;21:14:00;284;Acidente com Vítimas;700,2;BR-040/MG;Sul;Colisão transversal;1;0;0;1;0;0;0;0;0;0;0;1;1;0;0
04/06/2020;22:56:00;295;Acidente sem Vítimas;543,1;BR-040/MG;Norte;Colisão traseira;1;0;0;0;1;0;0;0;0;0;2;0;0;0;0
05/06/2020;05:59:00;82;Acidente sem Vítimas;27;BR-040/GO;Sul;Colisão frontal;1;0;0;0;0;1;0;0;0;0;1;0;0;0;0
05/06/2020;10:39:00;149;Acidente com Vítimas;535,4;BR-040/MG;Norte;Choque c/ Objeto Fixo;0;0;0;1;0;0;0;0;0;0;1;0;0;0;0
05/06/2020;14:39:00;189;Acidente com Vítimas;467,1;BR-040/MG;Norte;Capotamento;1;0;0;0;0;0;0;0;0;0;1;0;0;0;0
05/06/2020;15:48:00;203;Acidente sem Vítimas;526,7;BR-040/MG;Norte;Colisão lateral;1;0;1;0;0;0;0;0;0;0;2;0;0;0;0
05/06/2020;17:15:00;224;Acidente com Vítimas;91,85;BR-040/GO;Norte;Colisão transversal;1;0;0;1;0;1;0;0;0;0;3;1;0;0;0
05/06/2020;17:48:00;232;Acidente sem Vítimas;636,5;BR-040/MG;Sul;Colisão lateral;1;0;1;0;0;0;0;0;0;0;0;0;0;0;0
05/06/2020;18:27:00;239;Acidente com Vítimas;12,6;BR-040/GO;Norte;Atropelamento de Pedestre;0;0;0;0;0;0;0;0;0;0;0;0;0;0;0
05/06/2020;20:14:00;266;Acidente sem Vítimas;179,95;BR-040/MG;Norte;Tombamento;1;0;0;0;2;0;0;0;0;0;1;0;0;0;0
06/06/2020;01:49:00;7;Acidente sem Vítimas;544,1;BR-040/MG;Sul;Colisão lateral;0;0;0;1;0;0;0;0;0;0;0;0;1;0;0
06/06/2020;03:02:00;17;Acidente sem Vítimas;11,2;BR-040/GO;Sul;Capotamento;1;0;0;0;0;0;0;0;0;0;0;0;0;0;0
06/06/2020;04:41:00;30;Acidente sem Vítimas;108,4;BR-040/MG;Norte;Capotamento;2;0;0;0;0;0;0;0;0;0;3;0;0;0;0
06/06/2020;04:58:00;32;Acidente sem Vítimas;473,1;BR-040/MG;Sul;Choque c/ Objeto Fixo;1;0;0;0;0;0;0;0;0;0;1;0;0;0;0
06/06/2020;05:02:00;33;Acidente sem Vítimas;728,7;BR-040/MG;Sul;Capotamento;1;0;0;0;0;1;0;0;0;0;0;0;0;0;0
06/06/2020;05:10:00;34;Acidente sem Vítimas;3,4;BR-040/GO;Sul;Colisão traseira;2;0;0;0;0;0;0;0;0;0;1;0;0;0;0
06/06/2020;07:46:00;59;Acidente sem Vítimas;518,25;BR-040/MG;Sul;Colisão lateral;1;0;0;1;1;1;0;0;0;0;3;0;0;0;0
06/06/2020;08:23:00;62;Acidente sem Vítimas;36,33;BR-040/MG;Sul;Colisão lateral;1;0;0;0;0;1;0;0;0;0;2;0;0;0;0
06/06/2020;08:25:00;63;Acidente sem Vítimas;2,1;BR-040/DF;Sul;Capotamento;1;0;0;0;0;2;0;0;0;0;2;0;0;0;0
06/06/2020;11:06:00;90;Acidente sem Vítimas;276,5;BR-040/MG;Sul;Atropelamento de Pedestre;0;0;0;1;0;0;0;0;0;0;1;1;0;0;0
06/06/2020;12:59:00;118;Acidente com Vítimas;498,634;BR-040/MG;Norte;Tombamento de Moto;0;0;0;1;0;0;0;0;0;0;1;0;1;0;0
06/06/2020;13:20:00;125;Acidente sem Vítimas;250,2;BR-040/MG;Sul;Engavetamento;1;0;0;0;1;1;0;0;0;0;3;0;0;0;0
06/06/2020;14:07:00;133;Acidente com Vítimas;532,814;BR-040/MG;Norte;Colisão traseira;1;0;0;1;0;2;0;0;0;0;1;0;1;0;0
06/06/2020;14:16:00;134;Acidente sem Vítimas;539,97;BR-040/MG;Sul;Colisão traseira;2;0;0;1;0;0;0;0;0;0;3;0;0;0;0
06/06/2020;14:36:00;136;Acidente sem Vítimas;3,3;BR-040/GO;Norte;Colisão traseira;2;0;0;0;0;2;0;0;0;0;3;0;0;0;0
06/06/2020;15:17:00;143;Acidente com Vítimas;281,3;BR-040/MG;Sul;Choque c/ Objeto Fixo;1;0;0;0;0;1;0;0;0;0;1;1;0;0;0
07/06/2020;05:42:00;14;Acidente sem Vítimas;483,6;BR-040/MG;Norte;Choque c/ Objeto Fixo;1;0;0;0;0;1;0;0;0;0;2;0;0;0;0
07/06/2020;08:30:00;36;Acidente com Vítimas;40,8;BR-040/MG;Norte;Colisão transversal;0;0;0;1;0;1;0;0;0;0;2;2;0;0;0
07/06/2020;09:06:00;37;Acidente sem Vítimas;106,6;BR-040/MG;Sul;Capotamento;1;0;0;0;0;0;0;0;0;0;0;1;0;0;0
07/06/2020;09:29:00;43;Acidente com Vítimas;517,63;BR-040/MG;Norte;Tombamento de Moto;0;0;0;1;0;1;0;0;0;0;0;1;0;0;0
07/06/2020;13:06:00;76;Acidente sem Vítimas;275,652;BR-040/MG;Sul;Choque c/ Objeto Fixo;1;0;0;0;0;0;0;0;0;0;1;0;0;0;0
07/06/2020;13:18:00;80;Acidente sem Vítimas;738,1;BR-040/MG;Norte;Choque c/ Objeto Fixo;1;0;0;0;0;0;0;0;0;0;4;0;0;0;0