data;horario;n_da_ocorrencia;tipo_de_ocorrencia;km;trecho;sentido;tipo_de_acidente;automovel;bicicleta;caminhao;moto;onibus;outros;tracao_animal;transporte_de_cargas_especiais;trator_maquinas;utilitarios;ilesos;levemente_feridos;moderadamente_feridos;gravemente_feridos;mortos
24/06/2020;11:46:00;165;Acidente sem Vítimas;534,1;BR-040/MG;Norte;Colisão lateral;1;0;2;0;0;0;0;0;0;0;3;0;0;0;0
24/06/2020;15:46:00;206;Acidente sem Vítimas;538,7;BR-040/MG;Norte;Colisão traseira;1;0;0;0;0;2;0;0;0;0;3;0;0;0;0
24/06/2020;19:50:00;263;Acidente sem Vítimas;477,1;BR-040/MG;Norte;Colisão traseira;0;0;1;0;0;0;0;0;0;0;1;0;0;0;0
24/06/2020;20:29:00;268;Acidente sem Vítimas;1,9;BR-040/GO;Sul;Colisão traseira;2;0;0;0;0;0;0;0;0;0;2;0;0;0;0
24/06/2020;22:59:00;294;Acidente sem Vítimas;455,5;BR-040/MG;Norte;Choque com objeto;0;0;1;0;0;0;0;0;0;0;1;0;0;0;0
24/06/2020;23:58:00;299;Acidente sem Vítimas;458,2;BR-040/MG;Sul;Tombamento;0;0;1;0;0;0;0;0;0;0;1;0;0;0;0
25/06/2020;05:19:00;127;Acidente com Vítimas;551,1;BR-040/MG;Norte;Colisão traseira;1;0;0;1;0;1;0;0;0;0;3;0;0;0;0
25/06/2020;10:21:00;196;Acidente sem Vítimas;0,4;BR-040/GO;Norte;Colisão traseira;1;0;0;1;0;0;0;0;0;0;1;0;0;0;0
25/06/2020;11:06:00;205;Acidente sem Vítimas;5,6;BR-040/GO;Sul;Outros;1;0;0;0;0;0;1;0;0;0;0;0;0;0;0
25/06/2020;16:38:00;267;Acidente sem Vítimas;540,1;BR-040/MG;Norte;Engavetamento;0;0;0;0;0;1;0;0;0;0;1;0;0;0;0
25/06/2020;16:48:00;272;Acidente sem Vítimas;506,3;BR-040/MG;Sul;Choque c/ Objeto Fixo;1;0;0;0;0;0;0;0;0;0;1;0;0;0;0
25/06/2020;17:54:00;290;Acidente sem Vítimas;522,5;BR-040/MG;Norte;Colisão traseira;1;0;0;1;0;1;0;0;0;0;2;0;0;0;0
25/06/2020;17:58:00;287;Acidente com Vítimas;651,7;BR-040/MG;Sul;Choque c/ Objeto Fixo;1;0;0;0;0;1;0;0;0;0;0;1;0;0;0
25/06/2020;18:29:00;291;Acidente sem Vítimas;2,4;BR-040/DF;Sul;Colisão lateral;0;0;0;1;0;2;0;0;0;0;2;1;0;0;0
25/06/2020;19:39:00;306;Acidente sem Vítimas;426,3;BR-040/MG;Sul;Tombamento;0;0;1;0;0;1;0;0;0;0;1;0;0;0;0
25/06/2020;20:48:00;318;Acidente sem Vítimas;97,1;BR-040/MG;Norte;Atropelamento de Animal;1;0;0;0;0;0;0;0;0;0;1;0;0;0;0
26/06/2020;06:20:00;106;Acidente sem Vítimas;3,3;BR-040/GO;Norte;Choque c/ Objeto Fixo;1;0;0;0;0;1;0;0;0;0;3;0;0;0;0
26/06/2020;07:34:00;121;Acidente sem Vítimas;541,5;BR-040/MG;Sul;Colisão traseira;2;0;0;0;0;0;0;0;0;0;0;0;0;0;0
26/06/2020;07:46:00;123;Acidente sem Vítimas;540,9;BR-040/MG;Sul;Colisão traseira;2;0;0;0;0;0;0;0;0;0;2;0;0;0;0
26/06/2020;08:42:00;146;Acidente com Vítimas;545,145;BR-040/MG;Sul;Tombamento de Moto;0;0;1;1;0;0;0;0;0;0;1;0;1;0;0
26/06/2020;08:51:00;149;Acidente com Vítimas;7,9;BR-040/DF;Sul;Atropelamento de Ciclista;1;1;0;0;0;0;0;0;0;0;1;0;0;1;0
26/06/2020;09:32:00;156;Acidente sem Vítimas;68,5;BR-040/GO;Sul;Colisão traseira;1;0;0;0;0;1;0;0;0;0;1;0;0;0;0
26/06/2020;10:56:00;184;Acidente sem Vítimas;7,9;BR-040/GO;Sul;Colisão traseira;1;0;0;0;1;1;0;0;0;0;7;0;0;0;0
26/06/2020;14:24:00;223;Acidente sem Vítimas;628,1;BR-040/MG;Norte;Colisão lateral;1;0;0;0;1;0;0;0;0;0;2;0;0;0;0
26/06/2020;14:40:00;230;Acidente com Vítimas;144,11;BR-040/MG;Norte;Tombamento de Moto;0;0;0;1;0;0;0;0;0;0;1;0;0;0;0
26/06/2020;15:16:00;238;Acidente sem Vítimas;463,52;BR-040/MG;Norte;Colisão lateral;1;0;1;0;0;0;0;0;0;0;2;0;0;0;0
26/06/2020;15:57:00;249;Acidente sem Vítimas;747,3;BR-040/MG;Norte;Colisão transversal;0;0;0;0;0;1;0;0;0;0;1;0;0;0;0
26/06/2020;16:28:00;256;Acidente sem Vítimas;538,4;BR-040/MG;Norte;Outros;1;0;0;1;0;1;0;0;0;0;3;0;0;0;0
26/06/2020;17:17:00;273;Acidente com Vítimas;7,3;BR-040/DF;Norte;Tombamento de Moto;0;0;0;1;0;1;0;0;0;0;2;0;0;0;0
26/06/2020;19:14:00;307;Acidente sem Vítimas;533,1;BR-040/MG;Norte;Colisão lateral;1;0;0;0;0;1;0;0;0;0;2;0;0;0;0
26/06/2020;19:33:00;314;Acidente sem Vítimas;614,1;BR-040/MG;Sul;Colisão traseira;0;0;1;0;0;1;0;0;0;0;2;0;0;0;0
26/06/2020;21:04:00;332;Acidente com Vítimas;10,6;BR-040/GO;Sul;Atropelamento de Pedestre;0;0;0;1;0;0;0;0;0;0;0;1;0;0;0
26/06/2020;23:21:00;351;Acidente sem Vítimas;138,9;BR-040/MG;Norte;Colisão frontal;1;0;1;0;0;1;0;0;0;0;0;0;0;0;0
27/06/2020;07:26:00;43;Acidente com Vítimas;748,9;BR-040/MG;Norte;Tombamento de Moto;0;0;0;1;0;0;0;0;0;0;0;2;0;0;0
27/06/2020;10:43:00;76;Acidente sem Vítimas;481,4;BR-040/MG;Norte;Engavetamento;2;0;0;0;0;1;0;0;0;0;5;0;0;0;0
27/06/2020;10:53:00;80;Acidente com Vítimas;607,1;BR-040/MG;Sul;Tombamento de Moto;0;0;0;1;0;0;0;0;0;0;0;0;1;0;0
27/06/2020;13:39:00;105;Acidente sem Vítimas;360,45;BR-040/MG;Norte;Colisão transversal;0;0;0;0;1;1;0;0;0;0;2;2;0;0;0
27/06/2020;14:40:00;116;Acidente sem Vítimas;554,95;BR-040/MG;Sul;Choque c/ Objeto Fixo;2;0;0;0;0;1;0;0;0;0;6;0;0;0;0
27/06/2020;15:54:00;131;Acidente sem Vítimas;291,6;BR-040/MG;Norte;Engavetamento;2;0;0;0;1;0;0;0;0;0;3;0;0;0;0
27/06/2020;16:19:00;136;Acidente com Vítimas;142,8;BR-040/MG;Norte;Colisão transversal;1;0;0;1;0;0;0;0;0;0;2;1;0;0;0
27/06/2020;16:37:00;138;Acidente sem Vítimas;4,6;BR-040/GO;Norte;Colisão traseira;0;0;0;1;0;1;0;0;0;0;1;0;0;0;0
27/06/2020;17:00:00;142;Acidente com Vítimas;2,3;BR-040/GO;Norte;Colisão traseira;1;0;0;1;0;0;0;0;0;0;2;1;0;0;0
27/06/2020;18:21:00;151;Acidente sem Vítimas;5,6;BR-040/GO;Norte;Colisão traseira;1;0;0;1;0;1;0;0;0;0;0;0;0;0;0
27/06/2020;18:33:00;155;Acidente sem Vítimas;5,5;BR-040/GO;Norte;Queda Veículo;0;0;0;0;0;2;0;0;0;0;0;0;0;0;0
27/06/2020;18:51:00;156;Acidente com Vítimas;5,8;BR-040/DF;Sul;Tombamento de Moto;0;0;0;1;0;2;0;0;0;0;0;0;0;0;0
28/06/2020;00:27:00;5;Acidente sem Vítimas;4,7;BR-040/GO;Sul;Choque c/ Objeto Fixo;1;0;0;0;0;0;0;0;0;0;1;0;0;0;0
28/06/2020;07:36:00;40;Acidente sem Vítimas;621,2;BR-040/MG;Sul;Colisão traseira;0;0;0;2;0;0;0;0;0;0;2;0;0;0;0
28/06/2020;11:58:00;75;Acidente sem Vítimas;500,8;BR-040/MG;Norte;Atropelamento de Animal;2;0;0;0;0;0;0;0;0;0;4;0;0;0;0
28/06/2020;14:55:00;98;Acidente sem Vítimas;488,2;BR-040/MG;Sul;Colisão traseira;2;0;0;0;0;0;0;0;0;0;3;0;0;0;0
28/06/2020;15:21:00;101;Acidente sem Vítimas;537,1;BR-040/MG;Norte;Colisão lateral;1;0;0;1;0;0;0;0;0;0;2;0;0;0;0
28/06/2020;16:44:00;114;Acidente com Vítimas;14,15;BR-040/GO;Norte;Choque c/ Objeto Fixo;3;0;0;0;0;0;0;0;0;0;2;0;0;0;0
28/06/2020;18:33:00;137;Acidente com Vítimas;501,5;BR-040/MG;Norte;Atropelamento de Ciclista;0;1;0;1;0;0;0;0;0;0;1;1;0;0;0
28/06/2020;18:39:00;139;Acidente sem Vítimas;301,1;BR-040/MG;Norte;Colisão traseira;2;0;0;0;0;0;0;0;0;0;4;0;0;0;0
28/06/2020;18:40:00;140;Acidente sem Vítimas;555,1;BR-040/MG;Norte;Engavetamento;3;0;0;0;0;0;0;0;0;0;10;0;0;0;0
28/06/2020;20:39:00;155;Acidente com Vítimas;1,3;BR-040/GO;Sul;Colisão traseira;1;0;0;1;0;0;0;0;0;0;2;0;1;0;0
28/06/2020;21:30:00;157;Acidente com Vítimas;524,1;BR-040/MG;Sul;Colisão lateral;0;0;0;1;0;0;0;0;0;0;0;2;0;0;0
28/06/2020;23:49:00;166;Acidente sem Vítimas;4,5;BR-040/GO;Norte;Choque c/ Objeto Fixo;1;0;0;0;0;0;0;0;0;0;1;0;0;0;0
29/06/2020;06:26:00;106;Acidente com Vítimas;5,5;BR-040/DF;Norte;Colisão lateral;1;0;0;0;0;1;0;0;0;0;1;1;0;0;0
29/06/2020;06:54:00;115;Acidente com Vítimas;514,1;BR-040/MG;Norte;Tombamento de Moto;0;0;0;1;0;0;0;0;0;0;0;0;0;0;0
29/06/2020;07:36:00;124;Acidente com Vítimas;350,5;BR-040/MG;Sul;Queda Veículo;1;0;0;0;0;0;0;0;0;0;0;0;1;0;0
29/06/2020;08:06:00;137;Acidente sem Vítimas;656,1;BR-040/MG;Norte;Choque c/ Objeto Fixo;1;0;0;0;0;0;0;0;0;0;0;0;0;0;0
29/06/2020;08:16:00;139;Acidente sem Vítimas;452,8;BR-040/MG;Sul;Tombamento;1;0;1;0;0;0;0;0;0;0;2;0;0;0;0
29/06/2020;09:55:00;165;Acidente sem Vítimas;615,12;BR-040/MG;Sul;Colisão traseira;0;0;0;0;1;1;0;0;0;0;2;0;0;0;0
29/06/2020;10:44:00;180;Acidente sem Vítimas;643,7;BR-040/MG;Sul;Colisão traseira;0;0;1;1;0;0;0;0;0;0;2;0;0;0;0
29/06/2020;10:48:00;181;Acidente Fatal;295,75;BR-040/MG;Norte;Capotamento;1;0;0;0;0;0;0;0;0;0;1;0;2;1;1
29/06/2020;15:59:00;239;Acidente sem Vítimas;466,2;BR-040/MG;Norte;Colisão frontal;1;0;1;0;0;0;0;0;0;0;3;0;0;0;0
29/06/2020;17:15:00;252;Acidente com Vítimas;541,2;BR-040/MG;Norte;Colisão lateral;1;1;1;0;0;0;0;0;0;0;3;1;0;0;0
29/06/2020;19:10:00;278;Acidente sem Vítimas;4,1;BR-040/GO;Norte;Tombamento de Moto;0;0;0;1;0;0;0;0;0;0;1;0;0;0;0
29/06/2020;23:38:00;328;Acidente com Vítimas;588,38;BR-040/MG;Norte;Tombamento;0;0;0;0;0;2;0;0;0;0;0;0;1;0;0
01/04/2020;01:50:00;53;Acidente sem Vítimas;274,15;BR-040/MG;Sul;Colisão frontal;1;0;0;0;1;1;0;0;0;0;2;0;0;1;0
01/04/2020;10:03:00;150;Acidente com Vítimas;544,1;BR-040/MG;Norte;Tombamento de Moto;0;0;0;1;0;1;0;0;0;0;2;1;0;0;0
01/04/2020;11:23:00;164;Acidente sem Vítimas;614,2;BR-040/MG;Norte;Colisão traseira;0;0;0;0;0;3;0;0;0;0;2;0;0;0;0
01/04/2020;15:51:00;199;Acidente sem Vítimas;463,1;BR-040/MG;Norte;Colisão transversal;0;0;1;0;0;1;0;0;0;0;2;0;0;0;0
01/04/2020;21:09:00;267;Acidente Fatal;509,2;BR-040/MG;Sul;Atropelamento de Pedestre;0;0;0;0;0;3;0;0;0;0;0;0;0;0;2
02/04/2020;04:27:00;104;Acidente sem Vítimas;514,8;BR-040/MG;Sul;Atropelamento de Animal;1;0;0;0;0;0;0;0;0;0;3;0;0;0;0
02/04/2020;05:45:00;114;Acidente com Vítimas;525,5;BR-040/MG;Norte;Tombamento de Moto;0;0;0;0;0;1;0;0;0;0;0;1;0;0;0
02/04/2020;07:06:00;126;Acidente sem Vítimas;525,4;BR-040/MG;Norte;Colisão lateral;0;0;0;0;1;0;0;0;0;1;2;0;0;0;0
02/04/2020;07:52:00;143;Acidente sem Vítimas;451,4;BR-040/MG;Sul;Choque c/ Objeto Fixo;0;0;1;0;0;0;0;0;0;0;1;0;0;0;0
02/04/2020;19:14:00;274;Acidente com Vítimas;35,4;BR-040/GO;Sul;Atropelamento de Andarilho;0;0;0;0;0;0;0;0;0;0;0;1;0;0;0
02/04/2020;22:52:00;307;Acidente sem Vítimas;527,4;BR-040/MG;Sul;Capotamento;0;0;0;0;0;1;0;0;0;0;1;0;1;0;0
03/04/2020;05:28:00;102;Acidente com Vítimas;121,4;BR-040/GO;Sul;Choque c/ Objeto Fixo;0;0;1;0;0;0;0;0;0;0;0;1;1;0;0
03/04/2020;09:05:00;141;Acidente com Vítimas;55,1;BR-040/GO;Sul;Tombamento de Moto;0;0;0;1;0;0;0;0;0;0;1;2;0;0;0
03/04/2020;09:47:00;150;Acidente sem Vítimas;438,9;BR-040/MG;Sul;Tombamento;0;0;2;0;0;0;0;0;0;0;1;0;0;0;0
03/04/2020;10:20:00;159;Acidente sem Vítimas;488,4;BR-040/MG;Sul;Choque c/ Objeto Fixo;0;0;0;0;0;1;0;0;0;0;1;0;0;0;0
03/04/2020;12:06:00;176;Acidente sem Vítimas;558,4;BR-040/MG;Sul;Colisão traseira;0;0;0;0;0;1;0;0;0;0;1;0;0;0;0
03/04/2020;13:51:00;195;Acidente com Vítimas;535,7;BR-040/MG;Sul;Tombamento de Moto;1;0;0;0;0;1;0;0;0;0;2;1;0;0;0
03/04/2020;17:18:00;226;Acidente sem Vítimas;536,4;BR-040/MG;Norte;Colisão traseira;2;0;0;0;0;0;0;0;0;0;2;0;0;0;0
03/04/2020;22:33:00;276;Acidente sem Vítimas;563,1;BR-040/MG;Norte;Choque c/ Objeto Fixo;1;0;0;0;0;0;0;0;0;0;1;0;0;0;0
04/04/2020;22:39:00;190;Acidente com Vítimas;535,5;BR-040/MG;Norte;Atropelamento de Pedestre;1;0;0;0;0;1;0;0;0;0;0;0;2;0;0
05/04/2020;03:22:00;12;Acidente sem Vítimas;750,1;BR-040/MG;Norte;Choque c/ Objeto Fixo;1;0;0;0;0;0;0;0;0;0;0;1;0;0;0
05/04/2020;10:03:00;55;Acidente com Vítimas;224,5;BR-040/MG;Norte;Tombamento de Moto;0;0;0;1;0;0;0;0;0;0;0;1;0;0;0
05/04/2020;12:56:00;85;Acidente sem Vítimas;646,15;BR-040/MG;Sul;Capotamento;1;0;0;0;0;0;0;0;0;0;0;0;0;0;0
05/04/2020;18:49:00;136;Acidente sem Vítimas;1,5;BR-040/GO;Sul;Choque c/ Objeto Fixo;2;0;0;0;0;1;0;0;0;0;2;0;0;0;0
05/04/2020;20:18:00;158;Acidente sem Vítimas;18,6;BR-040/GO;Norte;Outros;0;0;1;0;0;0;0;0;0;0;1;0;0;0;0
06/04/2020;14:45:00;216;Acidente com Vítimas;593,7;BR-040/MG;Sul;Tombamento de Moto;0;0;0;1;0;1;0;0;0;0;2;1;0;0;0
06/04/2020;15:16:00;220;Acidente com Vítimas;5,1;BR-040/GO;Sul;Tombamento;1;0;0;0;0;1;0;0;0;0;1;1;0;0;0
06/04/2020;15:17:00;221;Acidente com Vítimas;38,1;BR-040/GO;Norte;Tombamento de Moto;0;0;0;1;0;0;0;0;0;0;1;2;0;0;0
06/04/2020;19:34:00;259;Acidente sem Vítimas;477,1;BR-040/MG;Sul;Choque com objeto;1;0;0;0;0;0;0;0;0;0;1;0;0;0;0
06/04/2020;20:29:00;261;Acidente sem Vítimas;129,4;BR-040/GO;Norte;Queda Veículo;1;0;0;0;0;0;0;0;0;0;2;0;0;0;0
06/04/2020;22:59:00;277;Acidente sem Vítimas;2,4;BR-040/GO;Sul;Colisão lateral;1;0;0;1;0;0;0;0;0;0;2;0;0;0;0
07/04/2020;05:25:00;93;Acidente sem Vítimas;529,1;BR-040/MG;Sul;Tombamento de Moto;0;0;0;1;0;0;0;0;0;0;1;0;0;0;0
07/04/2020;05:28:00;94;Acidente sem Vítimas;155,4;BR-040/GO;Sul;Queda Veículo;0;0;0;0;1;0;0;0;0;0;1;0;0;0;0
07/04/2020;09:28:00;134;Acidente com Vítimas;439,15;BR-040/MG;Norte;Capotamento;0;0;0;0;0;1;0;0;0;0;1;1;0;0;0
07/04/2020;10:09:00;145;Acidente sem Vítimas;465,15;BR-040/MG;Norte;Tombamento;0;0;1;0;0;1;0;0;0;0;1;0;0;0;0
07/04/2020;10:53:00;151;Acidente sem Vítimas;462,5;BR-040/MG;Sul;Capotamento;1;0;0;0;0;0;0;0;0;0;1;0;0;0;0
07/04/2020;13:58:00;181;Acidente com Vítimas;6,2;BR-040/DF;Norte;Tombamento de Moto;0;0;0;1;0;0;0;0;0;0;0;1;0;0;0
07/04/2020;14:37:00;187;Acidente com Vítimas;103,8;BR-040/GO;Norte;Colisão traseira;2;0;0;0;0;0;0;0;0;0;2;0;1;0;0
07/04/2020;18:23:00;218;Acidente Fatal;526,2;BR-040/MG;Norte;Atropelamento de Pedestre;2;0;0;0;0;1;0;0;0;0;2;0;0;0;1
08/04/2020;05:02:00;105;Acidente Fatal;492,1;BR-040/MG;Norte;Atropelamento de Andarilho;1;0;0;0;0;0;0;0;0;0;1;0;0;0;1
08/04/2020;05:44:00;107;Acidente sem Vítimas;450,1;BR-040/MG;Sul;Colisão traseira;0;0;0;0;0;2;0;0;0;0;4;0;0;0;0
08/04/2020;07:59:00;131;Acidente sem Vítimas;511,15;BR-040/MG;Sul;Atropelamento de Animal;2;0;0;0;0;1;0;0;0;0;2;0;0;0;0
08/04/2020;08:09:00;133;Acidente sem Vítimas;485,47;BR-040/MG;Sul;Choque c/ Objeto Fixo;1;0;0;0;0;0;0;0;0;0;1;0;0;0;0
08/04/2020;10:42:00;164;Acidente com Vítimas;94,5;BR-040/GO;Norte;Outros;0;0;1;0;0;0;0;0;0;0;1;1;0;0;0
08/04/2020;11:36:00;174;Acidente sem Vítimas;43,56;BR-040/MG;Sul;Colisão transversal;1;0;0;1;0;0;0;0;0;0;2;0;0;0;0
08/04/2020;13:17:00;193;Acidente com Vítimas;2,5;BR-040/DF;Sul;Capotamento;0;0;0;0;0;1;0;0;0;0;1;0;0;0;0
08/04/2020;14:14:00;197;Acidente com Vítimas;6,5;BR-040/GO;Sul;Tombamento de Moto;0;0;0;1;0;1;0;0;0;0;2;1;0;0;0
08/04/2020;15:17:00;201;Acidente sem Vítimas;504,1;BR-040/MG;Norte;Choque c/ Objeto Fixo;0;0;1;0;0;0;0;0;0;0;1;0;0;0;0
08/04/2020;15:25:00;203;Acidente sem Vítimas;592,9;BR-040/MG;Sul;Colisão traseira;1;0;0;0;0;1;0;0;0;0;0;0;0;0;0
08/04/2020;15:34:00;204;Acidente com Vítimas;511,5;BR-040/MG;Norte;Choque com objeto;1;0;0;0;0;0;0;0;0;0;1;1;0;0;0
08/04/2020;16:15:00;211;Acidente com Vítimas;465,1;BR-040/MG;Norte;Engavetamento;1;0;1;0;0;1;0;0;0;0;3;0;1;0;0
08/04/2020;19:19:00;263;Acidente sem Vítimas;474,5;BR-040/MG;Norte;Choque c/ Objeto Fixo;2;0;0;0;0;0;0;0;0;0;1;0;0;0;0
08/04/2020;21:38:00;284;Acidente sem Vítimas;10,3;BR-040/GO;Norte;Colisão traseira;1;0;0;1;0;0;0;0;0;0;0;0;0;0;0
09/04/2020;13:40:00;195;Acidente sem Vítimas;16,1;BR-040/GO;Sul;Colisão traseira;0;0;1;1;0;0;0;0;0;0;0;0;0;0;0
09/04/2020;17:05:00;217;Acidente sem Vítimas;519,1;BR-040/MG;Norte;Engavetamento;2;0;0;0;0;0;0;0;0;1;3;0;0;0;0
09/04/2020;17:29:00;220;Acidente com Vítimas;544,1;BR-040/MG;Sul;Colisão frontal;2;0;0;0;0;0;0;0;0;0;1;1;0;0;0
09/04/2020;17:40:00;223;Acidente sem Vítimas;667,1;BR-040/MG;Sul;Colisão transversal;0;0;0;1;0;0;0;0;0;1;1;2;0;0;0
09/04/2020;17:53:00;225;Acidente com Vítimas;246,3;BR-040/MG;Norte;Choque c/ Objeto Fixo;1;0;0;0;0;0;0;0;0;0;4;1;0;0;0
09/04/2020;18:07:00;227;Acidente com Vítimas;522,9;BR-040/MG;Norte;Colisão traseira;4;0;0;0;0;1;0;0;0;0;4;0;1;0;0
09/04/2020;19:34:00;245;Acidente sem Vítimas;747,1;BR-040/MG;Sul;Colisão lateral;1;0;0;0;1;0;0;0;0;0;1;0;0;0;0
09/04/2020;20:04:00;251;Acidente com Vítimas;301,8;BR-040/MG;Norte;Colisão lateral;2;0;0;0;0;0;0;0;0;0;7;1;0;0;0
09/04/2020;20:46:00;261;Acidente com Vítimas;526,5;BR-040/MG;Norte;Colisão traseira;1;0;0;0;0;1;0;0;0;0;2;2;0;0;0
10/04/2020;05:16:00;27;Acidente com Vítimas;599,1;BR-040/MG;Sul;Tombamento de Moto;0;0;0;1;0;0;0;0;0;0;1;0;1;0;0
10/04/2020;07:01:00;37;Acidente com Vítimas;656,15;BR-040/MG;Norte;Choque c/ Objeto Fixo;1;0;0;0;0;1;0;0;0;0;1;1;0;0;0
10/04/2020;09:19:00;55;Acidente com Vítimas;281,1;BR-040/MG;Norte;Capotamento;1;0;0;0;0;0;0;0;0;0;0;1;1;0;0
10/04/2020;20:51:00;159;Acidente sem Vítimas;134,1;BR-040/GO;Sul;Colisão traseira;1;0;1;0;0;1;0;0;0;0;2;0;0;0;0
11/04/2020;03:00:00;14;Acidente sem Vítimas;530,8;BR-040/MG;Sul;Colisão transversal;2;0;0;0;0;0;0;0;0;0;1;0;0;0;0
11/04/2020;11:14:00;68;Acidente com Vítimas;535,3;BR-040/MG;Norte;Colisão lateral;1;0;0;0;1;1;0;0;0;0;3;1;0;0;0
11/04/2020;19:31:00;128;Acidente sem Vítimas;565,3;BR-040/MG;Norte;Colisão frontal;2;0;0;0;0;1;0;0;0;0;2;0;0;0;0
11/04/2020;20:16:00;133;Acidente com Vítimas;138,3;BR-040/MG;Norte;Choque c/ Objeto Fixo;1;0;0;0;0;0;0;0;0;0;0;1;0;1;0
11/04/2020;20:30:00;135;Acidente sem Vítimas;506,1;BR-040/MG;Norte;Choque c/ Objeto Fixo;1;0;0;0;0;0;0;0;0;0;1;0;0;0;0
11/04/2020;21:17:00;137;Acidente sem Vítimas;503,1;BR-040/MG;Sul;Choque c/ Objeto Fixo;1;0;0;0;0;0;0;0;0;0;1;0;0;0;0
11/04/2020;21:18:00;139;Acidente com Vítimas;19,4;BR-040/GO;Norte;Capotamento;1;0;0;0;0;0;0;0;0;0;0;0;0;0;0
11/04/2020;21:24:00;140;Acidente sem Vítimas;3,4;BR-040/GO;Sul;Colisão lateral;1;0;0;1;0;1;0;0;0;0;2;0;0;0;0
11/04/2020;21:57:00;144;Acidente sem Vítimas;555,2;BR-040/MG;Norte;Colisão traseira;1;0;1;0;0;1;0;0;0;0;2;0;0;0;0
12/04/2020;04:35:00;13;Acidente sem Vítimas;567,1;BR-040/MG;Sul;Choque c/ Objeto Fixo;1;0;0;0;0;0;0;0;0;0;1;0;0;0;0
12/04/2020;05:09:00;14;Acidente sem Vítimas;2,5;BR-040/DF;Norte;Choque c/ Objeto Fixo;1;0;0;0;0;0;0;0;0;0;0;0;0;0;0
12/04/2020;08:30:00;27;Acidente sem Vítimas;731,9;BR-040/MG;Sul;Choque com objeto;1;0;0;0;0;0;0;0;0;0;2;0;0;0;0
12/04/2020;08:46:00;30;Acidente sem Vítimas;717,25;BR-040/MG;Norte;Choque com objeto;1;0;0;0;0;0;0;0;0;0;1;0;0;0;0
12/04/2020;17:26:00;123;Acidente sem Vítimas;668,3;BR-040/MG;Sul;Atropelamento de Animal;0;0;0;0;0;1;0;0;0;0;2;0;0;0;0
12/04/2020;23:11:00;189;Acidente com Vítimas;739,5;BR-040/MG;Norte;Tombamento;0;0;1;0;0;0;0;0;0;0;0;0;1;0;0
12/04/2020;23:53:00;194;Acidente com Vítimas;442,8;BR-040/MG;Norte;Capotamento;1;0;0;0;0;0;0;0;0;0;0;0;0;0;0
13/04/2020;04:54:00;104;Acidente sem Vítimas;2,1;BR-040/DF;Norte;Colisão lateral;1;0;0;0;1;0;0;0;0;0;1;0;0;0;0
13/04/2020;07:26:00;120;Acidente com Vítimas;10,1;BR-040/GO;Norte;Capotamento;1;0;0;0;0;1;0;0;0;0;0;0;0;0;0
13/04/2020;09:46:00;161;Acidente sem Vítimas;540,1;BR-040/MG;Sul;Engavetamento;2;0;0;0;0;1;0;0;0;0;3;0;0;0;0
13/04/2020;19:10:00;272;Acidente com Vítimas;536,5;BR-040/MG;Sul;Colisão traseira;1;0;0;0;1;0;0;0;0;0;11;0;0;0;0
13/04/2020;22:06:00;298;Acidente sem Vítimas;717,3;BR-040/MG;Norte;Tombamento;0;0;0;0;1;0;0;0;0;0;1;0;0;0;0
14/04/2020;06:34:00;118;Acidente com Vítimas;81,1;BR-040/GO;Sul;Capotamento;2;0;0;0;0;0;0;0;0;0;0;1;0;0;0
14/04/2020;07:32:00;127;Acidente com Vítimas;12,1;BR-040/GO;Norte;Atropelamento de Ciclista;0;1;0;0;0;1;0;0;0;0;0;2;0;0;0
14/04/2020;09:10:00;150;Acidente com Vítimas;92,5;BR-040/GO;Norte;Colisão transversal;1;0;0;0;0;1;0;0;0;0;1;1;1;0;0
14/04/2020;09:12:00;153;Acidente com Vítimas;747,5;BR-040/MG;Norte;Choque c/ Objeto Fixo;0;0;0;1;0;0;0;0;0;0;0;0;1;0;0
14/04/2020;11:50:00;184;Acidente sem Vítimas;690,4;BR-040/MG;Sul;Capotamento;1;0;0;0;0;0;0;0;0;0;1;0;0;0;0
14/04/2020;12:03:00;185;Acidente sem Vítimas;539,99;BR-040/MG;Norte;Colisão lateral;0;0;0;0;1;2;0;0;0;0;2;0;0;0;0
14/04/2020;14:04:00;204;Acidente sem Vítimas;545,2;BR-040/MG;Norte;Choque com objeto;1;0;0;0;0;1;0;0;0;0;2;0;0;0;0
14/04/2020;17:18:00;241;Acidente com Vítimas;524,8;BR-040/MG;Norte;Atropelamento de Pedestre;0;0;0;0;0;0;0;0;0;0;0;0;1;0;0
14/04/2020;17:47:00;245;Acidente com Vítimas;4,15;BR-040/MG;Norte;Capotamento;1;0;0;0;0;0;0;0;0;0;0;3;0;0;0
14/04/2020;18:18:00;253;Acidente sem Vítimas;7,4;BR-040/GO;Sul;Queda Veículo;0;0;0;0;0;1;0;0;0;0;0;0;1;0;0
14/04/2020;18:38:00;256;Acidente sem Vítimas;526,1;BR-040/MG;Norte;Tombamento de Moto;0;0;0;1;0;0;0;0;0;0;1;0;0;0;0
15/04/2020;07:09:00;125;Acidente com Vítimas;533,8;BR-040/MG;Sul;Colisão traseira;1;0;0;1;0;0;0;0;0;0;2;1;0;0;0
15/04/2020;12:17:00;190;Acidente com Vítimas;529,4;BR-040/MG;Norte;Tombamento de Moto;0;0;0;1;0;1;0;0;0;0;1;0;1;0;0
15/04/2020;14:30:00;200;Acidente com Vítimas;21,3;BR-040/GO;Sul;Colisão traseira;2;0;0;0;0;0;0;0;0;0;0;0;0;0;0
15/04/2020;17:01:00;220;Acidente sem Vítimas;299,1;BR-040/MG;Sul;Choque c/ Objeto Fixo;1;0;0;0;0;0;0;0;0;0;1;0;0;0;0
15/04/2020;17:11:00;223;Acidente sem Vítimas;0,5;BR-040/DF;Norte;Choque c/ Objeto Fixo;1;0;0;0;0;0;0;0;0;0;1;0;0;0;0