data;horario;n_da_ocorrencia;tipo_de_ocorrencia;km;trecho;sentido;tipo_de_acidente;automovel;bicicleta;caminhao;moto;onibus;outros;tracao_animal;transporte_de_cargas_especiais;trator_maquinas;utilitarios;ilesos;levemente_feridos;moderadamente_feridos;gravemente_feridos;mortos
15/04/2020;17:17:00;224;Acidente sem Vítimas;513,2;BR-040/MG;Sul;Colisão traseira;2;0;0;0;0;0;0;0;0;0;2;0;0;0;0
15/04/2020;18:53:00;238;Acidente sem Vítimas;528,1;BR-040/MG;Sul;Colisão traseira;1;0;0;0;0;1;0;0;0;0;1;0;0;0;0
15/04/2020;21:13:00;270;Acidente sem Vítimas;560,1;BR-040/MG;Norte;Choque c/ Objeto Fixo;1;0;0;0;0;0;0;0;0;0;1;0;0;0;0
15/04/2020;21:40:00;273;Acidente com Vítimas;556,1;BR-040/MG;Norte;Colisão traseira;1;0;0;0;1;0;0;0;0;0;2;1;1;0;0
15/04/2020;22:07:00;275;Acidente sem Vítimas;520,1;BR-040/MG;Norte;Choque com objeto;2;0;0;0;0;0;0;0;0;0;1;0;0;0;0
16/04/2020;07:07:00;120;Acidente sem Vítimas;541,1;BR-040/MG;Sul;Engavetamento;4;0;0;0;0;0;0;0;0;0;3;0;0;0;0
16/04/2020;07:14:00;122;Acidente sem Vítimas;3,5;BR-040/DF;Sul;Choque c/ Objeto Fixo;1;0;0;0;0;0;0;0;0;0;1;0;0;0;0
16/04/2020;09:09:00;150;Acidente com Vítimas;552,1;BR-040/MG;Norte;Tombamento de Moto;0;0;0;1;0;1;0;0;0;0;0;0;0;0;0
16/04/2020;11:06:00;179;Acidente com Vítimas;250,5;BR-040/MG;Norte;Choque c/ Objeto Fixo;0;0;0;0;0;1;0;0;0;0;1;1;0;0;0
16/04/2020;13:54:00;207;Acidente sem Vítimas;5,1;BR-040/GO;Sul;Tombamento de Moto;0;0;0;1;0;0;0;0;0;0;1;0;0;0;0
16/04/2020;19:44:00;259;Acidente sem Vítimas;2,8;BR-040/GO;Norte;Colisão traseira;3;0;0;0;0;0;0;0;0;0;2;0;0;0;0
16/04/2020;20:43:00;272;Acidente sem Vítimas;524,5;BR-040/MG;Norte;Queda Veículo;1;0;0;0;0;2;0;0;0;0;2;0;0;0;0
16/04/2020;22:58:00;281;Acidente sem Vítimas;209,5;BR-040/MG;Sul;Colisão lateral;1;0;0;0;1;0;0;0;0;0;2;0;0;0;0
17/04/2020;08:59:00;146;Acidente com Vítimas;3,4;BR-040/GO;Sul;Choque c/ Objeto Fixo;1;0;1;0;0;0;0;0;0;0;2;1;0;0;0
17/04/2020;11:12:00;171;Acidente com Vítimas;376,5;BR-040/MG;Norte;Tombamento;0;0;0;0;1;0;0;0;0;0;0;1;0;0;0
17/04/2020;12:01:00;181;Acidente com Vítimas;510,122;BR-040/MG;Norte;Tombamento de Moto;1;0;0;1;0;0;0;0;0;0;0;1;0;0;0
17/04/2020;17:07:00;240;Acidente sem Vítimas;409,1;BR-040/MG;Norte;Tombamento de Moto;0;0;0;1;0;0;0;0;0;0;1;0;0;0;0
17/04/2020;17:59:00;249;Acidente sem Vítimas;6,7;BR-040/GO;Sul;Colisão traseira;2;0;0;0;0;1;0;0;0;0;0;0;0;0;0
17/04/2020;18:53:00;262;Acidente com Vítimas;5,5;BR-040/GO;Sul;Colisão transversal;0;0;0;2;0;0;0;0;0;0;0;1;0;0;0
17/04/2020;19:00:00;270;Acidente sem Vítimas;523,5;BR-040/MG;Norte;Colisão traseira;3;0;0;0;0;0;0;0;0;0;3;0;0;0;0
17/04/2020;21:43:00;303;Acidente sem Vítimas;96,5;BR-040/GO;Sul;Atropelamento de Animal;0;0;0;1;0;0;0;0;0;0;1;0;0;0;0
18/04/2020;07:55:00;77;Acidente com Vítimas;623,781;BR-040/MG;Norte;Queda de Ribanceira;0;0;1;0;0;1;0;0;0;0;0;1;0;0;0
18/04/2020;13:06:00;128;Acidente com Vítimas;509,5;BR-040/MG;Norte;Atropelamento de Pedestre;2;0;0;0;0;1;0;0;0;0;2;0;0;1;0
18/04/2020;13:52:00;134;Acidente com Vítimas;52,1;BR-040/GO;Norte;Tombamento;0;0;0;1;0;0;0;0;0;0;0;1;0;0;0
18/04/2020;15:23:00;151;Acidente sem Vítimas;529,2;BR-040/MG;Sul;Choque c/ Objeto Fixo;0;0;0;0;0;1;0;0;0;0;3;0;0;0;0
18/04/2020;16:51:00;169;Acidente sem Vítimas;533,8;BR-040/MG;Norte;Colisão traseira;1;0;0;0;0;1;0;0;0;0;2;0;0;0;0
18/04/2020;19:14:00;200;Acidente com Vítimas;614,95;BR-040/MG;Sul;Tombamento de Moto;0;0;0;1;0;1;0;0;0;0;0;0;0;0;0
18/04/2020;19:18:00;201;Acidente com Vítimas;421,3;BR-040/MG;Sul;Colisão transversal;2;0;0;0;0;1;0;0;0;0;2;0;1;0;0
18/04/2020;23:03:00;220;Acidente com Vítimas;139,5;BR-040/MG;Norte;Colisão traseira;1;0;0;1;0;1;0;0;0;0;2;1;0;0;0
19/04/2020;02:03:00;9;Acidente com Vítimas;534,6;BR-040/MG;Norte;Colisão traseira;1;0;0;0;1;0;0;0;0;0;4;0;0;0;0
19/04/2020;07:10:00;23;Acidente sem Vítimas;535,5;BR-040/MG;Norte;Choque c/ Objeto Fixo;1;0;0;0;0;0;0;0;0;0;1;0;0;0;0
19/04/2020;11:09:00;52;Acidente com Vítimas;47,9;BR-040/GO;Norte;Tombamento de Moto;1;0;0;1;0;0;0;0;0;0;0;2;0;0;0
19/04/2020;11:14:00;53;Acidente sem Vítimas;159,5;BR-040/MG;Norte;Atropelamento de Animal;1;0;0;0;0;0;0;0;0;0;1;0;0;0;0
19/04/2020;12:15:00;56;Acidente sem Vítimas;544,1;BR-040/MG;Sul;Colisão lateral;0;0;0;2;0;1;0;0;0;0;2;0;0;0;0
19/04/2020;14:08:00;79;Acidente com Vítimas;12,9;BR-040/GO;Sul;Choque c/ Objeto Fixo;1;0;0;0;0;0;0;0;0;0;0;2;0;0;0
19/04/2020;14:37:00;85;Acidente sem Vítimas;362,1;BR-040/MG;Sul;Capotamento;1;0;0;0;0;0;0;0;0;0;1;0;0;0;0
19/04/2020;16:26:00;102;Acidente com Vítimas;552,9;BR-040/MG;Norte;Choque c/ Objeto Fixo;1;0;0;0;0;1;0;0;0;0;2;1;0;0;0
19/04/2020;18:24:00;127;Acidente com Vítimas;518,9;BR-040/MG;Norte;Choque c/ Objeto Fixo;1;0;0;0;0;1;0;0;0;0;1;1;1;0;0
19/04/2020;18:42:00;130;Acidente com Vítimas;555,1;BR-040/MG;Norte;Engavetamento;3;0;0;1;0;0;0;0;0;0;11;0;0;0;0
20/04/2020;08:10:00;113;Acidente com Vítimas;534,1;BR-040/MG;Norte;Colisão lateral;1;0;0;1;0;1;0;0;0;0;1;0;1;0;0
20/04/2020;14:37:00;200;Acidente com Vítimas;7,256;BR-040/GO;Norte;Tombamento de Moto;0;0;0;1;0;0;0;0;0;0;0;1;0;0;0
20/04/2020;19:43:00;249;Acidente sem Vítimas;622,1;BR-040/MG;Norte;Colisão traseira;1;0;0;0;0;1;0;0;0;0;2;0;0;0;0
20/04/2020;20:25:00;260;Acidente sem Vítimas;7,2;BR-040/GO;Sul;Colisão traseira;2;0;0;0;0;1;0;0;0;0;0;0;0;0;0
20/04/2020;20:35:00;262;Acidente com Vítimas;18,5;BR-040/GO;Sul;Atropelamento de Ciclista;1;4;0;0;0;0;0;0;0;0;0;2;1;0;0
21/04/2020;06:59:00;44;Acidente com Vítimas;16,256;BR-040/GO;Norte;Colisão traseira;0;0;0;1;0;2;0;0;0;0;0;0;1;0;0
21/04/2020;13:49:00;99;Acidente com Vítimas;378,9;BR-040/MG;Sul;Capotamento;1;0;0;0;0;1;0;0;0;0;1;3;1;0;0
21/04/2020;16:41:00;129;Acidente sem Vítimas;72,256;BR-040/GO;Norte;Choque c/ Objeto Fixo;1;0;0;0;0;0;0;0;0;0;3;0;0;0;0
21/04/2020;18:59:00;154;Acidente com Vítimas;68,7;BR-040/MG;Norte;Atropelamento de Pedestre;0;0;0;0;0;1;0;0;0;0;1;1;0;0;0
22/04/2020;03:14:00;97;Acidente sem Vítimas;485,6;BR-040/MG;Sul;Choque c/ Objeto Fixo;0;0;0;0;0;2;0;0;0;0;4;0;0;0;0
22/04/2020;04:35:00;111;Acidente sem Vítimas;535,5;BR-040/MG;Norte;Choque c/ Objeto Fixo;0;0;0;1;0;0;0;0;0;0;2;0;0;0;0
22/04/2020;05:41:00;121;Acidente sem Vítimas;526,8;BR-040/MG;Norte;Capotamento;1;0;0;0;0;0;0;0;0;0;1;0;0;0;0
22/04/2020;07:35:00;143;Acidente com Vítimas;0,1;BR-040/GO;Norte;Colisão traseira;1;0;0;0;0;2;0;0;0;0;2;1;0;0;0
22/04/2020;08:13:00;152;Acidente com Vítimas;538,3;BR-040/MG;Norte;Colisão traseira;1;0;0;0;0;1;0;0;0;0;2;1;0;0;0
22/04/2020;11:48:00;198;Acidente sem Vítimas;43,5;BR-040/MG;Sul;Colisão frontal;1;0;0;1;0;0;0;0;0;0;0;0;0;0;0
22/04/2020;16:47:00;248;Acidente com Vítimas;63,8;BR-040/GO;Sul;Tombamento;0;0;1;0;0;0;0;0;0;0;0;1;0;0;0
22/04/2020;17:01:00;252;Acidente sem Vítimas;103,1;BR-040/GO;Norte;Capotamento;1;0;0;0;0;0;0;0;0;0;0;0;0;0;0
22/04/2020;18:44:00;271;Acidente com Vítimas;476,1;BR-040/MG;Norte;Colisão traseira;0;0;1;0;1;0;0;0;0;0;1;0;0;1;0
22/04/2020;21:14:00;297;Acidente sem Vítimas;523,8;BR-040/MG;Sul;Choque c/ Objeto Fixo;1;0;0;0;0;0;0;0;0;0;1;0;0;0;0
22/04/2020;21:18:00;298;Acidente sem Vítimas;601,3;BR-040/MG;Norte;Colisão traseira;0;0;2;0;0;0;0;0;0;0;2;0;0;0;0
23/04/2020;06:53:00;125;Acidente sem Vítimas;534,3;BR-040/MG;Sul;Colisão lateral;1;0;0;2;0;0;0;0;0;0;3;0;0;0;0
23/04/2020;07:25:00;134;Acidente sem Vítimas;7,8;BR-040/DF;Sul;Tombamento;0;0;1;0;0;0;0;0;0;0;0;0;0;0;0
23/04/2020;14:45:00;244;Acidente sem Vítimas;0,1;BR-040/GO;Norte;Tombamento;0;0;0;0;0;1;0;0;0;0;1;0;0;0;0
24/04/2020;06:44:00;105;Acidente sem Vítimas;585;BR-040/MG;Norte;Colisão transversal;1;0;1;0;0;1;0;0;0;0;1;0;0;0;0
24/04/2020;06:51:00;109;Acidente sem Vítimas;12,256;BR-040/GO;Norte;Colisão traseira;3;0;0;0;0;0;0;0;0;0;1;0;0;0;0
24/04/2020;07:52:00;126;Acidente sem Vítimas;530,1;BR-040/MG;Sul;Engavetamento;4;0;0;0;0;0;0;0;0;0;4;0;0;0;0
24/04/2020;16:28:00;228;Acidente sem Vítimas;540,85;BR-040/MG;Norte;Engavetamento;5;0;0;0;0;0;0;0;0;0;5;0;0;0;0
24/04/2020;18:42:00;244;Acidente com Vítimas;1,1;BR-040/GO;Sul;Atropelamento de Pedestre;1;1;0;0;0;0;0;0;0;0;3;0;1;0;0
24/04/2020;19:50:00;255;Acidente sem Vítimas;1,8;BR-040/DF;Sul;Engavetamento;3;0;0;0;0;1;0;0;0;0;0;0;0;0;0
24/04/2020;21:54:00;276;Acidente sem Vítimas;6,95;BR-040/GO;Sul;Colisão lateral;2;0;0;0;0;0;0;0;0;0;0;0;0;0;0
24/04/2020;22:01:00;277;Acidente sem Vítimas;195,1;BR-040/MG;Norte;Choque c/ Objeto Fixo;2;0;0;0;0;1;0;0;0;0;0;0;0;0;0
25/04/2020;00:10:00;2;Acidente sem Vítimas;459,15;BR-040/MG;Sul;Colisão traseira;1;0;0;0;1;1;0;0;0;0;2;0;0;0;0
25/04/2020;07:01:00;36;Acidente com Vítimas;480,3;BR-040/MG;Norte;Capotamento;1;0;0;0;0;0;0;0;0;0;0;0;1;0;0
25/04/2020;08:48:00;54;Acidente sem Vítimas;616,9;BR-040/MG;Norte;Choque c/ Objeto Fixo;1;0;0;0;0;1;0;0;0;0;0;0;0;0;0
25/04/2020;12:10:00;86;Acidente sem Vítimas;1,3;BR-040/DF;Norte;Choque c/ Objeto Fixo;1;0;0;0;0;0;0;0;0;0;0;0;0;0;0
25/04/2020;14:53:00;111;Acidente com Vítimas;682,7;BR-040/MG;Norte;Atropelamento de Pedestre;1;0;0;0;0;0;0;0;0;0;1;0;0;1;0
25/04/2020;15:04:00;112;Acidente sem Vítimas;600,3;BR-040/MG;Norte;Colisão traseira;0;0;0;2;1;0;0;0;0;0;1;0;0;0;0
25/04/2020;15:44:00;117;Acidente com Vítimas;26,3;BR-040/GO;Norte;Capotamento;0;0;0;0;0;2;0;0;0;0;0;0;0;0;0
25/04/2020;17:40:00;129;Acidente com Vítimas;2,1;BR-040/GO;Norte;Colisão lateral;1;0;0;1;0;0;0;0;0;0;0;1;0;0;0
25/04/2020;18:03:00;133;Acidente com Vítimas;7,8;BR-040/GO;Sul;Atropelamento de Pedestre;0;1;0;0;0;1;0;0;0;0;0;0;0;0;0
25/04/2020;18:55:00;146;Acidente sem Vítimas;747,1;BR-040/MG;Norte;Colisão transversal;1;0;0;1;0;0;0;0;0;0;2;0;0;0;0
26/04/2020;00:18:00;3;Acidente com Vítimas;507,1;BR-040/MG;Norte;Capotamento;1;0;0;0;0;1;0;0;0;0;1;0;0;0;0
26/04/2020;01:18:00;7;Acidente sem Vítimas;25,2;BR-040/GO;Sul;Choque c/ Objeto Fixo;1;0;0;0;0;0;0;0;0;0;0;0;0;0;0
26/04/2020;06:51:00;23;Acidente sem Vítimas;1,4;BR-040/GO;Sul;Choque c/ Objeto Fixo;1;0;0;0;0;1;0;0;0;0;4;0;0;0;0
26/04/2020;07:32:00;30;Acidente com Vítimas;303,7;BR-040/MG;Sul;Capotamento;1;0;0;0;0;1;0;0;0;0;0;1;0;0;0
26/04/2020;12:42:00;73;Acidente sem Vítimas;653,95;BR-040/MG;Norte;Tombamento;0;0;0;0;1;0;0;0;0;0;0;0;0;0;0
26/04/2020;15:03:00;87;Acidente com Vítimas;468,45;BR-040/MG;Norte;Tombamento;0;0;2;0;0;0;0;0;0;0;0;1;0;0;0
26/04/2020;15:53:00;89;Acidente com Vítimas;31,9;BR-040/MG;Sul;Colisão lateral;1;0;0;1;0;1;0;0;0;0;2;1;0;0;0
26/04/2020;17:36:00;107;Acidente com Vítimas;96,1;BR-040/MG;Norte;Colisão transversal;0;0;0;1;0;1;0;0;0;0;0;1;0;0;0
26/04/2020;17:43:00;113;Acidente com Vítimas;18,1;BR-040/GO;Sul;Tombamento de Moto;1;0;0;1;0;0;0;0;0;0;1;1;0;0;0
26/04/2020;18:12:00;118;Acidente com Vítimas;510,2;BR-040/MG;Sul;Colisão lateral;1;0;0;1;0;0;0;0;0;0;4;2;0;0;0
26/04/2020;19:41:00;131;Acidente sem Vítimas;507,1;BR-040/MG;Sul;Colisão traseira;2;0;0;0;0;0;0;0;0;0;5;0;0;0;0
26/04/2020;23:22:00;149;Acidente com Vítimas;2,4;BR-040/GO;Norte;Colisão traseira;1;0;0;0;0;1;0;0;0;0;1;1;2;0;0
27/04/2020;01:43:00;3;Acidente sem Vítimas;11,4;BR-040/GO;Sul;Choque c/ Objeto Fixo;2;0;0;0;0;0;0;0;0;0;4;0;0;0;0
27/04/2020;05:28:00;47;Acidente sem Vítimas;644,1;BR-040/MG;Norte;Atropelamento de Animal;1;0;0;0;0;0;0;0;0;0;0;0;0;0;0
27/04/2020;06:38:00;58;Acidente sem Vítimas;3,5;BR-040/GO;Sul;Colisão lateral;0;0;0;1;0;1;0;0;0;0;2;0;0;0;0
27/04/2020;07:08:00;67;Acidente sem Vítimas;541,9;BR-040/MG;Sul;Engavetamento;2;0;0;0;0;2;0;0;0;0;4;0;0;0;0
27/04/2020;08:04:00;84;Acidente sem Vítimas;524,11;BR-040/MG;Sul;Engavetamento;2;0;0;0;0;1;0;0;0;0;3;0;0;0;0
27/04/2020;13:00:00;178;Acidente com Vítimas;41,9;BR-040/MG;Norte;Colisão transversal;1;0;0;1;0;0;0;0;0;0;1;1;0;0;0
27/04/2020;15:13:00;209;Acidente com Vítimas;0,8;BR-040/DF;Sul;Colisão lateral;1;0;0;1;0;0;0;0;0;0;1;1;0;0;0
27/04/2020;16:54:00;234;Acidente sem Vítimas;517,7;BR-040/MG;Sul;Colisão lateral;1;0;0;1;0;0;0;0;0;0;2;0;0;0;0
27/04/2020;21:27:00;275;Acidente com Vítimas;549,1;BR-040/MG;Sul;Colisão traseira;0;0;1;0;1;1;0;0;0;0;2;0;1;0;0
28/04/2020;06:56:00;106;Acidente sem Vítimas;541,5;BR-040/MG;Sul;Engavetamento;1;0;0;0;0;2;0;0;0;0;1;0;0;0;0
28/04/2020;10:37:00;155;Acidente sem Vítimas;521,4;BR-040/MG;Sul;Choque c/ Objeto Fixo;1;0;0;0;0;0;0;0;0;0;0;0;0;0;0
28/04/2020;11:36:00;165;Acidente com Vítimas;31,6;BR-040/GO;Norte;Colisão lateral;2;0;0;0;0;1;0;0;0;0;2;2;1;0;0
28/04/2020;17:07:00;223;Acidente com Vítimas;668,89;BR-040/MG;Norte;Capotamento;2;0;0;0;0;0;0;0;0;0;1;0;0;0;0
28/04/2020;19:17:00;255;Acidente sem Vítimas;1,9;BR-040/GO;Sul;Colisão traseira;2;0;0;0;0;0;0;0;0;0;2;0;0;0;0
29/04/2020;00:14:00;2;Acidente sem Vítimas;656,2;BR-040/MG;Norte;Choque c/ Objeto Fixo;1;0;0;0;0;0;0;0;0;0;1;0;0;0;0
29/04/2020;12:03:00;178;Acidente com Vítimas;568,1;BR-040/MG;Norte;Colisão traseira;1;0;0;0;1;0;0;0;0;0;1;0;0;1;0
29/04/2020;13:14:00;188;Acidente com Vítimas;11,256;BR-040/GO;Sul;Colisão transversal;1;0;0;1;0;1;0;0;0;0;0;0;1;0;0
29/04/2020;16:30:00;226;Acidente sem Vítimas;550,1;BR-040/MG;Sul;Colisão transversal;1;0;0;0;0;1;0;0;0;0;0;0;0;0;0
29/04/2020;16:52:00;231;Acidente sem Vítimas;5,1;BR-040/DF;Sul;Colisão traseira;0;0;2;0;0;0;0;0;0;0;4;0;0;0;0
29/04/2020;17:39:00;247;Acidente com Vítimas;7,6;BR-040/GO;Sul;Colisão lateral;0;0;0;1;0;1;0;0;0;0;0;0;0;1;0
29/04/2020;17:50:00;249;Acidente com Vítimas;528,9;BR-040/MG;Norte;Atropelamento de Pedestre;0;0;0;1;0;0;0;0;0;0;1;1;0;0;0
29/04/2020;21:55:00;294;Acidente sem Vítimas;183,8;BR-040/MG;Sul;Colisão lateral;1;0;0;0;1;1;0;0;0;0;0;0;0;0;0
01/02/2020;06:30:00;69;Acidente com Vítimas;309,15;BR-040/MG;Sul;Outros;2;0;0;0;0;0;0;0;0;0;1;1;0;0;0
01/02/2020;06:31:00;70;Acidente com Vítimas;523,9;BR-040/MG;Sul;Engavetamento;4;0;0;0;0;1;0;0;0;0;3;1;2;0;0
01/02/2020;06:53:00;78;Acidente sem Vítimas;554,3;BR-040/MG;Sul;Choque com objeto;1;0;0;0;0;1;0;0;0;0;1;0;0;0;0
01/02/2020;07:43:00;87;Acidente sem Vítimas;523,85;BR-040/MG;Sul;Outros;1;0;0;1;0;0;0;0;0;0;0;0;0;0;0
01/02/2020;10:49:00;129;Acidente sem Vítimas;607,2;BR-040/MG;Sul;Outros;1;0;0;0;0;1;0;0;0;0;0;0;0;0;0
01/02/2020;11:38:00;133;Acidente sem Vítimas;604,1;BR-040/MG;Sul;Colisão traseira;1;0;0;1;0;0;0;0;0;0;1;0;0;0;0
01/02/2020;11:57:00;138;Acidente com Vítimas;97,8;BR-040/GO;Sul;Colisão frontal;2;0;0;0;0;0;0;0;0;0;2;0;1;0;0
01/02/2020;12:37:00;144;Acidente com Vítimas;1,95;BR-040/GO;Sul;Atropelamento de Pedestre;1;0;0;1;0;0;0;0;0;0;2;0;0;0;0
01/02/2020;13:22:00;162;Acidente sem Vítimas;549,5;BR-040/MG;Norte;Colisão traseira;1;0;0;2;0;1;0;0;0;0;0;0;0;0;0
01/02/2020;14:09:00;174;Acidente com Vítimas;530,5;BR-040/MG;Norte;Atropelamento de Pedestre;1;0;0;0;0;0;0;0;0;0;0;0;1;0;0
01/02/2020;17:48:00;216;Acidente sem Vítimas;42,8;BR-040/MG;Norte;Colisão transversal;1;0;0;0;1;0;0;0;0;0;2;0;0;0;0
01/02/2020;19:55:00;246;Acidente com Vítimas;411,1;BR-040/MG;Sul;Colisão traseira;1;0;0;0;0;1;0;0;0;0;1;1;0;0;0
01/02/2020;20:19:00;257;Acidente com Vítimas;604,1;BR-040/MG;Sul;Colisão transversal;2;0;0;0;0;0;0;0;0;0;3;1;0;0;0
01/02/2020;22:41:00;277;Acidente sem Vítimas;544,4;BR-040/MG;Norte;Colisão frontal;1;0;0;0;0;1;0;0;0;0;4;0;0;0;0
01/02/2020;23:05:00;289;Acidente sem Vítimas;7;BR-040/GO;Norte;Capotamento;2;0;0;0;0;0;0;0;0;0;4;0;0;0;0
02/02/2020;13:16:00;83;Acidente sem Vítimas;703,9;BR-040/MG;Sul;Choque c/ Objeto Fixo;1;0;0;0;0;0;0;0;0;0;0;0;0;0;0
02/02/2020;15:24:00;112;Acidente sem Vítimas;645,15;BR-040/MG;Sul;Capotamento;1;0;0;0;0;0;0;0;0;0;1;0;0;0;0
02/02/2020;15:29:00;114;Acidente Fatal;638,15;BR-040/MG;Sul;Colisão frontal;2;0;1;0;0;1;0;0;0;0;2;0;1;1;2
02/02/2020;18:44:00;150;Acidente sem Vítimas;727,4;BR-040/MG;Sul;Choque c/ Objeto Fixo;1;0;0;0;0;0;0;0;0;0;2;0;0;0;0
02/02/2020;19:26:00;164;Acidente Fatal;565,2;BR-040/MG;Norte;Colisão frontal;1;0;1;0;0;1;0;0;0;0;2;0;0;0;1
02/02/2020;19:40:00;171;Acidente sem Vítimas;621,4;BR-040/MG;Norte;Colisão transversal;2;0;0;0;0;1;0;0;0;0;2;0;0;0;0
02/02/2020;19:53:00;173;Acidente com Vítimas;671,8;BR-040/MG;Norte;Queda Veículo;0;0;0;1;0;0;0;0;0;0;0;0;1;0;0
02/02/2020;21:30:00;190;Acidente sem Vítimas;668,5;BR-040/MG;Sul;Outros;1;0;0;0;0;0;0;0;0;0;0;0;0;0;0
02/02/2020;22:30:00;199;Acidente sem Vítimas;514,5;BR-040/MG;Norte;Colisão lateral;1;0;0;1;0;0;0;0;0;0;3;0;0;0;0
02/02/2020;22:46:00;203;Acidente sem Vítimas;467,1;BR-040/MG;Sul;Atropelamento de Animal;1;0;0;0;0;0;0;0;0;0;1;0;0;0;0
02/02/2020;23:03:00;204;Acidente sem Vítimas;527,5;BR-040/MG;Norte;Choque com objeto;1;0;0;0;0;0;0;0;0;0;1;0;0;0;0
02/02/2020;23:59:00;210;Acidente com Vítimas;517,1;BR-040/MG;Sul;Capotamento;1;0;0;0;0;0;0;0;0;0;1;1;0;0;0
03/02/2020;05:16:00;79;Acidente com Vítimas;358,1;BR-040/MG;Norte;Colisão lateral;0;0;1;1;0;0;0;0;0;0;1;1;0;0;0
03/02/2020;07:28:00;100;Acidente sem Vítimas;464,4;BR-040/MG;Norte;Capotamento;0;0;0;0;0;0;0;0;0;1;1;0;0;0;0
03/02/2020;08:06:00;112;Acidente com Vítimas;529,4;BR-040/MG;Sul;Colisão traseira;1;0;0;1;0;1;0;0;0;0;2;0;1;0;0
03/02/2020;08:15:00;114;Acidente sem Vítimas;487,3;BR-040/MG;Sul;Colisão traseira;0;1;0;0;1;0;0;0;0;0;2;0;0;0;0
03/02/2020;09:27:00;134;Acidente sem Vítimas;463,25;BR-040/MG;Norte;Colisão traseira;1;0;0;0;0;1;0;0;0;0;1;0;0;0;0
03/02/2020;09:36:00;138;Acidente com Vítimas;57,9;BR-040/GO;Sul;Colisão lateral;1;0;1;0;0;1;0;0;0;0;0;5;0;0;0
03/02/2020;10:25:00;145;Acidente sem Vítimas;533,5;BR-040/MG;Sul;Colisão lateral;1;0;0;0;1;0;0;0;0;0;2;0;0;0;0
03/02/2020;10:38:00;150;Acidente sem Vítimas;92,8;BR-040/GO;Sul;Colisão lateral;2;0;0;0;0;0;0;0;0;0;8;1;0;0;0
03/02/2020;11:40:00;165;Acidente sem Vítimas;629,5;BR-040/MG;Norte;Choque c/ Objeto Fixo;1;0;0;0;0;0;0;0;0;0;1;0;0;0;0
03/02/2020;12:49:00;180;Acidente sem Vítimas;8,25;BR-040/DF;Norte;Colisão traseira;1;0;0;0;0;1;0;0;0;0;2;0;0;0;0
03/02/2020;14:41:00;203;Acidente sem Vítimas;618,1;BR-040/MG;Norte;Colisão traseira;2;0;0;0;0;1;0;0;0;0;0;0;0;0;0
03/02/2020;15:03:00;208;Acidente com Vítimas;751,7;BR-040/MG;Sul;Tombamento;0;0;0;0;0;1;0;0;0;0;0;1;0;0;0
03/02/2020;16:22:00;235;Acidente com Vítimas;1,8;BR-040/GO;Sul;Atropelamento de Pedestre;0;0;0;0;0;1;0;0;0;0;0;0;1;0;0
03/02/2020;16:23:00;236;Acidente sem Vítimas;565,4;BR-040/MG;Norte;Capotamento;1;0;0;0;1;0;0;0;0;0;4;0;0;0;0
03/02/2020;17:17:00;257;Acidente com Vítimas;13,25;BR-040/GO;Norte;Tombamento de Moto;1;0;0;1;0;0;0;0;0;0;2;0;1;0;0
03/02/2020;20:58:00;310;Acidente com Vítimas;23,5;BR-040/GO;Sul;Tombamento de Moto;0;0;0;1;0;0;0;0;0;0;0;1;0;0;0
04/02/2020;04:22:00;80;Acidente sem Vítimas;73,15;BR-040/GO;Sul;Colisão traseira;1;0;0;0;0;2;0;0;0;0;0;0;0;0;0
04/02/2020;06:21:00;99;Acidente sem Vítimas;541,25;BR-040/MG;Sul;Colisão traseira;0;0;0;2;0;1;0;0;0;0;0;0;0;0;0
04/02/2020;07:35:00;122;Acidente com Vítimas;15,8;BR-040/GO;Sul;Colisão traseira;1;0;0;1;0;1;0;0;0;0;1;0;0;0;0
04/02/2020;11:55:00;187;Acidente com Vítimas;1,1;BR-040/GO;Sul;Tombamento de Moto;0;0;0;1;0;0;0;0;0;0;0;0;0;0;0
04/02/2020;17:16:00;250;Acidente com Vítimas;543,8;BR-040/MG;Norte;Queda Veículo;2;0;0;1;0;0;0;0;0;0;2;0;1;0;0
04/02/2020;18:28:00;264;Acidente com Vítimas;5,8;BR-040/DF;Sul;Colisão transversal;1;0;0;1;0;0;0;0;0;0;5;0;0;0;0
04/02/2020;18:30:00;265;Acidente sem Vítimas;706,5;BR-040/MG;Sul;Colisão traseira;1;0;0;0;0;0;0;0;0;0;0;0;0;0;0
04/02/2020;19:05:00;281;Acidente sem Vítimas;653,2;BR-040/MG;Sul;Outros;0;0;0;0;0;0;0;0;0;0;0;0;0;0;0
04/02/2020;19:07:00;282;Acidente com Vítimas;7,5;BR-040/DF;Sul;Tombamento de Moto;0;0;0;1;0;0;0;0;0;0;1;0;2;0;0
05/02/2020;06:48:00;108;Acidente com Vítimas;275,1;BR-040/MG;Sul;Colisão traseira;1;0;0;1;0;0;0;0;0;0;1;1;0;0;0
05/02/2020;07:26:00;121;Acidente com Vítimas;514;BR-040/MG;Sul;Tombamento;0;0;0;0;0;3;0;0;0;0;0;1;0;0;0
05/02/2020;08:22:00;135;Acidente sem Vítimas;582,5;BR-040/MG;Norte;Capotamento;1;0;0;0;0;1;0;0;0;0;1;0;0;0;0
05/02/2020;08:49:00;144;Acidente com Vítimas;3,4;BR-040/GO;Sul;Colisão traseira;2;0;0;0;0;0;0;0;0;0;1;1;0;0;0
05/02/2020;10:44:00;166;Acidente com Vítimas;464,105;BR-040/MG;Sul;Outros;0;0;0;0;0;2;0;0;0;0;0;0;1;0;0
05/02/2020;11:05:00;169;Acidente com Vítimas;444,5;BR-040/MG;Sul;Capotamento;0;0;0;0;0;2;0;0;0;0;0;1;0;0;0
05/02/2020;11:12:00;170;Acidente sem Vítimas;605,2;BR-040/MG;Sul;Colisão traseira;0;0;0;2;0;0;0;0;0;0;2;0;0;0;0