data;horario;n_da_ocorrencia;tipo_de_ocorrencia;km;trecho;sentido;tipo_de_acidente;automovel;bicicleta;caminhao;moto;onibus;outros;tracao_animal;transporte_de_cargas_especiais;trator_maquinas;utilitarios;ilesos;levemente_feridos;moderadamente_feridos;gravemente_feridos;mortos
05/02/2020;12:33:00;192;Acidente sem Vítimas;459,1;BR-040/MG;Sul;Outros;0;0;0;0;0;1;0;0;0;0;0;0;0;0;0
05/02/2020;14:56:00;221;Acidente com Vítimas;5,1;BR-040/MG;Sul;Capotamento;1;0;0;0;0;1;0;0;0;0;0;1;0;0;0
05/02/2020;15:33:00;227;Acidente com Vítimas;13,1;BR-040/MG;Norte;Choque c/ Objeto Fixo;1;0;0;0;0;0;0;0;0;0;0;2;0;0;0
05/02/2020;16:25:00;239;Acidente com Vítimas;503,8;BR-040/MG;Norte;Colisão lateral;0;0;0;2;0;0;0;0;0;0;1;1;0;0;0
05/02/2020;16:32:00;240;Acidente sem Vítimas;6,1;BR-040/GO;Sul;Choque c/ Objeto Fixo;1;0;0;0;0;1;0;0;0;0;2;0;0;0;0
05/02/2020;18:20:00;261;Acidente sem Vítimas;544,4;BR-040/MG;Norte;Colisão traseira;0;0;0;0;0;3;0;0;0;0;1;0;0;0;0
05/02/2020;18:47:00;267;Acidente com Vítimas;276,1;BR-040/MG;Norte;Colisão transversal;1;0;0;1;0;0;0;0;0;0;0;0;0;0;0
05/02/2020;19:22:00;281;Acidente sem Vítimas;542,2;BR-040/MG;Norte;Colisão lateral;1;0;0;0;1;0;0;0;0;0;2;0;0;0;0
05/02/2020;23:12:00;325;Acidente com Vítimas;562,5;BR-040/MG;Sul;Choque c/ Objeto Fixo;0;0;1;0;0;0;0;0;0;0;0;0;1;0;0
06/02/2020;05:21:00;110;Acidente sem Vítimas;3,4;BR-040/GO;Norte;Tombamento de Moto;1;0;0;1;0;0;0;0;0;0;0;1;0;0;0
06/02/2020;05:45:00;113;Acidente sem Vítimas;2,8;BR-040/DF;Norte;Colisão traseira;0;0;0;1;0;1;0;0;0;0;0;1;0;0;0
06/02/2020;07:55:00;141;Acidente sem Vítimas;2,7;BR-040/GO;Norte;Outros;0;1;0;0;1;0;0;0;0;0;0;0;0;0;0
06/02/2020;07:58:00;144;Acidente sem Vítimas;462,45;BR-040/MG;Norte;Choque c/ Objeto Fixo;1;0;0;0;0;0;0;0;0;0;1;0;0;0;0
06/02/2020;12:02:00;190;Acidente sem Vítimas;109,5;BR-040/MG;Norte;Choque c/ Objeto Fixo;1;0;0;0;0;0;0;0;0;0;1;0;0;0;0
06/02/2020;12:25:00;194;Acidente com Vítimas;727,15;BR-040/MG;Norte;Tombamento;0;0;0;0;1;0;0;0;0;0;1;0;0;0;0
06/02/2020;13:25:00;207;Acidente sem Vítimas;41,5;BR-040/GO;Sul;Tombamento;1;0;0;0;0;1;0;0;0;0;0;0;0;0;0
06/02/2020;13:32:00;208;Acidente sem Vítimas;590,15;BR-040/MG;Norte;Choque com objeto;1;0;0;0;0;0;0;0;0;0;0;0;0;0;0
06/02/2020;13:41:00;210;Acidente sem Vítimas;665,15;BR-040/MG;Norte;Colisão traseira;1;0;0;0;0;1;0;0;0;0;0;0;0;0;0
06/02/2020;13:57:00;211;Acidente com Vítimas;456,365;BR-040/MG;Norte;Choque c/ Objeto Fixo;0;0;0;1;0;1;0;0;0;0;0;0;0;0;0
06/02/2020;15:52:00;237;Acidente com Vítimas;491,15;BR-040/MG;Sul;Colisão traseira;2;0;0;0;0;0;0;0;0;0;4;1;0;0;0
06/02/2020;16:57:00;254;Acidente sem Vítimas;460,6;BR-040/MG;Sul;Choque c/ Objeto Fixo;2;0;0;0;0;0;0;0;0;0;1;0;0;0;0
06/02/2020;17:09:00;256;Acidente sem Vítimas;731,15;BR-040/MG;Norte;Choque c/ Objeto Fixo;1;0;0;0;0;0;0;0;0;0;0;0;0;0;0
06/02/2020;19:28:00;280;Acidente sem Vítimas;545,2;BR-040/MG;Norte;Colisão traseira;2;0;0;0;0;0;0;0;0;0;2;0;0;0;0
06/02/2020;19:29:00;282;Acidente com Vítimas;536,2;BR-040/MG;Sul;Tombamento de Moto;0;0;0;1;0;0;0;0;0;0;0;1;0;0;0
06/02/2020;19:36:00;285;Acidente com Vítimas;508,2;BR-040/MG;Sul;Colisão lateral;1;0;0;0;0;2;0;0;0;0;1;0;0;0;0
06/02/2020;20:55:00;309;Acidente com Vítimas;599,1;BR-040/MG;Sul;Colisão traseira;0;0;0;1;1;0;0;0;0;0;2;0;1;0;0
06/02/2020;21:09:00;314;Acidente Fatal;756,1;BR-040/MG;Sul;Colisão frontal;0;0;0;2;1;0;0;0;0;0;1;0;0;0;1
06/02/2020;22:54:00;331;Acidente sem Vítimas;449,8;BR-040/MG;Sul;Choque com objeto;1;0;0;0;0;0;0;0;0;0;0;0;0;0;0
06/02/2020;23:49:00;341;Acidente com Vítimas;600,1;BR-040/MG;Sul;Colisão transversal;0;0;1;0;2;2;0;0;0;0;44;2;2;0;0
06/02/2020;23:50:00;340;Acidente sem Vítimas;109,7;BR-040/MG;Sul;Colisão traseira;1;0;0;0;0;1;0;0;0;0;4;0;0;0;0
07/02/2020;00:26:00;1;Acidente sem Vítimas;538,256;BR-040/MG;Norte;Choque c/ Objeto Fixo;1;0;0;1;0;0;0;0;0;0;1;0;0;0;0
07/02/2020;03:35:00;77;Acidente sem Vítimas;603,1;BR-040/MG;Norte;Atropelamento de Animal;0;0;0;0;0;1;0;0;0;0;1;0;0;0;0
07/02/2020;08:04:00;145;Acidente com Vítimas;511,325;BR-040/MG;Norte;Colisão lateral;1;0;0;1;0;0;0;0;0;0;1;1;0;0;0
07/02/2020;09:00:00;156;Acidente sem Vítimas;718,8;BR-040/MG;Sul;Tombamento;0;0;0;1;0;1;0;0;0;0;1;0;0;0;0
07/02/2020;10:01:00;167;Acidente sem Vítimas;51,5;BR-040/MG;Norte;Choque c/ Objeto Fixo;1;0;0;0;0;1;0;0;0;0;0;0;0;0;0
07/02/2020;10:21:00;176;Acidente com Vítimas;221,7;BR-040/MG;Sul;Choque c/ Objeto Fixo;1;0;0;0;0;0;0;0;0;0;0;0;0;0;0
07/02/2020;11:21:00;193;Acidente com Vítimas;94,663;BR-040/GO;Norte;Colisão traseira;1;0;0;1;0;0;0;0;0;0;2;0;1;0;0
07/02/2020;14:05:00;233;Acidente Fatal;544,9;BR-040/MG;Norte;Choque c/ Objeto Fixo;0;0;0;1;0;0;0;0;0;0;0;0;0;0;1
07/02/2020;14:18:00;237;Acidente com Vítimas;534,4;BR-040/MG;Sul;Colisão lateral;0;0;0;2;0;0;0;0;0;0;2;0;0;0;0
07/02/2020;14:27:00;239;Acidente sem Vítimas;246,36;BR-040/MG;Sul;Outros;1;0;0;0;0;0;0;0;0;0;0;0;0;0;0
07/02/2020;15:49:00;261;Acidente sem Vítimas;617,5;BR-040/MG;Norte;Colisão traseira;0;0;0;0;0;2;0;0;0;0;0;0;0;0;0
07/02/2020;16:52:00;279;Acidente sem Vítimas;418,4;BR-040/MG;Sul;Colisão traseira;1;0;0;0;0;1;0;0;0;0;2;0;0;0;0
07/02/2020;18:23:00;299;Acidente sem Vítimas;717,15;BR-040/MG;Norte;Choque c/ Objeto Fixo;1;0;0;0;0;1;0;0;0;0;3;0;0;0;0
07/02/2020;21:54:00;341;Acidente sem Vítimas;475,1;BR-040/MG;Norte;Colisão traseira;0;1;1;0;0;1;0;0;0;0;2;0;0;0;0
08/02/2020;04:21:00;35;Acidente com Vítimas;3,1;BR-040/DF;Sul;Choque c/ Objeto Fixo;1;0;0;0;0;0;0;0;0;0;1;0;1;0;0
08/02/2020;04:45:00;43;Acidente sem Vítimas;314,8;BR-040/MG;Sul;Choque c/ Objeto Fixo;0;0;0;1;0;0;0;0;0;0;1;0;0;0;0
08/02/2020;05:56:00;47;Acidente sem Vítimas;481,15;BR-040/MG;Norte;Outros;1;0;0;0;0;1;0;0;0;0;1;0;0;0;0
08/02/2020;07:02:00;57;Acidente sem Vítimas;578,2;BR-040/MG;Norte;Capotamento;1;0;0;0;0;0;0;0;0;0;1;0;0;0;0
08/02/2020;11:26:00;121;Acidente com Vítimas;98,1;BR-040/GO;Norte;Queda de Ribanceira;1;0;0;0;0;0;0;0;0;0;0;1;0;0;0
08/02/2020;12:35:00;135;Acidente sem Vítimas;52,5;BR-040/MG;Norte;Tombamento;1;0;0;0;0;1;0;0;0;0;1;0;0;0;0
08/02/2020;16:58:00;177;Acidente sem Vítimas;465,1;BR-040/MG;Sul;Tombamento de Moto;0;0;0;1;0;0;0;0;0;0;1;0;0;0;0
08/02/2020;17:00:00;179;Acidente sem Vítimas;656,5;BR-040/MG;Norte;Tombamento de Moto;0;0;0;1;0;1;0;0;0;0;1;0;0;0;0
08/02/2020;17:12:00;182;Acidente sem Vítimas;455,15;BR-040/MG;Norte;Colisão traseira;1;0;0;0;0;1;0;0;0;0;4;0;0;0;0
08/02/2020;18:52:00;198;Acidente sem Vítimas;551,95;BR-040/MG;Norte;Capotamento;1;0;0;0;0;0;0;0;0;0;1;0;0;0;0
08/02/2020;18:59:00;200;Acidente sem Vítimas;3,5;BR-040/DF;Norte;Tombamento de Moto;0;0;0;1;0;0;0;0;0;0;1;0;0;0;0
08/02/2020;19:24:00;204;Acidente com Vítimas;636,8;BR-040/MG;Norte;Colisão transversal;2;0;0;0;0;1;0;0;0;0;0;1;2;0;0
08/02/2020;21:56:00;256;Acidente sem Vítimas;272,5;BR-040/MG;Sul;Tombamento de Moto;0;0;0;1;0;0;0;0;0;0;1;0;0;0;0
08/02/2020;22:24:00;264;Acidente com Vítimas;421,1;BR-040/MG;Norte;Choque c/ Objeto Fixo;1;0;0;0;0;0;0;0;0;0;1;0;0;0;0
08/02/2020;23:23:00;282;Acidente sem Vítimas;504,4;BR-040/MG;Sul;Atropelamento de Animal;1;0;0;0;0;0;0;0;0;0;3;0;0;0;0
09/02/2020;00:00:00;1;Acidente sem Vítimas;501,1;BR-040/MG;Norte;Atropelamento de Animal;1;0;0;0;0;0;0;0;0;0;0;0;0;0;0
09/02/2020;01:41:00;10;Acidente sem Vítimas;614,2;BR-040/MG;Sul;Capotamento;1;0;0;1;0;0;0;0;0;0;1;0;0;0;0
09/02/2020;02:34:00;15;Acidente sem Vítimas;137,4;BR-040/MG;Norte;Atropelamento de Animal;1;0;0;0;0;0;0;0;0;0;2;0;0;0;0
09/02/2020;03:37:00;18;Acidente com Vítimas;510,1;BR-040/MG;Norte;Capotamento;1;0;0;0;0;0;0;0;0;0;0;3;1;0;0
09/02/2020;04:09:00;21;Acidente com Vítimas;569,2;BR-040/MG;Sul;Atropelamento de Andarilho;1;0;0;0;0;0;0;0;0;0;1;0;1;0;0
09/02/2020;07:26:00;35;Acidente com Vítimas;532,1;BR-040/MG;Sul;Tombamento de Moto;0;0;0;1;0;0;0;0;0;0;0;1;0;0;0
09/02/2020;11:07:00;61;Acidente sem Vítimas;749,1;BR-040/MG;Norte;Choque c/ Objeto Fixo;0;0;1;0;0;0;0;0;0;0;1;0;0;0;0
09/02/2020;14:33:00;96;Acidente sem Vítimas;447,1;BR-040/MG;Sul;Choque c/ Objeto Fixo;1;0;0;0;0;0;0;0;0;0;1;0;0;0;0
09/02/2020;14:57:00;101;Acidente sem Vítimas;701,3;BR-040/MG;Norte;Choque c/ Objeto Fixo;1;0;0;0;0;0;0;0;0;0;1;0;0;0;0
09/02/2020;14:59:00;102;Acidente com Vítimas;487,45;BR-040/MG;Norte;Colisão traseira;1;0;0;1;0;0;0;0;0;0;1;1;0;0;0
09/02/2020;15:37:00;111;Acidente sem Vítimas;593,1;BR-040/MG;Norte;Choque c/ Objeto Fixo;1;0;0;0;0;0;0;0;0;0;1;0;0;0;0
09/02/2020;16:45:00;130;Acidente Fatal;403,405;BR-040/MG;Norte;Capotamento;1;0;0;0;0;0;0;0;0;0;1;0;0;1;1
09/02/2020;16:56:00;131;Acidente sem Vítimas;501,25;BR-040/MG;Sul;Capotamento;1;0;0;0;0;0;0;0;0;0;1;0;0;0;0
09/02/2020;17:36:00;138;Acidente sem Vítimas;604,15;BR-040/MG;Sul;Colisão traseira;1;0;0;0;2;0;0;0;0;0;6;0;0;0;0
09/02/2020;18:28:00;156;Acidente sem Vítimas;510,5;BR-040/MG;Norte;Colisão traseira;2;0;0;0;0;1;0;0;0;0;2;0;0;0;0
09/02/2020;18:43:00;162;Acidente sem Vítimas;697,2;BR-040/MG;Sul;Tombamento;1;0;0;0;0;0;0;0;0;0;0;0;0;0;0
09/02/2020;19:02:00;166;Acidente sem Vítimas;68,95;BR-040/GO;Sul;Capotamento;1;0;0;0;0;0;0;0;0;0;3;0;0;0;0
09/02/2020;20:51:00;187;Acidente com Vítimas;8,8;BR-040/GO;Norte;Colisão traseira;1;0;0;3;0;0;0;0;0;0;1;0;1;0;0
09/02/2020;21:43:00;201;Acidente sem Vítimas;371,7;BR-040/MG;Sul;Capotamento;1;0;0;0;0;0;0;0;0;0;4;0;0;0;0
09/02/2020;21:55:00;204;Acidente com Vítimas;89,5;BR-040/GO;Sul;Outros;1;0;0;0;0;0;0;0;0;0;0;0;1;0;0
10/02/2020;00:35:00;22;Acidente sem Vítimas;468,8;BR-040/MG;Sul;Atropelamento de Animal;1;0;0;0;0;0;0;0;0;0;3;0;0;0;0
10/02/2020;04:44:00;93;Acidente sem Vítimas;55,1;BR-040/GO;Sul;Capotamento;2;0;0;0;0;0;0;0;0;0;2;0;0;0;0
10/02/2020;07:38:00;124;Acidente com Vítimas;502,2;BR-040/MG;Sul;Capotamento;1;0;0;0;0;1;0;0;0;0;1;0;1;0;0
10/02/2020;08:25:00;143;Acidente sem Vítimas;276,312;BR-040/MG;Norte;Choque c/ Objeto Fixo;1;0;0;0;0;0;0;0;0;0;1;0;0;0;0
10/02/2020;08:35:00;147;Acidente sem Vítimas;285,96;BR-040/MG;Norte;Choque c/ Objeto Fixo;1;0;0;0;0;0;0;0;0;0;0;0;0;0;0
10/02/2020;09:12:00;155;Acidente com Vítimas;534,6;BR-040/MG;Sul;Colisão traseira;2;0;0;1;0;0;0;0;0;0;2;1;0;0;0
10/02/2020;14:44:00;231;Acidente sem Vítimas;747,2;BR-040/MG;Sul;Queda Veículo;0;0;0;1;0;0;0;0;0;0;0;0;0;0;0
10/02/2020;16:01:00;249;Acidente sem Vítimas;716,15;BR-040/MG;Norte;Choque c/ Objeto Fixo;0;0;0;0;0;1;0;0;0;0;1;0;0;0;0
10/02/2020;16:54:00;265;Acidente com Vítimas;5,6;BR-040/DF;Norte;Colisão traseira;0;0;0;0;0;2;0;0;0;0;0;1;0;0;0
10/02/2020;16:55:00;266;Acidente sem Vítimas;717,365;BR-040/MG;Sul;Choque c/ Objeto Fixo;1;0;0;0;0;0;0;0;0;0;1;0;0;0;0
10/02/2020;18:44:00;286;Acidente com Vítimas;190;BR-040/MG;Sul;Choque c/ Objeto Fixo;1;0;0;0;0;0;0;0;0;0;0;0;0;0;0
10/02/2020;19:02:00;289;Acidente sem Vítimas;492,3;BR-040/MG;Sul;Capotamento;1;0;0;0;0;0;0;0;0;0;1;0;0;0;0
10/02/2020;23:19:00;327;Acidente com Vítimas;504,2;BR-040/MG;Norte;Colisão traseira;1;0;0;1;0;1;0;0;0;0;2;0;0;0;0
11/02/2020;01:38:00;48;Acidente sem Vítimas;748,1;BR-040/MG;Sul;Tombamento;0;0;1;0;0;0;0;0;0;0;1;0;0;0;0
11/02/2020;06:48:00;90;Acidente sem Vítimas;534,3;BR-040/MG;Sul;Colisão lateral;1;0;0;0;0;1;0;0;0;0;3;0;0;0;0
11/02/2020;10:16:00;144;Acidente com Vítimas;734,98;BR-040/MG;Norte;Choque c/ Objeto Fixo;1;0;0;0;0;1;0;0;0;0;1;1;0;0;0
11/02/2020;11:09:00;155;Acidente sem Vítimas;433,36;BR-040/MG;Sul;Choque c/ Objeto Fixo;0;0;0;1;0;1;0;0;0;0;1;0;0;0;0
11/02/2020;11:19:00;156;Acidente com Vítimas;14,5;BR-040/GO;Sul;Atropelamento de Pedestre;1;0;0;0;0;0;0;0;0;0;1;0;0;0;0
11/02/2020;13:11:00;184;Acidente sem Vítimas;462,6;BR-040/MG;Norte;Colisão lateral;2;0;0;0;0;0;0;0;0;0;3;0;0;0;0
11/02/2020;13:21:00;187;Acidente sem Vítimas;460,6;BR-040/MG;Sul;Choque c/ Objeto Fixo;1;0;0;0;0;0;0;0;0;0;0;0;0;0;0
11/02/2020;13:35:00;189;Acidente sem Vítimas;469,35;BR-040/MG;Norte;Choque c/ Objeto Fixo;1;0;0;0;0;0;0;0;0;0;2;0;0;0;0
11/02/2020;14:53:00;203;Acidente sem Vítimas;543,6;BR-040/MG;Norte;Choque c/ Objeto Fixo;0;0;0;0;1;1;0;0;0;0;1;0;0;0;0
11/02/2020;20:10:00;279;Acidente sem Vítimas;12,1;BR-040/MG;Sul;Atropelamento de Animal;1;0;0;0;0;0;0;0;0;0;1;0;0;0;0
11/02/2020;20:17:00;280;Acidente sem Vítimas;0,5;BR-040/GO;Sul;Choque c/ Objeto Fixo;1;0;0;0;0;0;0;0;0;0;1;0;0;0;0
11/02/2020;21:42:00;292;Acidente sem Vítimas;15,1;BR-040/MG;Norte;Tombamento;0;0;1;0;0;1;0;0;0;0;2;0;0;0;0
11/02/2020;23:47:00;309;Acidente sem Vítimas;540,1;BR-040/MG;Sul;Capotamento;1;0;0;0;0;0;0;0;0;0;1;0;0;0;0
12/02/2020;07:12:00;110;Acidente com Vítimas;257,5;BR-040/MG;Norte;Capotamento;1;0;0;0;0;1;0;0;0;0;0;3;0;0;0
12/02/2020;07:25:00;113;Acidente sem Vítimas;514,52;BR-040/MG;Sul;Outros;1;0;0;0;0;1;0;0;0;0;1;0;0;0;0
12/02/2020;08:22:00;125;Acidente sem Vítimas;544,1;BR-040/MG;Norte;Colisão lateral;0;0;0;1;0;0;0;0;0;0;0;0;0;0;0
12/02/2020;08:34:00;131;Acidente com Vítimas;443,7;BR-040/MG;Sul;Tombamento;0;0;1;0;0;1;0;0;0;0;0;1;0;0;0
12/02/2020;11:06:00;171;Acidente sem Vítimas;3,3;BR-040/DF;Norte;Engavetamento;4;0;0;0;0;0;0;0;0;0;4;0;0;0;0
12/02/2020;12:19:00;183;Acidente sem Vítimas;733,15;BR-040/MG;Norte;Choque c/ Objeto Fixo;0;0;2;0;0;0;0;0;0;0;1;0;0;0;0
12/02/2020;14:03:00;203;Acidente com Vítimas;96,3;BR-040/MG;Sul;Choque c/ Objeto Fixo;1;0;0;0;0;0;0;0;0;0;0;2;0;0;0
12/02/2020;14:53:00;213;Acidente sem Vítimas;532,5;BR-040/MG;Sul;Colisão lateral;1;0;1;0;0;0;0;0;0;0;0;0;0;0;0
12/02/2020;14:58:00;217;Acidente sem Vítimas;528,5;BR-040/MG;Sul;Colisão transversal;1;0;0;0;0;0;0;0;0;0;0;0;0;0;0
12/02/2020;16:35:00;241;Acidente sem Vítimas;632,15;BR-040/MG;Sul;Capotamento;2;0;0;0;0;1;0;0;0;0;0;0;1;0;0
12/02/2020;18:46:00;269;Acidente sem Vítimas;544,4;BR-040/MG;Norte;Colisão lateral;1;0;0;0;1;0;0;0;0;0;2;0;0;0;0
12/02/2020;19:19:00;288;Acidente sem Vítimas;2,9;BR-040/DF;Sul;Tombamento de Moto;0;0;0;1;0;0;0;0;0;0;2;0;0;0;0
12/02/2020;19:25:00;287;Acidente Fatal;497,7;BR-040/MG;Sul;Atropelamento de Pedestre;0;0;0;0;0;2;0;0;0;0;3;0;0;0;1
12/02/2020;22:32:00;331;Acidente sem Vítimas;771,3;BR-040/MG;Sul;Choque c/ Objeto Fixo;0;1;0;0;1;0;0;0;0;0;1;0;0;0;0
13/02/2020;02:31:00;64;Acidente sem Vítimas;668,5;BR-040/MG;Norte;Choque c/ Objeto Fixo;0;0;1;0;0;0;0;0;0;0;0;1;0;0;0
13/02/2020;04:12:00;71;Acidente sem Vítimas;628,5;BR-040/MG;Norte;Choque c/ Objeto Fixo;0;0;0;0;1;0;0;0;0;0;0;0;0;0;0
13/02/2020;06:00:00;118;Acidente sem Vítimas;282,8;BR-040/MG;Norte;Colisão lateral;0;0;1;0;0;2;0;0;0;0;6;0;0;0;0
13/02/2020;06:31:00;131;Acidente sem Vítimas;728,8;BR-040/MG;Sul;Choque c/ Objeto Fixo;0;0;0;0;0;0;0;0;0;1;0;0;0;0;0
13/02/2020;06:45:00;136;Acidente sem Vítimas;126,1;BR-040/MG;Norte;Colisão traseira;1;0;1;0;0;0;0;0;0;0;2;0;0;0;0
13/02/2020;08:32:00;173;Acidente com Vítimas;3,1;BR-040/DF;Norte;Colisão traseira;1;0;0;1;0;0;0;0;0;0;2;0;0;0;0
13/02/2020;13:56:00;278;Acidente com Vítimas;5,1;BR-040/GO;Norte;Outros;1;0;0;0;0;1;0;0;0;0;2;0;0;0;0
13/02/2020;14:31:00;285;Acidente sem Vítimas;643,1;BR-040/MG;Norte;Choque c/ Objeto Fixo;1;0;0;0;0;0;0;0;0;0;0;0;0;0;0
13/02/2020;14:53:00;289;Acidente sem Vítimas;452,92;BR-040/MG;Sul;Choque c/ Objeto Fixo;0;0;0;1;0;1;0;0;0;0;1;0;0;0;0
13/02/2020;17:52:00;337;Acidente sem Vítimas;587,2;BR-040/MG;Norte;Choque c/ Objeto Fixo;0;0;0;1;0;0;0;0;0;0;0;0;0;0;0
13/02/2020;18:28:00;343;Acidente com Vítimas;247,3;BR-040/MG;Sul;Outros;0;0;0;0;0;1;0;0;0;0;0;1;0;0;0
13/02/2020;18:41:00;348;Acidente sem Vítimas;697,5;BR-040/MG;Norte;Colisão transversal;1;0;0;0;0;1;0;0;0;0;1;0;0;0;0
13/02/2020;18:46:00;349;Acidente com Vítimas;513,3;BR-040/MG;Norte;Colisão lateral;1;0;0;0;1;1;0;0;0;0;2;0;1;0;0
13/02/2020;19:39:00;366;Acidente com Vítimas;517,7;BR-040/MG;Norte;Tombamento de Moto;0;0;0;0;0;1;0;0;0;0;1;1;0;0;0
13/02/2020;20:39:00;389;Acidente sem Vítimas;506,8;BR-040/MG;Norte;Choque c/ Objeto Fixo;1;0;0;0;0;0;0;0;0;0;1;0;0;0;0
13/02/2020;23:09:00;418;Acidente sem Vítimas;515,5;BR-040/MG;Norte;Atropelamento de Animal;1;0;0;0;0;0;0;0;0;0;2;0;0;0;0
13/02/2020;23:24:00;420;Acidente sem Vítimas;515,5;BR-040/MG;Norte;Atropelamento de Animal;0;0;0;0;0;1;0;0;0;0;1;0;0;0;0
14/02/2020;00:36:00;26;Acidente com Vítimas;92,5;BR-040/MG;Sul;Colisão frontal;0;0;0;0;1;2;0;0;0;0;0;0;0;1;0
14/02/2020;03:43:00;113;Acidente sem Vítimas;586,9;BR-040/MG;Sul;Choque c/ Objeto Fixo;0;0;0;0;1;0;0;0;0;0;0;0;0;0;0
14/02/2020;07:58:00;171;Acidente sem Vítimas;534,8;BR-040/MG;Norte;Colisão lateral;1;0;0;1;0;1;0;0;0;0;0;0;0;0;0
14/02/2020;09:01:00;190;Acidente sem Vítimas;538,55;BR-040/MG;Norte;Queda Veículo;0;0;0;1;0;0;0;0;0;0;1;0;0;0;0
14/02/2020;11:56:00;228;Acidente com Vítimas;632,2;BR-040/MG;Sul;Colisão transversal;1;0;0;1;0;0;0;0;0;0;2;0;0;0;0
14/02/2020;12:41:00;244;Acidente sem Vítimas;528,25;BR-040/MG;Norte;Atropelamento de Animal;0;0;0;0;1;2;0;0;0;0;0;0;0;0;0
14/02/2020;13:16:00;248;Acidente sem Vítimas;523,7;BR-040/MG;Norte;Choque c/ Objeto Fixo;1;0;0;0;0;1;0;0;0;0;1;0;0;0;0
14/02/2020;13:39:00;251;Acidente sem Vítimas;6,8;BR-040/GO;Sul;Tombamento;0;0;1;0;0;1;0;0;0;0;0;0;0;0;0
14/02/2020;15:08:00;278;Acidente sem Vítimas;527,5;BR-040/MG;Norte;Atropelamento de Animal;1;0;0;0;0;0;0;0;0;0;1;0;0;0;0
14/02/2020;18:35:00;340;Acidente sem Vítimas;541,2;BR-040/MG;Norte;Colisão traseira;1;0;0;0;0;0;0;0;0;1;2;0;0;0;0
14/02/2020;20:13:00;373;Acidente sem Vítimas;536,5;BR-040/MG;Norte;Colisão traseira;0;0;0;1;0;1;0;0;0;0;1;0;0;0;0
14/02/2020;20:31:00;378;Acidente sem Vítimas;536,4;BR-040/MG;Norte;Colisão traseira;1;0;0;1;0;0;0;0;0;0;3;0;0;0;0
14/02/2020;20:58:00;385;Acidente sem Vítimas;738,4;BR-040/MG;Sul;Colisão lateral;0;0;0;0;1;0;0;0;0;0;1;0;0;0;0
14/02/2020;21:15:00;394;Acidente Fatal;528,5;BR-040/MG;Norte;Choque c/ Objeto Fixo;0;0;0;1;0;0;0;0;0;0;0;0;0;0;1
14/02/2020;22:36:00;406;Acidente sem Vítimas;485,3;BR-040/MG;Norte;Atropelamento de Animal;2;0;0;0;0;0;0;0;0;0;1;0;0;0;0
14/02/2020;23:57:00;415;Acidente com Vítimas;2,3;BR-040/GO;Sul;Tombamento de Moto;0;0;0;1;0;0;0;0;0;0;0;1;0;0;0
15/02/2020;02:29:00;62;Acidente com Vítimas;11,1;BR-040/GO;Sul;Choque c/ Objeto Fixo;1;0;0;0;0;0;0;0;0;0;0;1;0;0;0
15/02/2020;06:08:00;80;Acidente sem Vítimas;472,3;BR-040/MG;Sul;Choque c/ Objeto Fixo;0;0;0;0;1;0;0;0;0;0;1;0;0;0;0
15/02/2020;06:52:00;92;Acidente sem Vítimas;103,1;BR-040/MG;Norte;Tombamento;0;0;1;0;0;0;0;0;0;0;1;0;0;0;0
15/02/2020;09:29:00;135;Acidente sem Vítimas;470,3;BR-040/MG;Norte;Colisão lateral;1;0;0;0;0;2;0;0;0;0;2;0;0;0;0
15/02/2020;10:27:00;147;Acidente sem Vítimas;515,4;BR-040/MG;Norte;Colisão traseira;1;0;0;0;0;0;0;0;0;0;1;0;0;0;0
15/02/2020;13:03:00;204;Acidente sem Vítimas;445,6;BR-040/MG;Norte;Choque c/ Objeto Fixo;1;0;0;0;0;0;0;0;0;0;4;0;0;0;0
15/02/2020;13:05:00;200;Acidente sem Vítimas;12,242;BR-040/GO;Sul;Choque c/ Objeto Fixo;0;0;0;0;2;0;0;0;0;0;1;0;0;0;0
15/02/2020;14:24:00;224;Acidente sem Vítimas;42,5;BR-040/MG;Sul;Colisão lateral;2;0;0;0;0;0;0;0;0;0;2;0;0;0;0
15/02/2020;14:42:00;235;Acidente sem Vítimas;7,4;BR-040/DF;Sul;Choque c/ Objeto Fixo;0;0;1;0;0;1;0;0;0;0;0;0;0;0;0
15/02/2020;15:47:00;250;Acidente com Vítimas;134,8;BR-040/MG;Sul;Outros;1;0;0;0;0;1;0;0;0;0;0;1;0;0;0
15/02/2020;16:33:00;259;Acidente com Vítimas;154,1;BR-040/MG;Norte;Colisão traseira;0;0;0;0;0;1;0;0;0;1;5;1;0;0;0
15/02/2020;17:31:00;276;Acidente sem Vítimas;639,5;BR-040/MG;Sul;Choque c/ Objeto Fixo;1;0;0;0;0;1;0;0;0;0;1;0;0;0;0
15/02/2020;18:47:00;290;Acidente sem Vítimas;637,4;BR-040/MG;Sul;Outros;1;0;0;0;0;0;0;0;0;0;1;0;0;0;0
15/02/2020;19:49:00;309;Acidente sem Vítimas;643,2;BR-040/MG;Sul;Outros;1;0;0;0;0;0;0;0;0;0;2;0;0;0;0
15/02/2020;20:57:00;332;Acidente sem Vítimas;543,6;BR-040/MG;Norte;Tombamento de Moto;0;0;0;1;0;0;0;0;0;0;1;1;0;0;0
16/02/2020;01:25:00;11;Acidente com Vítimas;9;BR-040/GO;Norte;Capotamento;1;0;0;0;0;1;0;0;0;0;1;1;0;0;0
16/02/2020;01:39:00;14;Acidente sem Vítimas;5;BR-040/GO;Sul;Capotamento;2;0;0;0;0;0;0;0;0;0;1;0;0;0;0
16/02/2020;09:19:00;62;Acidente com Vítimas;472,472;BR-040/MG;Norte;Colisão lateral;0;0;0;2;0;0;0;0;0;0;1;1;0;0;0
16/02/2020;11:55:00;102;Acidente sem Vítimas;579,32;BR-040/MG;Sul;Colisão traseira;1;0;1;0;0;1;0;0;0;0;2;0;0;0;0
16/02/2020;13:32:00;114;Acidente sem Vítimas;297,801;BR-040/MG;Norte;Capotamento;1;0;0;0;0;1;0;0;0;0;1;0;0;0;0