data;horario;n_da_ocorrencia;tipo_de_ocorrencia;km;trecho;sentido;tipo_de_acidente;automovel;bicicleta;caminhao;moto;onibus;outros;tracao_animal;transporte_de_cargas_especiais;trator_maquinas;utilitarios;ilesos;levemente_feridos;moderadamente_feridos;gravemente_feridos;mortos
28/02/2020;20:04:00;322;Acidente sem Vítimas;466,5;BR-040/MG;Sul;Capotamento;1;0;0;0;0;0;0;0;0;0;1;0;0;0;0
28/02/2020;20:20:00;324;Acidente sem Vítimas;457,3;BR-040/MG;Norte;Colisão traseira;0;0;0;0;2;0;0;0;0;0;2;0;0;0;0
28/02/2020;20:37:00;329;Acidente com Vítimas;710,9;BR-040/MG;Norte;Choque c/ Objeto Fixo;1;0;0;0;0;0;0;0;0;0;1;1;0;0;0
28/02/2020;22:52:00;355;Acidente com Vítimas;431,9;BR-040/MG;Norte;Colisão traseira;0;0;1;0;1;1;0;0;0;0;0;1;0;0;0
01/07/2020;06:32:00;96;Acidente com Vítimas;523,5;BR-040/MG;Sul;Colisão traseira;2;0;0;0;0;0;0;0;0;0;2;1;0;0;0
01/07/2020;06:59:00;103;Acidente sem Vítimas;549,1;BR-040/MG;Sul;Colisão traseira;2;0;0;0;2;0;0;0;0;0;2;0;0;0;0
01/07/2020;08:07:00;124;Acidente com Vítimas;5,6;BR-040/GO;Norte;Colisão lateral;1;0;0;1;0;1;0;0;0;0;2;1;0;0;0
01/07/2020;10:54:00;174;Acidente com Vítimas;113,5;BR-040/MG;Norte;Tombamento;0;0;0;0;1;1;0;0;0;0;1;1;0;0;0
01/07/2020;11:18:00;179;Acidente sem Vítimas;4,5;BR-040/DF;Sul;Colisão traseira;1;0;1;0;0;0;0;0;0;0;2;0;0;0;0
01/07/2020;12:03:00;190;Acidente com Vítimas;700,3;BR-040/MG;Sul;Tombamento de Moto;0;0;0;1;0;0;0;0;0;0;1;0;1;0;0
01/07/2020;16:30:00;235;Acidente sem Vítimas;99,9;BR-040/MG;Sul;Tombamento de Moto;0;0;0;1;0;0;0;0;0;0;1;0;0;0;0
01/07/2020;18:42:00;255;Acidente com Vítimas;10,4;BR-040/GO;Sul;Choque c/ Objeto Fixo;1;0;0;0;0;1;0;0;0;0;0;0;1;0;0
01/07/2020;18:51:00;257;Acidente com Vítimas;536,6;BR-040/MG;Norte;Tombamento;1;0;0;1;0;0;0;0;0;0;1;0;1;0;0
01/07/2020;19:28:00;262;Acidente Fatal;614,83;BR-040/MG;Sul;Atropelamento de Andarilho;1;0;0;0;0;1;0;0;0;0;1;0;0;0;1
02/07/2020;06:32:00;98;Acidente com Vítimas;8,9;BR-040/GO;Norte;Colisão traseira;0;0;0;2;0;1;0;0;0;0;0;0;0;0;0
02/07/2020;10:12:00;155;Acidente com Vítimas;769,9;BR-040/MG;Norte;Colisão transversal;1;0;1;0;0;1;0;0;0;0;1;0;1;0;0
02/07/2020;10:31:00;160;Acidente com Vítimas;509;BR-040/MG;Norte;Colisão lateral;0;0;0;0;1;1;0;0;0;0;0;1;0;0;0
02/07/2020;14:22:00;199;Acidente sem Vítimas;2,3;BR-040/GO;Sul;Engavetamento;3;0;0;0;0;1;0;0;0;0;4;0;0;0;0
02/07/2020;15:24:00;210;Acidente com Vítimas;97,7;BR-040/GO;Norte;Tombamento de Moto;0;0;0;1;0;0;0;0;0;0;0;0;1;0;0
02/07/2020;18:16:00;235;Acidente sem Vítimas;510,1;BR-040/MG;Sul;Colisão lateral;0;0;0;0;1;0;0;0;0;0;1;0;0;0;0
02/07/2020;18:45:00;242;Acidente com Vítimas;511,7;BR-040/MG;Norte;Colisão lateral;0;0;0;1;1;0;0;0;0;0;1;1;0;0;0
02/07/2020;19:27:00;253;Acidente sem Vítimas;608,5;BR-040/MG;Sul;Colisão traseira;2;0;0;0;0;0;0;0;0;0;2;0;0;0;0
02/07/2020;21:25:00;270;Acidente sem Vítimas;474,5;BR-040/MG;Norte;Choque c/ Objeto Fixo;2;0;0;0;0;0;0;0;0;0;2;0;0;0;0
03/07/2020;01:58:00;70;Acidente sem Vítimas;546,1;BR-040/MG;Sul;Choque c/ Objeto Fixo;1;0;0;0;1;1;0;0;0;0;2;0;0;0;0
03/07/2020;06:52:00;115;Acidente sem Vítimas;541;BR-040/MG;Sul;Engavetamento;1;0;0;0;1;2;0;0;0;0;0;0;0;0;0
03/07/2020;08:29:00;145;Acidente sem Vítimas;324,9;BR-040/MG;Norte;Colisão traseira;1;0;1;0;1;0;0;0;0;0;3;0;0;0;0
03/07/2020;08:40:00;154;Acidente com Vítimas;534,25;BR-040/MG;Sul;Outros;1;0;0;1;0;0;0;0;0;0;0;1;0;0;0
03/07/2020;12:05:00;205;Acidente sem Vítimas;589,5;BR-040/MG;Norte;Colisão lateral;1;0;0;0;0;0;0;0;0;0;1;0;0;0;0
03/07/2020;12:48:00;213;Acidente sem Vítimas;7,3;BR-040/GO;Sul;Choque c/ Objeto Fixo;1;0;0;0;0;1;0;0;0;0;2;0;0;0;0
03/07/2020;12:58:00;214;Acidente sem Vítimas;663,7;BR-040/MG;Sul;Colisão traseira;1;0;0;0;0;1;0;0;0;0;2;0;0;0;0
03/07/2020;16:30:00;253;Acidente com Vítimas;534,9;BR-040/MG;Sul;Colisão traseira;1;0;0;0;0;2;0;0;0;0;2;1;1;0;0
03/07/2020;16:50:00;257;Acidente sem Vítimas;538,25;BR-040/MG;Norte;Outros;1;0;0;0;2;0;0;0;0;0;2;0;0;0;0
03/07/2020;18:36:00;279;Acidente com Vítimas;615,3;BR-040/MG;Sul;Colisão traseira;0;0;1;0;2;1;0;0;0;0;2;1;0;0;0
03/07/2020;19:17:00;286;Acidente com Vítimas;526,4;BR-040/MG;Norte;Atropelamento de Pedestre;0;0;0;1;0;0;0;0;0;0;1;2;0;0;0
03/07/2020;22:06:00;311;Acidente sem Vítimas;721,2;BR-040/MG;Norte;Choque c/ Objeto Fixo;1;0;0;0;0;0;0;0;0;0;1;0;0;0;0
04/07/2020;01:23:00;12;Acidente com Vítimas;137,3;BR-040/MG;Norte;Atropelamento de Animal;0;0;0;0;0;1;0;0;0;0;0;0;1;0;0
04/07/2020;02:10:00;15;Acidente com Vítimas;1,9;BR-040/GO;Norte;Tombamento de Moto;0;0;0;1;0;0;0;0;0;0;1;1;0;0;0
04/07/2020;06:23:00;40;Acidente com Vítimas;516,15;BR-040/MG;Sul;Tombamento de Moto;0;0;0;1;0;1;0;0;0;0;2;1;0;0;0
04/07/2020;08:07:00;55;Acidente sem Vítimas;566,7;BR-040/MG;Sul;Choque c/ Objeto Fixo;1;0;0;0;0;0;0;0;0;0;1;0;0;0;0
04/07/2020;08:59:00;69;Acidente com Vítimas;749,801;BR-040/MG;Norte;Choque c/ Objeto Fixo;1;0;0;0;0;0;0;0;0;0;1;1;0;0;0
04/07/2020;09:05:00;70;Acidente com Vítimas;524,998;BR-040/MG;Sul;Colisão lateral;0;0;0;1;1;0;0;0;0;0;13;0;0;1;0
04/07/2020;09:34:00;73;Acidente sem Vítimas;7,3;BR-040/GO;Norte;Engavetamento;3;0;0;0;0;0;0;0;0;0;3;0;0;0;0
04/07/2020;10:01:00;81;Acidente com Vítimas;8,3;BR-040/GO;Norte;Colisão traseira;1;0;0;1;0;1;0;0;0;0;2;1;0;0;0
04/07/2020;11:38:00;101;Acidente com Vítimas;764,52;BR-040/MG;Sul;Tombamento;1;0;0;0;0;0;0;0;0;0;2;1;0;0;0
04/07/2020;12:32:00;111;Acidente com Vítimas;96,5;BR-040/GO;Norte;Colisão transversal;1;0;0;1;0;1;0;0;0;0;2;0;1;0;0
04/07/2020;13:45:00;131;Acidente sem Vítimas;4,2;BR-040/GO;Sul;Engavetamento;2;0;0;0;0;1;0;0;0;0;3;0;0;0;0
04/07/2020;14:34:00;141;Acidente sem Vítimas;532,9;BR-040/MG;Norte;Colisão traseira;0;0;0;0;1;1;0;0;0;0;2;0;0;0;0
04/07/2020;15:02:00;153;Acidente sem Vítimas;519,6;BR-040/MG;Norte;Tombamento de Moto;1;0;0;1;0;0;0;0;0;0;2;0;0;0;0
04/07/2020;15:10:00;154;Acidente sem Vítimas;578,36;BR-040/MG;Norte;Choque c/ Objeto Fixo;1;0;0;0;0;0;0;0;0;0;4;0;0;0;0
04/07/2020;16:13:00;162;Acidente sem Vítimas;0,85;BR-040/GO;Norte;Capotamento;1;0;0;0;0;1;0;0;0;0;3;0;0;0;0
04/07/2020;18:42:00;192;Acidente com Vítimas;12,4;BR-040/GO;Norte;Colisão traseira;0;0;0;0;0;2;0;0;0;0;0;1;0;0;0
04/07/2020;18:50:00;195;Acidente com Vítimas;632,6;BR-040/MG;Norte;Colisão transversal;0;0;0;1;0;2;0;0;0;0;1;0;0;0;0
04/07/2020;19:26:00;201;Acidente sem Vítimas;135,14;BR-040/MG;Sul;Engavetamento;2;0;0;0;0;0;0;0;0;0;6;0;0;0;0
04/07/2020;19:40:00;204;Acidente com Vítimas;733,2;BR-040/MG;Sul;Colisão traseira;0;0;0;1;1;0;0;0;0;0;2;1;0;0;0
04/07/2020;19:43:00;205;Acidente com Vítimas;628,2;BR-040/MG;Sul;Colisão frontal;1;0;0;1;0;0;0;0;0;0;1;0;0;0;0
04/07/2020;19:55:00;207;Acidente com Vítimas;272,5;BR-040/MG;Sul;Colisão lateral;1;0;0;1;0;0;0;0;0;0;1;0;1;0;0
04/07/2020;19:58:00;208;Acidente sem Vítimas;2,4;BR-040/GO;Norte;Colisão frontal;2;0;0;0;0;0;0;0;0;0;3;0;0;0;0
04/07/2020;22:07:00;228;Acidente sem Vítimas;510,12;BR-040/MG;Sul;Choque c/ Objeto Fixo;1;0;0;0;0;0;0;0;0;0;1;0;0;0;0
04/07/2020;23:46:00;241;Acidente sem Vítimas;651,8;BR-040/MG;Sul;Capotamento;1;0;0;0;0;0;0;0;0;0;1;0;0;0;0
05/07/2020;00:10:00;3;Acidente sem Vítimas;771,4;BR-040/MG;Sul;Colisão lateral;2;0;0;0;0;0;0;0;0;0;5;0;0;0;0
05/07/2020;06:56:00;31;Acidente com Vítimas;7,3;BR-040/GO;Norte;Colisão traseira;2;0;0;0;0;0;0;0;0;0;2;0;0;0;0
05/07/2020;17:50:00;157;Acidente sem Vítimas;511,33;BR-040/MG;Sul;Engavetamento;1;0;0;0;0;1;0;0;0;0;1;0;0;0;0
05/07/2020;19:04:00;172;Acidente sem Vítimas;605,2;BR-040/MG;Norte;Colisão traseira;1;0;1;0;0;1;0;0;0;0;5;0;0;0;0
05/07/2020;19:37:00;180;Acidente Fatal;510,1;BR-040/MG;Sul;Capotamento;1;0;0;0;0;1;0;0;0;0;0;0;0;2;1
05/07/2020;22:06:00;204;Acidente sem Vítimas;680,2;BR-040/MG;Sul;Choque c/ Objeto Fixo;1;0;0;0;0;0;0;0;0;0;3;0;0;0;0
05/07/2020;22:12:00;205;Acidente sem Vítimas;703,8;BR-040/MG;Sul;Choque c/ Objeto Fixo;1;0;0;0;0;1;0;0;0;0;1;0;0;0;0
06/07/2020;09:01:00;122;Acidente sem Vítimas;599,3;BR-040/MG;Norte;Choque c/ Objeto Fixo;1;0;1;0;0;0;0;0;0;0;1;0;0;0;0
06/07/2020;09:05:00;121;Acidente com Vítimas;612,135;BR-040/MG;Norte;Tombamento de Moto;0;0;0;0;0;2;0;0;0;0;0;1;0;0;0
06/07/2020;10:45:00;155;Acidente sem Vítimas;2,2;BR-040/GO;Sul;Engavetamento;3;0;0;0;0;1;0;0;0;0;4;0;0;0;0
06/07/2020;14:28:00;203;Acidente sem Vítimas;689,3;BR-040/MG;Norte;Choque c/ Objeto Fixo;1;0;0;0;0;0;0;0;0;0;1;0;0;0;0
06/07/2020;15:46:00;223;Acidente sem Vítimas;3,3;BR-040/GO;Norte;Engavetamento;3;0;0;0;0;0;0;0;0;0;3;0;0;0;0
06/07/2020;16:39:00;237;Acidente sem Vítimas;599,95;BR-040/MG;Norte;Colisão traseira;2;0;0;0;0;0;0;0;0;0;2;0;0;0;0
06/07/2020;17:59:00;248;Acidente sem Vítimas;138,2;BR-040/MG;Sul;Colisão lateral;0;0;0;0;0;2;0;0;0;0;0;0;0;0;0
06/07/2020;18:20:00;254;Acidente com Vítimas;633,1;BR-040/MG;Norte;Colisão transversal;1;0;0;1;0;0;0;0;0;0;1;0;0;0;0
06/07/2020;19:42:00;273;Acidente sem Vítimas;729,5;BR-040/MG;Sul;Choque c/ Objeto Fixo;0;0;1;0;0;0;0;0;0;0;1;0;0;0;0
06/07/2020;20:21:00;283;Acidente com Vítimas;532,1;BR-040/MG;Sul;Tombamento de Moto;0;0;0;1;0;0;0;0;0;0;0;1;0;0;0
07/07/2020;06:49:00;97;Acidente com Vítimas;478,3;BR-040/MG;Norte;Colisão traseira;0;0;1;1;0;1;0;0;0;0;0;1;0;0;0
07/07/2020;07:51:00;106;Acidente com Vítimas;15,9;BR-040/GO;Norte;Colisão traseira;1;0;0;1;0;0;0;0;0;0;2;0;0;0;0
07/07/2020;11:16:00;162;Acidente sem Vítimas;502,258;BR-040/MG;Norte;Tombamento;0;0;1;0;0;1;0;0;0;0;1;0;0;0;0
07/07/2020;11:26:00;167;Acidente com Vítimas;530;BR-040/MG;Norte;Engavetamento;3;0;1;1;0;1;0;0;0;0;3;1;0;0;0
07/07/2020;11:54:00;176;Acidente sem Vítimas;12,3;BR-040/GO;Norte;Colisão traseira;0;0;1;0;0;2;0;0;0;0;2;0;0;0;0
07/07/2020;12:54:00;186;Acidente com Vítimas;523,25;BR-040/MG;Sul;Colisão traseira;1;0;0;0;0;1;0;0;0;0;0;2;0;0;0
07/07/2020;15:27:00;213;Acidente sem Vítimas;1,9;BR-040/GO;Sul;Colisão traseira;2;0;0;0;0;2;0;0;0;0;3;0;0;0;0
07/07/2020;17:45:00;247;Acidente com Vítimas;0,7;BR-040/GO;Sul;Atropelamento de Pedestre;0;0;0;1;0;0;0;0;0;0;0;0;0;1;0
07/07/2020;18:08:00;256;Acidente com Vítimas;552,1;BR-040/MG;Sul;Colisão lateral;1;0;0;1;0;1;0;0;0;0;1;1;0;0;0
08/07/2020;01:51:00;79;Acidente sem Vítimas;456,1;BR-040/MG;Sul;Colisão traseira;0;0;2;0;0;0;0;0;0;0;2;0;0;0;0
08/07/2020;06:40:00;105;Acidente sem Vítimas;7,5;BR-040/DF;Sul;Colisão traseira;2;0;0;0;0;1;0;0;0;0;2;0;0;0;0
08/07/2020;08:22:00;139;Acidente sem Vítimas;758,64;BR-040/MG;Sul;Colisão transversal;1;0;0;0;0;3;0;0;0;0;3;0;0;0;0
08/07/2020;08:56:00;147;Acidente sem Vítimas;442,6;BR-040/MG;Norte;Colisão lateral;1;0;0;0;1;0;0;0;0;0;1;0;0;0;0
08/07/2020;13:23:00;211;Acidente sem Vítimas;95,6;Fora_Rota;Sul;Choque c/ Objeto Fixo;0;0;0;0;1;0;0;0;0;0;1;0;0;0;0
08/07/2020;15:17:00;233;Acidente com Vítimas;517,9;BR-040/MG;Norte;Atropelamento de Pedestre;0;0;0;1;0;0;0;0;0;0;1;0;1;0;0
08/07/2020;17:26:00;268;Acidente sem Vítimas;534,35;BR-040/MG;Norte;Colisão traseira;2;0;0;0;0;0;0;0;0;0;2;0;0;0;0
08/07/2020;18:17:00;276;Acidente sem Vítimas;525,5;BR-040/MG;Norte;Colisão lateral;1;0;0;0;0;1;0;0;0;0;2;0;0;0;0
09/07/2020;00:53:00;3;Acidente sem Vítimas;333,7;BR-040/MG;Norte;Choque c/ Objeto Fixo;1;0;0;0;0;0;0;0;0;0;4;0;0;0;0
09/07/2020;06:18:00;103;Acidente com Vítimas;612,3;BR-040/MG;Sul;Atropelamento de Animal;0;0;0;1;0;0;0;0;0;0;0;1;0;0;0
09/07/2020;08:31:00;131;Acidente sem Vítimas;395,5;BR-040/MG;Norte;Colisão transversal;2;0;0;0;0;1;0;0;0;0;4;0;0;0;0
09/07/2020;12:42:00;178;Acidente com Vítimas;8,3;BR-040/DF;Norte;Engavetamento;2;0;0;1;0;0;0;0;0;0;2;0;1;0;0
09/07/2020;13:09:00;186;Acidente sem Vítimas;685,506;BR-040/MG;Sul;Outros;0;0;1;0;0;0;0;0;0;0;0;0;0;0;0
09/07/2020;14:25:00;199;Acidente sem Vítimas;534,9;BR-040/MG;Norte;Colisão traseira;1;0;0;0;0;1;0;0;0;0;2;0;0;0;0
09/07/2020;14:27:00;203;Acidente com Vítimas;5,1;BR-040/GO;Norte;Engavetamento;2;0;0;1;0;1;0;0;0;0;0;0;1;0;0
09/07/2020;21:35:00;287;Acidente Fatal;534,1;BR-040/MG;Norte;Colisão traseira;0;0;1;1;0;1;0;0;0;0;1;0;0;0;1
09/07/2020;22:09:00;295;Acidente com Vítimas;534,1;BR-040/MG;Sul;Colisão lateral;0;0;0;0;0;2;0;0;0;0;0;1;0;0;0
09/07/2020;23:32:00;311;Acidente sem Vítimas;3,1;BR-040/DF;Norte;Colisão lateral;1;0;0;0;0;1;0;0;0;0;2;0;0;0;0
10/07/2020;05:41:00;98;Acidente sem Vítimas;614,2;BR-040/MG;Norte;Colisão traseira;0;0;2;0;1;0;0;0;0;0;2;0;0;0;0
10/07/2020;06:26:00;102;Acidente com Vítimas;576,2;BR-040/MG;Norte;Colisão transversal;1;0;0;1;0;1;0;0;0;0;2;0;1;0;0
10/07/2020;08:51:00;137;Acidente sem Vítimas;428,9;BR-040/MG;Norte;Capotamento;1;0;0;0;0;1;0;0;0;0;0;0;0;0;0
10/07/2020;11:10:00;173;Acidente sem Vítimas;730,15;BR-040/MG;Norte;Choque c/ Objeto Fixo;1;0;0;0;0;0;0;0;0;0;2;0;0;0;0
10/07/2020;11:52:00;181;Acidente sem Vítimas;580,1;BR-040/MG;Sul;Choque c/ Objeto Fixo;1;0;0;0;0;0;0;0;0;0;1;0;0;0;0
10/07/2020;13:45:00;191;Acidente sem Vítimas;48,3;BR-040/MG;Sul;Choque c/ Objeto Fixo;1;0;0;0;0;0;0;0;0;0;1;0;0;0;0
10/07/2020;14:36:00;198;Acidente sem Vítimas;5,5;BR-040/DF;Sul;Capotamento;2;0;0;0;0;0;0;0;0;0;1;0;0;0;0
10/07/2020;17:00:00;227;Acidente sem Vítimas;538;BR-040/MG;Norte;Colisão traseira;1;0;0;0;0;0;0;0;0;0;0;0;0;0;0
10/07/2020;17:03:00;230;Acidente sem Vítimas;523,1;BR-040/MG;Norte;Engavetamento;4;0;0;0;0;1;0;0;0;0;2;0;0;0;0
10/07/2020;20:55:00;284;Acidente com Vítimas;148,8;BR-040/MG;Norte;Colisão frontal;1;0;0;0;1;0;0;0;0;0;0;0;1;0;0
10/07/2020;21:02:00;286;Acidente com Vítimas;552,8;BR-040/MG;Sul;Tombamento de Moto;1;0;0;1;0;0;0;0;0;0;1;0;1;0;0
11/07/2020;02:34:00;18;Acidente sem Vítimas;544,55;BR-040/MG;Norte;Choque c/ Objeto Fixo;2;0;0;0;0;0;0;0;0;0;1;0;0;0;0
11/07/2020;05:37:00;27;Acidente sem Vítimas;352,2;BR-040/MG;Norte;Choque c/ Objeto Fixo;1;0;0;0;0;0;0;0;0;0;1;0;0;0;0
11/07/2020;06:04:00;29;Acidente sem Vítimas;3,5;BR-040/GO;Norte;Choque c/ Objeto Fixo;1;0;0;0;0;0;0;0;0;0;0;0;0;0;0
11/07/2020;10:16:00;74;Acidente sem Vítimas;526,215;BR-040/MG;Norte;Colisão traseira;1;0;0;0;0;1;0;0;0;0;0;0;0;0;0
11/07/2020;15:28:00;164;Acidente sem Vítimas;8,15;BR-040/DF;Sul;Capotamento;1;0;0;0;0;0;0;0;0;0;2;0;0;0;0
11/07/2020;16:21:00;178;Acidente sem Vítimas;13,4;BR-040/GO;Norte;Colisão traseira;2;0;0;0;0;0;0;0;0;0;2;0;0;0;0
11/07/2020;17:08:00;190;Acidente sem Vítimas;509,205;BR-040/MG;Sul;Colisão lateral;1;0;0;0;0;1;0;0;0;0;1;0;0;0;0
11/07/2020;17:14:00;192;Acidente com Vítimas;771,6;BR-040/MG;Sul;Capotamento;2;0;0;0;0;0;0;0;0;0;0;0;1;0;0
11/07/2020;18:53:00;207;Acidente com Vítimas;77,5;BR-040/MG;Norte;Colisão traseira;0;0;0;1;0;1;0;0;0;0;0;0;1;0;0
11/07/2020;19:03:00;211;Acidente sem Vítimas;2,8;BR-040/GO;Sul;Engavetamento;1;0;0;1;0;1;0;0;0;0;0;0;0;0;0
11/07/2020;19:20:00;215;Acidente sem Vítimas;5;BR-040/GO;Norte;Colisão lateral;2;0;0;0;0;0;0;0;0;0;0;0;0;0;0
11/07/2020;19:59:00;219;Acidente sem Vítimas;244,85;BR-040/MG;Norte;Colisão traseira;0;0;0;0;2;0;0;0;0;0;0;0;0;0;0
12/07/2020;00:37:00;3;Acidente sem Vítimas;529,5;BR-040/MG;Norte;Capotamento;2;0;0;0;0;0;0;0;0;0;2;0;0;0;0
12/07/2020;02:17:00;19;Acidente com Vítimas;517,5;BR-040/MG;Sul;Engavetamento;3;0;0;0;0;0;0;0;0;0;2;0;0;0;0
12/07/2020;02:40:00;14;Acidente com Vítimas;474,2;BR-040/MG;Sul;Colisão traseira;1;0;0;0;0;1;0;0;0;0;1;1;0;0;0
12/07/2020;03:14:00;22;Acidente sem Vítimas;719,5;BR-040/MG;Norte;Choque c/ Objeto Fixo;1;0;0;0;0;0;0;0;0;0;0;0;0;0;0
12/07/2020;16:44:00;144;Acidente sem Vítimas;700,39;BR-040/MG;Sul;Colisão lateral;1;0;1;0;0;0;0;0;0;0;3;0;0;0;0
12/07/2020;17:25:00;155;Acidente sem Vítimas;621,318;BR-040/MG;Sul;Colisão lateral;2;0;0;0;0;0;0;0;0;0;6;0;0;0;0
12/07/2020;17:52:00;160;Acidente sem Vítimas;561,8;BR-040/MG;Norte;Colisão traseira;1;0;0;0;0;1;0;0;0;0;3;0;0;0;0
12/07/2020;23:27:00;222;Acidente sem Vítimas;617,1;BR-040/MG;Sul;Colisão traseira;1;0;0;0;1;1;0;0;0;0;2;0;0;0;0
13/07/2020;03:58:00;61;Acidente sem Vítimas;7,5;BR-040/GO;Norte;Choque c/ Objeto Fixo;1;0;0;0;0;0;0;0;0;0;3;0;0;0;0
13/07/2020;06:03:00;74;Acidente sem Vítimas;5,3;BR-040/DF;Norte;Colisão traseira;2;0;0;0;0;0;0;0;0;0;2;0;0;0;0
13/07/2020;06:23:00;77;Acidente com Vítimas;0,11;BR-040/GO;Norte;Tombamento de Moto;1;0;0;1;0;0;0;0;0;0;2;1;0;0;0
13/07/2020;09:01:00;127;Acidente com Vítimas;5,3;BR-040/DF;Sul;Engavetamento;3;0;0;0;0;0;0;0;0;0;3;0;0;0;0
13/07/2020;09:05:00;129;Acidente sem Vítimas;525,24;BR-040/MG;Sul;Colisão traseira;0;0;0;0;0;1;0;0;0;0;1;0;0;0;0
13/07/2020;09:21:00;132;Acidente com Vítimas;9,8;BR-040/GO;Sul;Tombamento de Moto;0;0;0;1;0;0;0;0;0;0;1;2;0;0;0
13/07/2020;10:59:00;154;Acidente com Vítimas;519,3;BR-040/MG;Sul;Engavetamento;2;0;1;0;0;0;0;0;0;0;3;0;2;0;0
13/07/2020;11:04:00;155;Acidente sem Vítimas;409,1;BR-040/MG;Sul;Tombamento;1;0;0;0;0;0;0;0;0;0;1;0;0;0;0
13/07/2020;11:26:00;164;Acidente com Vítimas;676,41;BR-040/MG;Sul;Choque c/ Objeto Fixo;1;0;0;0;0;1;0;0;0;0;0;1;0;0;0
13/07/2020;13:37:00;191;Acidente com Vítimas;9,1;BR-040/GO;Norte;Atropelamento de Pedestre;1;0;0;0;0;1;0;0;0;0;1;0;0;0;0
13/07/2020;14:03:00;194;Acidente com Vítimas;41,1;BR-040/MG;Norte;Colisão transversal;1;0;0;1;0;0;0;0;0;0;0;1;0;0;0
13/07/2020;14:19:00;199;Acidente com Vítimas;29,8;BR-040/GO;Norte;Colisão traseira;1;0;1;0;0;1;0;0;0;0;2;4;0;0;0
13/07/2020;15:54:00;217;Acidente sem Vítimas;528,45;BR-040/MG;Sul;Colisão lateral;2;0;0;0;0;1;0;0;0;0;2;0;0;0;0
13/07/2020;17:22:00;238;Acidente com Vítimas;534,8;BR-040/MG;Norte;Choque com objeto;0;0;0;1;0;0;0;0;0;0;1;0;1;0;0
13/07/2020;18:02:00;245;Acidente com Vítimas;552,35;BR-040/MG;Sul;Colisão transversal;1;0;0;1;0;1;0;0;0;0;2;0;0;0;0
13/07/2020;22:33:00;293;Acidente sem Vítimas;466,1;BR-040/MG;Norte;Choque c/ Objeto Fixo;2;0;0;0;0;0;0;0;0;0;1;0;0;0;0
13/07/2020;23:55:00;306;Acidente com Vítimas;535,1;BR-040/MG;Sul;Colisão traseira;0;0;0;0;0;2;0;0;0;0;1;0;0;0;0
14/07/2020;06:11:00;86;Acidente sem Vítimas;700,1;BR-040/MG;Norte;Choque c/ Objeto Fixo;1;0;0;0;0;0;0;0;0;0;1;0;0;0;0
14/07/2020;06:25:00;89;Acidente sem Vítimas;465,1;BR-040/MG;Norte;Outros;1;0;0;0;0;0;0;0;0;0;0;1;0;0;0
14/07/2020;07:00:00;98;Acidente com Vítimas;415,2;BR-040/MG;Norte;Colisão lateral;0;0;1;0;0;1;0;0;0;1;2;10;0;1;0
14/07/2020;07:51:00;116;Acidente sem Vítimas;2,3;BR-040/DF;Norte;Colisão traseira;2;0;0;0;0;0;0;0;0;0;2;0;0;0;0
14/07/2020;10:45:00;159;Acidente com Vítimas;21,3;BR-040/GO;Sul;Atropelamento de Ciclista;1;0;0;0;0;0;0;0;0;0;1;0;0;0;0
14/07/2020;17:19:00;245;Acidente sem Vítimas;631,1;BR-040/MG;Sul;Colisão traseira;2;0;0;0;0;1;0;0;0;0;2;1;0;0;0
14/07/2020;17:36:00;247;Acidente com Vítimas;539,5;BR-040/MG;Norte;Tombamento de Moto;0;0;0;0;0;1;0;0;0;0;0;0;1;0;0
14/07/2020;17:36:00;248;Acidente sem Vítimas;509,5;BR-040/MG;Norte;Colisão lateral;2;0;2;0;0;0;0;0;0;0;3;0;0;0;0
14/07/2020;18:21:00;260;Acidente sem Vítimas;541,2;BR-040/MG;Norte;Engavetamento;3;0;0;0;0;0;0;0;0;0;3;0;0;0;0
14/07/2020;19:18:00;270;Acidente Fatal;601,9;BR-040/MG;Sul;Choque c/ Objeto Fixo;0;0;0;1;0;1;0;0;0;0;0;0;0;0;1
14/07/2020;19:41:00;277;Acidente sem Vítimas;7,8;BR-040/GO;Sul;Capotamento;0;0;0;0;0;2;0;0;0;0;0;0;0;0;0
15/07/2020;02:17:00;62;Acidente com Vítimas;539,9;BR-040/MG;Norte;Capotamento;1;0;0;0;0;1;0;0;0;0;3;1;0;0;0
15/07/2020;09:30:00;174;Acidente sem Vítimas;730,1;BR-040/MG;Sul;Choque c/ Objeto Fixo;1;0;0;0;0;0;0;0;0;0;1;0;0;0;0
15/07/2020;10:28:00;186;Acidente sem Vítimas;735,1;BR-040/MG;Sul;Choque c/ Objeto Fixo;1;0;0;0;0;1;0;0;0;0;0;0;0;0;0
15/07/2020;10:56:00;193;Acidente sem Vítimas;504,1;BR-040/MG;Sul;Choque c/ Objeto Fixo;1;0;0;0;0;0;0;0;0;0;0;0;0;0;0
15/07/2020;11:40:00;207;Acidente sem Vítimas;727,1;BR-040/MG;Sul;Capotamento;1;0;0;0;0;1;0;0;0;0;1;0;0;0;0
15/07/2020;12:44:00;230;Acidente sem Vítimas;731,9;BR-040/MG;Sul;Choque c/ Objeto Fixo;1;0;0;0;0;1;0;0;0;0;1;0;0;0;0
15/07/2020;12:48:00;232;Acidente com Vítimas;604,2;BR-040/MG;Sul;Tombamento;0;1;0;0;1;0;0;0;0;0;0;0;0;0;0
15/07/2020;16:06:00;274;Acidente com Vítimas;536,1;BR-040/MG;Norte;Colisão lateral;1;0;0;1;0;1;0;0;0;0;1;1;0;0;0
15/07/2020;19:45:00;331;Acidente sem Vítimas;45,3;BR-040/MG;Norte;Choque c/ Objeto Fixo;0;0;0;1;0;1;0;0;0;0;0;0;0;0;0
15/07/2020;21:46:00;360;Acidente sem Vítimas;12,2;BR-040/GO;Sul;Colisão traseira;2;0;0;0;0;0;0;0;0;0;0;0;0;0;0