data;horario;n_da_ocorrencia;tipo_de_ocorrencia;km;trecho;sentido;tipo_de_acidente;automovel;bicicleta;caminhao;moto;onibus;outros;tracao_animal;transporte_de_cargas_especiais;trator_maquinas;utilitarios;ilesos;levemente_feridos;moderadamente_feridos;gravemente_feridos;mortos
16/07/2020;05:33:00;110;Acidente sem Vítimas;525,5;BR-040/MG;Sul;Engavetamento;1;0;1;0;1;0;0;0;0;0;0;0;0;0;0
16/07/2020;07:25:00;135;Acidente sem Vítimas;533,123;BR-040/MG;Norte;Colisão lateral;1;0;1;0;0;0;0;0;0;0;0;0;0;0;0
16/07/2020;08:04:00;150;Acidente com Vítimas;613,101;BR-040/MG;Sul;Choque c/ Objeto Fixo;1;0;0;0;0;0;0;0;0;0;0;1;0;0;0
16/07/2020;08:56:00;172;Acidente sem Vítimas;4,5;BR-040/GO;Norte;Colisão traseira;2;0;0;0;0;0;0;0;0;0;2;0;0;0;0
16/07/2020;09:24:00;180;Acidente com Vítimas;741,206;BR-040/MG;Sul;Colisão frontal;2;0;0;0;0;1;0;0;0;0;5;1;0;0;0
16/07/2020;10:28:00;194;Acidente sem Vítimas;588,1;BR-040/MG;Sul;Choque c/ Objeto Fixo;0;0;0;0;0;0;0;0;0;0;0;0;0;0;0
16/07/2020;10:38:00;198;Acidente sem Vítimas;737,32;BR-040/MG;Sul;Choque c/ Objeto Fixo;1;0;0;0;0;0;0;0;0;0;3;0;0;0;0
16/07/2020;12:31:00;220;Acidente sem Vítimas;7,4;BR-040/DF;Norte;Engavetamento;2;0;0;0;0;1;0;0;0;0;3;0;0;0;0
16/07/2020;14:05:00;241;Acidente com Vítimas;526,55;BR-040/MG;Sul;Tombamento de Moto;0;0;0;1;0;0;0;0;0;0;0;1;0;0;0
16/07/2020;15:08:00;252;Acidente sem Vítimas;530,2;BR-040/MG;Sul;Colisão traseira;1;0;0;0;0;1;0;0;0;0;2;0;0;0;0
16/07/2020;17:56:00;278;Acidente sem Vítimas;537,95;BR-040/MG;Norte;Engavetamento;4;0;0;0;0;0;0;0;0;0;4;0;0;0;0
16/07/2020;18:32:00;288;Acidente com Vítimas;638,2;BR-040/MG;Norte;Colisão traseira;1;0;0;1;0;0;0;0;0;0;1;0;1;0;0
16/07/2020;18:42:00;289;Acidente Fatal;4,6;BR-040/GO;Norte;Colisão traseira;0;0;0;1;0;2;0;0;0;0;0;0;1;0;1
16/07/2020;19:31:00;297;Acidente com Vítimas;244,4;BR-040/MG;Norte;Colisão lateral;0;0;0;0;1;1;0;0;0;0;1;1;0;0;0
16/07/2020;19:41:00;301;Acidente com Vítimas;682,2;BR-040/MG;Sul;Atropelamento de Pedestre;1;0;0;0;0;1;0;0;0;0;5;0;1;0;0
16/07/2020;21:10:00;313;Acidente com Vítimas;2,4;BR-040/GO;Norte;Colisão traseira;1;0;0;1;0;0;0;0;0;0;2;1;0;0;0
17/07/2020;00:25:00;26;Acidente com Vítimas;511,1;BR-040/MG;Norte;Colisão traseira;1;0;0;1;0;0;0;0;0;0;2;1;0;0;0
17/07/2020;06:28:00;107;Acidente com Vítimas;2,8;BR-040/DF;Norte;Colisão lateral;1;0;0;1;0;1;0;0;0;0;2;1;0;0;0
17/07/2020;11:59:00;180;Acidente com Vítimas;531,9;BR-040/MG;Sul;Atropelamento de Pedestre;0;0;0;1;0;1;0;0;0;0;1;1;0;0;0
17/07/2020;12:38:00;187;Acidente sem Vítimas;4,3;BR-040/GO;Norte;Colisão traseira;0;0;0;1;0;2;0;0;0;0;3;0;0;0;0
17/07/2020;13:57:00;200;Acidente sem Vítimas;41,5;BR-040/MG;Sul;Colisão traseira;2;0;0;0;0;0;0;0;0;0;0;0;0;0;0
17/07/2020;15:17:00;215;Acidente com Vítimas;0,3;BR-040/GO;Norte;Tombamento de Moto;0;0;0;1;0;0;0;0;0;0;1;1;0;0;0
17/07/2020;15:37:00;219;Acidente sem Vítimas;531,1;BR-040/MG;Sul;Engavetamento;2;0;0;0;0;1;0;0;0;0;0;0;0;0;0
17/07/2020;15:52:00;228;Acidente com Vítimas;746,5;BR-040/MG;Norte;Atropelamento de Ciclista;0;1;1;0;0;1;0;0;0;0;1;0;1;0;0
17/07/2020;18:12:00;257;Acidente sem Vítimas;3,4;BR-040/GO;Norte;Colisão lateral;2;0;0;1;0;0;0;0;0;0;3;0;0;0;0
17/07/2020;21:54:00;306;Acidente sem Vítimas;3,4;BR-040/GO;Sul;Atropelamento de Ciclista;0;0;0;1;0;0;0;0;0;0;0;1;2;0;0
17/07/2020;22:58:00;311;Acidente sem Vítimas;534,1;BR-040/MG;Norte;Choque c/ Objeto Fixo;1;0;0;0;0;0;0;0;0;0;1;0;0;0;0
17/07/2020;23:10:00;314;Acidente com Vítimas;5,9;BR-040/GO;Norte;Colisão traseira;2;0;0;0;0;0;0;0;0;0;2;0;0;0;0
18/07/2020;07:05:00;44;Acidente com Vítimas;532,5;BR-040/MG;Sul;Colisão traseira;1;0;0;1;0;1;0;0;0;0;0;1;0;0;0
18/07/2020;09:27:00;83;Acidente com Vítimas;481,15;BR-040/MG;Sul;Outros;1;0;0;0;0;0;0;0;0;0;0;0;0;0;0
18/07/2020;10:29:00;99;Acidente com Vítimas;6,8;BR-040/GO;Norte;Colisão lateral;0;0;0;1;0;1;0;0;0;0;1;0;1;0;0
18/07/2020;12:36:00;127;Acidente sem Vítimas;456;BR-040/MG;Norte;Colisão lateral;1;0;0;0;0;1;0;0;0;0;1;0;0;0;0
18/07/2020;13:02:00;129;Acidente sem Vítimas;575,1;BR-040/MG;Sul;Colisão transversal;1;0;0;0;0;0;0;0;0;0;0;0;0;0;0
18/07/2020;14:00:00;145;Acidente sem Vítimas;10,4;BR-040/GO;Norte;Colisão lateral;2;0;0;0;0;0;0;0;0;0;2;0;0;0;0
18/07/2020;16:07:00;169;Acidente sem Vítimas;10,1;BR-040/GO;Norte;Capotamento;1;0;0;0;1;0;0;0;0;0;2;0;0;0;0
18/07/2020;16:44:00;176;Acidente sem Vítimas;317,8;BR-040/MG;Norte;Choque c/ Objeto Fixo;1;0;0;0;0;0;0;0;0;0;3;0;0;0;0
18/07/2020;17:31:00;182;Acidente com Vítimas;490,2;BR-040/MG;Norte;Capotamento;2;0;0;0;0;0;0;0;0;0;0;0;1;0;0
18/07/2020;19:01:00;193;Acidente com Vítimas;525,5;BR-040/MG;Sul;Tombamento de Moto;0;0;0;1;0;0;0;0;0;0;0;0;1;0;0
18/07/2020;20:05:00;209;Acidente sem Vítimas;524,2;BR-040/MG;Norte;Choque c/ Objeto Fixo;1;0;0;0;0;0;0;0;0;0;3;0;0;0;0
18/07/2020;21:01:00;220;Acidente com Vítimas;44,6;BR-040/MG;Norte;Colisão traseira;1;0;0;1;0;0;0;0;0;0;0;1;0;0;0
18/07/2020;22:13:00;227;Acidente com Vítimas;95,6;BR-040/GO;Sul;Choque c/ Objeto Fixo;1;0;0;0;0;0;0;0;0;0;0;1;0;0;0
19/07/2020;00:51:00;8;Acidente com Vítimas;500,2;BR-040/MG;Norte;Capotamento;1;0;0;0;0;1;0;0;0;0;3;0;2;0;0
19/07/2020;04:14:00;28;Acidente com Vítimas;508,5;BR-040/MG;Sul;Choque c/ Objeto Fixo;1;0;0;0;0;0;0;0;0;0;0;0;0;0;0
19/07/2020;16:28:00;170;Acidente sem Vítimas;649,1;BR-040/MG;Norte;Colisão transversal;2;0;0;0;0;0;0;0;0;0;3;0;0;0;0
19/07/2020;17:37:00;186;Acidente sem Vítimas;459,25;BR-040/MG;Sul;Colisão traseira;1;0;0;0;0;2;0;0;0;0;4;0;0;0;0
19/07/2020;18:51:00;206;Acidente sem Vítimas;565,2;BR-040/MG;Norte;Colisão traseira;3;0;0;0;0;0;0;0;0;0;4;0;0;0;0
19/07/2020;19:36:00;217;Acidente sem Vítimas;16,8;BR-040/GO;Norte;Capotamento;1;0;0;0;0;0;0;0;0;0;1;0;0;0;0
19/07/2020;20:12:00;226;Acidente sem Vítimas;469,2;BR-040/MG;Sul;Choque c/ Objeto Fixo;2;0;0;0;0;0;0;0;0;0;3;0;0;0;0
19/07/2020;21:38:00;245;Acidente com Vítimas;41,1;BR-040/MG;Norte;Choque c/ Objeto Fixo;1;0;0;0;0;0;0;0;0;0;1;1;0;0;0
19/07/2020;21:41:00;246;Acidente com Vítimas;7,1;BR-040/GO;Sul;Colisão transversal;0;0;0;1;0;0;0;0;0;0;0;0;2;0;0
19/07/2020;22:21:00;249;Acidente sem Vítimas;363,1;BR-040/MG;Sul;Choque c/ Objeto Fixo;0;0;1;0;0;0;0;0;0;0;1;0;0;0;0
19/07/2020;22:42:00;250;Acidente com Vítimas;1,5;BR-040/GO;Norte;Choque c/ Objeto Fixo;0;0;0;0;0;0;0;0;0;0;0;0;0;0;0
20/07/2020;01:50:00;53;Acidente sem Vítimas;445,2;BR-040/MG;Sul;Tombamento;0;0;1;0;0;0;0;0;0;0;0;0;0;0;0
20/07/2020;02:15:00;55;Acidente sem Vítimas;557,9;BR-040/MG;Norte;Choque c/ Objeto Fixo;0;0;1;0;1;0;0;0;0;0;1;0;0;0;0
20/07/2020;06:29:00;102;Acidente sem Vítimas;590,55;BR-040/MG;Norte;Colisão traseira;0;0;0;1;0;3;0;0;0;0;10;0;0;0;0
20/07/2020;06:40:00;103;Acidente sem Vítimas;767,8;BR-040/MG;Sul;Colisão traseira;2;0;0;1;1;0;0;0;0;0;3;0;0;0;0
20/07/2020;12:31:00;199;Acidente sem Vítimas;9,8;BR-040/GO;Sul;Colisão traseira;1;0;0;0;0;1;0;0;0;0;2;0;0;0;0
20/07/2020;13:53:00;215;Acidente sem Vítimas;547,9;BR-040/MG;Sul;Colisão lateral;0;0;0;0;0;2;0;0;0;0;0;0;0;0;0
20/07/2020;14:18:00;226;Acidente sem Vítimas;629,3;BR-040/MG;Norte;Tombamento;1;0;0;0;0;0;0;0;0;0;0;0;0;0;0
20/07/2020;14:42:00;230;Acidente sem Vítimas;8,8;BR-040/GO;Norte;Colisão lateral;1;0;0;0;1;0;0;0;0;0;4;0;0;0;0
20/07/2020;15:17:00;235;Acidente com Vítimas;530,1;BR-040/MG;Sul;Engavetamento;3;0;0;0;0;0;0;0;0;0;1;1;0;0;0
20/07/2020;15:38:00;241;Acidente com Vítimas;720,45;BR-040/MG;Norte;Colisão traseira;0;0;1;0;1;0;0;0;0;0;0;1;0;0;0
20/07/2020;18:09:00;282;Acidente sem Vítimas;499,7;BR-040/MG;Norte;Capotamento;2;0;0;0;0;2;0;0;0;0;2;0;0;0;0
20/07/2020;22:25:00;327;Acidente sem Vítimas;425,3;BR-040/MG;Sul;Colisão traseira;1;0;0;0;0;2;0;0;0;0;1;0;0;0;0
21/07/2020;06:10:00;92;Acidente com Vítimas;5,9;BR-040/GO;Norte;Tombamento de Moto;0;0;0;1;0;1;0;0;0;0;1;1;0;0;0
21/07/2020;06:23:00;96;Acidente com Vítimas;496,3;BR-040/MG;Norte;Colisão lateral;1;0;0;0;0;1;0;0;0;0;0;0;1;0;0
21/07/2020;14:51:00;211;Acidente com Vítimas;559,99;BR-040/MG;Norte;Engavetamento;0;0;1;0;1;1;0;0;0;0;18;1;0;0;0
21/07/2020;16:13:00;224;Acidente com Vítimas;508,8;BR-040/MG;Norte;Colisão traseira;1;0;0;1;0;0;0;0;0;0;1;0;1;0;0
21/07/2020;17:17:00;229;Acidente sem Vítimas;24,3;Fora_Rota;Sul;Colisão traseira;0;0;0;0;1;1;0;0;0;0;2;0;0;0;0
21/07/2020;19:15:00;249;Acidente sem Vítimas;427,1;BR-040/MG;Sul;Colisão traseira;1;0;1;0;0;1;0;0;0;0;2;0;0;0;0
22/07/2020;05:21:00;98;Acidente sem Vítimas;5,5;BR-040/DF;Norte;Engavetamento;2;0;0;0;0;2;0;0;0;0;4;0;0;0;0
22/07/2020;06:24:00;106;Acidente sem Vítimas;5,9;BR-040/DF;Norte;Colisão lateral;0;0;0;1;0;1;0;0;0;0;2;0;0;0;0
22/07/2020;10:43:00;172;Acidente com Vítimas;516,49;BR-040/MG;Sul;Queda Veículo;0;0;0;1;0;1;0;0;0;0;0;1;0;0;0
22/07/2020;12:46:00;197;Acidente com Vítimas;0,3;BR-040/GO;Sul;Tombamento de Moto;0;0;0;1;0;0;0;0;0;0;1;1;0;0;0
22/07/2020;13:49:00;207;Acidente com Vítimas;8,35;BR-040/DF;Sul;Colisão lateral;1;0;0;0;1;0;0;0;0;0;2;0;0;0;0
22/07/2020;16:18:00;232;Acidente com Vítimas;549,85;BR-040/MG;Norte;Queda Veículo;0;0;0;1;0;0;0;0;0;0;0;0;1;0;0
22/07/2020;16:23:00;234;Acidente com Vítimas;617,3;BR-040/MG;Norte;Colisão transversal;2;0;1;0;0;0;0;0;0;0;3;0;0;0;0
22/07/2020;17:43:00;245;Acidente sem Vítimas;556,25;BR-040/MG;Norte;Colisão traseira;1;0;0;0;0;1;0;0;0;0;2;0;0;0;0
22/07/2020;19:14:00;274;Acidente com Vítimas;711,5;BR-040/MG;Norte;Tombamento de Moto;0;0;0;2;0;0;0;0;0;0;0;1;0;0;0
22/07/2020;19:53:00;289;Acidente sem Vítimas;3,5;BR-040/GO;Sul;Colisão traseira;2;0;0;0;0;0;0;0;0;0;2;0;0;0;0
23/07/2020;00:00:00;1;Acidente sem Vítimas;7,8;BR-040/GO;Sul;Choque c/ Objeto Fixo;2;0;0;0;0;0;0;0;0;0;0;0;0;0;0
23/07/2020;06:52:00;118;Acidente sem Vítimas;524,25;BR-040/MG;Sul;Colisão traseira;3;0;0;0;0;0;0;0;0;0;0;0;0;0;0
23/07/2020;07:02:00;123;Acidente sem Vítimas;517,12;BR-040/MG;Norte;Choque c/ Objeto Fixo;1;0;0;0;0;1;0;0;0;0;0;0;0;0;0
23/07/2020;08:18:00;147;Acidente com Vítimas;5,4;BR-040/GO;Norte;Colisão lateral;0;0;0;1;1;0;0;0;0;0;3;0;0;0;0
23/07/2020;10:03:00;182;Acidente com Vítimas;530,5;BR-040/MG;Sul;Colisão lateral;0;0;0;1;1;1;0;0;0;0;1;1;0;0;0
23/07/2020;10:45:00;196;Acidente sem Vítimas;497,502;BR-040/MG;Sul;Tombamento;0;0;0;0;0;2;0;0;0;0;0;0;0;0;0
23/07/2020;16:34:00;280;Acidente sem Vítimas;328,3;BR-040/MG;Sul;Engavetamento;0;0;0;0;3;0;0;0;0;0;3;0;0;0;0
23/07/2020;19:17:00;321;Acidente com Vítimas;166,2;BR-040/MG;Norte;Atropelamento de Animal;1;0;0;0;0;0;0;0;0;0;0;2;0;0;0
23/07/2020;19:41:00;325;Acidente com Vítimas;536,2;BR-040/MG;Norte;Colisão traseira;1;0;0;1;0;0;0;0;0;0;1;0;1;0;0
23/07/2020;21:50:00;351;Acidente sem Vítimas;115,5;BR-040/GO;Sul;Atropelamento de Animal;0;0;0;0;0;1;0;0;0;0;0;0;0;0;0
23/07/2020;22:09:00;353;Acidente sem Vítimas;461,9;BR-040/MG;Norte;Choque c/ Objeto Fixo;1;0;0;0;0;0;0;0;0;0;1;0;0;0;0
23/07/2020;22:18:00;354;Acidente com Vítimas;10,4;BR-040/GO;Norte;Capotamento;1;0;0;0;0;2;0;0;0;0;0;1;0;1;0
24/07/2020;01:52:00;9;Acidente sem Vítimas;529,4;BR-040/MG;Norte;Choque c/ Objeto Fixo;2;0;0;0;0;0;0;0;0;0;2;0;0;0;0
24/07/2020;03:02:00;61;Acidente com Vítimas;518,2;BR-040/MG;Norte;Atropelamento de Andarilho;1;0;0;0;0;0;0;0;0;0;0;0;1;0;0
24/07/2020;03:52:00;73;Acidente com Vítimas;550,1;BR-040/MG;Norte;Capotamento;0;0;0;0;0;3;0;0;0;0;1;0;1;0;0
24/07/2020;08:09:00;147;Acidente com Vítimas;39,7;BR-040/MG;Norte;Colisão transversal;0;0;0;1;0;1;0;0;0;0;2;1;0;0;0
24/07/2020;11:21:00;195;Acidente sem Vítimas;756,8;BR-040/MG;Sul;Choque c/ Objeto Fixo;0;0;1;0;0;1;0;0;0;0;0;0;0;0;0
24/07/2020;15:01:00;238;Acidente com Vítimas;601,101;BR-040/MG;Norte;Colisão transversal;0;0;0;1;0;1;0;0;0;0;3;0;0;1;0
24/07/2020;15:45:00;253;Acidente com Vítimas;92,3;BR-040/GO;Sul;Colisão transversal;1;0;0;0;0;1;0;0;0;0;2;1;0;0;0
24/07/2020;17:38:00;268;Acidente sem Vítimas;37,6;BR-040/MG;Sul;Colisão frontal;0;0;0;0;0;3;0;0;0;0;1;0;0;0;0
24/07/2020;18:34:00;282;Acidente com Vítimas;52,2;BR-040/MG;Norte;Choque c/ Objeto Fixo;1;0;0;0;0;0;0;0;0;0;3;1;0;0;0
24/07/2020;18:58:00;291;Acidente sem Vítimas;536,9;BR-040/MG;Norte;Colisão traseira;1;0;0;0;0;1;0;0;0;0;2;0;0;0;0
24/07/2020;23:22:00;348;Acidente sem Vítimas;32,1;BR-040/MG;Sul;Atropelamento de Animal;1;0;0;0;0;0;0;0;0;0;1;0;0;0;0
25/07/2020;04:46:00;19;Acidente sem Vítimas;6,9;BR-040/GO;Norte;Colisão traseira;2;0;0;0;0;0;0;0;0;0;1;0;0;0;0
25/07/2020;07:30:00;37;Acidente com Vítimas;665,205;BR-040/MG;Sul;Colisão transversal;1;0;0;1;0;1;0;0;0;0;0;1;0;0;0
25/07/2020;07:33:00;38;Acidente sem Vítimas;748,36;BR-040/MG;Sul;Choque c/ Objeto Fixo;1;0;0;0;0;1;0;0;0;0;3;0;0;0;0
25/07/2020;08:27:00;49;Acidente com Vítimas;562,5;BR-040/MG;Sul;Colisão traseira;1;0;1;0;0;1;0;0;0;0;0;1;0;0;0
25/07/2020;09:12:00;58;Acidente sem Vítimas;523,7;BR-040/MG;Norte;Colisão lateral;1;0;1;0;0;1;0;0;0;0;2;0;0;0;0
25/07/2020;13:49:00;102;Acidente sem Vítimas;530,6;BR-040/MG;Sul;Colisão traseira;2;0;0;0;0;0;0;0;0;0;2;0;0;0;0
25/07/2020;13:49:00;103;Acidente sem Vítimas;3,12;BR-040/GO;Norte;Colisão traseira;1;0;0;0;0;1;0;0;0;0;2;0;0;0;0
25/07/2020;14:27:00;114;Acidente sem Vítimas;718,9;BR-040/MG;Sul;Choque c/ Objeto Fixo;1;0;0;0;0;1;0;0;0;0;1;0;0;0;0
25/07/2020;15:04:00;118;Acidente sem Vítimas;487,15;BR-040/MG;Norte;Choque c/ Objeto Fixo;0;0;0;0;1;0;0;0;0;0;0;0;0;0;0
25/07/2020;16:29:00;130;Acidente com Vítimas;660,4;BR-040/MG;Norte;Colisão traseira;0;0;0;0;0;2;0;0;0;0;0;0;0;0;0
25/07/2020;19:10:00;158;Acidente sem Vítimas;10,4;BR-040/GO;Norte;Choque c/ Objeto Fixo;1;0;0;0;0;0;0;0;0;0;0;0;0;0;0
25/07/2020;19:22:00;160;Acidente Fatal;600,4;BR-040/MG;Norte;Colisão frontal;2;0;1;0;0;0;0;0;0;0;3;0;0;0;1
25/07/2020;19:48:00;164;Acidente com Vítimas;514,15;BR-040/MG;Norte;Tombamento de Moto;0;0;0;1;0;1;0;0;0;0;1;1;0;0;0
25/07/2020;20:50:00;174;Acidente com Vítimas;489,26;BR-040/MG;Sul;Engavetamento;0;0;0;1;0;0;0;0;0;0;1;0;0;0;0
26/07/2020;02:55:00;18;Acidente sem Vítimas;2,3;BR-040/GO;Sul;Colisão traseira;2;0;0;0;0;0;0;0;0;0;2;0;0;0;0
26/07/2020;07:39:00;44;Acidente com Vítimas;1,3;BR-040/DF;Norte;Capotamento;1;0;0;0;0;0;0;0;0;0;2;0;0;0;0
26/07/2020;11:32:00;85;Acidente sem Vítimas;632,4;BR-040/MG;Sul;Engavetamento;3;0;0;0;0;1;0;0;0;0;3;0;0;0;0
26/07/2020;12:03:00;89;Acidente sem Vítimas;1,9;BR-040/GO;Norte;Engavetamento;2;0;0;0;1;1;0;0;0;0;4;0;0;0;0
26/07/2020;12:13:00;93;Acidente sem Vítimas;1,92;BR-040/GO;Norte;Colisão traseira;1;0;0;0;1;0;0;0;0;0;2;0;0;0;0
26/07/2020;14:30:00;112;Acidente com Vítimas;618,415;BR-040/MG;Sul;Capotamento;1;0;0;0;0;0;0;0;0;0;1;1;0;0;0
26/07/2020;16:15:00;137;Acidente com Vítimas;49,6;BR-040/GO;Sul;Choque c/ Objeto Fixo;1;0;0;0;0;0;0;0;0;0;1;2;0;0;0
26/07/2020;16:50:00;148;Acidente com Vítimas;463,5;BR-040/MG;Sul;Tombamento de Moto;0;0;0;1;0;0;0;0;0;0;0;1;0;0;0
26/07/2020;18:15:00;165;Acidente sem Vítimas;64,6;BR-040/MG;Sul;Choque c/ Objeto Fixo;1;0;0;0;0;0;0;0;0;0;0;0;0;0;0
26/07/2020;18:21:00;175;Acidente sem Vítimas;552,2;BR-040/MG;Norte;Engavetamento;1;0;0;0;0;2;0;0;0;0;2;0;0;0;0
26/07/2020;18:21:00;182;Acidente sem Vítimas;553,8;BR-040/MG;Norte;Colisão traseira;2;0;0;0;0;0;0;0;0;0;2;0;0;0;0
26/07/2020;18:51:00;183;Acidente com Vítimas;280,8;BR-040/MG;Sul;Colisão traseira;1;0;1;0;0;0;0;0;0;0;1;0;0;0;0
26/07/2020;19:39:00;197;Acidente com Vítimas;1,8;BR-040/GO;Norte;Atropelamento de Ciclista;1;1;0;0;0;0;0;0;0;0;4;0;1;0;0
26/07/2020;20:14:00;206;Acidente com Vítimas;7,8;BR-040/GO;Norte;Colisão traseira;2;0;0;0;0;0;0;0;0;0;2;1;0;0;0
26/07/2020;21:17:00;224;Acidente sem Vítimas;19,5;BR-040/GO;Norte;Colisão traseira;3;0;0;0;0;0;0;0;0;0;5;0;0;0;0
27/07/2020;06:20:00;100;Acidente sem Vítimas;543,1;BR-040/MG;Sul;Colisão traseira;0;0;0;2;0;1;0;0;0;0;2;0;0;0;0
27/07/2020;06:24:00;99;Acidente com Vítimas;4,3;BR-040/DF;Norte;Colisão lateral;0;0;0;2;1;0;0;0;0;0;1;1;0;0;0
27/07/2020;06:30:00;101;Acidente sem Vítimas;464,1;BR-040/MG;Norte;Capotamento;1;0;0;0;0;0;0;0;0;0;1;1;3;0;0
27/07/2020;07:38:00;123;Acidente sem Vítimas;511,12;BR-040/MG;Sul;Outros;2;0;0;0;0;1;0;0;0;0;0;0;0;0;0
27/07/2020;07:50:00;124;Acidente sem Vítimas;655,2;BR-040/MG;Sul;Choque c/ Objeto Fixo;1;0;0;0;0;1;0;0;0;0;1;0;0;0;0
27/07/2020;08:26:00;142;Acidente com Vítimas;1,7;BR-040/GO;Sul;Colisão lateral;2;0;1;0;0;0;0;0;0;0;2;0;1;0;0
27/07/2020;08:42:00;155;Acidente com Vítimas;717,5;BR-040/MG;Norte;Choque c/ Objeto Fixo;1;0;0;0;0;0;0;0;0;0;0;0;0;0;0
27/07/2020;09:11:00;164;Acidente sem Vítimas;660,9;BR-040/MG;Norte;Capotamento;1;0;0;0;0;0;0;0;0;0;1;0;0;0;0
27/07/2020;09:53:00;173;Acidente sem Vítimas;738,5;BR-040/MG;Norte;Choque c/ Objeto Fixo;1;0;0;0;0;1;0;0;0;0;1;0;0;0;0
27/07/2020;10:01:00;180;Acidente sem Vítimas;717,1;BR-040/MG;Norte;Choque c/ Objeto Fixo;1;0;0;0;0;0;0;0;0;0;1;0;0;0;0
27/07/2020;10:28:00;194;Acidente sem Vítimas;730,1;BR-040/MG;Norte;Choque c/ Objeto Fixo;1;0;0;0;0;0;0;0;0;0;1;0;0;0;0
27/07/2020;10:40:00;193;Acidente com Vítimas;78,2;BR-040/GO;Sul;Tombamento de Moto;0;0;0;1;0;0;0;0;0;0;1;1;0;0;0
27/07/2020;12:00:00;216;Acidente sem Vítimas;714,15;BR-040/MG;Norte;Colisão traseira;1;0;0;1;0;0;0;0;0;0;2;0;0;0;0
27/07/2020;12:01:00;213;Acidente sem Vítimas;734,9;BR-040/MG;Norte;Choque c/ Objeto Fixo;1;0;0;0;0;0;0;0;0;0;1;0;0;0;0
27/07/2020;13:33:00;237;Acidente sem Vítimas;717,5;BR-040/MG;Norte;Choque c/ Objeto Fixo;1;0;0;0;0;0;0;0;0;0;1;0;0;0;0
27/07/2020;13:44:00;238;Acidente com Vítimas;350,7;BR-040/MG;Norte;Engavetamento;1;0;1;0;1;0;0;0;0;0;3;0;0;0;0
27/07/2020;14:42:00;258;Acidente sem Vítimas;594,1;BR-040/MG;Sul;Colisão traseira;1;0;0;0;0;1;0;0;0;0;1;0;0;0;0
27/07/2020;17:44:00;297;Acidente com Vítimas;634,15;BR-040/MG;Norte;Tombamento de Moto;0;0;0;1;0;0;0;0;0;0;0;0;1;0;0
27/07/2020;21:08:00;334;Acidente sem Vítimas;0,5;BR-040/DF;Sul;Choque c/ Objeto Fixo;2;0;0;0;0;2;0;0;0;0;1;0;0;0;0
27/07/2020;22:19:00;345;Acidente sem Vítimas;652,3;BR-040/MG;Sul;Colisão transversal;2;0;0;0;0;1;0;0;0;0;2;0;1;0;0
28/07/2020;01:35:00;50;Acidente sem Vítimas;597,2;BR-040/MG;Sul;Choque com objeto;1;0;0;0;0;0;0;0;0;0;1;0;0;0;0
28/07/2020;07:00:00;111;Acidente sem Vítimas;6,3;BR-040/GO;Norte;Colisão lateral;0;0;0;1;0;1;0;0;0;0;2;1;0;0;0
28/07/2020;08:53:00;154;Acidente sem Vítimas;518,992;BR-040/MG;Sul;Colisão traseira;1;0;0;0;0;1;0;0;0;0;2;0;0;0;0
28/07/2020;14:10:00;224;Acidente com Vítimas;5,5;BR-040/DF;Sul;Atropelamento de Pedestre;1;1;0;0;0;1;0;0;0;0;2;0;0;0;0
28/07/2020;17:11:00;261;Acidente sem Vítimas;730,326;BR-040/MG;Norte;Choque c/ Objeto Fixo;0;0;0;1;0;0;0;0;0;0;1;0;0;0;0
28/07/2020;19:08:00;279;Acidente com Vítimas;627,2;BR-040/MG;Norte;Colisão transversal;2;0;0;0;0;1;0;0;0;0;1;0;0;0;0
28/07/2020;21:35:00;305;Acidente com Vítimas;40,4;BR-040/MG;Norte;Tombamento de Moto;0;0;0;1;0;0;0;0;0;0;1;1;0;0;0
28/07/2020;23:08:00;318;Acidente sem Vítimas;709,6;BR-040/MG;Sul;Choque c/ Objeto Fixo;1;0;0;0;0;0;0;0;0;0;1;0;0;0;0
29/07/2020;06:20:00;88;Acidente com Vítimas;12,3;BR-040/GO;Sul;Colisão traseira;2;0;0;0;0;0;0;0;0;0;2;1;0;0;0
29/07/2020;07:03:00;99;Acidente sem Vítimas;7,2;BR-040/GO;Norte;Atropelamento de Animal;2;0;0;0;0;1;0;0;0;0;2;0;0;0;0
29/07/2020;09:11:00;120;Acidente sem Vítimas;601,21;BR-040/MG;Sul;Tombamento;0;0;0;0;0;2;0;0;0;0;0;0;0;0;0
29/07/2020;14:23:00;174;Acidente sem Vítimas;601,23;BR-040/MG;Norte;Colisão traseira;0;0;1;1;0;0;0;0;0;0;0;0;0;0;0
29/07/2020;15:22:00;183;Acidente sem Vítimas;2,2;BR-040/DF;Norte;Colisão traseira;1;0;0;1;0;0;0;0;0;0;2;0;0;0;0
29/07/2020;16:59:00;200;Acidente sem Vítimas;541,9;BR-040/MG;Norte;Colisão traseira;2;0;0;0;0;0;0;0;0;0;4;0;0;0;0
29/07/2020;18:20:00;207;Acidente sem Vítimas;547,3;BR-040/MG;Norte;Colisão lateral;1;0;0;0;0;1;0;0;0;0;1;1;0;0;0
29/07/2020;18:44:00;211;Acidente sem Vítimas;545,5;BR-040/MG;Norte;Engavetamento;4;0;0;0;0;0;0;0;0;0;3;0;0;0;0
29/07/2020;19:59:00;232;Acidente com Vítimas;602,35;BR-040/MG;Norte;Colisão traseira;1;0;0;0;1;1;0;0;0;0;1;0;1;0;0
29/07/2020;21:42:00;249;Acidente sem Vítimas;646,1;BR-040/MG;Norte;Choque c/ Objeto Fixo;0;0;0;0;0;1;0;0;0;0;1;0;0;0;0
30/07/2020;04:15:00;94;Acidente sem Vítimas;147,4;BR-040/MG;Norte;Colisão traseira;1;0;0;0;0;1;0;0;0;0;3;0;0;0;0