data;horario;n_da_ocorrencia;tipo_de_ocorrencia;km;trecho;sentido;tipo_de_acidente;automovel;bicicleta;caminhao;moto;onibus;outros;tracao_animal;transporte_de_cargas_especiais;trator_maquinas;utilitarios;ilesos;levemente_feridos;moderadamente_feridos;gravemente_feridos;mortos
30/07/2020;07:10:00;121;Acidente sem Vítimas;632,5;BR-040/MG;Sul;Colisão transversal;1;0;0;0;0;1;0;0;0;0;2;0;0;0;0
30/07/2020;09:10:00;150;Acidente sem Vítimas;341,6;BR-040/MG;Sul;Colisão traseira;2;0;0;0;0;0;0;0;0;0;6;0;0;0;0
30/07/2020;11:46:00;186;Acidente sem Vítimas;728,2;BR-040/MG;Sul;Capotamento;1;0;0;0;0;0;0;0;0;0;1;0;0;0;0
30/07/2020;14:58:00;226;Acidente sem Vítimas;11,6;BR-040/GO;Sul;Engavetamento;3;0;0;0;0;0;0;0;0;0;3;0;0;0;0
30/07/2020;19:13:00;283;Acidente sem Vítimas;509,2;BR-040/MG;Norte;Choque c/ Objeto Fixo;1;0;0;0;0;1;0;0;0;0;1;0;0;0;0
01/03/2020;03:15:00;15;Acidente sem Vítimas;509,3;BR-040/MG;Sul;Colisão traseira;3;0;0;0;0;0;0;0;0;0;4;1;0;0;0
01/03/2020;03:55:00;20;Acidente sem Vítimas;522,15;BR-040/MG;Norte;Atropelamento de Animal;0;0;1;0;0;0;0;0;0;0;1;0;0;0;0
01/03/2020;04:08:00;19;Acidente com Vítimas;614,4;BR-040/MG;Norte;Capotamento;1;0;0;0;0;0;0;0;0;0;0;1;0;0;0
01/03/2020;07:48:00;42;Acidente sem Vítimas;751,3;BR-040/MG;Sul;Capotamento;1;0;0;0;0;0;0;0;0;0;1;0;0;0;0
01/03/2020;13:11:00;110;Acidente sem Vítimas;403,16;BR-040/MG;Sul;Colisão frontal;0;0;1;0;1;0;0;0;0;0;2;0;0;0;0
01/03/2020;13:19:00;116;Acidente com Vítimas;462,9;BR-040/MG;Sul;Colisão traseira;1;0;0;0;1;0;0;0;0;0;2;1;2;0;0
01/03/2020;13:19:00;118;Acidente sem Vítimas;466,3;BR-040/MG;Norte;Choque c/ Objeto Fixo;1;0;0;0;0;1;0;0;0;0;1;0;0;0;0
01/03/2020;14:10:00;128;Acidente com Vítimas;135,2;BR-040/GO;Sul;Capotamento;1;0;0;0;0;0;0;0;0;0;2;1;0;0;0
01/03/2020;14:47:00;133;Acidente sem Vítimas;133,6;BR-040/GO;Norte;Tombamento;0;0;0;0;0;0;0;0;0;1;2;0;0;0;0
01/03/2020;15:04:00;137;Acidente com Vítimas;22,314;BR-040/MG;Norte;Choque c/ Objeto Fixo;1;0;0;0;0;0;0;0;0;0;2;1;0;0;0
01/03/2020;15:15:00;141;Acidente com Vítimas;523,4;BR-040/MG;Sul;Engavetamento;0;0;1;0;2;0;0;0;0;0;2;0;1;0;0
01/03/2020;16:15:00;154;Acidente sem Vítimas;750,15;BR-040/MG;Norte;Choque c/ Objeto Fixo;1;0;0;0;0;1;0;0;0;0;0;0;0;0;0
01/03/2020;16:30:00;160;Acidente Fatal;735,1;BR-040/MG;Sul;Colisão frontal;1;0;0;1;0;0;0;0;0;0;3;0;0;0;1
01/03/2020;16:55:00;164;Acidente sem Vítimas;458,6;BR-040/MG;Norte;Colisão traseira;2;0;0;0;0;0;0;0;0;0;2;0;0;0;0
01/03/2020;17:03:00;165;Acidente sem Vítimas;531,3;BR-040/MG;Norte;Choque c/ Objeto Fixo;2;0;0;0;0;0;0;0;0;0;1;0;0;0;0
01/03/2020;17:15:00;167;Acidente sem Vítimas;615,3;BR-040/MG;Sul;Capotamento;2;0;0;0;0;1;0;0;0;0;2;0;0;0;0
01/03/2020;18:30:00;185;Acidente sem Vítimas;511,25;BR-040/MG;Sul;Colisão traseira;3;0;0;0;0;0;0;0;0;0;2;0;0;0;0
01/03/2020;21:33:00;234;Acidente sem Vítimas;275,4;BR-040/MG;Sul;Choque c/ Objeto Fixo;1;0;0;0;0;1;0;0;0;0;1;0;1;0;0
01/03/2020;22:34:00;247;Acidente sem Vítimas;625,3;BR-040/MG;Norte;Choque c/ Objeto Fixo;1;0;0;0;0;0;0;0;0;0;1;0;0;0;0
02/03/2020;00:13:00;3;Acidente sem Vítimas;520,3;BR-040/MG;Norte;Choque c/ Objeto Fixo;2;0;0;0;0;0;0;0;0;0;1;0;0;0;0
02/03/2020;04:34:00;71;Acidente sem Vítimas;7,4;BR-040/DF;Norte;Colisão traseira;0;0;1;1;0;1;0;0;0;0;2;0;0;0;0
02/03/2020;05:12:00;99;Acidente sem Vítimas;475,5;BR-040/MG;Norte;Choque c/ Objeto Fixo;2;0;0;0;0;0;0;0;0;0;1;0;0;0;0
02/03/2020;05:48:00;104;Acidente sem Vítimas;506,5;BR-040/MG;Sul;Choque c/ Objeto Fixo;1;0;0;0;0;0;0;0;0;0;1;0;0;0;0
02/03/2020;07:15:00;137;Acidente sem Vítimas;717,8;BR-040/MG;Norte;Choque c/ Objeto Fixo;0;0;0;0;0;2;0;0;0;0;1;0;0;0;0
02/03/2020;08:16:00;160;Acidente sem Vítimas;544,1;BR-040/MG;Norte;Engavetamento;1;0;0;1;0;1;0;0;0;0;3;0;0;0;0
02/03/2020;08:20:00;162;Acidente sem Vítimas;2,354;BR-040/GO;Sul;Engavetamento;4;0;0;0;0;0;0;0;0;0;0;0;0;0;0
02/03/2020;08:34:00;169;Acidente sem Vítimas;590,15;BR-040/MG;Norte;Choque c/ Objeto Fixo;1;0;0;0;0;1;0;0;0;0;0;0;0;0;0
02/03/2020;08:36:00;170;Acidente com Vítimas;750,15;BR-040/MG;Norte;Tombamento de Moto;0;0;0;1;0;2;0;0;0;0;0;1;0;0;0
02/03/2020;08:46:00;177;Acidente sem Vítimas;521,1;BR-040/MG;Norte;Choque c/ Objeto Fixo;1;0;0;0;0;1;0;0;0;0;2;0;0;0;0
02/03/2020;08:58:00;181;Acidente sem Vítimas;95,8;BR-040/MG;Sul;Colisão lateral;1;0;0;0;0;1;0;0;0;0;2;0;0;0;0
02/03/2020;09:00:00;184;Acidente sem Vítimas;41,5;BR-040/MG;Sul;Colisão transversal;2;0;0;0;0;1;0;0;0;0;2;0;0;0;0
02/03/2020;09:24:00;188;Acidente com Vítimas;0,25;BR-040/DF;Norte;Tombamento de Moto;0;0;0;1;1;1;0;0;0;0;3;1;0;0;0
02/03/2020;12:00:00;224;Acidente com Vítimas;124,5;BR-040/MG;Sul;Choque c/ Objeto Fixo;1;0;0;0;0;0;0;0;0;0;0;1;0;0;0
02/03/2020;12:36:00;232;Acidente com Vítimas;594,3;BR-040/MG;Sul;Colisão transversal;1;0;0;0;1;1;0;0;0;0;0;0;0;1;0
02/03/2020;14:15:00;253;Acidente sem Vítimas;661,85;BR-040/MG;Norte;Choque c/ Objeto Fixo;1;0;0;0;0;1;0;0;0;0;0;0;0;0;0
02/03/2020;15:19:00;267;Acidente sem Vítimas;451,9;BR-040/MG;Sul;Tombamento;0;0;0;0;0;1;0;0;0;0;0;0;0;0;0
02/03/2020;17:01:00;294;Acidente sem Vítimas;558,1;BR-040/MG;Norte;Capotamento;1;0;0;0;0;0;0;0;0;0;0;0;0;0;0
02/03/2020;17:17:00;299;Acidente sem Vítimas;577,15;BR-040/MG;Norte;Capotamento;1;0;0;0;1;0;0;0;0;0;2;0;0;0;0
02/03/2020;19:04:00;313;Acidente sem Vítimas;6,9;BR-040/DF;Sul;Colisão traseira;2;0;0;0;0;0;0;0;0;0;2;0;0;0;0
03/03/2020;00:37:00;2;Acidente sem Vítimas;1,9;BR-040/GO;Sul;Queda Veículo;1;0;0;0;0;0;0;0;0;0;2;0;0;0;0
03/03/2020;05:56:00;104;Acidente sem Vítimas;521,15;BR-040/MG;Sul;Engavetamento;3;1;0;0;0;0;0;0;0;0;5;0;0;0;0
03/03/2020;06:18:00;106;Acidente sem Vítimas;99,25;BR-040/GO;Norte;Choque c/ Objeto Fixo;1;0;0;0;0;0;0;0;0;0;1;0;0;0;0
03/03/2020;06:39:00;109;Acidente Fatal;501,1;BR-040/MG;Norte;Tombamento;0;0;1;0;0;0;0;0;0;0;0;0;0;0;1
03/03/2020;07:18:00;130;Acidente sem Vítimas;696,1;BR-040/MG;Norte;Colisão lateral;1;0;0;0;0;1;0;0;0;0;1;0;0;0;0
03/03/2020;07:22:00;126;Acidente com Vítimas;5,8;BR-040/DF;Norte;Colisão lateral;1;0;0;1;0;1;0;0;0;0;2;2;0;0;0
03/03/2020;08:04:00;135;Acidente sem Vítimas;5,8;BR-040/DF;Norte;Colisão lateral;1;0;0;0;0;1;0;0;0;0;2;0;0;0;0
03/03/2020;09:20:00;162;Acidente sem Vítimas;711,7;BR-040/MG;Sul;Colisão lateral;0;0;0;2;0;0;0;0;0;0;1;0;0;0;0
03/03/2020;12:25:00;207;Acidente sem Vítimas;622;BR-040/MG;Norte;Outros;1;0;0;0;0;1;0;0;0;0;2;0;0;0;0
03/03/2020;15:29:00;243;Acidente sem Vítimas;62,485;BR-040/GO;Norte;Choque c/ Objeto Fixo;1;0;0;0;0;0;0;0;0;0;1;0;0;0;0
03/03/2020;15:53:00;247;Acidente com Vítimas;473,2;BR-040/MG;Sul;Choque c/ Objeto Fixo;0;0;0;0;1;0;0;0;0;0;0;1;0;0;0
03/03/2020;16:28:00;259;Acidente sem Vítimas;617;BR-040/MG;Sul;Colisão lateral;1;0;0;0;0;1;0;0;0;0;2;0;0;0;0
03/03/2020;17:16:00;274;Acidente sem Vítimas;455,1;BR-040/MG;Norte;Capotamento;1;0;0;0;0;0;0;0;0;0;2;0;0;0;0
03/03/2020;17:34:00;283;Acidente com Vítimas;666,6;BR-040/MG;Sul;Tombamento de Moto;0;0;0;1;0;1;0;0;0;0;0;1;0;0;0
03/03/2020;17:56:00;287;Acidente sem Vítimas;3,2;BR-040/MG;Norte;Tombamento de Moto;0;0;0;0;0;0;0;0;0;0;0;0;0;0;0
03/03/2020;18:10:00;290;Acidente com Vítimas;5,2;BR-040/GO;Norte;Tombamento de Moto;1;0;0;1;0;0;0;0;0;0;0;1;0;0;0
03/03/2020;18:35:00;300;Acidente com Vítimas;3,15;BR-040/GO;Norte;Colisão traseira;0;0;0;1;0;1;0;0;0;0;0;1;0;0;0
03/03/2020;19:13:00;309;Acidente sem Vítimas;563,1;BR-040/MG;Norte;Colisão traseira;1;0;0;0;1;0;0;0;0;0;2;0;0;0;0
03/03/2020;19:21:00;311;Acidente Fatal;512,9;BR-040/MG;Norte;Colisão lateral;0;0;0;1;0;2;0;0;0;0;1;0;0;0;1
03/03/2020;20:22:00;329;Acidente sem Vítimas;762,8;BR-040/MG;Sul;Choque c/ Objeto Fixo;1;0;0;0;0;0;0;0;0;0;0;0;0;0;0
03/03/2020;21:54:00;352;Acidente sem Vítimas;551,1;BR-040/MG;Sul;Choque com objeto;2;0;0;0;0;1;0;0;0;0;2;0;0;0;0
03/03/2020;22:03:00;354;Acidente sem Vítimas;510,1;BR-040/MG;Norte;Outros;1;0;0;0;0;0;0;0;0;0;2;0;0;0;0
03/03/2020;23:08:00;363;Acidente sem Vítimas;577,5;BR-040/MG;Norte;Colisão lateral;0;0;0;0;1;1;0;0;0;0;2;0;0;0;0
04/03/2020;08:05:00;148;Acidente sem Vítimas;462,1;BR-040/MG;Sul;Choque c/ Objeto Fixo;1;0;0;0;0;0;0;0;0;0;5;0;0;0;0
04/03/2020;08:30:00;158;Acidente com Vítimas;43,15;BR-040/GO;Norte;Choque c/ Objeto Fixo;1;0;0;0;0;1;0;0;0;0;0;1;0;0;0
04/03/2020;08:45:00;161;Acidente com Vítimas;9,5;BR-040/GO;Norte;Tombamento de Moto;0;0;0;1;0;0;0;0;0;0;0;1;0;0;0
04/03/2020;11:35:00;211;Acidente com Vítimas;526,1;BR-040/MG;Norte;Colisão traseira;0;0;1;1;0;0;0;0;0;0;1;0;1;0;0
04/03/2020;17:43:00;325;Acidente com Vítimas;5,4;BR-040/GO;Sul;Colisão transversal;2;0;0;0;0;0;0;0;0;0;4;0;1;0;0
04/03/2020;19:15:00;351;Acidente sem Vítimas;360,2;BR-040/MG;Sul;Colisão traseira;0;0;1;0;0;1;0;0;0;0;2;0;0;0;0
04/03/2020;20:26:00;377;Acidente com Vítimas;534,1;BR-040/MG;Norte;Engavetamento;0;0;0;0;0;3;0;0;0;0;0;0;0;0;0
05/03/2020;00:36:00;32;Acidente sem Vítimas;473,2;BR-040/MG;Norte;Choque c/ Objeto Fixo;1;0;0;0;1;0;0;0;0;0;2;0;0;0;0
05/03/2020;06:16:00;127;Acidente sem Vítimas;511,4;BR-040/MG;Sul;Colisão transversal;2;0;0;0;0;1;0;0;0;0;2;0;0;0;0
05/03/2020;06:56:00;164;Acidente sem Vítimas;517,61;BR-040/MG;Sul;Tombamento de Moto;0;0;0;1;0;1;0;0;0;0;1;0;0;0;0
05/03/2020;07:54:00;183;Acidente com Vítimas;515,3;BR-040/MG;Sul;Colisão traseira;1;0;0;1;1;1;0;0;0;0;3;1;0;0;0
05/03/2020;08:49:00;206;Acidente com Vítimas;711,5;BR-040/MG;Norte;Atropelamento de Pedestre;0;5;0;0;0;0;0;0;0;0;0;1;1;0;0
05/03/2020;15:55:00;319;Acidente sem Vítimas;69,9;BR-040/MG;Sul;Choque c/ Objeto Fixo;1;0;0;0;0;0;0;0;0;0;2;0;0;0;0
05/03/2020;17:19:00;342;Acidente sem Vítimas;695,15;BR-040/MG;Sul;Choque c/ Objeto Fixo;1;0;0;0;0;0;0;0;0;0;2;0;0;0;0
05/03/2020;18:20:00;355;Acidente com Vítimas;8,5;BR-040/GO;Norte;Atropelamento de Pedestre;1;0;0;0;0;0;0;0;0;0;2;0;1;0;0
05/03/2020;18:47:00;362;Acidente sem Vítimas;738,5;BR-040/MG;Sul;Atropelamento de Pedestre;1;0;0;0;0;0;0;0;0;0;2;1;0;0;0
05/03/2020;19:12:00;370;Acidente Fatal;499,5;BR-040/MG;Sul;Atropelamento de Pedestre;1;0;0;0;0;1;0;0;0;0;2;0;0;0;1
05/03/2020;22:09:00;407;Acidente com Vítimas;100,9;BR-040/GO;Norte;Colisão frontal;1;0;0;0;1;0;0;0;0;0;2;1;1;0;0
05/03/2020;23:49:00;418;Acidente sem Vítimas;531,8;BR-040/MG;Norte;Atropelamento de Animal;1;0;0;0;0;0;0;0;0;0;1;0;0;0;0
06/03/2020;00:41:00;9;Acidente sem Vítimas;37,4;BR-040/GO;Sul;Capotamento;1;0;0;0;0;0;0;0;0;0;1;0;0;0;0
06/03/2020;06:02:00;95;Acidente sem Vítimas;710,658;BR-040/MG;Norte;Choque c/ Objeto Fixo;1;0;0;0;0;0;0;0;0;0;1;0;0;0;0
06/03/2020;06:31:00;99;Acidente sem Vítimas;710,658;BR-040/MG;Norte;Choque c/ Objeto Fixo;0;0;1;0;0;0;0;0;0;0;1;0;0;0;0
06/03/2020;06:51:00;101;Acidente sem Vítimas;714,24;BR-040/MG;Sul;Colisão traseira;2;0;0;0;0;0;0;0;0;0;8;0;0;0;0
06/03/2020;07:03:00;104;Acidente com Vítimas;43,2;BR-040/MG;Sul;Colisão transversal;0;0;0;1;0;1;0;0;0;0;0;1;0;0;0
06/03/2020;07:34:00;122;Acidente sem Vítimas;447,7;BR-040/MG;Norte;Choque c/ Objeto Fixo;1;0;0;0;0;0;0;0;0;0;2;0;0;0;0
06/03/2020;14:23:00;221;Acidente com Vítimas;538,4;BR-040/MG;Norte;Colisão traseira;1;0;0;0;1;1;0;0;0;0;2;0;4;0;0
06/03/2020;15:25:00;235;Acidente com Vítimas;52,5;BR-040/GO;Norte;Capotamento;1;0;0;0;0;0;0;0;0;0;0;1;0;0;0
06/03/2020;16:55:00;264;Acidente sem Vítimas;68,3;BR-040/GO;Sul;Capotamento;1;0;1;0;0;1;0;0;0;0;0;0;0;0;0
06/03/2020;17:01:00;265;Acidente com Vítimas;10,15;BR-040/GO;Norte;Colisão traseira;2;0;0;0;0;0;0;0;0;0;4;0;0;0;0
06/03/2020;17:09:00;266;Acidente sem Vítimas;524,3;Fora_Rota;Sul;Colisão traseira;0;0;0;0;0;0;0;0;0;0;0;0;0;0;0
06/03/2020;17:56:00;272;Acidente sem Vítimas;25,5;BR-040/MG;Norte;Capotamento;1;0;0;0;0;0;0;0;0;0;1;4;0;0;0
06/03/2020;18:12:00;277;Acidente sem Vítimas;587,2;BR-040/MG;Sul;Choque c/ Objeto Fixo;1;0;0;0;0;1;0;0;0;0;1;0;0;0;0
06/03/2020;19:43:00;306;Acidente com Vítimas;534,9;BR-040/MG;Norte;Tombamento de Moto;1;0;0;1;0;0;0;0;0;0;1;1;0;0;0
06/03/2020;19:57:00;307;Acidente sem Vítimas;448,15;BR-040/MG;Norte;Choque c/ Objeto Fixo;1;0;0;0;0;0;0;0;0;0;4;0;0;0;0
06/03/2020;23:17:00;352;Acidente sem Vítimas;276,5;BR-040/MG;Norte;Colisão frontal;2;0;0;0;0;1;0;0;0;0;2;0;0;0;0
07/03/2020;02:37:00;20;Acidente sem Vítimas;43,5;BR-040/MG;Norte;Colisão frontal;2;0;0;0;0;0;0;0;0;0;2;0;1;0;0
07/03/2020;15:22:00;227;Acidente sem Vítimas;2,8;BR-040/GO;Norte;Colisão lateral;1;0;0;1;0;0;0;0;0;0;3;0;0;0;0
07/03/2020;16:14:00;244;Acidente com Vítimas;5,6;BR-040/GO;Sul;Colisão lateral;1;0;0;1;0;1;0;0;0;0;2;1;0;0;0
07/03/2020;16:23:00;245;Acidente sem Vítimas;568,8;BR-040/MG;Sul;Choque com objeto;1;0;0;0;0;0;0;0;0;0;4;0;0;0;0
07/03/2020;17:22:00;256;Acidente sem Vítimas;9,7;BR-040/GO;Norte;Colisão transversal;0;0;2;0;0;0;0;0;0;0;2;0;0;0;0
07/03/2020;17:26:00;262;Acidente sem Vítimas;5,6;BR-040/GO;Norte;Colisão traseira;2;0;0;0;0;0;0;0;0;0;2;0;0;0;0
07/03/2020;20:14:00;297;Acidente com Vítimas;20,95;BR-040/GO;Norte;Choque c/ Objeto Fixo;0;0;0;0;0;1;0;0;0;0;5;3;0;0;0
07/03/2020;20:29:00;299;Acidente sem Vítimas;30,3;BR-040/GO;Norte;Choque c/ Objeto Fixo;1;0;0;0;0;0;0;0;0;0;0;0;0;0;0
07/03/2020;21:21:00;307;Acidente sem Vítimas;462,2;BR-040/MG;Sul;Atropelamento de Animal;1;0;0;0;0;0;0;0;0;0;2;0;0;0;0
07/03/2020;22:52:00;321;Acidente sem Vítimas;524,1;BR-040/MG;Sul;Atropelamento de Animal;1;0;0;0;0;0;0;0;0;0;2;0;0;0;0
07/03/2020;23:41:00;330;Acidente com Vítimas;26,1;BR-040/GO;Sul;Tombamento de Moto;0;0;0;1;0;0;0;0;0;0;0;0;0;0;0
08/03/2020;07:17:00;39;Acidente sem Vítimas;425,1;BR-040/MG;Norte;Choque c/ Objeto Fixo;0;0;0;0;0;2;0;0;0;0;2;0;0;0;0
08/03/2020;11:02:00;100;Acidente sem Vítimas;574,1;BR-040/MG;Sul;Colisão frontal;1;0;0;0;0;0;0;0;0;1;0;1;1;3;0
08/03/2020;12:28:00;109;Acidente com Vítimas;512,1;BR-040/MG;Norte;Colisão traseira;1;0;0;1;0;0;0;0;0;0;1;1;0;0;0
08/03/2020;12:57:00;116;Acidente com Vítimas;605,4;BR-040/MG;Sul;Choque c/ Objeto Fixo;2;0;0;0;0;0;0;0;0;0;0;1;0;0;0
08/03/2020;13:45:00;126;Acidente com Vítimas;12,4;BR-040/GO;Sul;Colisão lateral;0;0;0;0;0;2;0;0;0;0;1;0;1;0;0
08/03/2020;16:40:00;159;Acidente com Vítimas;563,1;BR-040/MG;Norte;Tombamento;1;0;0;1;0;0;0;0;0;0;2;1;1;0;0
08/03/2020;19:34:00;216;Acidente sem Vítimas;707,7;BR-040/MG;Sul;Atropelamento de Animal;1;0;0;0;0;0;0;0;0;0;2;0;0;0;0
08/03/2020;19:49:00;226;Acidente sem Vítimas;624,5;BR-040/MG;Norte;Choque c/ Objeto Fixo;0;0;1;0;0;0;0;0;0;0;2;0;0;0;0
08/03/2020;20:00:00;233;Acidente sem Vítimas;535,2;BR-040/MG;Norte;Colisão traseira;2;0;0;0;0;0;0;0;0;0;2;0;0;0;0
08/03/2020;21:21:00;248;Acidente com Vítimas;509,2;BR-040/MG;Sul;Atropelamento de Pedestre;0;0;0;1;0;0;0;0;0;0;1;0;1;0;0
08/03/2020;21:22:00;249;Acidente sem Vítimas;667,7;BR-040/MG;Sul;Atropelamento de Animal;1;0;0;0;0;0;0;0;0;0;3;0;0;0;0
09/03/2020;03:00:00;102;Acidente com Vítimas;105,15;BR-040/GO;Sul;Capotamento;1;0;0;0;0;1;0;0;0;0;0;2;0;0;0
09/03/2020;04:16:00;105;Acidente sem Vítimas;539,2;BR-040/MG;Sul;Choque c/ Objeto Fixo;0;0;0;0;0;1;0;0;0;0;1;0;0;0;0
09/03/2020;06:09:00;116;Acidente com Vítimas;523,278;BR-040/MG;Sul;Tombamento de Moto;0;0;1;1;0;0;0;0;0;0;2;1;0;0;0
09/03/2020;07:15:00;127;Acidente com Vítimas;17,15;BR-040/GO;Norte;Tombamento;0;0;1;0;0;0;0;0;0;0;0;0;0;0;0
09/03/2020;07:22:00;132;Acidente sem Vítimas;572,5;BR-040/MG;Sul;Colisão lateral;3;0;0;0;0;1;0;0;0;0;3;0;0;0;0
09/03/2020;13:39:00;248;Acidente sem Vítimas;545,9;BR-040/MG;Sul;Capotamento;1;0;0;0;0;1;0;0;0;0;0;0;0;0;0
09/03/2020;15:06:00;270;Acidente sem Vítimas;544,2;BR-040/MG;Norte;Capotamento;1;0;0;0;1;1;0;0;0;0;2;0;0;0;0
09/03/2020;15:19:00;273;Acidente com Vítimas;2,3;BR-040/GO;Norte;Colisão lateral;1;0;0;2;0;0;0;0;0;0;0;2;0;0;0
09/03/2020;20:06:00;345;Acidente com Vítimas;522,1;BR-040/MG;Norte;Colisão lateral;2;0;1;0;0;0;0;0;0;0;5;2;0;0;0
09/03/2020;21:58:00;358;Acidente com Vítimas;12,5;BR-040/GO;Sul;Colisão traseira;0;0;0;0;0;0;0;0;0;0;0;1;0;0;0
09/03/2020;22:17:00;362;Acidente com Vítimas;485,5;BR-040/MG;Norte;Colisão traseira;1;0;0;0;0;0;0;0;0;0;0;0;1;1;0
10/03/2020;00:07:00;2;Acidente sem Vítimas;583,95;BR-040/MG;Norte;Choque c/ Objeto Fixo;1;0;0;0;0;0;0;0;0;0;1;0;0;0;0
10/03/2020;08:26:00;132;Acidente sem Vítimas;535,1;BR-040/MG;Sul;Engavetamento;1;0;0;0;0;2;0;0;0;0;2;0;0;0;0
10/03/2020;11:59:00;196;Acidente sem Vítimas;492,1;BR-040/MG;Norte;Engavetamento;1;0;0;0;3;1;0;0;0;0;5;0;0;0;0
10/03/2020;12:20:00;202;Acidente com Vítimas;12,35;BR-040/GO;Sul;Atropelamento de Ciclista;1;1;0;0;0;0;0;0;0;0;0;2;0;0;0
10/03/2020;14:05:00;227;Acidente com Vítimas;525,2;BR-040/MG;Norte;Colisão traseira;1;0;0;0;0;1;0;0;0;0;1;0;0;0;0
10/03/2020;14:35:00;233;Acidente com Vítimas;557,1;BR-040/MG;Norte;Outros;0;0;0;1;0;0;0;0;0;0;1;0;0;0;0
10/03/2020;15:46:00;250;Acidente sem Vítimas;538,1;BR-040/MG;Norte;Colisão traseira;0;0;0;0;1;1;0;0;0;0;1;0;0;0;0
10/03/2020;16:31:00;257;Acidente com Vítimas;591,169;BR-040/MG;Norte;Colisão frontal;1;0;0;1;0;2;0;0;0;0;3;0;0;0;0
10/03/2020;20:18:00;302;Acidente com Vítimas;12,4;BR-040/GO;Norte;Atropelamento de Pedestre;0;0;0;0;0;0;0;0;0;0;0;0;1;0;0
11/03/2020;07:51:00;136;Acidente com Vítimas;2,9;BR-040/GO;Norte;Colisão lateral;1;0;0;2;0;1;0;0;0;0;2;0;0;0;0
11/03/2020;10:22:00;187;Acidente sem Vítimas;511,1;BR-040/MG;Sul;Colisão traseira;2;0;0;0;0;0;0;0;0;0;2;0;0;0;0
11/03/2020;13:18:00;229;Acidente com Vítimas;537,2;BR-040/MG;Norte;Colisão lateral;1;0;0;0;0;2;0;0;0;0;1;0;0;0;0
11/03/2020;23:19:00;364;Acidente sem Vítimas;3,6;BR-040/GO;Sul;Colisão traseira;1;0;0;0;1;1;0;0;0;0;0;0;0;0;0
12/03/2020;04:58:00;107;Acidente com Vítimas;586,9;BR-040/MG;Sul;Tombamento;0;1;0;0;1;0;0;0;0;0;1;0;0;0;0
12/03/2020;06:52:00;119;Acidente com Vítimas;529,1;BR-040/MG;Sul;Colisão traseira;1;0;0;1;0;1;0;0;0;0;1;0;0;0;0
12/03/2020;07:08:00;123;Acidente com Vítimas;130,4;BR-040/GO;Norte;Colisão lateral;0;0;0;2;0;0;0;0;0;0;2;0;0;0;0
12/03/2020;09:33:00;179;Acidente sem Vítimas;656,2;BR-040/MG;Sul;Queda Veículo;0;0;0;1;0;0;0;0;0;0;0;0;0;0;0
12/03/2020;10:50:00;196;Acidente sem Vítimas;0,4;BR-040/GO;Norte;Colisão lateral;1;0;0;0;0;1;0;0;0;0;2;0;0;0;0
12/03/2020;10:50:00;197;Acidente sem Vítimas;523,1;BR-040/MG;Sul;Colisão traseira;1;0;1;0;0;0;0;0;0;0;2;0;0;0;0
12/03/2020;13:45:00;223;Acidente sem Vítimas;139,15;BR-040/MG;Norte;Choque c/ Objeto Fixo;0;0;0;0;0;1;0;0;0;0;2;0;0;0;0
12/03/2020;14:27:00;232;Acidente com Vítimas;276,6;BR-040/MG;Norte;Colisão lateral;1;0;0;1;0;1;0;0;0;0;2;1;0;0;0
12/03/2020;16:46:00;251;Acidente com Vítimas;733,15;BR-040/MG;Sul;Capotamento;1;0;0;0;0;0;0;0;0;0;1;0;0;0;0
12/03/2020;17:20:00;260;Acidente sem Vítimas;668,25;BR-040/MG;Sul;Outros;0;0;0;0;0;0;0;0;0;1;0;0;0;0;0
12/03/2020;17:23:00;265;Acidente com Vítimas;565,1;BR-040/MG;Sul;Tombamento;0;0;0;1;0;0;0;0;0;0;1;0;0;0;0
12/03/2020;17:24:00;264;Acidente com Vítimas;749,9;BR-040/MG;Norte;Queda Veículo;0;0;0;1;0;1;0;0;0;0;0;0;0;0;0
12/03/2020;17:26:00;263;Acidente com Vítimas;350,4;BR-040/MG;Sul;Choque c/ Objeto Fixo;1;0;0;0;0;0;0;0;0;0;0;1;1;0;0
12/03/2020;17:45:00;271;Acidente sem Vítimas;543,1;BR-040/MG;Norte;Colisão lateral;1;0;0;1;0;1;0;0;0;0;2;0;0;0;0
12/03/2020;18:04:00;276;Acidente sem Vítimas;716,6;BR-040/MG;Norte;Tombamento;0;0;0;1;0;1;0;0;0;0;1;0;0;0;0
12/03/2020;20:29:00;321;Acidente com Vítimas;16,5;BR-040/GO;Sul;Capotamento;1;0;0;0;0;0;0;0;0;0;0;0;0;0;0
12/03/2020;21:00:00;330;Acidente sem Vítimas;511,3;BR-040/MG;Sul;Atropelamento de Animal;1;0;0;0;0;0;0;0;0;0;3;0;0;0;0
12/03/2020;21:00:00;338;Acidente sem Vítimas;511,25;BR-040/MG;Sul;Colisão traseira;1;0;0;0;0;1;0;0;0;0;1;0;0;0;0
12/03/2020;22:28:00;341;Acidente sem Vítimas;4,4;BR-040/GO;Sul;Colisão lateral;1;0;1;0;0;0;0;0;0;0;2;0;0;0;0
13/03/2020;04:40:00;106;Acidente sem Vítimas;6,8;BR-040/DF;Norte;Capotamento;1;0;0;0;0;0;0;0;0;0;4;0;0;0;0
13/03/2020;06:55:00;128;Acidente com Vítimas;516,4;BR-040/MG;Sul;Colisão lateral;1;0;0;1;0;0;0;0;0;0;2;0;0;0;0
13/03/2020;07:06:00;134;Acidente sem Vítimas;513,4;BR-040/MG;Sul;Engavetamento;3;0;0;0;0;0;0;0;0;0;3;0;0;0;0
13/03/2020;08:21:00;148;Acidente com Vítimas;506,49;BR-040/MG;Sul;Colisão lateral;1;0;1;0;0;1;0;0;0;0;3;0;1;0;0
13/03/2020;08:25:00;150;Acidente sem Vítimas;5,15;BR-040/GO;Norte;Engavetamento;2;0;0;1;0;0;0;0;0;0;0;0;0;0;0