data;horario;n_da_ocorrencia;tipo_de_ocorrencia;km;trecho;sentido;tipo_de_acidente;automovel;bicicleta;caminhao;moto;onibus;outros;tracao_animal;transporte_de_cargas_especiais;trator_maquinas;utilitarios;ilesos;levemente_feridos;moderadamente_feridos;gravemente_feridos;mortos
13/03/2020;11:46:00;197;Acidente sem Vítimas;3,9;BR-040/GO;Sul;Engavetamento;2;0;0;0;0;0;0;0;0;0;2;0;0;0;0
13/03/2020;14:09:00;222;Acidente sem Vítimas;648,697;BR-040/MG;Sul;Choque c/ Objeto Fixo;1;0;0;0;0;1;0;0;0;0;1;0;0;0;0
13/03/2020;14:43:00;233;Acidente sem Vítimas;590,3;BR-040/MG;Norte;Choque c/ Objeto Fixo;1;0;2;0;0;0;0;0;0;0;5;0;0;0;0
13/03/2020;14:48:00;232;Acidente sem Vítimas;455,3;BR-040/MG;Sul;Tombamento de Moto;0;0;0;0;0;1;0;0;0;0;1;2;0;0;0
13/03/2020;16:07:00;256;Acidente sem Vítimas;590,6;BR-040/MG;Norte;Choque c/ Objeto Fixo;1;0;0;0;0;0;0;0;0;0;1;0;0;0;0
13/03/2020;16:54:00;265;Acidente sem Vítimas;516,2;BR-040/MG;Norte;Tombamento de Moto;0;0;0;1;0;1;0;0;0;0;2;0;0;0;0
13/03/2020;17:21:00;272;Acidente com Vítimas;7,5;BR-040/GO;Sul;Atropelamento de Animal;0;0;0;1;0;0;0;0;0;0;1;1;0;0;0
13/03/2020;18:13:00;283;Acidente com Vítimas;516,15;BR-040/MG;Norte;Tombamento de Moto;0;0;0;1;0;0;0;0;0;0;0;1;0;0;0
13/03/2020;18:54:00;295;Acidente com Vítimas;517,1;BR-040/MG;Sul;Atropelamento de Animal;0;0;0;1;0;0;0;0;0;0;0;0;1;0;0
13/03/2020;19:42:00;307;Acidente com Vítimas;517,1;BR-040/MG;Norte;Atropelamento de Animal;0;0;0;0;0;1;0;0;0;0;0;0;1;0;0
13/03/2020;19:59:00;313;Acidente sem Vítimas;614,1;BR-040/MG;Norte;Engavetamento;4;0;0;0;0;0;0;0;0;0;4;0;0;0;0
13/03/2020;20:04:00;316;Acidente com Vítimas;598,9;BR-040/MG;Sul;Choque c/ Objeto Fixo;1;0;0;0;0;0;0;0;0;0;3;0;0;0;0
13/03/2020;21:04:00;326;Acidente com Vítimas;613,6;BR-040/MG;Sul;Atropelamento de Pedestre;0;0;0;0;1;0;0;0;0;0;1;0;1;0;0
13/03/2020;21:12:00;330;Acidente sem Vítimas;252,8;BR-040/MG;Norte;Choque c/ Objeto Fixo;0;0;0;0;1;1;0;0;0;0;1;0;0;0;0
13/03/2020;23:31:00;352;Acidente sem Vítimas;473,3;BR-040/MG;Sul;Tombamento de Moto;0;0;0;1;0;0;0;0;0;0;2;0;0;0;0
14/03/2020;04:36:00;37;Acidente sem Vítimas;57,4;BR-040/GO;Sul;Atropelamento de Animal;0;0;0;0;0;1;0;0;0;0;2;0;0;0;0
14/03/2020;07:25:00;64;Acidente sem Vítimas;728,9;BR-040/MG;Sul;Choque c/ Objeto Fixo;1;0;0;0;0;0;0;0;0;0;1;0;0;0;0
14/03/2020;09:15:00;93;Acidente com Vítimas;525,7;BR-040/MG;Sul;Tombamento de Moto;0;0;0;1;0;0;0;0;0;0;1;0;0;0;0
14/03/2020;14:06:00;171;Acidente com Vítimas;701,425;BR-040/MG;Sul;Tombamento de Moto;0;0;0;1;0;1;0;0;0;0;0;1;0;0;0
14/03/2020;15:01:00;197;Acidente sem Vítimas;14;BR-040/GO;Sul;Colisão traseira;0;0;0;0;0;1;0;0;0;0;0;0;0;0;0
14/03/2020;17:09:00;221;Acidente com Vítimas;472,4;BR-040/MG;Sul;Choque c/ Objeto Fixo;1;0;0;0;0;0;0;0;0;0;1;1;2;0;0
14/03/2020;18:39:00;245;Acidente com Vítimas;0,1;BR-040/GO;Sul;Colisão lateral;0;0;0;1;0;1;0;0;0;0;2;1;0;0;0
14/03/2020;18:56:00;248;Acidente com Vítimas;7,5;BR-040/GO;Norte;Colisão frontal;1;0;0;1;0;1;0;0;0;0;1;0;0;0;0
15/03/2020;04:38:00;20;Acidente sem Vítimas;7,4;BR-040/GO;Norte;Colisão traseira;2;0;0;0;0;0;0;0;0;0;2;0;0;0;0
15/03/2020;04:41:00;21;Acidente sem Vítimas;370,7;BR-040/MG;Sul;Choque c/ Objeto Fixo;1;0;0;0;0;0;0;0;0;0;1;0;0;0;0
15/03/2020;05:10:00;22;Acidente com Vítimas;4,5;BR-040/DF;Sul;Choque c/ Objeto Fixo;1;0;0;0;0;0;0;0;0;0;1;0;0;0;0
15/03/2020;05:22:00;24;Acidente sem Vítimas;96,4;BR-040/GO;Norte;Colisão transversal;1;0;0;0;0;1;0;0;0;0;2;0;0;0;0
15/03/2020;07:39:00;35;Acidente sem Vítimas;751,7;BR-040/MG;Norte;Outros;1;0;0;0;0;0;0;0;0;0;0;0;0;0;0
15/03/2020;13:09:00;97;Acidente com Vítimas;503,8;BR-040/MG;Sul;Choque c/ Objeto Fixo;1;0;0;0;0;1;0;0;0;0;1;0;0;0;0
15/03/2020;13:16:00;98;Acidente sem Vítimas;224,6;BR-040/MG;Norte;Capotamento;1;0;0;0;0;0;0;0;0;0;4;0;0;0;0
15/03/2020;17:40:00;167;Acidente sem Vítimas;496,1;BR-040/MG;Norte;Capotamento;1;0;0;0;0;0;0;0;0;0;2;0;0;0;0
15/03/2020;20:47:00;216;Acidente com Vítimas;588,5;BR-040/MG;Norte;Colisão lateral;1;0;1;0;0;3;0;0;0;0;0;0;2;0;0
16/03/2020;08:36:00;155;Acidente com Vítimas;524,1;BR-040/MG;Sul;Engavetamento;4;0;0;0;0;0;0;0;0;0;4;3;0;0;0
16/03/2020;09:33:00;174;Acidente sem Vítimas;615,7;BR-040/MG;Norte;Colisão traseira;0;0;0;1;1;1;0;0;0;0;0;0;0;0;0
16/03/2020;12:41:00;214;Acidente com Vítimas;543,1;BR-040/MG;Norte;Colisão lateral;1;0;0;0;0;1;0;0;0;0;2;1;0;0;0
16/03/2020;13:44:00;225;Acidente sem Vítimas;474,1;BR-040/MG;Norte;Colisão traseira;1;0;0;1;0;0;0;0;0;0;2;0;0;0;0
16/03/2020;17:03:00;260;Acidente sem Vítimas;593,15;BR-040/MG;Sul;Choque c/ Objeto Fixo;1;0;0;0;0;1;0;0;0;0;1;0;0;0;0
16/03/2020;17:27:00;267;Acidente sem Vítimas;543,1;BR-040/MG;Sul;Colisão traseira;1;0;0;0;1;0;0;0;0;0;2;0;0;0;0
16/03/2020;19:11:00;293;Acidente com Vítimas;97,8;BR-040/GO;Sul;Atropelamento de Andarilho;0;0;0;0;0;2;0;0;0;0;0;1;0;0;0
16/03/2020;20:20:00;313;Acidente sem Vítimas;6,7;BR-040/GO;Sul;Colisão traseira;2;0;0;0;0;0;0;0;0;0;0;0;0;0;0
16/03/2020;20:44:00;319;Acidente com Vítimas;529,1;BR-040/MG;Norte;Atropelamento de Pedestre;1;0;0;0;0;0;0;0;0;0;1;1;0;0;0
17/03/2020;06:10:00;114;Acidente sem Vítimas;528,9;BR-040/MG;Sul;Colisão traseira;1;0;0;2;0;1;0;0;0;0;4;0;0;0;0
17/03/2020;06:10:00;116;Acidente com Vítimas;505,5;BR-040/MG;Sul;Choque c/ Objeto Fixo;0;0;0;0;1;1;0;0;0;0;1;1;0;0;0
17/03/2020;06:32:00;121;Acidente com Vítimas;551,2;BR-040/MG;Sul;Tombamento de Moto;0;0;0;1;0;1;0;0;0;0;0;1;1;0;0
17/03/2020;06:48:00;128;Acidente com Vítimas;527,9;BR-040/MG;Sul;Atropelamento de Pedestre;2;0;0;1;0;0;0;0;0;0;2;1;1;0;0
17/03/2020;08:09:00;152;Acidente sem Vítimas;491,2;BR-040/MG;Sul;Choque c/ Objeto Fixo;0;0;0;0;0;1;0;0;0;0;1;0;0;0;0
17/03/2020;09:54:00;183;Acidente com Vítimas;7,9;BR-040/GO;Sul;Colisão transversal;1;0;0;0;0;1;0;0;0;0;0;1;0;0;0
17/03/2020;14:37:00;239;Acidente sem Vítimas;503,6;BR-040/MG;Norte;Choque c/ Objeto Fixo;1;0;0;0;0;1;0;0;0;0;1;0;0;0;0
17/03/2020;15:00:00;241;Acidente sem Vítimas;8,7;BR-040/GO;Norte;Colisão traseira;1;0;1;0;0;0;0;0;0;0;0;0;0;0;0
17/03/2020;15:45:00;252;Acidente sem Vítimas;717,15;BR-040/MG;Norte;Choque c/ Objeto Fixo;0;0;0;0;0;1;0;0;0;0;1;0;0;0;0
17/03/2020;17:43:00;273;Acidente com Vítimas;551,4;BR-040/MG;Sul;Tombamento de Moto;1;0;0;1;0;0;0;0;0;0;1;0;1;0;0
17/03/2020;17:47:00;276;Acidente sem Vítimas;548,4;BR-040/MG;Norte;Colisão traseira;2;0;0;0;0;1;0;0;0;0;2;0;0;0;0
17/03/2020;19:39:00;298;Acidente com Vítimas;2,4;BR-040/DF;Norte;Colisão lateral;1;0;0;1;0;0;0;0;0;0;2;0;0;0;0
17/03/2020;19:44:00;301;Acidente com Vítimas;339,5;BR-040/MG;Sul;Atropelamento de Pedestre;0;0;1;0;0;1;0;0;0;0;2;0;1;0;0
18/03/2020;06:41:00;34;Acidente com Vítimas;729,663;BR-040/MG;Sul;Tombamento de Moto;0;0;0;1;0;1;0;0;0;0;2;1;1;0;0
18/03/2020;07:39:00;90;Acidente sem Vítimas;535,6;BR-040/MG;Norte;Colisão traseira;1;0;0;0;0;1;0;0;0;0;3;0;0;0;0
18/03/2020;11:23:00;154;Acidente com Vítimas;2,15;BR-040/GO;Norte;Tombamento de Moto;0;0;0;1;0;0;0;0;0;0;1;1;0;0;0
18/03/2020;13:25:00;185;Acidente com Vítimas;431,2;BR-040/MG;Sul;Capotamento;1;0;0;0;0;1;0;0;0;0;0;4;1;0;0
18/03/2020;15:33:00;209;Acidente com Vítimas;474,2;BR-040/MG;Sul;Choque c/ Objeto Fixo;1;0;0;0;0;0;0;0;0;0;1;1;0;0;0
18/03/2020;16:40:00;222;Acidente sem Vítimas;555,66;BR-040/MG;Sul;Choque c/ Objeto Fixo;1;0;0;0;0;1;0;0;0;0;1;0;0;0;0
18/03/2020;18:29:00;243;Acidente sem Vítimas;538,1;BR-040/MG;Norte;Engavetamento;3;0;0;0;0;0;0;0;0;0;3;0;0;0;0
18/03/2020;19:26:00;257;Acidente com Vítimas;533,1;BR-040/MG;Norte;Colisão lateral;1;0;0;1;0;0;0;0;0;0;2;1;0;0;0
19/03/2020;00:16:00;2;Acidente com Vítimas;9,4;BR-040/GO;Sul;Choque c/ Objeto Fixo;1;0;0;0;0;1;0;0;0;0;0;4;1;0;0
19/03/2020;08:12:00;137;Acidente com Vítimas;6,8;BR-040/GO;Sul;Colisão lateral;0;0;0;2;0;0;0;0;0;0;2;0;1;0;0
19/03/2020;15:22:00;227;Acidente com Vítimas;548,5;BR-040/MG;Sul;Tombamento de Moto;0;0;0;1;0;0;0;0;0;0;1;1;0;0;0
19/03/2020;19:20:00;277;Acidente sem Vítimas;3,9;BR-040/DF;Sul;Colisão traseira;2;0;0;0;0;0;0;0;0;0;0;0;0;0;0
19/03/2020;19:37:00;281;Acidente com Vítimas;47,3;BR-040/GO;Sul;Tombamento de Moto;0;0;0;1;0;0;0;0;0;0;0;1;0;0;0
19/03/2020;20:40:00;297;Acidente com Vítimas;532,6;BR-040/MG;Sul;Engavetamento;1;0;1;0;1;1;0;0;0;0;3;0;0;0;0
19/03/2020;20:58:00;302;Acidente sem Vítimas;585,6;BR-040/MG;Sul;Colisão transversal;0;0;0;0;0;3;0;0;0;0;2;0;0;0;0
19/03/2020;21:04:00;303;Acidente sem Vítimas;518,1;BR-040/MG;Sul;Choque c/ Objeto Fixo;2;0;0;0;0;0;0;0;0;0;1;0;0;0;0
19/03/2020;22:49:00;316;Acidente com Vítimas;524,1;BR-040/MG;Norte;Atropelamento de Pedestre;0;0;0;0;0;1;0;0;0;0;1;0;0;1;0
19/03/2020;23:25:00;323;Acidente sem Vítimas;474,2;BR-040/MG;Sul;Colisão traseira;0;0;1;0;0;2;0;0;0;0;1;0;0;0;0
20/03/2020;01:32:00;5;Acidente com Vítimas;572,5;BR-040/MG;Norte;Tombamento;0;0;0;0;1;0;0;0;0;0;0;1;0;0;0
20/03/2020;05:11:00;99;Acidente sem Vítimas;221,2;BR-040/MG;Norte;Choque c/ Objeto Fixo;0;0;0;0;1;0;0;0;0;0;1;0;0;0;0
20/03/2020;05:46:00;104;Acidente Fatal;6,7;BR-040/DF;Norte;Colisão traseira;0;0;0;1;0;1;0;0;0;0;1;0;0;0;1
20/03/2020;07:09:00;120;Acidente sem Vítimas;264,9;BR-040/MG;Sul;Choque c/ Objeto Fixo;1;0;0;0;0;0;0;0;0;0;1;0;0;0;0
20/03/2020;09:45:00;160;Acidente com Vítimas;408,1;BR-040/MG;Sul;Capotamento;1;0;0;0;0;1;0;0;0;0;1;1;0;0;0
20/03/2020;09:59:00;164;Acidente sem Vítimas;579,1;BR-040/MG;Norte;Colisão transversal;2;0;1;0;0;0;0;0;0;0;2;0;0;0;0
20/03/2020;10:01:00;162;Acidente com Vítimas;6,8;BR-040/DF;Norte;Colisão frontal;1;0;1;0;0;0;0;0;0;0;2;0;0;0;0
20/03/2020;11:05:00;179;Acidente com Vítimas;487,85;BR-040/MG;Norte;Colisão traseira;0;0;1;0;1;0;0;0;0;0;0;2;0;0;0
20/03/2020;13:26:00;204;Acidente sem Vítimas;731,3;BR-040/MG;Sul;Choque c/ Objeto Fixo;0;0;0;0;1;0;0;0;0;0;0;0;0;0;0
20/03/2020;13:41:00;208;Acidente sem Vítimas;692,749;BR-040/MG;Sul;Colisão traseira;2;0;0;0;0;1;0;0;0;0;2;0;0;0;0
20/03/2020;14:12:00;213;Acidente sem Vítimas;738,3;BR-040/MG;Sul;Colisão transversal;1;0;1;0;0;1;0;0;0;0;2;0;0;0;0
20/03/2020;16:12:00;242;Acidente Fatal;537,5;BR-040/MG;Norte;Engavetamento;9;0;2;1;0;1;0;0;0;0;3;7;0;1;3
20/03/2020;16:16:00;244;Acidente com Vítimas;7,6;BR-040/GO;Norte;Atropelamento de Ciclista;1;0;0;0;0;0;0;0;0;0;1;0;1;0;0
20/03/2020;16:55:00;248;Acidente com Vítimas;283,4;BR-040/MG;Sul;Choque c/ Objeto Fixo;1;0;0;0;0;0;0;0;0;0;1;0;1;0;0
20/03/2020;23:15:00;311;Acidente sem Vítimas;676,5;BR-040/MG;Sul;Tombamento;0;0;1;0;0;0;0;0;0;0;1;0;0;0;0
21/03/2020;01:01:00;20;Acidente com Vítimas;351;BR-040/MG;Sul;Colisão traseira;1;0;0;1;0;1;0;0;0;0;0;1;0;0;0
21/03/2020;09:42:00;116;Acidente com Vítimas;122,7;BR-040/GO;Sul;Capotamento;1;0;0;0;0;1;0;0;0;0;1;1;0;0;0
21/03/2020;11:23:00;132;Acidente sem Vítimas;617,4;BR-040/MG;Sul;Colisão traseira;2;0;0;0;0;0;0;0;0;0;6;0;0;0;0
21/03/2020;11:54:00;139;Acidente sem Vítimas;462,4;BR-040/MG;Norte;Colisão traseira;1;0;0;0;1;0;0;0;0;0;7;0;0;0;0
21/03/2020;12:51:00;143;Acidente sem Vítimas;587,1;BR-040/MG;Sul;Tombamento;0;0;0;0;1;0;0;0;0;0;1;0;0;0;0
21/03/2020;15:38:00;171;Acidente Fatal;30,5;BR-040/GO;Sul;Capotamento;0;0;0;0;0;2;0;0;0;0;0;0;1;0;1
21/03/2020;22:13:00;242;Acidente sem Vítimas;707,8;BR-040/MG;Norte;Choque c/ Objeto Fixo;1;0;0;0;0;0;0;0;0;0;1;0;0;0;0
22/03/2020;08:05:00;40;Acidente sem Vítimas;372,45;BR-040/MG;Sul;Capotamento;0;0;0;0;0;2;0;0;0;0;1;0;0;0;0
22/03/2020;08:13:00;42;Acidente com Vítimas;6,25;BR-040/GO;Sul;Atropelamento de Ciclista;0;0;0;0;0;0;0;0;0;0;0;1;0;0;0
22/03/2020;12:04:00;99;Acidente sem Vítimas;720,8;BR-040/MG;Norte;Choque c/ Objeto Fixo;0;0;0;1;0;1;0;0;0;0;1;0;0;0;0
22/03/2020;13:30:00;125;Acidente sem Vítimas;450,3;BR-040/MG;Sul;Choque c/ Objeto Fixo;1;0;0;0;0;0;0;0;0;0;5;0;0;0;0
22/03/2020;14:45:00;141;Acidente sem Vítimas;455,3;BR-040/MG;Norte;Choque c/ Objeto Fixo;0;0;0;0;0;2;0;0;0;0;1;0;0;0;0
22/03/2020;15:16:00;145;Acidente sem Vítimas;471,16;BR-040/MG;Norte;Choque c/ Objeto Fixo;0;0;0;0;0;1;0;0;0;0;1;0;0;0;0
22/03/2020;15:24:00;148;Acidente sem Vítimas;461,9;BR-040/MG;Sul;Choque c/ Objeto Fixo;1;0;0;0;0;0;0;0;0;0;1;0;0;0;0
22/03/2020;15:52:00;153;Acidente sem Vítimas;463,8;BR-040/MG;Sul;Colisão traseira;1;0;0;0;1;1;0;0;0;0;3;0;0;0;0
22/03/2020;16:43:00;162;Acidente com Vítimas;683,38;BR-040/MG;Sul;Capotamento;0;0;1;0;0;1;0;0;0;0;0;0;1;0;0
22/03/2020;18:49:00;187;Acidente sem Vítimas;4,8;BR-040/GO;Norte;Colisão traseira;2;0;0;0;0;1;0;0;0;0;2;0;0;0;0
22/03/2020;20:40:00;203;Acidente com Vítimas;492,1;BR-040/MG;Norte;Tombamento;0;0;0;0;0;1;0;0;0;0;0;0;0;0;0
23/03/2020;04:04:00;83;Acidente com Vítimas;523,1;BR-040/MG;Sul;Colisão traseira;0;0;0;1;0;1;0;0;0;0;1;1;0;0;0
23/03/2020;07:14:00;115;Acidente Fatal;480,3;BR-040/MG;Sul;Atropelamento de Pedestre;1;0;0;0;0;0;0;0;0;0;1;0;0;0;1
23/03/2020;14:52:00;207;Acidente com Vítimas;715,1;BR-040/MG;Norte;Queda Veículo;0;0;0;1;0;0;0;0;0;0;0;1;0;0;0
23/03/2020;15:11:00;214;Acidente sem Vítimas;91,3;BR-040/MG;Norte;Colisão transversal;1;0;0;0;1;0;0;0;0;0;2;0;0;0;0
23/03/2020;16:08:00;219;Acidente com Vítimas;628,25;BR-040/MG;Norte;Colisão traseira;1;0;1;0;0;0;0;0;0;0;0;1;0;0;0
23/03/2020;19:00:00;256;Acidente sem Vítimas;59,8;BR-040/GO;Norte;Choque c/ Objeto Fixo;1;0;0;0;0;0;0;0;0;0;0;0;0;0;0
24/03/2020;03:31:00;81;Acidente com Vítimas;552,1;BR-040/MG;Sul;Choque c/ Objeto Fixo;1;0;0;0;0;1;0;0;0;0;1;1;0;0;0
24/03/2020;05:42:00;86;Acidente com Vítimas;27,2;BR-040/GO;Norte;Colisão transversal;2;0;1;0;0;0;0;0;0;0;2;0;0;0;0
24/03/2020;06:30:00;100;Acidente com Vítimas;515,2;BR-040/MG;Sul;Colisão traseira;1;0;0;1;0;0;0;0;0;0;1;1;0;0;0
24/03/2020;07:03:00;104;Acidente com Vítimas;513,1;BR-040/MG;Sul;Queda Veículo;0;0;0;1;0;0;0;0;0;0;0;0;0;0;0
24/03/2020;09:54:00;136;Acidente sem Vítimas;526,1;BR-040/MG;Sul;Colisão lateral;1;0;0;0;0;1;0;0;0;0;2;0;0;0;0
24/03/2020;21:59:00;267;Acidente sem Vítimas;520,9;BR-040/MG;Sul;Colisão traseira;0;0;2;0;0;1;0;0;0;0;2;0;0;0;0
25/03/2020;06:24:00;102;Acidente com Vítimas;544,4;BR-040/MG;Norte;Tombamento de Moto;0;0;0;0;0;1;0;0;0;0;0;0;1;0;0
25/03/2020;07:14:00;114;Acidente com Vítimas;544,3;BR-040/MG;Sul;Tombamento de Moto;0;0;0;1;0;0;0;0;0;0;0;1;0;0;0
25/03/2020;09:37:00;136;Acidente sem Vítimas;528,4;BR-040/MG;Sul;Colisão traseira;0;0;1;0;1;1;0;0;0;0;2;0;0;0;0
25/03/2020;13:30:00;170;Acidente sem Vítimas;423,15;BR-040/MG;Sul;Tombamento;0;0;0;0;1;0;0;0;0;0;1;0;0;0;0
25/03/2020;19:21:00;224;Acidente sem Vítimas;0,7;BR-040/DF;Sul;Colisão lateral;0;0;0;1;0;0;0;0;0;0;1;0;0;0;0
25/03/2020;19:38:00;228;Acidente com Vítimas;575,3;BR-040/MG;Norte;Colisão transversal;1;0;0;1;0;1;0;0;0;0;2;0;1;0;0
25/03/2020;21:35:00;241;Acidente com Vítimas;4,7;BR-040/DF;Norte;Colisão lateral;0;0;0;1;0;2;0;0;0;0;2;0;0;1;0
25/03/2020;23:06:00;257;Acidente sem Vítimas;19,4;BR-040/GO;Sul;Colisão transversal;1;0;0;0;1;1;0;0;0;0;2;0;0;0;0
26/03/2020;02:44:00;6;Acidente sem Vítimas;520,6;BR-040/MG;Norte;Capotamento;1;0;0;0;0;0;0;0;0;0;1;0;0;0;0
26/03/2020;12:18:00;155;Acidente com Vítimas;478,8;BR-040/MG;Norte;Tombamento;0;0;0;0;1;0;0;0;0;0;0;0;1;0;0
26/03/2020;14:04:00;169;Acidente sem Vítimas;386,1;BR-040/MG;Sul;Choque c/ Objeto Fixo;1;0;0;0;0;2;0;0;0;0;1;0;0;0;0
26/03/2020;17:20:00;196;Acidente sem Vítimas;699,79;BR-040/MG;Norte;Colisão transversal;0;0;0;0;1;1;0;0;0;0;2;0;0;0;0
27/03/2020;10:01:00;149;Acidente sem Vítimas;513,1;BR-040/MG;Norte;Choque c/ Objeto Fixo;1;0;0;0;0;0;0;0;0;0;1;0;0;0;0
27/03/2020;16:05:00;212;Acidente sem Vítimas;528,1;BR-040/MG;Sul;Capotamento;2;0;0;0;0;0;0;0;0;0;2;0;0;0;0
27/03/2020;20:31:00;267;Acidente sem Vítimas;488,2;BR-040/MG;Sul;Colisão lateral;1;0;1;0;0;2;0;0;0;0;4;0;0;0;0
27/03/2020;22:10:00;288;Acidente sem Vítimas;447,6;BR-040/MG;Norte;Choque c/ Objeto Fixo;2;0;0;0;0;0;0;0;0;0;1;0;0;0;0
28/03/2020;11:34:00;96;Acidente sem Vítimas;741,7;BR-040/MG;Sul;Capotamento;1;0;0;0;0;1;0;0;0;0;0;0;0;0;0
28/03/2020;14:10:00;126;Acidente sem Vítimas;526,9;BR-040/MG;Sul;Colisão traseira;1;0;0;0;1;0;0;0;0;0;1;0;0;0;0
28/03/2020;20:03:00;184;Acidente sem Vítimas;622,1;BR-040/MG;Sul;Colisão traseira;3;0;0;0;0;0;0;0;0;0;1;2;0;0;0
28/03/2020;21:34:00;193;Acidente Fatal;278,1;BR-040/MG;Sul;Colisão traseira;0;0;0;1;0;1;0;0;0;0;0;0;0;0;1
28/03/2020;23:50:00;211;Acidente com Vítimas;505,5;BR-040/MG;Sul;Atropelamento de Andarilho;0;0;0;0;0;2;0;0;0;0;1;0;1;0;0
29/03/2020;09:58:00;71;Acidente com Vítimas;480,46;BR-040/MG;Norte;Tombamento de Moto;0;0;0;0;0;2;0;0;0;0;1;1;0;0;0
29/03/2020;12:33:00;108;Acidente com Vítimas;461,6;BR-040/MG;Sul;Choque c/ Objeto Fixo;1;0;0;0;0;0;0;0;0;0;0;0;0;0;0
29/03/2020;17:27:00;145;Acidente sem Vítimas;5,3;BR-040/GO;Sul;Colisão traseira;2;0;0;0;0;0;0;0;0;0;4;0;0;0;0
29/03/2020;20:59:00;169;Acidente sem Vítimas;7,4;BR-040/GO;Norte;Colisão lateral;1;0;0;1;0;0;0;0;0;0;2;0;0;0;0
29/03/2020;21:22:00;171;Acidente sem Vítimas;700,1;BR-040/MG;Norte;Choque com objeto;1;0;0;0;1;0;0;0;0;0;2;0;0;0;0
30/03/2020;11:31:00;153;Acidente sem Vítimas;645,1;BR-040/MG;Norte;Capotamento;0;0;0;0;0;1;0;0;0;0;1;0;0;0;0
30/03/2020;15:20:00;197;Acidente com Vítimas;767,5;BR-040/MG;Sul;Choque c/ Objeto Fixo;1;0;0;0;0;0;0;0;0;0;1;0;0;0;0
30/03/2020;15:52:00;201;Acidente sem Vítimas;730,25;BR-040/MG;Norte;Choque c/ Objeto Fixo;1;0;0;0;0;1;0;0;0;0;1;0;0;0;0
30/03/2020;18:26:00;224;Acidente sem Vítimas;534,1;BR-040/MG;Norte;Choque c/ Objeto Fixo;0;0;0;0;1;0;0;0;0;0;0;0;0;0;0
30/03/2020;22:55:00;265;Acidente sem Vítimas;539;BR-040/MG;Norte;Choque c/ Objeto Fixo;0;0;0;0;0;2;0;0;0;0;1;0;0;0;0
01/05/2020;04:48:00;15;Acidente sem Vítimas;507,15;BR-040/MG;Sul;Capotamento;0;0;1;0;0;1;0;0;0;0;1;0;0;0;0
01/05/2020;07:39:00;35;Acidente com Vítimas;476,1;BR-040/MG;Norte;Tombamento de Moto;2;0;0;1;0;0;0;0;0;0;0;0;1;0;0
01/05/2020;07:54:00;37;Acidente sem Vítimas;473,322;BR-040/MG;Norte;Colisão traseira;2;0;0;0;0;0;0;0;0;0;3;0;0;0;0
01/05/2020;09:26:00;62;Acidente sem Vítimas;610,318;BR-040/MG;Norte;Choque c/ Objeto Fixo;1;0;0;0;0;0;0;0;0;0;1;0;0;0;0
01/05/2020;11:08:00;73;Acidente sem Vítimas;462,1;BR-040/MG;Sul;Colisão traseira;2;0;0;0;0;1;0;0;0;0;2;0;0;0;0
01/05/2020;13:07:00;97;Acidente sem Vítimas;504,1;BR-040/MG;Sul;Engavetamento;0;0;1;0;2;0;0;0;0;0;3;0;0;0;0
01/05/2020;13:23:00;99;Acidente com Vítimas;504,8;BR-040/MG;Sul;Capotamento;1;0;0;0;0;0;0;0;0;0;1;0;2;0;0
01/05/2020;19:07:00;155;Acidente com Vítimas;533,1;BR-040/MG;Norte;Atropelamento de Pedestre;0;0;0;0;0;1;0;0;0;0;1;1;0;0;0
01/05/2020;23:05:00;176;Acidente com Vítimas;98,2;BR-040/GO;Norte;Tombamento;0;0;0;0;0;0;0;0;0;0;0;0;0;0;0
02/05/2020;04:34:00;17;Acidente sem Vítimas;700,1;BR-040/MG;Norte;Capotamento;1;0;0;0;0;1;0;0;0;0;1;0;0;0;0
02/05/2020;05:28:00;20;Acidente sem Vítimas;724,3;BR-040/MG;Norte;Atropelamento de Animal;0;0;0;0;1;0;0;0;0;0;1;0;0;0;0
02/05/2020;09:12:00;39;Acidente sem Vítimas;175,2;BR-040/MG;Norte;Tombamento;0;0;1;0;0;0;0;0;0;0;0;0;0;0;0
02/05/2020;11:50:00;65;Acidente com Vítimas;3,6;BR-040/DF;Sul;Tombamento de Moto;0;0;0;1;0;1;0;0;0;0;2;1;0;0;0
02/05/2020;14:30:00;93;Acidente com Vítimas;7,5;BR-040/GO;Norte;Outros;1;0;0;1;0;0;0;0;0;0;1;0;1;0;0
03/05/2020;00:12:00;1;Acidente sem Vítimas;533,5;BR-040/MG;Norte;Choque c/ Objeto Fixo;1;0;0;0;0;1;0;0;0;0;2;0;1;0;0
03/05/2020;03:41:00;9;Acidente sem Vítimas;168,5;BR-040/MG;Sul;Capotamento;1;0;0;0;0;0;0;0;0;0;4;0;0;0;0
03/05/2020;08:24:00;21;Acidente sem Vítimas;510,1;BR-040/MG;Norte;Colisão traseira;1;0;0;1;0;0;0;0;0;0;3;0;0;0;0
03/05/2020;12:49:00;54;Acidente com Vítimas;537,7;BR-040/MG;Norte;Tombamento de Moto;0;0;0;1;0;0;0;0;0;0;1;0;0;0;0
03/05/2020;13:56:00;61;Acidente com Vítimas;7,9;BR-040/DF;Sul;Tombamento;0;0;0;1;0;1;0;0;0;0;0;0;0;1;0
03/05/2020;14:33:00;66;Acidente sem Vítimas;648,3;BR-040/MG;Norte;Capotamento;1;0;0;0;0;1;0;0;0;0;2;0;0;0;0
03/05/2020;16:00:00;79;Acidente com Vítimas;5,8;BR-040/GO;Sul;Colisão traseira;1;0;0;2;0;0;0;0;0;0;2;1;0;0;0
03/05/2020;17:15:00;95;Acidente com Vítimas;512,2;BR-040/MG;Sul;Colisão lateral;3;0;0;0;0;0;0;0;0;0;1;0;0;0;0
03/05/2020;18:56:00;127;Acidente sem Vítimas;730,1;BR-040/MG;Norte;Tombamento;2;0;0;0;1;1;0;0;0;0;2;0;0;0;0
03/05/2020;20:15:00;144;Acidente com Vítimas;544,5;BR-040/MG;Norte;Colisão lateral;1;0;0;1;0;0;0;0;0;0;2;0;1;0;0