data;horario;n_da_ocorrencia;tipo_de_ocorrencia;km;trecho;sentido;tipo_de_acidente;automovel;bicicleta;caminhao;moto;onibus;outros;tracao_animal;transporte_de_cargas_especiais;trator_maquinas;utilitarios;ilesos;levemente_feridos;moderadamente_feridos;gravemente_feridos;mortos
18/05/2020;21:03:00;270;Acidente sem Vítimas;455,1;BR-040/MG;Sul;Tombamento;0;0;1;0;0;0;0;0;0;0;1;0;0;0;0
18/05/2020;23:07:00;286;Acidente com Vítimas;150,5;BR-040/GO;Sul;Choque c/ Objeto Fixo;0;0;0;0;0;1;0;0;0;0;1;1;0;0;0
19/05/2020;06:54:00;96;Acidente sem Vítimas;705;BR-040/MG;Sul;Capotamento;0;0;0;0;0;2;0;0;0;0;0;0;0;0;0
19/05/2020;09:17:00;137;Acidente sem Vítimas;28,25;BR-040/GO;Sul;Choque c/ Objeto Fixo;1;0;0;0;0;2;0;0;0;0;1;0;0;0;0
19/05/2020;10:45:00;153;Acidente sem Vítimas;448,3;BR-040/MG;Sul;Capotamento;0;0;1;0;0;0;0;0;0;0;1;0;0;0;0
19/05/2020;11:11:00;158;Acidente sem Vítimas;142,3;BR-040/GO;Sul;Atropelamento de Animal;0;0;0;0;0;1;0;0;0;0;1;0;0;0;0
19/05/2020;13:23:00;184;Acidente sem Vítimas;41,7;BR-040/MG;Sul;Colisão transversal;2;0;0;0;1;0;0;0;0;0;3;0;0;0;0
19/05/2020;13:32:00;185;Acidente com Vítimas;546,12;BR-040/MG;Sul;Tombamento;0;0;0;0;0;0;0;0;0;1;1;0;1;0;0
19/05/2020;16:17:00;212;Acidente sem Vítimas;526,8;BR-040/MG;Sul;Colisão traseira;0;0;1;0;0;1;0;0;0;0;0;0;0;0;0
19/05/2020;18:29:00;226;Acidente com Vítimas;5,12;BR-040/GO;Sul;Colisão transversal;1;0;0;1;0;0;0;0;0;0;1;1;0;0;0
19/05/2020;18:30:00;232;Acidente sem Vítimas;617,9;BR-040/MG;Norte;Colisão lateral;0;0;0;0;0;3;0;0;0;0;2;0;0;0;0
19/05/2020;19:24:00;241;Acidente sem Vítimas;752,5;BR-040/MG;Norte;Choque c/ Objeto Fixo;0;0;0;0;1;0;0;0;0;0;1;0;0;0;0
19/05/2020;20:25:00;255;Acidente com Vítimas;16,8;BR-040/GO;Sul;Atropelamento de Andarilho;1;0;0;0;0;0;0;0;0;0;1;0;0;0;0
19/05/2020;23:06:00;279;Acidente com Vítimas;320,3;BR-040/MG;Norte;Queda de Ribanceira;0;0;0;0;1;0;0;0;0;0;1;1;0;0;0
20/05/2020;08:54:00;130;Acidente sem Vítimas;532,9;BR-040/MG;Sul;Colisão lateral;1;0;0;1;0;0;0;0;0;0;5;0;0;0;0
20/05/2020;09:22:00;140;Acidente com Vítimas;76,6;BR-040/MG;Norte;Tombamento de Moto;0;0;0;0;0;2;0;0;0;0;0;1;0;0;0
20/05/2020;11:51:00;168;Acidente com Vítimas;550,3;BR-040/MG;Sul;Choque c/ Objeto Fixo;1;0;0;1;0;0;0;0;0;0;1;2;0;0;0
20/05/2020;14:53:00;203;Acidente Fatal;507,65;BR-040/MG;Sul;Outros;1;0;0;0;0;0;0;0;0;0;1;0;0;0;1
20/05/2020;15:10:00;205;Acidente com Vítimas;507,65;BR-040/MG;Norte;Atropelamento de Pedestre;0;0;0;1;0;0;0;0;0;0;1;0;0;1;0
20/05/2020;17:48:00;231;Acidente sem Vítimas;541,15;BR-040/MG;Norte;Colisão traseira;2;0;0;0;0;0;0;0;0;0;2;0;0;0;0
20/05/2020;19:50:00;258;Acidente com Vítimas;710,8;BR-040/MG;Sul;Atropelamento de Pedestre;2;0;0;1;0;1;0;0;0;0;2;1;0;2;0
21/05/2020;05:23:00;108;Acidente sem Vítimas;611,5;BR-040/MG;Sul;Atropelamento de Animal;0;0;1;0;1;0;0;0;0;0;1;0;0;0;0
21/05/2020;09:06:00;168;Acidente sem Vítimas;509,1;BR-040/MG;Norte;Engavetamento;3;0;0;0;0;0;0;0;0;0;3;0;0;0;0
21/05/2020;14:00:00;219;Acidente sem Vítimas;631,3;BR-040/MG;Norte;Colisão transversal;1;0;0;0;0;2;0;0;0;0;1;0;0;0;0
21/05/2020;15:41:00;235;Acidente sem Vítimas;756,45;BR-040/MG;Norte;Colisão traseira;0;0;1;1;0;1;0;0;0;0;2;0;0;0;0
21/05/2020;15:57:00;236;Acidente com Vítimas;16,7;BR-040/GO;Sul;Colisão lateral;1;0;0;1;0;0;0;0;0;0;3;0;1;0;0
21/05/2020;16:11:00;239;Acidente com Vítimas;737,85;BR-040/MG;Sul;Tombamento;0;0;1;0;0;1;0;0;0;0;0;0;1;0;0
21/05/2020;17:03:00;245;Acidente com Vítimas;658,7;BR-040/MG;Sul;Colisão transversal;0;0;1;1;0;1;0;0;0;0;1;1;0;0;0
21/05/2020;18:08:00;256;Acidente Fatal;544,5;BR-040/MG;Sul;Atropelamento de Pedestre;1;0;1;0;2;0;0;0;0;0;3;0;0;0;1
21/05/2020;18:54:00;265;Acidente sem Vítimas;632,5;BR-040/MG;Norte;Colisão traseira;2;0;0;0;0;0;0;0;0;0;0;0;0;0;0
22/05/2020;05:43:00;96;Acidente com Vítimas;602,2;BR-040/MG;Sul;Atropelamento de Pedestre;0;0;0;0;1;1;0;0;0;0;1;1;0;0;0
22/05/2020;07:05:00;108;Acidente com Vítimas;7,2;BR-040/DF;Norte;Colisão traseira;0;0;0;2;0;0;0;0;0;0;1;2;0;0;0
22/05/2020;07:53:00;124;Acidente sem Vítimas;484,1;BR-040/MG;Sul;Colisão lateral;1;0;0;0;0;0;0;0;0;0;1;0;0;0;0
22/05/2020;14:05:00;194;Acidente sem Vítimas;3,95;BR-040/DF;Norte;Capotamento;2;0;0;0;0;1;0;0;0;0;3;0;0;0;0
22/05/2020;15:34:00;206;Acidente sem Vítimas;0,9;BR-040/GO;Norte;Engavetamento;2;0;0;0;0;1;0;0;0;0;3;0;0;0;0
22/05/2020;16:28:00;218;Acidente sem Vítimas;4,3;BR-040/GO;Norte;Colisão lateral;1;0;1;0;0;0;0;0;0;0;3;0;0;0;0
22/05/2020;18:19:00;241;Acidente sem Vítimas;3,1;BR-040/DF;Sul;Colisão traseira;2;0;0;0;0;0;0;0;0;0;1;0;0;0;0
22/05/2020;18:21:00;240;Acidente sem Vítimas;524,5;BR-040/MG;Norte;Engavetamento;6;0;0;0;0;1;0;0;0;0;6;0;0;0;0
22/05/2020;18:33:00;244;Acidente sem Vítimas;611,5;BR-040/MG;Sul;Colisão lateral;1;0;0;0;1;0;0;0;0;0;2;0;0;0;0
22/05/2020;18:50:00;253;Acidente sem Vítimas;647,365;BR-040/MG;Norte;Atropelamento de Animal;0;0;1;0;1;0;0;0;0;0;2;0;0;0;0
22/05/2020;21:13:00;276;Acidente com Vítimas;771,9;BR-040/MG;Norte;Colisão lateral;0;0;0;0;0;2;0;0;0;0;1;0;1;0;0
23/05/2020;03:00:00;9;Acidente sem Vítimas;501,7;BR-040/MG;Norte;Queda Veículo;1;0;0;0;0;0;0;0;0;0;1;0;0;0;0
23/05/2020;08:02:00;40;Acidente sem Vítimas;405,1;BR-040/MG;Sul;Colisão traseira;1;0;1;0;0;0;0;0;0;0;2;0;0;0;0
23/05/2020;08:06:00;41;Acidente sem Vítimas;524,1;BR-040/MG;Norte;Colisão lateral;1;0;0;0;1;0;0;0;0;0;1;0;0;0;0
23/05/2020;10:01:00;72;Acidente sem Vítimas;405,12;BR-040/MG;Norte;Colisão traseira;2;0;0;0;0;1;0;0;0;0;1;0;0;0;0
23/05/2020;10:39:00;81;Acidente sem Vítimas;312,5;BR-040/MG;Norte;Choque c/ Objeto Fixo;2;0;0;0;0;0;0;0;0;0;4;0;0;0;0
23/05/2020;11:37:00;91;Acidente sem Vítimas;405,1;BR-040/MG;Sul;Colisão traseira;2;0;0;0;0;1;0;0;0;0;1;0;0;0;0
23/05/2020;11:42:00;93;Acidente com Vítimas;1,15;BR-040/GO;Sul;Atropelamento de Pedestre;0;0;0;0;0;1;0;0;0;0;1;0;1;0;0
23/05/2020;15:24:00;126;Acidente sem Vítimas;24,5;BR-040/GO;Norte;Choque c/ Objeto Fixo;1;0;0;0;0;0;0;0;0;0;1;0;0;0;0
23/05/2020;15:44:00;132;Acidente sem Vítimas;24,15;BR-040/GO;Sul;Colisão traseira;1;0;0;0;1;0;0;0;0;0;1;1;0;0;0
23/05/2020;16:10:00;139;Acidente com Vítimas;536,7;BR-040/MG;Norte;Tombamento de Moto;0;0;0;1;0;0;0;0;0;0;1;0;0;0;0
23/05/2020;17:04:00;154;Acidente sem Vítimas;762,9;BR-040/MG;Norte;Colisão transversal;1;0;1;0;1;0;0;0;0;0;0;0;0;0;0
23/05/2020;17:16:00;155;Acidente com Vítimas;410,3;BR-040/MG;Sul;Capotamento;1;0;0;0;0;0;0;0;0;0;0;2;3;0;0
23/05/2020;18:00:00;166;Acidente com Vítimas;618,3;BR-040/MG;Norte;Tombamento de Moto;0;0;0;1;0;0;0;0;0;0;1;1;0;0;0
23/05/2020;18:22:00;171;Acidente com Vítimas;311,1;BR-040/MG;Norte;Tombamento de Moto;1;0;0;2;0;0;0;0;0;0;4;0;0;0;0
23/05/2020;20:56:00;207;Acidente com Vítimas;9,11;BR-040/GO;Norte;Capotamento;0;0;0;0;0;1;0;0;0;0;0;2;0;0;0
23/05/2020;23:28:00;224;Acidente sem Vítimas;496,2;BR-040/MG;Sul;Colisão lateral;3;0;0;0;0;0;0;0;0;0;0;0;0;0;0
24/05/2020;05:40:00;24;Acidente sem Vítimas;480,1;BR-040/MG;Sul;Capotamento;1;0;0;0;0;0;0;0;0;0;0;0;0;0;0
24/05/2020;06:54:00;30;Acidente sem Vítimas;522,2;BR-040/MG;Sul;Capotamento;0;0;0;0;0;1;0;0;0;0;0;2;1;0;0
24/05/2020;13:54:00;80;Acidente sem Vítimas;718,52;BR-040/MG;Norte;Choque c/ Objeto Fixo;1;0;0;0;0;1;0;0;0;0;0;0;0;0;0
24/05/2020;17:05:00;111;Acidente com Vítimas;21,15;BR-040/GO;Norte;Choque c/ Objeto Fixo;1;0;0;0;0;0;0;0;0;0;0;0;2;0;0
24/05/2020;18:57:00;136;Acidente com Vítimas;557,2;BR-040/MG;Sul;Choque c/ Objeto Fixo;2;0;0;0;0;0;0;0;0;0;1;1;0;0;0
24/05/2020;19:27:00;141;Acidente sem Vítimas;760,5;BR-040/MG;Sul;Capotamento;2;0;0;0;0;0;0;0;0;0;1;0;0;0;0
24/05/2020;19:54:00;147;Acidente com Vítimas;555,4;BR-040/MG;Sul;Colisão traseira;1;0;1;0;0;0;0;0;0;0;3;1;0;0;0
24/05/2020;21:54:00;157;Acidente sem Vítimas;518,2;BR-040/MG;Norte;Colisão frontal;1;0;0;0;0;1;0;0;0;0;1;0;0;0;0
24/05/2020;22:22:00;160;Acidente sem Vítimas;748,5;BR-040/MG;Sul;Atropelamento de Animal;1;0;0;0;0;0;0;0;0;0;1;0;0;0;0
24/05/2020;22:32:00;162;Acidente sem Vítimas;749,5;BR-040/MG;Sul;Choque c/ Objeto Fixo;1;0;0;0;0;0;0;0;0;0;1;0;0;0;0
25/05/2020;06:00:00;101;Acidente sem Vítimas;512,2;BR-040/MG;Sul;Choque com objeto;1;0;0;0;0;0;0;0;0;0;1;0;0;0;0
25/05/2020;06:38:00;103;Acidente sem Vítimas;479,1;BR-040/MG;Norte;Tombamento;1;0;0;0;1;0;0;0;0;0;1;0;0;0;0
25/05/2020;06:43:00;104;Acidente com Vítimas;682,2;BR-040/MG;Norte;Colisão lateral;0;0;0;1;0;2;0;0;0;0;2;1;0;0;0
25/05/2020;06:44:00;110;Acidente com Vítimas;633,95;BR-040/MG;Sul;Colisão lateral;1;0;0;1;0;0;0;0;0;0;1;0;0;0;0
25/05/2020;07:11:00;116;Acidente sem Vítimas;102,19;BR-040/GO;Sul;Outros;1;0;0;0;0;1;0;0;0;0;3;0;0;0;0
25/05/2020;07:17:00;119;Acidente sem Vítimas;459,1;BR-040/MG;Sul;Colisão traseira;1;0;0;0;0;1;0;0;0;0;2;0;0;0;0
25/05/2020;09:08:00;141;Acidente com Vítimas;506,1;BR-040/MG;Sul;Choque c/ Objeto Fixo;1;0;0;0;0;0;0;0;0;0;0;1;0;0;0
25/05/2020;09:29:00;150;Acidente com Vítimas;621,5;BR-040/MG;Sul;Colisão traseira;1;1;0;0;0;1;0;0;0;0;2;1;0;0;0
25/05/2020;10:06:00;160;Acidente sem Vítimas;729,3;BR-040/MG;Norte;Choque c/ Objeto Fixo;1;0;0;0;0;0;0;0;0;0;1;0;0;0;0
25/05/2020;12:11:00;187;Acidente com Vítimas;543,1;BR-040/MG;Norte;Colisão lateral;0;0;0;1;0;2;0;0;0;0;1;1;0;0;0
25/05/2020;12:59:00;194;Acidente sem Vítimas;268,4;BR-040/MG;Sul;Choque c/ Objeto Fixo;1;0;0;0;0;2;0;0;0;0;1;0;0;0;0
25/05/2020;13:33:00;199;Acidente com Vítimas;580,6;BR-040/MG;Sul;Choque c/ Objeto Fixo;1;0;0;0;0;1;0;0;0;0;1;0;0;0;0
25/05/2020;13:43:00;203;Acidente com Vítimas;525,5;BR-040/MG;Norte;Colisão traseira;0;0;0;1;0;1;0;0;0;0;1;0;1;0;0
25/05/2020;18:04:00;245;Acidente com Vítimas;12,1;BR-040/GO;Sul;Colisão traseira;1;0;0;1;0;1;0;0;0;0;1;0;1;0;0
25/05/2020;18:26:00;249;Acidente com Vítimas;597,98;BR-040/MG;Sul;Tombamento;0;0;0;1;0;0;0;0;0;0;1;1;0;0;0
25/05/2020;18:45:00;256;Acidente sem Vítimas;522,4;BR-040/MG;Norte;Outros;2;0;0;0;0;1;0;0;0;0;2;0;0;0;0
25/05/2020;19:55:00;268;Acidente sem Vítimas;273,1;BR-040/MG;Sul;Colisão traseira;2;0;0;0;0;0;0;0;0;0;4;0;0;0;0
25/05/2020;20:20:00;271;Acidente com Vítimas;457,2;BR-040/MG;Sul;Colisão traseira;1;0;0;0;1;0;0;0;0;0;1;0;0;0;0
25/05/2020;21:08:00;275;Acidente com Vítimas;44,1;BR-040/MG;Sul;Colisão traseira;1;0;0;0;0;1;0;0;0;0;2;1;0;0;0
25/05/2020;21:55:00;283;Acidente sem Vítimas;620,365;BR-040/MG;Sul;Choque com objeto;1;0;0;0;0;0;0;0;0;0;0;0;0;0;0
25/05/2020;22:30:00;290;Acidente com Vítimas;521,4;BR-040/MG;Norte;Atropelamento de Animal;0;0;0;2;0;0;0;0;0;0;2;2;0;0;0
26/05/2020;00:30:00;2;Acidente sem Vítimas;500,1;BR-040/MG;Sul;Tombamento;0;0;0;0;1;0;0;0;0;0;1;0;0;0;0
26/05/2020;06:14:00;103;Acidente sem Vítimas;429,1;BR-040/MG;Norte;Choque c/ Objeto Fixo;1;0;0;0;0;0;0;0;0;0;1;0;0;0;0
26/05/2020;06:18:00;104;Acidente com Vítimas;6,9;BR-040/DF;Norte;Colisão traseira;2;0;0;1;0;0;0;0;0;0;2;0;1;0;0
26/05/2020;06:55:00;109;Acidente sem Vítimas;38,6;BR-040/GO;Norte;Choque c/ Objeto Fixo;1;0;0;0;0;0;0;0;0;0;2;0;0;0;0
26/05/2020;07:58:00;128;Acidente sem Vítimas;517,1;BR-040/MG;Sul;Engavetamento;6;0;0;0;0;0;0;0;0;0;6;0;0;0;0
26/05/2020;08:14:00;130;Acidente sem Vítimas;487,1;BR-040/MG;Sul;Colisão lateral;1;0;0;0;1;0;0;0;0;0;4;0;0;0;0
26/05/2020;10:09:00;153;Acidente sem Vítimas;405,1;BR-040/MG;Norte;Colisão lateral;1;0;0;0;1;0;0;0;0;0;2;0;0;0;0
26/05/2020;10:31:00;157;Acidente sem Vítimas;476,1;BR-040/MG;Sul;Choque c/ Objeto Fixo;1;0;0;0;1;0;0;0;0;0;2;0;0;0;0
26/05/2020;12:10:00;179;Acidente sem Vítimas;79,1;BR-040/GO;Norte;Tombamento;0;0;0;0;0;1;0;0;0;0;1;0;0;0;0
26/05/2020;12:22:00;182;Acidente sem Vítimas;285,3;BR-040/MG;Norte;Choque c/ Objeto Fixo;1;0;0;0;0;1;0;0;0;0;2;0;0;0;0
26/05/2020;13:07:00;190;Acidente com Vítimas;444,15;BR-040/MG;Sul;Colisão traseira;1;0;0;1;0;0;0;0;0;0;1;0;1;0;0
26/05/2020;17:28:00;219;Acidente com Vítimas;7,5;BR-040/GO;Sul;Colisão traseira;1;0;0;1;0;1;0;0;0;0;1;0;1;0;0
26/05/2020;18:29:00;224;Acidente com Vítimas;517,4;BR-040/MG;Sul;Choque com objeto;0;0;0;1;0;1;0;0;0;0;0;1;0;0;0
26/05/2020;19:03:00;233;Acidente sem Vítimas;6,2;BR-040/DF;Sul;Colisão traseira;1;0;0;1;0;1;0;0;0;0;1;0;0;0;0
26/05/2020;19:45:00;247;Acidente com Vítimas;539,4;BR-040/MG;Sul;Tombamento de Moto;0;0;0;1;0;0;0;0;0;0;0;1;0;0;0
27/05/2020;02:39:00;12;Acidente sem Vítimas;544,4;BR-040/MG;Norte;Colisão traseira;1;0;0;0;1;0;0;0;0;0;1;0;0;0;0
27/05/2020;16:23:00;241;Acidente sem Vítimas;521,12;BR-040/MG;Norte;Choque c/ Objeto Fixo;1;0;0;0;0;0;0;0;0;0;0;0;0;0;0
27/05/2020;16:49:00;243;Acidente sem Vítimas;83,5;BR-040/MG;Sul;Capotamento;1;0;0;0;0;0;0;0;0;0;2;0;0;0;0
27/05/2020;17:11:00;247;Acidente sem Vítimas;534,1;BR-040/MG;Sul;Colisão transversal;1;0;1;1;0;0;0;0;0;0;0;0;0;0;0
27/05/2020;17:46:00;254;Acidente sem Vítimas;459,2;BR-040/MG;Sul;Tombamento;0;0;1;0;0;0;0;0;0;0;0;0;0;0;0
27/05/2020;17:49:00;253;Acidente sem Vítimas;537,8;BR-040/MG;Norte;Engavetamento;2;0;0;0;0;1;0;0;0;0;3;0;0;0;0
27/05/2020;20:32:00;287;Acidente com Vítimas;8,1;BR-040/DF;Sul;Atropelamento de Pedestre;1;2;0;0;0;0;0;0;0;0;1;1;0;0;0
27/05/2020;20:58:00;292;Acidente sem Vítimas;498,2;BR-040/MG;Sul;Choque c/ Objeto Fixo;1;0;0;0;0;0;0;0;0;0;0;0;0;0;0
27/05/2020;23:03:00;303;Acidente com Vítimas;555,3;BR-040/MG;Norte;Colisão traseira;1;0;0;1;0;1;0;0;0;0;0;0;1;0;0
28/05/2020;07:59:00;118;Acidente com Vítimas;523,25;BR-040/MG;Sul;Colisão lateral;0;0;0;1;0;1;0;0;0;0;2;0;0;0;0
28/05/2020;12:41:00;197;Acidente sem Vítimas;1,2;BR-040/GO;Sul;Choque c/ Objeto Fixo;0;0;0;0;1;0;0;0;0;0;1;0;0;0;0
28/05/2020;16:11:00;244;Acidente com Vítimas;628,1;BR-040/MG;Norte;Colisão transversal;1;0;0;1;0;0;0;0;0;0;0;1;1;0;0
28/05/2020;17:15:00;255;Acidente sem Vítimas;12,9;BR-040/GO;Sul;Colisão traseira;0;0;0;1;0;2;0;0;0;0;1;0;1;0;0
28/05/2020;18:34:00;275;Acidente sem Vítimas;32,5;BR-040/MG;Norte;Colisão lateral;1;0;0;0;1;0;0;0;0;0;2;0;0;0;0
28/05/2020;19:32:00;285;Acidente sem Vítimas;4,7;BR-040/GO;Norte;Colisão traseira;2;0;0;0;0;0;0;0;0;0;2;0;0;0;0
28/05/2020;22:34:00;313;Acidente sem Vítimas;553,9;BR-040/MG;Norte;Outros;1;0;0;0;0;0;0;0;0;0;0;0;0;0;0
29/05/2020;00:08:00;1;Acidente sem Vítimas;709,6;BR-040/MG;Sul;Choque c/ Objeto Fixo;0;0;0;0;0;3;0;0;0;0;1;0;0;0;0
29/05/2020;04:47:00;97;Acidente sem Vítimas;7,1;BR-040/GO;Norte;Choque c/ Objeto Fixo;0;0;0;0;0;1;0;0;0;0;1;0;0;0;0
29/05/2020;06:46:00;107;Acidente sem Vítimas;542,1;BR-040/MG;Sul;Colisão lateral;2;0;0;0;0;1;0;0;0;0;2;0;0;0;0
29/05/2020;08:13:00;139;Acidente sem Vítimas;731,2;BR-040/MG;Norte;Colisão traseira;3;0;0;0;0;0;0;0;0;0;3;0;0;0;0
29/05/2020;08:24:00;141;Acidente com Vítimas;4,9;BR-040/DF;Norte;Tombamento de Moto;0;0;0;1;0;1;0;0;0;0;1;1;0;0;0
29/05/2020;09:20:00;162;Acidente sem Vítimas;6,9;BR-040/DF;Norte;Engavetamento;3;0;0;0;0;0;0;0;0;0;5;0;0;0;0
29/05/2020;11:22:00;184;Acidente sem Vítimas;526,32;BR-040/MG;Sul;Colisão traseira;1;0;0;0;0;1;0;0;0;0;2;0;0;0;0
29/05/2020;14:06:00;216;Acidente com Vítimas;8,5;BR-040/GO;Norte;Tombamento de Moto;0;0;0;1;0;0;0;0;0;0;1;1;0;0;0
29/05/2020;15:14:00;227;Acidente sem Vítimas;503,1;BR-040/MG;Norte;Choque c/ Objeto Fixo;0;0;0;0;0;2;0;0;0;0;2;0;0;0;0
29/05/2020;15:51:00;233;Acidente com Vítimas;754,2;BR-040/MG;Norte;Colisão frontal;0;0;0;1;1;1;0;0;0;0;2;0;0;1;0
29/05/2020;16:27:00;241;Acidente sem Vítimas;540,9;BR-040/MG;Norte;Colisão traseira;3;0;0;0;0;0;0;0;0;0;3;0;0;0;0
29/05/2020;16:57:00;254;Acidente com Vítimas;44,8;BR-040/MG;Sul;Colisão transversal;0;0;0;2;0;0;0;0;0;0;0;2;0;0;0
29/05/2020;17:28:00;260;Acidente com Vítimas;532,1;BR-040/MG;Sul;Colisão lateral;1;0;0;1;1;0;0;0;0;0;1;1;0;0;0
29/05/2020;18:33:00;276;Acidente sem Vítimas;58,8;BR-040/GO;Norte;Colisão traseira;2;0;0;0;0;0;0;0;0;0;2;0;0;0;0
30/05/2020;02:01:00;14;Acidente com Vítimas;534,5;BR-040/MG;Norte;Atropelamento de Pedestre;0;0;0;0;0;1;0;0;0;0;0;1;0;0;0
30/05/2020;05:52:00;26;Acidente com Vítimas;97,5;BR-040/MG;Sul;Choque c/ Objeto Fixo;1;0;0;0;0;0;0;0;0;0;1;0;1;0;0
30/05/2020;06:15:00;30;Acidente sem Vítimas;506,1;BR-040/MG;Norte;Choque c/ Objeto Fixo;1;0;0;0;0;0;0;0;0;0;3;0;0;0;0
30/05/2020;06:25:00;33;Acidente Fatal;38,3;BR-040/GO;Norte;Atropelamento de Pedestre;0;0;0;0;0;1;0;0;0;0;0;0;0;0;1
30/05/2020;08:01:00;53;Acidente sem Vítimas;8,8;BR-040/GO;Norte;Colisão traseira;2;0;0;0;0;0;0;0;0;0;2;0;0;0;0
30/05/2020;10:42:00;86;Acidente sem Vítimas;510,1;BR-040/MG;Sul;Colisão traseira;1;0;0;0;1;1;0;0;0;0;2;0;0;1;0
30/05/2020;13:48:00;117;Acidente Fatal;481,356;BR-040/MG;Sul;Colisão transversal;0;0;1;1;0;1;0;0;0;0;1;0;0;0;1
30/05/2020;14:09:00;122;Acidente sem Vítimas;587,92;BR-040/MG;Sul;Choque c/ Objeto Fixo;0;0;1;0;0;0;0;0;0;0;1;0;0;0;0
30/05/2020;14:18:00;124;Acidente sem Vítimas;645,5;BR-040/MG;Sul;Engavetamento;4;0;0;0;0;1;0;0;0;0;5;0;0;0;0
30/05/2020;16:50:00;152;Acidente com Vítimas;661,32;BR-040/MG;Norte;Tombamento;0;0;0;1;0;1;0;0;0;0;2;1;0;0;0
30/05/2020;17:28:00;156;Acidente sem Vítimas;517,1;BR-040/MG;Sul;Colisão transversal;1;0;0;1;0;0;0;0;0;0;2;0;0;0;0
30/05/2020;18:47:00;169;Acidente sem Vítimas;530,4;BR-040/MG;Sul;Colisão traseira;1;0;0;0;0;2;0;0;0;0;3;0;0;0;0
30/05/2020;20:13:00;181;Acidente sem Vítimas;5,236;BR-040/GO;Norte;Choque c/ Objeto Fixo;0;0;0;0;0;2;0;0;0;0;1;0;0;0;0
30/05/2020;21:05:00;187;Acidente sem Vítimas;24,1;BR-040/GO;Norte;Colisão traseira;2;0;0;0;0;0;0;0;0;0;2;0;0;0;0
30/05/2020;21:40:00;196;Acidente sem Vítimas;7,5;BR-040/GO;Norte;Choque c/ Objeto Fixo;1;0;0;0;0;0;0;0;0;0;1;0;0;0;0
30/05/2020;23:16:00;206;Acidente sem Vítimas;189,1;BR-040/MG;Norte;Colisão traseira;0;0;0;0;1;2;0;0;0;0;1;1;1;0;0
30/05/2020;23:45:00;211;Acidente com Vítimas;493,4;BR-040/MG;Sul;Capotamento;0;0;0;0;0;3;0;0;0;0;1;2;1;0;0
30/05/2020;23:56:00;213;Acidente sem Vítimas;10,1;BR-040/GO;Norte;Colisão traseira;0;0;0;1;0;0;0;0;0;0;1;0;0;0;0
01/01/2020;01:39:00;8;Acidente com Vítimas;499,495;BR-040/MG;Sul;Tombamento de Moto;0;0;0;1;0;0;0;0;0;0;0;0;1;0;0
01/01/2020;06:19:00;31;Acidente sem Vítimas;10,85;BR-040/GO;Sul;Choque c/ Objeto Fixo;1;0;0;0;0;1;0;0;0;0;0;0;0;0;0
01/01/2020;06:32:00;33;Acidente sem Vítimas;516,419;BR-040/MG;Sul;Colisão lateral;2;0;0;0;0;1;0;0;0;0;2;0;0;0;0
01/01/2020;07:42:00;38;Acidente sem Vítimas;119,12;BR-040/MG;Sul;Choque c/ Objeto Fixo;1;0;0;0;0;0;0;0;0;0;0;0;0;0;0
01/01/2020;08:53:00;42;Acidente com Vítimas;88,3;BR-040/GO;Norte;Choque c/ Objeto Fixo;1;0;0;0;0;0;0;0;0;0;0;1;0;0;0
01/01/2020;09:45:00;46;Acidente com Vítimas;715,2;BR-040/MG;Norte;Tombamento de Moto;0;0;0;1;0;0;0;0;0;0;0;0;1;0;0
01/01/2020;10:14:00;57;Acidente com Vítimas;2,166;BR-040/DF;Norte;Tombamento de Moto;0;0;0;1;0;0;0;0;0;0;0;0;1;0;0
01/01/2020;15:42:00;116;Acidente sem Vítimas;10,41;BR-040/GO;Norte;Choque c/ Objeto Fixo;1;0;0;0;0;0;0;0;0;0;0;0;0;0;0
01/01/2020;17:56:00;145;Acidente com Vítimas;532,8;BR-040/MG;Sul;Colisão traseira;1;0;0;1;1;0;0;0;0;0;1;1;0;0;0
01/01/2020;18:17:00;153;Acidente sem Vítimas;506,2;BR-040/MG;Sul;Atropelamento de Pedestre;1;0;0;0;0;1;0;0;0;0;4;1;0;0;0
01/01/2020;18:38:00;157;Acidente com Vítimas;509,2;BR-040/MG;Norte;Atropelamento de Pedestre;1;0;0;1;0;0;0;0;0;0;1;1;0;0;0
01/01/2020;19:23:00;166;Acidente sem Vítimas;618,2;BR-040/MG;Norte;Choque c/ Objeto Fixo;2;0;0;0;0;0;0;0;0;0;0;0;0;0;0
01/01/2020;20:13:00;176;Acidente sem Vítimas;512,3;BR-040/MG;Sul;Choque com objeto;1;0;0;0;0;0;0;0;0;0;3;0;0;0;0
01/01/2020;23:27:00;217;Acidente sem Vítimas;683,8;BR-040/MG;Sul;Capotamento;1;0;0;0;0;0;0;0;0;0;4;0;0;0;0
02/01/2020;07:31:00;104;Acidente sem Vítimas;2,5;BR-040/DF;Norte;Colisão lateral;2;0;0;0;0;0;0;0;0;0;0;0;0;0;0
02/01/2020;08:52:00;134;Acidente Fatal;115,16;BR-040/MG;Norte;Choque c/ Objeto Fixo;0;0;0;1;0;0;0;0;0;0;0;0;0;0;1
02/01/2020;10:19:00;146;Acidente sem Vítimas;148,6;BR-040/GO;Norte;Colisão traseira;1;0;0;1;0;0;0;0;0;0;0;0;0;0;0
02/01/2020;11:58:00;167;Acidente com Vítimas;40,6;BR-040/MG;Sul;Colisão lateral;2;0;0;0;0;1;0;0;0;0;0;0;0;0;0
02/01/2020;12:14:00;169;Acidente sem Vítimas;640,35;BR-040/MG;Norte;Colisão traseira;0;0;0;0;0;0;0;0;0;0;0;0;0;0;0
02/01/2020;12:24:00;172;Acidente sem Vítimas;630,321;BR-040/MG;Sul;Colisão transversal;2;0;0;0;0;1;0;0;0;0;2;0;0;0;0