data;horario;n_da_ocorrencia;tipo_de_ocorrencia;km;trecho;sentido;tipo_de_acidente;automovel;bicicleta;caminhao;moto;onibus;outros;tracao_animal;transporte_de_cargas_especiais;trator_maquinas;utilitarios;ilesos;levemente_feridos;moderadamente_feridos;gravemente_feridos;mortos
02/01/2020;12:37:00;174;Acidente sem Vítimas;749,1;BR-040/MG;Sul;Colisão transversal;1;0;1;0;0;0;0;0;0;0;0;0;0;0;0
02/01/2020;13:15:00;182;Acidente sem Vítimas;640,32;BR-040/MG;Sul;Colisão lateral;1;0;0;0;0;1;0;0;0;0;0;0;0;0;0
02/01/2020;13:54:00;185;Acidente sem Vítimas;505,5;BR-040/MG;Norte;Capotamento;0;0;0;0;0;1;0;0;0;0;0;0;0;0;0
02/01/2020;13:56:00;184;Acidente sem Vítimas;155,155;BR-040/GO;Sul;Choque c/ Objeto Fixo;1;0;0;0;0;0;0;0;0;0;0;0;0;0;0
02/01/2020;14:01:00;188;Acidente com Vítimas;447,12;BR-040/MG;Norte;Choque c/ Objeto Fixo;1;0;0;0;0;1;0;0;0;0;1;2;1;0;0
02/01/2020;14:22:00;195;Acidente sem Vítimas;505,815;BR-040/MG;Norte;Capotamento;0;0;0;0;0;1;0;0;0;0;1;0;0;0;0
02/01/2020;15:04:00;209;Acidente sem Vítimas;656,1;BR-040/MG;Sul;Tombamento;1;0;0;0;0;0;0;0;0;0;1;0;0;0;0
02/01/2020;15:24:00;212;Acidente sem Vítimas;641,323;BR-040/MG;Norte;Outros;0;0;1;0;0;0;0;0;0;0;0;0;0;0;0
02/01/2020;16:22:00;225;Acidente com Vítimas;154,197;BR-040/GO;Sul;Choque c/ Objeto Fixo;1;0;0;0;0;0;0;0;0;0;0;1;0;0;0
02/01/2020;16:58:00;232;Acidente Fatal;763,807;BR-040/MG;Sul;Colisão frontal;1;0;0;0;1;0;0;0;0;0;0;1;0;0;2
02/01/2020;17:45:00;238;Acidente sem Vítimas;716,6;BR-040/MG;Norte;Choque c/ Objeto Fixo;1;0;0;0;0;0;0;0;0;0;1;0;0;0;0
02/01/2020;18:14:00;244;Acidente sem Vítimas;559,2;BR-040/MG;Norte;Colisão traseira;3;0;0;0;0;0;0;0;0;0;2;0;0;0;0
02/01/2020;18:16:00;243;Acidente sem Vítimas;524,1;BR-040/MG;Sul;Engavetamento;2;0;0;0;0;1;0;0;0;0;3;0;0;0;0
02/01/2020;18:21:00;246;Acidente sem Vítimas;468,1;BR-040/MG;Sul;Choque c/ Objeto Fixo;2;0;0;0;0;0;0;0;0;0;2;0;0;0;0
02/01/2020;18:22:00;245;Acidente sem Vítimas;718,5;BR-040/MG;Sul;Choque c/ Objeto Fixo;1;0;0;0;0;0;0;0;0;0;1;0;0;0;0
02/01/2020;18:37:00;250;Acidente sem Vítimas;5,9;BR-040/DF;Sul;Colisão traseira;2;0;0;0;0;0;0;0;0;0;2;0;0;0;0
02/01/2020;18:47:00;258;Acidente sem Vítimas;750;BR-040/MG;Norte;Choque c/ Objeto Fixo;1;0;0;0;0;0;0;0;0;0;1;0;0;0;0
02/01/2020;18:49:00;257;Acidente sem Vítimas;735,1;BR-040/MG;Norte;Choque c/ Objeto Fixo;0;0;0;0;0;2;0;0;0;0;0;0;0;0;0
02/01/2020;19:30:00;272;Acidente com Vítimas;24,3;BR-040/GO;Norte;Colisão traseira;1;0;0;0;0;0;0;0;0;0;1;0;0;0;0
02/01/2020;19:31:00;271;Acidente sem Vítimas;517,5;BR-040/MG;Norte;Choque c/ Objeto Fixo;0;0;0;0;0;1;0;0;0;0;1;0;0;0;0
02/01/2020;19:39:00;278;Acidente sem Vítimas;465,6;BR-040/MG;Norte;Choque com objeto;0;0;0;0;2;0;0;0;0;0;1;0;0;0;0
02/01/2020;20:26:00;288;Acidente sem Vítimas;53,4;BR-040/GO;Norte;Choque com objeto;0;0;0;1;0;0;0;0;0;0;0;0;0;0;0
02/01/2020;20:54:00;291;Acidente com Vítimas;137,5;BR-040/MG;Norte;Capotamento;1;0;0;0;0;0;0;0;0;0;0;1;0;0;0
03/01/2020;01:27:00;2;Acidente com Vítimas;141,55;BR-040/GO;Norte;Colisão frontal;3;0;0;0;0;0;0;0;0;0;6;2;1;0;0
03/01/2020;03:16:00;5;Acidente com Vítimas;92,4;BR-040/GO;Sul;Colisão transversal;1;0;1;0;0;0;0;0;0;0;1;1;0;0;0
03/01/2020;07:27:00;110;Acidente sem Vítimas;498,25;BR-040/MG;Sul;Choque c/ Objeto Fixo;1;0;0;0;0;1;0;0;0;0;2;0;0;0;0
03/01/2020;07:39:00;114;Acidente sem Vítimas;739,5;BR-040/MG;Norte;Tombamento;0;0;1;0;0;1;0;0;0;0;0;0;0;0;0
03/01/2020;08:07:00;119;Acidente com Vítimas;6,8;BR-040/GO;Norte;Tombamento de Moto;0;0;0;1;0;1;0;0;0;0;2;1;0;0;0
03/01/2020;08:31:00;123;Acidente com Vítimas;463,45;BR-040/MG;Norte;Colisão traseira;1;0;0;0;1;1;0;0;0;0;2;0;1;0;0
03/01/2020;08:50:00;130;Acidente sem Vítimas;738,45;BR-040/MG;Sul;Capotamento;1;0;2;0;0;0;0;0;0;0;0;0;0;0;0
03/01/2020;11:48:00;161;Acidente sem Vítimas;632,6;BR-040/MG;Norte;Colisão transversal;1;0;0;0;1;0;0;0;0;0;4;0;0;0;0
03/01/2020;11:59:00;164;Acidente com Vítimas;609,4;BR-040/MG;Sul;Atropelamento de Pedestre;1;0;0;0;0;0;0;0;0;0;1;0;1;0;0
03/01/2020;12:32:00;173;Acidente sem Vítimas;222,3;BR-040/MG;Norte;Outros;1;0;0;0;0;0;0;0;0;0;0;0;0;0;0
03/01/2020;13:26:00;190;Acidente sem Vítimas;467,5;BR-040/MG;Sul;Choque c/ Objeto Fixo;1;0;0;0;0;0;0;0;0;0;2;0;0;0;0
03/01/2020;13:31:00;194;Acidente sem Vítimas;444,1;BR-040/MG;Sul;Choque c/ Objeto Fixo;1;0;0;0;0;1;0;0;0;0;0;0;0;0;0
03/01/2020;14:09:00;200;Acidente sem Vítimas;6,1;BR-040/GO;Sul;Colisão traseira;2;0;0;0;0;0;0;0;0;0;2;0;0;0;0
03/01/2020;14:26:00;205;Acidente sem Vítimas;750,4;BR-040/MG;Norte;Choque c/ Objeto Fixo;1;0;0;0;0;0;0;0;0;0;0;0;0;0;0
03/01/2020;14:29:00;206;Acidente sem Vítimas;589;BR-040/MG;Sul;Capotamento;1;0;0;0;0;0;0;0;0;0;0;0;0;0;0
03/01/2020;14:43:00;212;Acidente sem Vítimas;127,458;BR-040/MG;Sul;Colisão traseira;1;0;0;0;0;1;0;0;0;0;2;0;0;0;0
03/01/2020;15:35:00;226;Acidente sem Vítimas;656,14;BR-040/MG;Norte;Choque c/ Objeto Fixo;0;0;0;0;0;0;0;0;0;0;0;0;0;0;0
03/01/2020;16:43:00;236;Acidente com Vítimas;510,1;BR-040/MG;Norte;Queda de Ribanceira;1;0;0;0;0;0;0;0;0;0;0;0;2;0;0
03/01/2020;16:46:00;240;Acidente sem Vítimas;728,366;BR-040/MG;Sul;Tombamento;1;0;0;0;0;0;0;0;0;0;0;0;0;0;0
03/01/2020;16:46:00;241;Acidente sem Vítimas;618,479;BR-040/MG;Sul;Colisão traseira;1;0;0;0;0;0;0;0;0;0;0;0;0;0;0
03/01/2020;17:39:00;254;Acidente com Vítimas;621,3;BR-040/MG;Sul;Queda Veículo;0;0;0;1;0;0;0;0;0;0;0;0;0;0;0
03/01/2020;18:34:00;268;Acidente sem Vítimas;663,1;BR-040/MG;Sul;Choque c/ Objeto Fixo;1;0;0;0;0;0;0;0;0;0;1;0;0;0;0
03/01/2020;21:28:00;315;Acidente sem Vítimas;1,3;BR-040/MG;Norte;Tombamento;0;0;0;1;0;0;0;0;0;0;0;0;0;0;0
03/01/2020;22:54:00;335;Acidente sem Vítimas;518,2;BR-040/MG;Sul;Colisão traseira;1;0;0;0;0;1;0;0;0;0;1;0;0;0;0
04/01/2020;02:37:00;39;Acidente sem Vítimas;727,15;BR-040/MG;Norte;Choque c/ Objeto Fixo;1;0;0;0;0;0;0;0;0;0;0;0;0;0;0
04/01/2020;09:25:00;109;Acidente sem Vítimas;460,5;BR-040/MG;Sul;Choque c/ Objeto Fixo;1;0;0;0;0;0;0;0;0;0;0;0;0;0;0
04/01/2020;09:31:00;108;Acidente sem Vítimas;38,3;BR-040/MG;Sul;Colisão traseira;0;0;0;0;1;1;0;0;0;0;2;0;0;0;0
04/01/2020;09:32:00;110;Acidente sem Vítimas;499,1;BR-040/MG;Sul;Colisão traseira;1;0;0;0;0;2;0;0;0;0;2;0;0;0;0
04/01/2020;09:49:00;116;Acidente sem Vítimas;461,1;BR-040/MG;Norte;Colisão lateral;2;0;0;0;0;1;0;0;0;0;2;0;0;0;0
04/01/2020;10:11:00;120;Acidente com Vítimas;726,216;BR-040/MG;Sul;Choque c/ Objeto Fixo;1;0;0;0;0;2;0;0;0;0;1;1;0;0;0
04/01/2020;10:23:00;124;Acidente sem Vítimas;527,1;BR-040/MG;Norte;Colisão lateral;1;0;0;0;1;1;0;0;0;0;1;1;0;0;0
04/01/2020;10:40:00;130;Acidente sem Vítimas;738,5;BR-040/MG;Sul;Tombamento;0;0;0;0;1;0;0;0;0;0;1;0;0;0;0
04/01/2020;10:42:00;131;Acidente sem Vítimas;10,1;BR-040/GO;Norte;Capotamento;2;0;0;0;0;0;0;0;0;0;2;0;0;0;0
04/01/2020;10:44:00;132;Acidente sem Vítimas;462,1;BR-040/MG;Norte;Engavetamento;4;0;0;0;0;0;0;0;0;0;4;0;0;0;0
04/01/2020;10:54:00;136;Acidente com Vítimas;668,8;BR-040/MG;Sul;Colisão frontal;2;0;0;0;0;1;0;0;0;0;2;1;0;0;0
04/01/2020;11:33:00;141;Acidente sem Vítimas;300,15;BR-040/MG;Sul;Choque c/ Objeto Fixo;1;0;0;0;0;0;0;0;0;0;2;0;0;0;0
04/01/2020;14:04:00;164;Acidente sem Vítimas;719,146;BR-040/MG;Norte;Outros;1;0;0;0;0;1;0;0;0;0;1;0;0;0;0
04/01/2020;14:24:00;167;Acidente sem Vítimas;465,1;BR-040/MG;Sul;Colisão traseira;1;0;0;0;0;3;0;0;0;0;3;0;0;0;0
04/01/2020;14:26:00;169;Acidente sem Vítimas;467,15;BR-040/MG;Norte;Choque c/ Objeto Fixo;1;0;0;0;0;0;0;0;0;0;0;0;0;0;0
04/01/2020;14:38:00;172;Acidente com Vítimas;730,66;BR-040/MG;Norte;Choque c/ Objeto Fixo;1;0;0;0;0;0;0;0;0;0;0;2;0;0;0
04/01/2020;16:04:00;195;Acidente com Vítimas;1;BR-040/GO;Sul;Tombamento de Moto;0;0;0;2;0;0;0;0;0;0;0;1;0;0;0
04/01/2020;16:45:00;208;Acidente com Vítimas;727,63;BR-040/MG;Norte;Capotamento;2;0;0;0;0;0;0;0;0;0;1;0;0;0;0
04/01/2020;16:51:00;211;Acidente sem Vítimas;718,4;BR-040/MG;Norte;Colisão traseira;1;0;0;0;0;0;0;0;0;0;0;0;0;0;0
04/01/2020;17:02:00;212;Acidente com Vítimas;728,4;BR-040/MG;Sul;Capotamento;2;0;0;0;0;0;0;0;0;0;2;0;0;0;0
04/01/2020;17:33:00;221;Acidente sem Vítimas;718,4;BR-040/MG;Sul;Choque com objeto;1;0;0;0;0;1;0;0;0;0;2;0;0;0;0
04/01/2020;18:11:00;225;Acidente com Vítimas;14,3;BR-040/MG;Sul;Capotamento;1;0;0;0;0;0;0;0;0;0;0;0;2;0;0
04/01/2020;18:28:00;232;Acidente sem Vítimas;522,2;BR-040/MG;Sul;Tombamento de Moto;0;0;0;1;0;0;0;0;0;0;1;0;0;0;0
04/01/2020;18:34:00;234;Acidente sem Vítimas;718,4;BR-040/MG;Sul;Choque c/ Objeto Fixo;1;0;0;0;0;0;0;0;0;0;1;0;0;0;0
05/01/2020;00:22:00;3;Acidente sem Vítimas;611;BR-040/MG;Sul;Choque c/ Objeto Fixo;3;0;0;0;0;1;0;0;0;0;5;0;0;0;0
05/01/2020;01:38:00;12;Acidente sem Vítimas;611,1;BR-040/MG;Norte;Colisão traseira;2;0;0;0;0;0;0;0;0;0;5;0;0;0;0
05/01/2020;04:34:00;26;Acidente sem Vítimas;2,5;BR-040/GO;Norte;Capotamento;1;0;0;0;0;0;0;0;0;0;1;0;0;0;0
05/01/2020;05:45:00;32;Acidente sem Vítimas;673;BR-040/MG;Sul;Choque c/ Objeto Fixo;1;0;0;0;0;1;0;0;0;0;2;0;0;0;0
05/01/2020;08:06:00;48;Acidente com Vítimas;93,5;BR-040/GO;Sul;Colisão transversal;1;0;1;0;0;0;0;0;0;0;2;1;0;1;0
05/01/2020;09:26:00;62;Acidente com Vítimas;414,3;BR-040/MG;Sul;Choque c/ Objeto Fixo;1;0;0;0;0;0;0;0;0;0;0;2;0;0;0
05/01/2020;12:30:00;94;Acidente sem Vítimas;3,2;BR-040/GO;Sul;Engavetamento;2;0;0;0;0;1;0;0;0;0;2;0;0;0;0
05/01/2020;13:19:00;101;Acidente sem Vítimas;463,15;BR-040/MG;Sul;Capotamento;1;0;0;0;0;1;0;0;0;0;1;0;0;0;0
05/01/2020;13:30:00;102;Acidente sem Vítimas;730,2;BR-040/MG;Norte;Choque c/ Objeto Fixo;1;0;0;0;0;0;0;0;0;0;0;0;0;0;0
05/01/2020;13:59:00;111;Acidente sem Vítimas;466,7;BR-040/MG;Norte;Choque c/ Objeto Fixo;1;0;0;0;0;0;0;0;0;0;1;0;0;0;0
05/01/2020;14:10:00;115;Acidente sem Vítimas;461,7;BR-040/MG;Sul;Choque c/ Objeto Fixo;0;0;0;0;0;1;0;0;0;0;1;0;0;0;0
05/01/2020;14:56:00;127;Acidente sem Vítimas;527,9;BR-040/MG;Sul;Colisão traseira;1;0;0;0;0;1;0;0;0;0;2;0;0;0;0
05/01/2020;15:03:00;129;Acidente com Vítimas;459,9;BR-040/MG;Norte;Colisão transversal;1;0;0;1;0;0;0;0;0;0;2;1;0;1;0
05/01/2020;15:50:00;142;Acidente sem Vítimas;762,8;BR-040/MG;Norte;Colisão lateral;0;0;0;0;0;2;0;0;0;0;0;0;0;0;0
05/01/2020;15:59:00;148;Acidente sem Vítimas;758,1;BR-040/MG;Norte;Colisão traseira;1;0;0;0;0;1;0;0;0;0;0;0;0;0;0
05/01/2020;17:58:00;181;Acidente sem Vítimas;716,2;BR-040/MG;Sul;Choque c/ Objeto Fixo;1;0;0;0;0;1;0;0;0;0;1;0;0;0;0
05/01/2020;18:19:00;184;Acidente sem Vítimas;716,5;BR-040/MG;Norte;Choque c/ Objeto Fixo;1;0;0;0;0;0;0;0;0;0;1;0;0;0;0
05/01/2020;18:35:00;200;Acidente sem Vítimas;730,3;BR-040/MG;Sul;Choque c/ Objeto Fixo;1;0;0;0;0;0;0;0;0;0;0;0;0;0;0
06/01/2020;04:28:00;74;Acidente sem Vítimas;569,7;BR-040/MG;Norte;Colisão frontal;0;0;1;1;0;0;0;0;0;0;2;0;0;0;0
06/01/2020;06:40:00;85;Acidente sem Vítimas;461,491;BR-040/MG;Sul;Capotamento;0;0;0;0;0;2;0;0;0;0;1;0;0;0;0
06/01/2020;07:00:00;90;Acidente sem Vítimas;620,1;BR-040/MG;Sul;Choque c/ Objeto Fixo;1;0;0;0;0;1;0;0;0;0;0;0;0;0;0
06/01/2020;07:46:00;98;Acidente sem Vítimas;569,4;BR-040/MG;Sul;Capotamento;2;0;0;0;0;1;0;0;0;0;2;0;0;0;0
06/01/2020;10:47:00;137;Acidente sem Vítimas;136,5;BR-040/MG;Sul;Colisão lateral;1;0;0;0;0;1;0;0;0;0;3;2;0;0;0
06/01/2020;13:46:00;168;Acidente sem Vítimas;545,49;BR-040/MG;Norte;Choque c/ Objeto Fixo;1;0;0;0;0;0;0;0;0;0;1;0;0;0;0
06/01/2020;14:24:00;185;Acidente Fatal;422,275;BR-040/MG;Sul;Colisão frontal;3;0;0;0;0;1;0;0;0;0;1;0;1;1;1
06/01/2020;14:27:00;183;Acidente sem Vítimas;318,7;BR-040/MG;Norte;Choque c/ Objeto Fixo;1;0;0;0;0;0;0;0;0;0;1;0;0;0;0
06/01/2020;16:09:00;213;Acidente sem Vítimas;534,3;BR-040/MG;Norte;Choque c/ Objeto Fixo;0;0;0;0;0;2;0;0;0;0;1;0;0;0;0
06/01/2020;16:19:00;215;Acidente com Vítimas;735,1;BR-040/MG;Sul;Choque c/ Objeto Fixo;1;0;0;0;0;1;0;0;0;0;0;1;0;0;0
06/01/2020;16:56:00;223;Acidente sem Vítimas;538,8;BR-040/MG;Norte;Tombamento de Moto;0;0;0;1;0;0;0;0;0;0;1;0;0;0;0
06/01/2020;18:47:00;269;Acidente sem Vítimas;510,2;BR-040/MG;Norte;Colisão lateral;1;0;1;0;0;1;0;0;0;0;2;0;0;0;0
06/01/2020;23:37:00;321;Acidente sem Vítimas;87,2;BR-040/GO;Norte;Colisão traseira;2;0;0;0;0;0;0;0;0;0;2;0;0;0;0
07/01/2020;03:24:00;73;Acidente sem Vítimas;447,256;BR-040/MG;Norte;Choque c/ Objeto Fixo;0;0;1;0;1;0;0;0;0;0;2;0;0;0;0
07/01/2020;05:34:00;82;Acidente sem Vítimas;1,8;BR-040/DF;Norte;Choque c/ Objeto Fixo;1;0;0;0;0;0;0;0;0;0;0;0;0;0;0
07/01/2020;07:27:00;104;Acidente sem Vítimas;514,5;BR-040/MG;Sul;Colisão lateral;0;0;0;2;0;1;0;0;0;0;0;2;0;0;0
07/01/2020;07:27:00;105;Acidente sem Vítimas;499,6;BR-040/MG;Sul;Tombamento de Moto;0;0;0;1;0;1;0;0;0;0;0;0;1;0;0
07/01/2020;08:59:00;134;Acidente sem Vítimas;700,1;BR-040/MG;Sul;Tombamento;0;0;1;0;0;0;0;0;0;0;0;0;0;0;0
07/01/2020;09:29:00;145;Acidente sem Vítimas;700,213;BR-040/MG;Sul;Colisão traseira;2;0;0;0;0;0;0;0;0;0;0;0;0;0;0
07/01/2020;09:52:00;153;Acidente com Vítimas;250,8;BR-040/MG;Norte;Capotamento;2;0;0;0;0;0;0;0;0;0;0;0;1;0;0
07/01/2020;10:09:00;158;Acidente sem Vítimas;513,25;BR-040/MG;Norte;Capotamento;1;0;0;1;0;1;0;0;0;0;1;0;0;0;0
07/01/2020;13:51:00;218;Acidente com Vítimas;696,546;BR-040/MG;Norte;Outros;0;0;1;0;0;1;0;0;0;0;0;0;1;0;0
07/01/2020;14:00:00;224;Acidente sem Vítimas;536,2;BR-040/MG;Sul;Queda Veículo;0;0;0;1;0;0;0;0;0;0;1;1;0;0;0
07/01/2020;16:15:00;255;Acidente sem Vítimas;727,7;BR-040/MG;Sul;Choque c/ Objeto Fixo;1;0;0;0;0;0;0;0;0;0;0;0;0;0;0
07/01/2020;17:47:00;280;Acidente sem Vítimas;726,5;BR-040/MG;Norte;Choque com objeto;0;0;0;0;0;1;0;0;0;0;0;0;0;0;0
07/01/2020;17:57:00;291;Acidente sem Vítimas;682,1;BR-040/MG;Norte;Choque c/ Veículo Parado;1;0;0;0;1;1;0;0;0;0;3;0;0;0;0
07/01/2020;21:05:00;329;Acidente sem Vítimas;551,5;BR-040/MG;Sul;Choque c/ Objeto Fixo;1;0;0;0;0;0;0;0;0;0;1;0;0;0;0
07/01/2020;22:43:00;339;Acidente sem Vítimas;571,1;BR-040/MG;Sul;Tombamento;1;0;0;0;0;1;0;0;0;0;0;0;0;0;0
08/01/2020;02:26:00;32;Acidente com Vítimas;560,5;BR-040/MG;Sul;Capotamento;1;0;0;0;0;0;0;0;0;0;0;0;0;0;0
08/01/2020;07:23:00;111;Acidente com Vítimas;4,8;BR-040/GO;Norte;Colisão lateral;1;0;0;1;0;0;0;0;0;0;0;1;0;0;0
08/01/2020;10:28:00;156;Acidente sem Vítimas;467,467;BR-040/MG;Sul;Outros;1;0;0;0;0;0;0;0;0;0;0;0;0;0;0
08/01/2020;14:24:00;215;Acidente com Vítimas;559,1;BR-040/MG;Norte;Colisão lateral;1;0;0;0;1;1;0;0;0;0;1;1;0;0;0
08/01/2020;14:39:00;217;Acidente sem Vítimas;731,1;BR-040/MG;Sul;Choque c/ Objeto Fixo;1;0;0;0;0;0;0;0;0;0;2;0;0;0;0
08/01/2020;14:51:00;222;Acidente com Vítimas;526,1;BR-040/MG;Sul;Colisão traseira;1;0;0;1;0;0;0;0;0;0;0;1;0;0;0
08/01/2020;15:29:00;235;Acidente sem Vítimas;634,612;BR-040/MG;Sul;Colisão traseira;1;0;0;0;0;0;0;0;0;1;0;0;0;0;0
08/01/2020;15:45:00;240;Acidente sem Vítimas;611,203;BR-040/MG;Norte;Choque c/ Objeto Fixo;1;0;0;0;0;0;0;0;0;0;0;0;0;0;0
08/01/2020;16:22:00;257;Acidente sem Vítimas;717;BR-040/MG;Sul;Choque c/ Objeto Fixo;1;0;0;0;0;0;0;0;0;0;0;0;0;0;0
08/01/2020;17:19:00;267;Acidente sem Vítimas;527,15;BR-040/MG;Sul;Capotamento;1;0;0;0;0;1;0;0;0;0;0;0;0;0;0
08/01/2020;18:39:00;282;Acidente sem Vítimas;473,5;BR-040/MG;Sul;Tombamento de Moto;0;0;0;1;0;0;0;0;0;0;0;0;0;0;0
08/01/2020;18:58:00;284;Acidente sem Vítimas;695,1;BR-040/MG;Norte;Choque c/ Objeto Fixo;1;0;0;0;0;0;0;0;0;0;0;0;0;0;0
08/01/2020;20:02:00;297;Acidente com Vítimas;0,1;BR-040/GO;Sul;Atropelamento de Pedestre;0;0;0;0;0;2;0;0;0;0;0;1;0;0;0
08/01/2020;20:51:00;306;Acidente sem Vítimas;605;BR-040/MG;Sul;Choque c/ Objeto Fixo;0;0;1;1;0;0;0;0;0;0;0;0;0;0;0
09/01/2020;02:29:00;29;Acidente com Vítimas;462,9;BR-040/MG;Norte;Colisão traseira;1;0;0;0;0;1;0;0;0;0;0;1;0;0;0
09/01/2020;07:02:00;97;Acidente com Vítimas;468,456;BR-040/MG;Norte;Colisão traseira;2;0;0;0;0;0;0;0;0;0;2;3;0;0;0
09/01/2020;08:33:00;122;Acidente com Vítimas;16,5;BR-040/MG;Sul;Capotamento;0;0;0;0;0;1;0;0;0;0;0;1;3;0;0
09/01/2020;09:36:00;145;Acidente sem Vítimas;540,9;BR-040/MG;Sul;Engavetamento;1;0;1;0;0;1;0;0;0;0;3;0;0;0;0
09/01/2020;11:22:00;173;Acidente sem Vítimas;221,6;BR-040/MG;Norte;Colisão traseira;2;0;0;0;0;0;0;0;0;0;4;0;0;0;0
09/01/2020;15:01:00;230;Acidente com Vítimas;521,15;BR-040/MG;Norte;Outros;1;0;0;0;0;0;0;0;0;0;1;1;0;0;0
09/01/2020;15:19:00;243;Acidente sem Vítimas;522,504;BR-040/MG;Norte;Outros;0;0;0;0;0;1;0;0;0;0;0;0;0;0;0
09/01/2020;17:16:00;283;Acidente sem Vítimas;547,4;BR-040/MG;Sul;Choque c/ Objeto Fixo;1;0;0;0;0;0;0;0;0;0;1;0;0;0;0
09/01/2020;17:44:00;292;Acidente sem Vítimas;510,123;BR-040/MG;Norte;Choque c/ Objeto Fixo;1;0;0;0;0;0;0;0;0;0;1;0;0;0;0
09/01/2020;18:03:00;298;Acidente sem Vítimas;460,2;BR-040/MG;Norte;Choque com objeto;1;0;0;0;0;0;0;0;0;0;1;1;0;0;0
09/01/2020;18:23:00;296;Acidente sem Vítimas;479,2;BR-040/MG;Norte;Capotamento;1;0;0;0;0;0;0;0;0;0;1;0;0;0;0
09/01/2020;18:39:00;303;Acidente com Vítimas;527,22;BR-040/MG;Norte;Colisão lateral;1;0;0;1;0;0;0;0;0;0;2;1;0;0;0
09/01/2020;18:59:00;304;Acidente sem Vítimas;510,6;BR-040/MG;Norte;Choque c/ Objeto Fixo;0;0;0;0;0;0;0;0;0;0;0;0;0;0;0
09/01/2020;19:46:00;317;Acidente sem Vítimas;464,1;BR-040/MG;Sul;Choque c/ Objeto Fixo;1;0;0;0;0;0;0;0;0;0;1;0;0;0;0
09/01/2020;20:34:00;320;Acidente sem Vítimas;464,1;BR-040/MG;Norte;Choque c/ Objeto Fixo;0;0;0;0;0;1;0;0;0;0;6;0;0;0;0
09/01/2020;21:28:00;329;Acidente sem Vítimas;518,1;BR-040/MG;Sul;Choque c/ Objeto Fixo;1;0;0;0;0;0;0;0;0;0;0;1;1;0;0
09/01/2020;22:10:00;334;Acidente sem Vítimas;72,8;BR-040/MG;Norte;Colisão traseira;1;0;0;0;0;1;0;0;0;0;2;0;0;0;0
10/01/2020;01:08:00;7;Acidente sem Vítimas;587,4;BR-040/MG;Sul;Capotamento;1;0;0;0;0;0;0;0;0;0;2;0;0;0;0
10/01/2020;01:46:00;8;Acidente sem Vítimas;755,4;BR-040/MG;Sul;Tombamento;0;0;0;0;1;1;0;0;0;0;0;0;0;0;0
10/01/2020;06:24:00;105;Acidente sem Vítimas;643,15;BR-040/MG;Sul;Colisão traseira;1;0;0;0;0;1;0;0;0;0;0;0;0;0;0
10/01/2020;07:04:00;122;Acidente com Vítimas;516,456;BR-040/MG;Sul;Tombamento de Moto;0;0;0;1;0;0;0;0;0;0;1;1;0;0;0
10/01/2020;07:37:00;132;Acidente sem Vítimas;641,1;BR-040/MG;Sul;Choque c/ Objeto Fixo;1;0;0;0;0;0;0;0;0;0;3;0;0;0;0
10/01/2020;07:46:00;136;Acidente sem Vítimas;765,8;BR-040/MG;Sul;Tombamento;0;0;1;0;0;0;0;0;0;0;0;0;0;0;0
10/01/2020;09:01:00;149;Acidente com Vítimas;725,12;BR-040/MG;Norte;Queda Veículo;1;0;0;0;0;1;0;0;0;0;1;0;1;0;0
10/01/2020;10:39:00;173;Acidente com Vítimas;517,15;BR-040/MG;Sul;Tombamento de Moto;1;0;1;1;0;0;0;0;0;0;1;0;1;0;0
10/01/2020;10:46:00;174;Acidente com Vítimas;517,2;BR-040/MG;Norte;Colisão traseira;1;0;0;0;0;1;0;0;0;0;2;1;0;0;0
10/01/2020;13:02:00;200;Acidente sem Vítimas;732,6;BR-040/MG;Sul;Choque c/ Objeto Fixo;0;0;0;1;0;1;0;0;0;0;0;0;0;0;0
10/01/2020;16:24:00;246;Acidente sem Vítimas;695,1;BR-040/MG;Sul;Colisão traseira;1;0;0;0;0;1;0;0;0;0;1;0;0;0;0
10/01/2020;16:55:00;252;Acidente sem Vítimas;538,16;BR-040/MG;Sul;Colisão traseira;2;0;0;0;0;0;0;0;0;0;2;0;0;0;0
10/01/2020;17:32:00;262;Acidente com Vítimas;519,106;BR-040/MG;Sul;Atropelamento de Pedestre;1;0;0;0;0;0;0;0;0;0;2;0;1;0;0
10/01/2020;17:36:00;264;Acidente sem Vítimas;736,1;BR-040/MG;Sul;Outros;1;0;0;0;0;0;0;0;0;0;1;0;0;0;0
10/01/2020;22:10:00;334;Acidente com Vítimas;142,8;BR-040/MG;Sul;Colisão transversal;1;0;0;1;0;0;0;0;0;0;1;1;0;0;0
11/01/2020;06:51:00;72;Acidente sem Vítimas;543;BR-040/MG;Norte;Outros;0;0;0;0;0;2;0;0;0;0;1;0;0;0;0
11/01/2020;08:12:00;82;Acidente sem Vítimas;485,485;BR-040/MG;Norte;Colisão lateral;2;0;0;0;0;0;0;0;0;0;2;0;0;0;0
11/01/2020;08:28:00;87;Acidente sem Vítimas;448,448;BR-040/MG;Norte;Outros;1;0;0;0;0;1;0;0;0;0;0;0;0;0;0
11/01/2020;08:37:00;92;Acidente sem Vítimas;5,5;BR-040/DF;Sul;Tombamento de Moto;0;0;0;1;0;0;0;0;0;0;0;0;0;0;0
11/01/2020;08:41:00;94;Acidente com Vítimas;45,2;BR-040/MG;Sul;Tombamento de Moto;1;0;0;1;0;0;0;0;0;0;1;2;0;0;0
11/01/2020;10:00:00;110;Acidente com Vítimas;22,8;BR-040/GO;Norte;Choque c/ Objeto Fixo;1;0;0;0;0;0;0;0;0;0;0;1;1;0;0
11/01/2020;11:18:00;125;Acidente sem Vítimas;367,25;BR-040/MG;Norte;Colisão traseira;3;0;0;0;0;0;0;0;0;0;0;0;0;0;0
11/01/2020;11:44:00;134;Acidente sem Vítimas;575,1;BR-040/MG;Norte;Colisão traseira;2;0;0;0;0;0;0;0;0;0;2;0;0;0;0
11/01/2020;12:50:00;148;Acidente com Vítimas;2,1;BR-040/GO;Sul;Atropelamento de Andarilho;0;0;0;1;0;0;0;0;0;0;1;1;0;0;0