data;horario;n_da_ocorrencia;tipo_de_ocorrencia;km;trecho;sentido;tipo_de_acidente;automovel;bicicleta;caminhao;moto;onibus;outros;tracao_animal;transporte_de_cargas_especiais;trator_maquinas;utilitarios;ilesos;levemente_feridos;moderadamente_feridos;gravemente_feridos;mortos
07/08/2020;22:25:00;303;Acidente sem Vítimas;538,2;BR-040/MG;Sul;Colisão traseira;0;0;0;1;0;1;0;0;0;0;0;0;0;0;0
07/08/2020;22:51:00;310;Acidente com Vítimas;716,2;BR-040/MG;Norte;Tombamento de Moto;0;0;0;1;0;0;0;0;0;0;0;1;0;0;0
07/08/2020;22:54:00;311;Acidente com Vítimas;632,2;BR-040/MG;Sul;Atropelamento de Animal;1;0;0;1;0;0;0;0;0;0;0;1;0;0;0
08/08/2020;05:48:00;24;Acidente sem Vítimas;480,1;BR-040/MG;Sul;Choque c/ Objeto Fixo;1;0;0;0;0;0;0;0;0;0;0;0;0;0;0
08/08/2020;09:51:00;80;Acidente sem Vítimas;548,15;BR-040/MG;Sul;Colisão traseira;2;0;0;0;0;1;0;0;0;0;0;0;0;0;0
08/08/2020;10:24:00;85;Acidente Fatal;632,33;BR-040/MG;Sul;Choque c/ Objeto Fixo;1;0;0;0;0;2;0;0;0;0;0;0;0;1;1
08/08/2020;11:23:00;92;Acidente sem Vítimas;525,3;BR-040/MG;Norte;Choque c/ Objeto Fixo;1;0;0;0;0;0;0;0;0;1;0;0;0;0;0
08/08/2020;12:32:00;102;Acidente com Vítimas;710,15;BR-040/MG;Norte;Colisão traseira;1;0;0;1;1;0;0;0;0;0;0;1;0;0;0
08/08/2020;12:35:00;103;Acidente sem Vítimas;134,4;BR-040/MG;Sul;Choque c/ Objeto Fixo;1;0;0;0;0;0;0;0;0;0;0;0;0;0;0
08/08/2020;14:29:00;120;Acidente com Vítimas;504,9;BR-040/MG;Norte;Tombamento de Moto;1;0;0;1;0;0;0;0;0;0;0;0;2;0;0
08/08/2020;15:19:00;128;Acidente sem Vítimas;514,15;BR-040/MG;Sul;Tombamento de Moto;0;0;0;1;0;1;0;0;0;0;0;1;0;0;0
08/08/2020;19:50:00;183;Acidente sem Vítimas;4,6;BR-040/GO;Norte;Colisão traseira;1;0;0;0;0;1;0;0;0;0;0;0;0;0;0
08/08/2020;21:24:00;202;Acidente sem Vítimas;26,5;BR-040/GO;Sul;Capotamento;1;0;0;0;0;0;0;0;0;0;0;0;0;0;0
08/08/2020;23:45:00;218;Acidente sem Vítimas;617,2;BR-040/MG;Norte;Colisão lateral;1;0;0;0;0;0;0;0;0;0;0;0;0;0;0
09/08/2020;01:02:00;8;Acidente com Vítimas;513,1;BR-040/MG;Sul;Capotamento;1;0;0;0;0;2;0;0;0;0;0;2;0;0;0
09/08/2020;01:56:00;12;Acidente com Vítimas;532,52;BR-040/MG;Norte;Choque c/ Objeto Fixo;1;0;0;0;0;2;0;0;0;0;0;1;0;0;0
09/08/2020;03:37:00;20;Acidente sem Vítimas;512,6;BR-040/MG;Sul;Engavetamento;4;0;0;0;0;0;0;0;0;0;0;1;0;0;0
09/08/2020;04:08:00;25;Acidente com Vítimas;451,5;BR-040/MG;Sul;Capotamento;0;0;0;0;0;2;0;0;0;0;0;0;0;0;0
09/08/2020;04:31:00;27;Acidente com Vítimas;5,5;BR-040/DF;Sul;Tombamento;0;0;0;1;0;0;0;0;0;0;0;1;0;0;0
09/08/2020;06:55:00;42;Acidente sem Vítimas;457,6;BR-040/MG;Sul;Choque c/ Objeto Fixo;1;0;0;0;0;0;0;0;0;0;0;0;0;0;0
09/08/2020;07:49:00;52;Acidente sem Vítimas;43,8;BR-040/MG;Sul;Queda Veículo;0;0;0;1;0;0;0;0;0;0;0;0;0;0;0
09/08/2020;08:21:00;58;Acidente sem Vítimas;45,1;BR-040/MG;Sul;Queda Veículo;0;0;0;1;0;0;0;0;0;0;0;0;0;0;0
09/08/2020;11:29:00;101;Acidente com Vítimas;518,3;BR-040/MG;Sul;Colisão transversal;1;0;0;1;0;1;0;0;0;0;0;2;0;1;0
09/08/2020;13:27:00;124;Acidente com Vítimas;713,28;BR-040/MG;Sul;Tombamento de Moto;0;0;0;1;0;0;0;0;0;0;0;1;0;0;0
09/08/2020;15:48:00;155;Acidente sem Vítimas;506,4;BR-040/MG;Sul;Colisão traseira;1;0;0;0;0;1;0;0;0;0;0;0;0;0;0
09/08/2020;16:50:00;172;Acidente sem Vítimas;479,196;BR-040/MG;Norte;Colisão traseira;1;0;0;0;0;2;0;0;0;0;0;0;0;0;0
09/08/2020;18:19:00;192;Acidente sem Vítimas;509,9;BR-040/MG;Sul;Colisão traseira;2;0;0;0;0;0;0;0;0;0;0;0;0;0;0
09/08/2020;18:56:00;201;Acidente com Vítimas;505,4;BR-040/MG;Sul;Colisão traseira;2;0;0;0;0;0;0;0;0;0;0;0;1;0;0
09/08/2020;19:08:00;208;Acidente sem Vítimas;1,3;BR-040/DF;Norte;Colisão traseira;3;0;0;0;0;1;0;0;0;0;0;0;0;0;0
09/08/2020;20:45:00;232;Acidente com Vítimas;233,1;BR-040/MG;Norte;Tombamento de Moto;0;0;0;1;0;1;0;0;0;0;0;1;0;0;0
10/08/2020;00:12:00;11;Acidente sem Vítimas;18,5;BR-040/GO;Norte;Choque c/ Objeto Fixo;1;0;0;0;0;0;0;0;0;0;0;0;0;0;0
10/08/2020;00:58:00;31;Acidente sem Vítimas;5,5;BR-040/DF;Norte;Colisão traseira;2;0;0;0;0;1;0;0;0;0;0;0;0;0;0
10/08/2020;04:11:00;56;Acidente com Vítimas;1,2;BR-040/GO;Norte;Colisão traseira;1;0;0;0;0;1;0;0;0;0;0;1;0;0;0
10/08/2020;06:44:00;78;Acidente com Vítimas;635,128;BR-040/MG;Sul;Choque c/ Objeto Fixo;1;0;0;0;0;0;0;0;0;0;0;1;0;0;0
10/08/2020;07:03:00;84;Acidente sem Vítimas;541,15;BR-040/MG;Sul;Colisão traseira;2;0;0;0;0;0;0;0;0;0;0;0;0;0;0
10/08/2020;07:46:00;95;Acidente com Vítimas;520,8;BR-040/MG;Sul;Colisão lateral;1;0;0;1;0;0;0;0;0;0;0;1;0;0;0
10/08/2020;08:33:00;113;Acidente sem Vítimas;425,6;BR-040/MG;Norte;Capotamento;2;0;0;0;0;0;0;0;0;0;0;0;0;0;0
10/08/2020;10:11:00;138;Acidente com Vítimas;649,206;BR-040/MG;Sul;Colisão transversal;1;0;0;1;0;0;0;0;0;0;0;1;0;0;0
10/08/2020;10:37:00;144;Acidente sem Vítimas;52,5;BR-040/MG;Sul;Choque c/ Objeto Fixo;0;0;1;0;0;0;0;0;0;0;0;0;0;0;0
10/08/2020;16:11:00;196;Acidente sem Vítimas;359,6;BR-040/MG;Norte;Engavetamento;0;0;2;0;1;0;0;0;0;0;0;0;0;0;0
10/08/2020;22:21:00;258;Acidente sem Vítimas;505,1;BR-040/MG;Sul;Colisão traseira;0;0;0;0;1;1;0;0;0;0;0;0;0;0;0
11/08/2020;06:34:00;72;Acidente sem Vítimas;524,15;BR-040/MG;Sul;Capotamento;1;0;0;0;0;0;0;0;0;0;0;0;0;0;0
11/08/2020;08:13:00;96;Acidente sem Vítimas;540,2;BR-040/MG;Sul;Engavetamento;2;0;1;0;0;0;0;0;0;0;0;0;0;0;0
11/08/2020;08:19:00;100;Acidente com Vítimas;448,15;BR-040/MG;Sul;Choque c/ Objeto Fixo;2;0;0;0;0;0;0;0;0;0;0;0;0;0;0
11/08/2020;08:33:00;104;Acidente com Vítimas;522,15;BR-040/MG;Norte;Tombamento de Moto;0;0;0;1;0;0;0;0;0;0;0;0;0;0;0
11/08/2020;11:15:00;133;Acidente sem Vítimas;524,15;BR-040/MG;Norte;Engavetamento;1;0;0;0;0;2;0;0;0;0;0;0;0;0;0
11/08/2020;16:17:00;193;Acidente sem Vítimas;533,15;BR-040/MG;Norte;Colisão traseira;2;0;0;0;0;1;0;0;0;0;0;0;0;0;0
11/08/2020;16:59:00;203;Acidente com Vítimas;728,25;BR-040/MG;Norte;Choque c/ Objeto Fixo;0;0;0;2;0;0;0;0;0;0;0;1;0;0;0
11/08/2020;19:11:00;235;Acidente com Vítimas;529,5;BR-040/MG;Norte;Atropelamento de Pedestre;0;0;0;0;0;2;0;0;0;0;0;0;0;1;0
11/08/2020;19:15:00;236;Acidente com Vítimas;531,9;BR-040/MG;Sul;Tombamento de Moto;1;0;0;1;0;0;0;0;0;0;0;1;0;0;0
11/08/2020;19:20:00;237;Acidente com Vítimas;2,3;BR-040/GO;Sul;Colisão lateral;0;0;0;2;0;0;0;0;0;0;0;0;1;0;0
11/08/2020;21:25:00;255;Acidente sem Vítimas;432,8;BR-040/MG;Norte;Tombamento;0;0;1;0;0;1;0;0;0;0;0;0;0;0;0
12/08/2020;05:07:00;71;Acidente sem Vítimas;473,2;BR-040/MG;Norte;Choque c/ Objeto Fixo;0;0;1;0;0;1;0;0;0;0;0;0;0;0;0
12/08/2020;08:42:00;128;Acidente com Vítimas;68,5;BR-040/GO;Norte;Colisão traseira;0;0;0;0;2;0;0;0;0;0;0;1;0;0;0
12/08/2020;09:12:00;135;Acidente sem Vítimas;121,3;BR-040/MG;Norte;Colisão traseira;0;0;2;0;0;0;0;0;0;0;0;0;0;0;0
12/08/2020;15:24:00;198;Acidente sem Vítimas;535,5;BR-040/MG;Sul;Colisão lateral;1;0;1;0;0;0;0;0;0;0;0;0;0;0;0
12/08/2020;19:29:00;241;Acidente com Vítimas;43,5;BR-040/MG;Sul;Tombamento de Moto;0;0;0;0;1;0;0;0;0;0;1;1;0;0;0
13/08/2020;04:22:00;84;Acidente sem Vítimas;517,7;BR-040/MG;Norte;Choque c/ Objeto Fixo;1;0;0;0;0;0;0;0;0;0;0;0;0;0;0
13/08/2020;04:52:00;92;Acidente sem Vítimas;561,5;BR-040/MG;Norte;Tombamento;0;0;0;0;1;0;0;0;0;0;0;0;0;0;0
13/08/2020;06:22:00;101;Acidente sem Vítimas;604,8;BR-040/MG;Norte;Tombamento de Moto;0;0;0;2;0;0;0;0;0;0;0;0;0;0;0
13/08/2020;06:41:00;106;Acidente sem Vítimas;6,3;BR-040/GO;Norte;Colisão transversal;2;0;0;0;0;0;0;0;0;0;0;0;0;0;0
13/08/2020;06:46:00;107;Acidente sem Vítimas;2,8;BR-040/GO;Norte;Colisão lateral;2;0;0;0;0;0;0;0;0;0;0;0;0;0;0
13/08/2020;07:07:00;115;Acidente sem Vítimas;6,3;BR-040/DF;Norte;Colisão lateral;0;0;0;0;0;2;0;0;0;0;0;0;0;0;0
13/08/2020;07:10:00;117;Acidente com Vítimas;8,1;BR-040/GO;Norte;Colisão lateral;1;0;0;1;0;0;0;0;0;0;0;1;0;0;0
13/08/2020;11:26:00;186;Acidente sem Vítimas;462,95;BR-040/MG;Norte;Colisão lateral;2;0;0;0;0;1;0;0;0;0;0;0;0;0;0
13/08/2020;13:12:00;209;Acidente sem Vítimas;518,211;BR-040/MG;Sul;Colisão lateral;1;0;0;0;1;0;0;0;0;0;0;0;0;0;0
13/08/2020;14:02:00;217;Acidente sem Vítimas;487,5;BR-040/MG;Sul;Colisão traseira;1;0;1;0;0;0;0;0;0;0;0;0;0;0;0
13/08/2020;14:10:00;219;Acidente com Vítimas;540,997;BR-040/MG;Sul;Colisão lateral;0;0;0;1;0;2;0;0;0;0;0;1;0;0;0
13/08/2020;18:52:00;277;Acidente sem Vítimas;521,4;BR-040/MG;Norte;Colisão traseira;3;0;0;0;0;0;0;0;0;0;0;0;0;0;0
13/08/2020;19:06:00;280;Acidente sem Vítimas;5,1;BR-040/GO;Sul;Colisão traseira;1;0;0;1;0;0;0;0;0;0;0;0;0;0;0
13/08/2020;19:40:00;289;Acidente com Vítimas;524,4;BR-040/MG;Sul;Colisão traseira;1;0;0;1;0;1;0;0;0;0;0;1;0;0;0
14/08/2020;00:23:00;1;Acidente sem Vítimas;499,8;BR-040/MG;Norte;Choque c/ Objeto Fixo;1;0;0;0;0;0;0;0;0;0;0;0;0;0;0
14/08/2020;06:51:00;101;Acidente sem Vítimas;513,5;BR-040/MG;Sul;Engavetamento;6;0;0;0;0;0;0;0;0;0;0;0;0;0;0
14/08/2020;07:50:00;113;Acidente com Vítimas;676,1;BR-040/MG;Norte;Choque c/ Objeto Fixo;1;0;0;0;0;0;0;0;0;0;0;1;0;0;0
14/08/2020;08:26:00;122;Acidente sem Vítimas;3,2;BR-040/GO;Norte;Engavetamento;3;0;0;0;0;0;0;0;0;0;0;0;0;0;0
14/08/2020;11:48:00;179;Acidente sem Vítimas;536,3;BR-040/MG;Sul;Colisão traseira;1;0;0;0;0;1;0;0;0;0;0;0;0;0;0
14/08/2020;12:22:00;186;Acidente com Vítimas;534,5;BR-040/MG;Sul;Colisão traseira;0;0;0;1;0;1;0;0;0;0;0;1;0;0;0
14/08/2020;15:34:00;221;Acidente com Vítimas;1,5;BR-040/GO;Sul;Atropelamento de Pedestre;1;0;0;0;0;0;0;0;0;0;0;0;1;0;0
14/08/2020;16:18:00;234;Acidente sem Vítimas;759,4;BR-040/MG;Sul;Colisão lateral;1;0;0;0;0;1;0;0;0;0;0;0;0;0;0
14/08/2020;16:56:00;246;Acidente sem Vítimas;102,33;BR-040/GO;Norte;Engavetamento;2;0;0;0;0;1;0;0;0;0;0;0;0;0;0
14/08/2020;17:05:00;248;Acidente sem Vítimas;512,5;BR-040/MG;Norte;Engavetamento;3;0;0;0;0;3;0;0;0;0;0;0;0;0;0
14/08/2020;18:34:00;269;Acidente sem Vítimas;680;BR-040/MG;Sul;Colisão lateral;2;0;0;0;0;1;0;0;0;0;0;0;0;0;0
14/08/2020;18:45:00;271;Acidente sem Vítimas;543,5;BR-040/MG;Norte;Engavetamento;4;0;0;0;0;1;0;0;0;0;0;0;0;0;0
14/08/2020;20:12:00;298;Acidente com Vítimas;6,1;BR-040/GO;Sul;Atropelamento de Pedestre;0;0;0;1;0;0;0;0;0;0;0;0;0;0;0
14/08/2020;22:04:00;324;Acidente sem Vítimas;597;BR-040/MG;Norte;Choque c/ Objeto Fixo;1;0;0;0;0;0;0;0;0;0;0;0;0;0;0
14/08/2020;23:56:00;334;Acidente sem Vítimas;459,1;BR-040/MG;Sul;Tombamento;0;0;1;0;0;0;0;0;0;0;0;0;0;0;0
15/08/2020;00:45:00;2;Acidente com Vítimas;530,5;BR-040/MG;Sul;Colisão transversal;0;0;0;2;0;0;0;0;0;0;0;0;0;0;0
15/08/2020;03:09:00;20;Acidente sem Vítimas;511,6;BR-040/MG;Norte;Choque c/ Objeto Fixo;1;0;0;0;0;0;0;0;0;0;0;0;0;0;0
15/08/2020;03:35:00;24;Acidente com Vítimas;628,9;BR-040/MG;Sul;Colisão frontal;2;0;0;0;0;1;0;0;0;0;0;0;2;1;0
15/08/2020;07:11:00;47;Acidente com Vítimas;176,1;BR-040/MG;Norte;Colisão traseira;1;0;0;0;1;0;0;0;0;0;0;0;0;0;0
15/08/2020;12:03:00;112;Acidente sem Vítimas;572,7;BR-040/MG;Norte;Colisão traseira;1;0;0;0;0;1;0;0;0;0;0;0;0;0;0
15/08/2020;12:44:00;121;Acidente com Vítimas;31,1;BR-040/MG;Norte;Tombamento de Moto;0;0;0;1;0;0;0;0;0;0;0;1;0;0;0
15/08/2020;13:39:00;132;Acidente com Vítimas;708,3;BR-040/MG;Sul;Capotamento;1;0;0;0;0;1;0;0;0;0;0;4;0;0;0
15/08/2020;14:08:00;141;Acidente sem Vítimas;1,8;BR-040/GO;Norte;Colisão lateral;1;0;0;1;0;0;0;0;0;0;0;0;0;0;0
15/08/2020;20:16:00;211;Acidente com Vítimas;9,8;BR-040/GO;Norte;Capotamento;1;0;0;0;0;0;0;0;0;0;0;1;0;0;0
15/08/2020;22:00:00;224;Acidente com Vítimas;15,6;BR-040/GO;Norte;Capotamento;2;0;0;0;0;0;0;0;0;0;0;1;0;0;0
16/08/2020;04:40:00;17;Acidente com Vítimas;501,15;BR-040/MG;Norte;Capotamento;1;0;0;0;1;1;0;0;0;0;0;1;0;1;0
16/08/2020;12:55:00;96;Acidente com Vítimas;712,1;BR-040/MG;Sul;Atropelamento de Ciclista;1;0;0;0;0;0;0;0;0;0;0;1;0;0;0
16/08/2020;14:49:00;122;Acidente com Vítimas;707,9;BR-040/MG;Sul;Tombamento de Moto;0;0;0;1;0;0;0;0;0;0;0;0;0;0;0
16/08/2020;15:06:00;127;Acidente com Vítimas;10,1;BR-040/GO;Norte;Choque c/ Objeto Fixo;2;0;0;0;0;0;0;0;0;0;0;0;0;0;0
16/08/2020;16:11:00;141;Acidente sem Vítimas;488,35;BR-040/MG;Sul;Choque c/ Objeto Fixo;1;0;0;0;0;0;0;0;0;0;0;0;0;0;0
16/08/2020;17:42:00;162;Acidente sem Vítimas;655,4;BR-040/MG;Norte;Capotamento;1;0;0;0;0;0;0;0;0;0;0;0;0;0;0
16/08/2020;17:43:00;163;Acidente Fatal;417,31;BR-040/MG;Norte;Capotamento;1;0;0;0;0;1;0;0;0;0;0;0;1;1;1
16/08/2020;18:27:00;176;Acidente sem Vítimas;510,2;BR-040/MG;Sul;Engavetamento;4;0;0;0;0;0;0;0;0;0;0;0;0;0;0
17/08/2020;03:33:00;54;Acidente sem Vítimas;270,95;BR-040/MG;Norte;Atropelamento de Animal;0;0;0;1;0;0;0;0;0;0;0;0;0;0;0
17/08/2020;03:36:00;56;Acidente sem Vítimas;16,5;BR-040/GO;Sul;Choque com objeto;1;0;0;0;0;0;0;0;0;0;0;0;0;0;0
17/08/2020;06:17:00;78;Acidente sem Vítimas;1,5;BR-040/GO;Norte;Colisão lateral;1;0;0;1;0;0;0;0;0;0;0;0;0;0;0
17/08/2020;06:41:00;85;Acidente com Vítimas;557,5;BR-040/MG;Norte;Atropelamento de Pedestre;1;0;0;0;0;1;0;0;0;0;0;0;1;0;0
17/08/2020;07:31:00;98;Acidente com Vítimas;518,5;BR-040/MG;Sul;Colisão lateral;1;0;0;1;0;0;0;0;0;0;0;1;0;0;0
17/08/2020;08:07:00;121;Acidente com Vítimas;542,3;BR-040/MG;Sul;Colisão lateral;0;0;0;1;0;2;0;0;0;0;0;0;1;0;0
17/08/2020;11:19:00;183;Acidente com Vítimas;2,6;BR-040/GO;Norte;Colisão lateral;1;0;0;1;0;0;0;0;0;0;0;0;0;0;0
17/08/2020;17:19:00;265;Acidente sem Vítimas;535,2;BR-040/MG;Norte;Colisão traseira;2;0;0;0;0;0;0;0;0;0;0;0;0;0;0
17/08/2020;18:07:00;273;Acidente com Vítimas;44,7;BR-040/MG;Sul;Colisão transversal;1;0;0;1;0;0;0;0;0;0;0;1;1;0;0
17/08/2020;18:21:00;280;Acidente sem Vítimas;524,4;BR-040/MG;Norte;Colisão lateral;1;0;1;0;0;1;0;0;0;0;0;0;0;0;0
18/08/2020;07:39:00;99;Acidente com Vítimas;2,25;BR-040/GO;Norte;Tombamento;0;0;0;1;0;1;0;0;0;0;0;1;0;0;0
18/08/2020;08:41:00;119;Acidente com Vítimas;771,2;BR-040/MG;Norte;Colisão lateral;0;0;0;0;1;1;0;0;0;0;0;0;0;0;0
18/08/2020;09:52:00;140;Acidente com Vítimas;5,1;BR-040/DF;Norte;Colisão lateral;0;0;0;1;0;1;0;0;0;0;0;1;0;0;0
18/08/2020;09:53:00;141;Acidente sem Vítimas;642,1;BR-040/MG;Sul;Capotamento;1;0;0;0;0;0;0;0;0;0;0;0;0;0;0
18/08/2020;13:50:00;192;Acidente com Vítimas;473,3;BR-040/MG;Norte;Tombamento de Moto;0;0;0;1;0;0;0;0;0;0;0;1;0;0;0
18/08/2020;18:54:00;242;Acidente com Vítimas;518,4;BR-040/MG;Norte;Colisão lateral;1;0;0;1;0;0;0;0;0;0;0;1;0;0;0
18/08/2020;23:19:00;288;Acidente com Vítimas;678,5;BR-040/MG;Sul;Queda de Ribanceira;0;0;1;0;0;1;0;0;0;0;0;1;0;0;0
19/08/2020;05:33:00;80;Acidente sem Vítimas;493,2;BR-040/MG;Sul;Colisão traseira;0;0;1;0;1;0;0;0;0;0;0;0;0;0;0
19/08/2020;14:48:00;209;Acidente Fatal;143,957;BR-040/MG;Norte;Atropelamento de Ciclista;0;1;0;0;1;0;0;0;0;0;0;0;0;0;1
19/08/2020;15:47:00;217;Acidente sem Vítimas;640,15;BR-040/MG;Sul;Colisão transversal;3;0;0;0;0;0;0;0;0;0;0;0;0;0;0
19/08/2020;16:01:00;222;Acidente sem Vítimas;537,9;BR-040/MG;Norte;Engavetamento;14;0;0;3;0;3;0;0;0;0;0;0;0;0;0
19/08/2020;20:18:00;272;Acidente com Vítimas;697,2;BR-040/MG;Norte;Tombamento de Moto;0;0;0;1;0;0;0;0;0;0;0;1;0;0;0
20/08/2020;05:26:00;81;Acidente sem Vítimas;508,2;BR-040/MG;Sul;Atropelamento de Animal;0;0;0;0;0;1;0;0;0;0;0;0;0;0;0
20/08/2020;06:22:00;87;Acidente sem Vítimas;520,9;BR-040/MG;Sul;Tombamento de Moto;0;0;0;1;0;0;0;0;0;0;0;0;0;0;0
20/08/2020;06:59:00;104;Acidente sem Vítimas;475,1;BR-040/MG;Sul;Colisão lateral;0;0;2;0;0;0;0;0;0;0;0;0;0;0;0
20/08/2020;07:29:00;115;Acidente sem Vítimas;533,15;BR-040/MG;Norte;Colisão lateral;1;0;1;0;0;0;0;0;0;0;0;0;0;0;0
20/08/2020;08:18:00;136;Acidente sem Vítimas;581,15;BR-040/MG;Norte;Colisão transversal;1;0;0;0;1;0;0;0;0;0;0;0;0;0;0
20/08/2020;11:19:00;187;Acidente sem Vítimas;652,5;BR-040/MG;Sul;Capotamento;1;0;0;0;0;2;0;0;0;0;0;0;0;0;0
20/08/2020;17:18:00;264;Acidente com Vítimas;5,8;BR-040/DF;Sul;Tombamento de Moto;0;0;0;1;0;0;0;0;0;0;0;1;0;0;0
20/08/2020;17:19:00;265;Acidente com Vítimas;511,25;BR-040/MG;Norte;Queda de Ribanceira;1;0;0;0;0;2;0;0;0;0;0;0;2;0;0
20/08/2020;17:25:00;267;Acidente sem Vítimas;530,2;BR-040/MG;Norte;Tombamento de Moto;0;0;0;1;0;1;0;0;0;0;0;0;0;0;0
20/08/2020;18:00:00;279;Acidente sem Vítimas;530,4;BR-040/MG;Norte;Tombamento de Moto;0;0;0;1;0;1;0;0;0;0;0;0;0;0;0
20/08/2020;19:18:00;302;Acidente com Vítimas;8,3;BR-040/DF;Sul;Atropelamento de Pedestre;0;0;0;1;0;0;0;0;0;0;0;1;1;0;0
20/08/2020;19:50:00;314;Acidente com Vítimas;5,5;BR-040/DF;Sul;Tombamento de Moto;0;0;0;0;0;1;0;0;0;0;0;0;0;0;0
20/08/2020;20:25:00;324;Acidente sem Vítimas;6,5;BR-040/GO;Sul;Capotamento;1;0;0;0;0;1;0;0;0;0;0;0;1;0;0
20/08/2020;21:13:00;331;Acidente com Vítimas;462,5;BR-040/MG;Norte;Tombamento;0;0;0;0;0;2;0;0;0;0;0;0;0;0;0
21/08/2020;06:07:00;85;Acidente com Vítimas;3,1;BR-040/DF;Norte;Colisão traseira;1;0;0;1;0;1;0;0;0;0;0;1;0;0;0
21/08/2020;06:08:00;86;Acidente Fatal;517,607;BR-040/MG;Norte;Atropelamento de Pedestre;0;0;0;0;0;2;0;0;0;0;0;0;0;0;1
21/08/2020;08:32:00;126;Acidente sem Vítimas;676,1;BR-040/MG;Norte;Choque c/ Objeto Fixo;1;0;0;0;0;0;0;0;0;0;0;0;0;0;0
21/08/2020;09:56:00;142;Acidente sem Vítimas;129,1;BR-040/MG;Norte;Colisão traseira;1;0;0;0;1;0;0;0;0;0;0;0;0;0;0
21/08/2020;11:16:00;160;Acidente com Vítimas;104,325;BR-040/GO;Sul;Colisão frontal;0;0;0;1;1;1;0;0;0;0;0;1;1;0;0
21/08/2020;13:10:00;173;Acidente sem Vítimas;183,1;BR-040/MG;Norte;Tombamento;0;0;1;0;0;2;0;0;0;0;0;0;0;0;0
21/08/2020;13:42:00;179;Acidente com Vítimas;664,1;BR-040/MG;Sul;Colisão traseira;0;0;0;1;0;0;0;0;0;0;0;0;1;0;0
21/08/2020;14:30:00;185;Acidente com Vítimas;537,3;BR-040/MG;Norte;Colisão lateral;1;0;0;1;0;0;0;0;0;0;0;0;1;0;0
21/08/2020;17:16:00;218;Acidente sem Vítimas;715,1;BR-040/MG;Norte;Choque com objeto;0;0;0;0;0;1;0;0;0;0;0;0;0;0;0
21/08/2020;17:25:00;221;Acidente sem Vítimas;614,2;BR-040/MG;Norte;Colisão traseira;1;0;0;1;0;0;0;0;0;0;0;0;0;0;0
21/08/2020;17:36:00;228;Acidente com Vítimas;726,2;BR-040/MG;Sul;Capotamento;1;0;0;0;0;0;0;0;0;0;0;1;0;0;0
21/08/2020;17:45:00;231;Acidente sem Vítimas;718,1;BR-040/MG;Sul;Capotamento;1;0;0;0;0;0;0;0;0;0;0;1;2;0;0
21/08/2020;18:13:00;234;Acidente com Vítimas;400,5;BR-040/MG;Norte;Capotamento;1;0;0;0;1;0;0;0;0;0;0;1;1;0;0
21/08/2020;18:14:00;237;Acidente sem Vítimas;618,1;BR-040/MG;Norte;Colisão traseira;1;0;0;0;0;0;0;0;0;0;0;0;0;0;0
21/08/2020;22:23:00;291;Acidente sem Vítimas;533,25;BR-040/MG;Norte;Engavetamento;0;0;1;2;0;1;0;0;0;0;0;0;0;0;0
21/08/2020;23:43:00;302;Acidente sem Vítimas;537,2;BR-040/MG;Norte;Colisão traseira;1;0;0;0;1;1;0;0;0;0;0;0;0;0;0
22/08/2020;00:02:00;1;Acidente sem Vítimas;541,35;BR-040/MG;Norte;Colisão traseira;2;0;0;0;0;0;0;0;0;0;0;0;0;0;0
22/08/2020;00:30:00;3;Acidente sem Vítimas;590,7;BR-040/MG;Norte;Colisão traseira;1;0;1;0;0;2;0;0;0;0;0;0;0;0;0
22/08/2020;01:19:00;6;Acidente sem Vítimas;518,7;BR-040/MG;Norte;Atropelamento de Animal;0;0;0;0;1;0;0;0;0;0;0;0;0;0;0
22/08/2020;04:46:00;22;Acidente com Vítimas;62,1;BR-040/MG;Norte;Choque c/ Objeto Fixo;0;0;0;1;0;1;0;0;0;0;0;1;0;0;0
22/08/2020;06:57:00;30;Acidente sem Vítimas;741,3;BR-040/MG;Sul;Colisão lateral;1;0;0;0;1;0;0;0;0;0;0;0;0;0;0
22/08/2020;07:15:00;33;Acidente sem Vítimas;441,45;BR-040/MG;Norte;Choque c/ Objeto Fixo;1;0;0;0;0;0;0;0;0;0;0;0;0;0;0
22/08/2020;07:29:00;35;Acidente com Vítimas;467,4;BR-040/MG;Norte;Choque c/ Objeto Fixo;1;0;0;0;0;0;0;0;0;0;0;1;1;0;0
22/08/2020;08:00:00;41;Acidente sem Vítimas;447,9;BR-040/MG;Norte;Choque c/ Objeto Fixo;1;0;0;0;0;1;0;0;0;0;0;0;0;0;0
22/08/2020;08:21:00;44;Acidente sem Vítimas;509,7;BR-040/MG;Norte;Choque c/ Objeto Fixo;1;0;0;0;0;0;0;0;0;0;0;0;0;0;0
22/08/2020;08:24:00;46;Acidente sem Vítimas;551,7;BR-040/MG;Sul;Choque c/ Objeto Fixo;1;0;0;0;0;0;0;0;0;0;0;0;0;0;0
22/08/2020;08:57:00;53;Acidente sem Vítimas;638,1;BR-040/MG;Norte;Capotamento;1;0;0;0;0;0;0;0;0;0;0;0;0;0;0
22/08/2020;09:16:00;57;Acidente com Vítimas;451,7;BR-040/MG;Sul;Choque c/ Objeto Fixo;0;0;2;0;0;0;0;0;0;0;0;0;1;0;0
22/08/2020;09:35:00;59;Acidente sem Vítimas;126,5;BR-040/MG;Norte;Colisão traseira;0;0;0;0;2;0;0;0;0;0;0;0;0;0;0
22/08/2020;09:46:00;61;Acidente sem Vítimas;300,1;BR-040/MG;Sul;Choque c/ Objeto Fixo;1;0;0;0;0;0;0;0;0;0;0;0;0;0;0
22/08/2020;09:57:00;63;Acidente sem Vítimas;537,5;BR-040/MG;Norte;Colisão traseira;2;0;0;0;0;0;0;0;0;0;0;0;0;0;0
22/08/2020;10:07:00;66;Acidente sem Vítimas;469,5;BR-040/MG;Norte;Choque c/ Objeto Fixo;1;0;0;0;0;0;0;0;0;0;0;0;0;0;0