data;horario;n_da_ocorrencia;tipo_de_ocorrencia;km;trecho;sentido;tipo_de_acidente;automovel;bicicleta;caminhao;moto;onibus;outros;tracao_animal;transporte_de_cargas_especiais;trator_maquinas;utilitarios;ilesos;levemente_feridos;moderadamente_feridos;gravemente_feridos;mortos
22/08/2020;10:14:00;67;Acidente sem Vítimas;532,4;BR-040/MG;Sul;Queda de Ribanceira;1;0;0;0;0;0;0;0;0;0;0;0;0;0;0
22/08/2020;10:17:00;68;Acidente sem Vítimas;618,3;BR-040/MG;Sul;Colisão traseira;1;0;0;0;0;1;0;0;0;0;0;0;0;0;0
22/08/2020;10:55:00;75;Acidente sem Vítimas;453,8;BR-040/MG;Sul;Colisão lateral;2;0;0;0;0;0;0;0;0;0;0;0;0;0;0
22/08/2020;11:51:00;84;Acidente sem Vítimas;697,1;BR-040/MG;Sul;Capotamento;1;0;0;0;0;0;0;0;0;0;0;0;0;0;0
22/08/2020;11:52:00;87;Acidente sem Vítimas;746,1;BR-040/MG;Norte;Capotamento;1;0;0;0;0;0;0;0;0;0;0;0;0;0;0
22/08/2020;11:56:00;86;Acidente sem Vítimas;717,7;BR-040/MG;Norte;Capotamento;1;0;0;0;0;0;0;0;0;0;0;0;0;0;0
22/08/2020;12:09:00;88;Acidente com Vítimas;635,3;BR-040/MG;Sul;Capotamento;3;0;0;0;0;0;0;0;0;0;0;1;0;0;0
22/08/2020;12:32:00;91;Acidente com Vítimas;43,6;BR-040/MG;Sul;Colisão transversal;0;0;0;1;0;1;0;0;0;0;0;0;1;0;0
22/08/2020;12:46:00;94;Acidente sem Vítimas;538,4;BR-040/MG;Norte;Colisão traseira;1;0;0;0;1;0;0;0;0;0;0;0;0;0;0
22/08/2020;13:01:00;95;Acidente sem Vítimas;716,1;BR-040/MG;Norte;Choque c/ Objeto Fixo;1;0;0;0;0;0;0;0;0;0;0;0;0;0;0
22/08/2020;13:21:00;100;Acidente com Vítimas;661,2;BR-040/MG;Norte;Colisão frontal;1;0;0;0;1;0;0;0;0;0;0;0;1;0;0
22/08/2020;13:21:00;98;Acidente sem Vítimas;469,4;BR-040/MG;Norte;Tombamento;0;0;0;0;0;1;0;0;0;0;0;0;0;0;0
22/08/2020;14:07:00;108;Acidente sem Vítimas;762,801;BR-040/MG;Norte;Colisão traseira;1;0;1;0;0;0;0;0;0;0;0;0;0;0;0
22/08/2020;14:10:00;110;Acidente sem Vítimas;607,669;BR-040/MG;Norte;Colisão lateral;3;0;0;0;0;2;0;0;0;0;0;0;0;0;0
22/08/2020;15:51:00;118;Acidente sem Vítimas;489,224;BR-040/MG;Sul;Choque c/ Objeto Fixo;1;0;0;0;0;0;0;0;0;0;0;0;0;0;0
22/08/2020;17:01:00;126;Acidente sem Vítimas;692,8;BR-040/MG;Sul;Colisão traseira;2;0;0;0;0;0;0;0;0;0;0;0;0;0;0
22/08/2020;17:37:00;134;Acidente com Vítimas;679,1;BR-040/MG;Norte;Capotamento;2;0;0;0;0;0;0;0;0;0;0;1;0;0;0
22/08/2020;17:40:00;135;Acidente com Vítimas;692,5;BR-040/MG;Sul;Colisão traseira;2;0;0;0;0;0;0;0;0;0;0;2;0;0;0
22/08/2020;18:23:00;143;Acidente com Vítimas;35,9;BR-040/MG;Norte;Choque com objeto;1;0;0;0;0;1;0;0;0;0;0;1;0;0;0
22/08/2020;19:49:00;163;Acidente sem Vítimas;511,5;BR-040/MG;Norte;Choque c/ Objeto Fixo;2;0;0;0;0;0;0;0;0;0;0;0;0;0;0
22/08/2020;22:33:00;189;Acidente sem Vítimas;7,2;BR-040/DF;Sul;Capotamento;0;0;0;0;0;1;0;0;0;0;0;0;0;0;0
22/08/2020;23:41:00;198;Acidente com Vítimas;508,1;BR-040/MG;Sul;Capotamento;1;0;0;0;0;0;0;0;0;0;1;0;0;0;0
23/08/2020;01:35:00;5;Acidente Fatal;166,5;BR-040/MG;Norte;Capotamento;1;0;0;0;0;1;0;0;0;0;0;0;0;0;1
23/08/2020;02:40:00;11;Acidente sem Vítimas;534,5;BR-040/MG;Sul;Choque c/ Objeto Fixo;1;0;0;0;0;0;0;0;0;0;0;0;0;0;0
23/08/2020;14:41:00;69;Acidente sem Vítimas;572,45;BR-040/MG;Sul;Capotamento;1;0;0;0;1;0;0;0;0;0;0;0;0;0;0
23/08/2020;19:21:00;131;Acidente sem Vítimas;7,5;BR-040/GO;Norte;Colisão transversal;2;0;0;0;0;0;0;0;0;0;0;0;0;0;0
23/08/2020;19:22:00;132;Acidente sem Vítimas;422,9;BR-040/MG;Sul;Colisão lateral;1;0;0;0;0;1;0;0;0;0;0;0;0;0;0
24/08/2020;07:03:00;87;Acidente com Vítimas;0,2;BR-040/GO;Norte;Colisão lateral;0;0;1;0;0;1;0;0;0;0;0;1;0;0;0
24/08/2020;07:25:00;93;Acidente sem Vítimas;555,7;BR-040/MG;Norte;Choque c/ Objeto Fixo;1;0;0;0;0;0;0;0;0;0;0;0;0;0;0
24/08/2020;08:34:00;115;Acidente sem Vítimas;612,105;BR-040/MG;Sul;Choque com objeto;1;0;0;0;0;1;0;0;0;0;0;0;0;0;0
24/08/2020;15:42:00;207;Acidente sem Vítimas;631,101;BR-040/MG;Sul;Outros;2;0;0;0;0;0;0;0;0;0;0;0;0;0;0
24/08/2020;16:06:00;214;Acidente sem Vítimas;37,2;BR-040/MG;Sul;Colisão transversal;2;0;0;0;0;0;0;0;0;0;0;0;0;0;0
24/08/2020;17:30:00;228;Acidente sem Vítimas;540,15;BR-040/MG;Norte;Colisão lateral;2;0;1;0;0;0;0;0;0;0;0;0;0;0;0
24/08/2020;18:04:00;234;Acidente sem Vítimas;520,3;BR-040/MG;Norte;Choque c/ Objeto Fixo;1;0;0;0;0;1;0;0;0;0;0;0;0;0;0
24/08/2020;22:05:00;285;Acidente sem Vítimas;7,1;BR-040/GO;Norte;Colisão transversal;2;0;0;0;0;0;0;0;0;0;0;0;0;0;0
25/08/2020;02:35:00;53;Acidente sem Vítimas;539,4;BR-040/MG;Sul;Colisão traseira;0;0;1;0;0;0;0;0;0;0;0;0;0;0;0
25/08/2020;06:48:00;92;Acidente com Vítimas;514,65;BR-040/MG;Sul;Colisão lateral;2;0;0;1;0;1;0;0;0;0;0;0;0;0;0
25/08/2020;07:32:00;103;Acidente sem Vítimas;468,28;BR-040/MG;Sul;Colisão traseira;0;0;0;1;1;0;0;0;0;0;0;1;0;0;0
25/08/2020;07:33:00;104;Acidente sem Vítimas;1,8;BR-040/GO;Norte;Colisão traseira;0;0;0;1;1;0;0;0;0;0;0;0;0;0;0
25/08/2020;07:45:00;108;Acidente sem Vítimas;1,8;BR-040/GO;Norte;Tombamento de Moto;0;0;0;1;0;0;0;0;0;0;0;0;0;0;0
25/08/2020;08:33:00;121;Acidente sem Vítimas;506,4;BR-040/MG;Norte;Colisão traseira;0;0;1;0;0;1;0;0;0;0;0;0;0;0;0
25/08/2020;08:37:00;123;Acidente sem Vítimas;625,1;BR-040/MG;Sul;Choque com objeto;1;0;0;0;0;0;0;0;0;0;0;0;0;0;0
25/08/2020;09:08:00;131;Acidente com Vítimas;552,7;BR-040/MG;Sul;Tombamento de Moto;0;0;1;1;0;1;0;0;0;0;0;0;1;0;0
25/08/2020;10:13:00;148;Acidente sem Vítimas;512,202;BR-040/MG;Sul;Colisão traseira;2;0;1;0;0;0;0;0;0;0;0;0;0;0;0
25/08/2020;10:58:00;162;Acidente sem Vítimas;602,4;BR-040/MG;Sul;Colisão transversal;2;0;0;0;0;0;0;0;0;0;0;0;0;0;0
25/08/2020;14:55:00;215;Acidente sem Vítimas;450,5;BR-040/MG;Sul;Choque com objeto;1;0;0;0;0;0;0;0;0;0;0;0;0;0;0
25/08/2020;17:34:00;244;Acidente sem Vítimas;474,5;BR-040/MG;Sul;Colisão lateral;1;0;1;0;0;0;0;0;0;0;0;0;0;0;0
25/08/2020;18:24:00;251;Acidente com Vítimas;444,5;BR-040/MG;Sul;Tombamento;0;0;2;0;0;0;0;0;0;0;0;1;0;0;0
26/08/2020;07:13:00;98;Acidente sem Vítimas;538,1;BR-040/MG;Sul;Colisão lateral;1;0;1;0;0;0;0;0;0;0;0;0;0;0;0
26/08/2020;07:15:00;99;Acidente sem Vítimas;538,2;BR-040/MG;Sul;Engavetamento;3;0;0;0;0;0;0;0;0;0;0;0;0;0;0
26/08/2020;11:28:00;166;Acidente sem Vítimas;543,2;BR-040/MG;Norte;Colisão lateral;1;0;0;0;1;1;0;0;0;0;0;0;0;0;0
26/08/2020;11:35:00;170;Acidente sem Vítimas;682,1;BR-040/MG;Sul;Colisão traseira;0;0;2;0;0;1;0;0;0;0;0;0;0;0;0
26/08/2020;12:17:00;178;Acidente sem Vítimas;2,3;BR-040/GO;Sul;Colisão traseira;1;0;0;0;1;0;0;0;0;0;0;0;0;0;0
26/08/2020;15:54:00;229;Acidente sem Vítimas;577,12;BR-040/MG;Sul;Colisão traseira;0;0;0;0;2;0;0;0;0;0;0;0;0;0;0
26/08/2020;18:25:00;271;Acidente sem Vítimas;525,3;BR-040/MG;Norte;Colisão traseira;1;0;1;0;0;0;0;0;0;0;0;0;0;0;0
26/08/2020;18:39:00;279;Acidente sem Vítimas;518,4;BR-040/MG;Norte;Colisão traseira;1;0;0;0;0;1;0;0;0;0;0;0;0;0;0
26/08/2020;19:18:00;284;Acidente com Vítimas;607,8;BR-040/MG;Sul;Colisão lateral;1;0;0;1;0;1;0;0;0;0;0;0;1;0;0
27/08/2020;00:04:00;6;Acidente com Vítimas;498,5;BR-040/MG;Sul;Tombamento de Moto;0;0;0;1;0;0;0;0;0;0;0;1;0;0;0
27/08/2020;09:01:00;140;Acidente com Vítimas;509,15;BR-040/MG;Norte;Colisão traseira;2;0;0;0;0;1;0;0;0;0;0;0;1;0;0
27/08/2020;09:44:00;145;Acidente sem Vítimas;522,8;BR-040/MG;Sul;Tombamento de Moto;0;0;0;1;0;0;0;0;0;0;0;0;0;0;0
27/08/2020;13:35:00;199;Acidente sem Vítimas;467,1;BR-040/MG;Sul;Capotamento;2;0;0;0;0;0;0;0;0;0;0;0;0;0;0
27/08/2020;16:14:00;230;Acidente com Vítimas;10,2;BR-040/GO;Norte;Colisão lateral;1;1;0;0;0;0;0;0;0;0;0;1;0;0;0
27/08/2020;18:38:00;260;Acidente com Vítimas;549,3;BR-040/MG;Sul;Choque c/ Objeto Fixo;1;0;1;0;0;0;0;0;0;0;0;1;0;0;0
27/08/2020;18:55:00;268;Acidente com Vítimas;760,2;BR-040/MG;Norte;Colisão transversal;2;0;0;0;0;0;0;0;0;0;0;0;1;0;0
28/08/2020;05:25:00;74;Acidente sem Vítimas;426,8;BR-040/MG;Sul;Choque c/ Objeto Fixo;0;0;0;0;0;1;0;0;0;0;0;0;0;0;0
28/08/2020;09:00:00;130;Acidente com Vítimas;638,9;BR-040/MG;Norte;Colisão lateral;1;0;1;0;0;1;0;0;0;0;0;0;0;0;0
28/08/2020;10:07:00;142;Acidente sem Vítimas;542,1;BR-040/MG;Norte;Engavetamento;0;0;0;0;0;1;0;0;0;0;0;0;0;0;0
28/08/2020;10:56:00;152;Acidente com Vítimas;727,15;BR-040/MG;Norte;Tombamento de Moto;0;0;0;1;0;2;0;0;0;0;0;1;0;0;0
28/08/2020;16:20:00;224;Acidente sem Vítimas;551,15;BR-040/MG;Norte;Tombamento de Moto;0;1;0;1;0;0;0;0;0;0;0;0;0;0;0
28/08/2020;18:05:00;245;Acidente sem Vítimas;615,85;BR-040/MG;Sul;Colisão lateral;1;0;0;0;2;0;0;0;0;0;0;1;0;0;0
28/08/2020;20:15:00;283;Acidente com Vítimas;272,3;BR-040/MG;Norte;Atropelamento de Andarilho;0;0;0;1;0;0;0;0;0;0;0;0;1;1;0
28/08/2020;21:25:00;306;Acidente sem Vítimas;660,2;BR-040/MG;Sul;Colisão lateral;2;0;0;0;0;1;0;0;0;0;0;0;0;0;0
28/08/2020;23:08:00;320;Acidente com Vítimas;1,5;BR-040/GO;Norte;Capotamento;1;0;0;0;0;0;0;0;0;0;0;1;0;0;0
29/08/2020;00:01:00;2;Acidente com Vítimas;612,2;BR-040/MG;Sul;Atropelamento de Pedestre;0;0;0;1;0;1;0;0;0;0;0;0;1;0;0
29/08/2020;00:49:00;13;Acidente sem Vítimas;527,5;BR-040/MG;Norte;Capotamento;2;0;0;0;0;0;0;0;0;0;0;0;0;0;0
29/08/2020;00:57:00;15;Acidente sem Vítimas;293,2;BR-040/MG;Sul;Tombamento;0;0;0;0;1;1;0;0;0;0;0;0;0;0;0
29/08/2020;04:27:00;27;Acidente com Vítimas;614,5;BR-040/MG;Norte;Colisão traseira;1;0;2;0;0;0;0;0;0;0;0;0;1;0;0
29/08/2020;04:54:00;35;Acidente com Vítimas;618,15;BR-040/MG;Norte;Choque c/ Objeto Fixo;1;0;2;0;0;0;0;0;0;0;0;0;1;0;0
29/08/2020;05:48:00;38;Acidente sem Vítimas;507,2;BR-040/MG;Norte;Choque c/ Objeto Fixo;2;0;0;0;0;0;0;0;0;0;0;0;0;0;0
29/08/2020;06:31:00;42;Acidente com Vítimas;549,4;BR-040/MG;Sul;Tombamento de Moto;0;0;0;1;0;0;0;0;0;0;0;0;0;0;0
29/08/2020;06:59:00;46;Acidente sem Vítimas;514,5;BR-040/MG;Sul;Colisão lateral;2;0;0;0;0;1;0;0;0;0;0;0;0;0;0
29/08/2020;07:58:00;54;Acidente com Vítimas;1,5;BR-040/GO;Norte;Colisão transversal;0;0;1;1;0;0;0;0;0;0;0;1;0;0;0
29/08/2020;10:20:00;88;Acidente sem Vítimas;512,2;BR-040/MG;Norte;Choque c/ Objeto Fixo;1;0;0;0;0;0;0;0;0;0;0;0;0;0;0
29/08/2020;10:21:00;89;Acidente sem Vítimas;54,3;BR-040/GO;Sul;Colisão transversal;2;0;0;0;0;0;0;0;0;0;0;0;0;0;0
29/08/2020;11:02:00;98;Acidente sem Vítimas;224,1;BR-040/MG;Sul;Tombamento;0;0;0;0;1;0;0;0;0;0;0;0;0;0;0
29/08/2020;15:06:00;151;Acidente com Vítimas;452,7;BR-040/MG;Norte;Atropelamento de Ciclista;0;3;0;0;0;0;0;0;0;0;0;0;0;1;0
29/08/2020;15:42:00;166;Acidente sem Vítimas;737,3;BR-040/MG;Sul;Tombamento de Moto;0;0;0;2;0;0;0;0;0;0;0;0;0;0;0
29/08/2020;17:01:00;184;Acidente sem Vítimas;523,4;BR-040/MG;Norte;Colisão traseira;1;0;1;0;0;0;0;0;0;0;0;0;0;0;0
29/08/2020;17:02:00;182;Acidente sem Vítimas;581,4;BR-040/MG;Sul;Choque com objeto;1;0;1;0;0;0;0;0;0;0;0;0;0;0;0
29/08/2020;17:42:00;194;Acidente sem Vítimas;516,8;BR-040/MG;Norte;Engavetamento;2;0;0;0;0;2;0;0;0;0;0;0;0;0;0
29/08/2020;18:24:00;203;Acidente com Vítimas;497,4;BR-040/MG;Norte;Colisão traseira;1;0;0;1;0;1;0;0;0;0;0;0;1;0;0
29/08/2020;18:52:00;208;Acidente sem Vítimas;538,3;BR-040/MG;Sul;Colisão traseira;1;0;0;0;1;1;0;0;0;0;0;0;0;0;0
29/08/2020;20:48:00;219;Acidente sem Vítimas;70,2;BR-040/MG;Norte;Choque c/ Objeto Fixo;1;0;0;0;0;1;0;0;0;0;0;0;0;0;0
29/08/2020;23:14:00;240;Acidente sem Vítimas;517,7;BR-040/MG;Sul;Atropelamento de Animal;0;0;0;1;0;1;0;0;0;0;0;1;0;0;0
30/08/2020;00:48:00;3;Acidente sem Vítimas;0,8;BR-040/DF;Norte;Choque c/ Objeto Fixo;1;0;0;0;0;0;0;0;0;0;0;0;0;0;0
30/08/2020;00:51:00;4;Acidente com Vítimas;29,8;BR-040/GO;Sul;Tombamento;0;1;1;0;0;0;0;0;0;0;0;1;0;0;0
30/08/2020;04:59:00;18;Acidente com Vítimas;712,1;BR-040/MG;Sul;Capotamento;1;0;0;0;0;0;0;0;0;0;0;0;1;0;0
30/08/2020;05:02:00;20;Acidente sem Vítimas;728,95;BR-040/MG;Sul;Choque c/ Objeto Fixo;1;0;0;0;0;1;0;0;0;0;0;0;0;0;0
30/08/2020;15:42:00;96;Acidente sem Vítimas;573,9;BR-040/MG;Sul;Choque c/ Objeto Fixo;0;0;1;0;0;1;0;0;0;0;0;0;0;0;0
30/08/2020;18:50:00;138;Acidente sem Vítimas;531,4;BR-040/MG;Norte;Colisão traseira;2;0;0;0;0;0;0;0;0;0;0;0;0;0;0
30/08/2020;19:27:00;149;Acidente com Vítimas;520,4;BR-040/MG;Norte;Tombamento de Moto;0;0;0;0;0;1;0;0;0;0;0;1;0;0;0
30/08/2020;20:32:00;162;Acidente Fatal;464,8;BR-040/MG;Norte;Capotamento;1;0;0;0;0;2;0;0;0;0;0;0;0;1;1
01/09/2020;07:10:00;89;Acidente sem Vítimas;527,3;BR-040/MG;Sul;Capotamento;0;0;0;0;0;1;0;0;0;0;1;0;0;0;0
01/09/2020;15:01:00;197;Acidente sem Vítimas;0,2;BR-040/GO;Norte;Choque c/ Objeto Fixo;1;0;0;0;1;0;0;0;0;0;0;0;0;0;0
01/09/2020;21:59:00;308;Acidente sem Vítimas;544,5;BR-040/MG;Sul;Colisão lateral;3;0;0;0;0;0;0;0;0;0;2;0;0;0;0
02/09/2020;00:44:00;41;Acidente sem Vítimas;16,3;BR-040/GO;Sul;Choque c/ Objeto Fixo;1;0;0;0;0;0;0;0;0;0;1;0;0;0;0
02/09/2020;08:05:00;110;Acidente com Vítimas;4,9;BR-040/GO;Norte;Colisão traseira;1;0;0;1;0;1;0;0;0;0;1;0;1;0;0
02/09/2020;08:18:00;115;Acidente sem Vítimas;538,1;BR-040/MG;Norte;Engavetamento;3;0;1;0;0;1;0;0;0;0;4;0;0;0;0
02/09/2020;10:20:00;146;Acidente sem Vítimas;435,1;BR-040/MG;Norte;Choque c/ Objeto Fixo;1;0;0;0;0;1;0;0;0;0;2;0;0;0;0
02/09/2020;10:42:00;151;Acidente sem Vítimas;140,2;BR-040/MG;Norte;Choque c/ Objeto Fixo;1;0;0;0;0;0;0;0;0;0;1;0;0;0;0
02/09/2020;11:38:00;159;Acidente sem Vítimas;524,36;BR-040/MG;Sul;Colisão lateral;2;0;0;0;0;0;0;0;0;0;4;0;0;0;0
02/09/2020;13:16:00;177;Acidente com Vítimas;504,5;BR-040/MG;Sul;Tombamento;0;0;1;0;0;1;0;0;0;0;0;0;1;0;0
02/09/2020;14:56:00;193;Acidente sem Vítimas;505,1;BR-040/MG;Sul;Colisão traseira;1;0;0;0;1;0;0;0;0;0;1;0;0;0;0
02/09/2020;16:05:00;208;Acidente com Vítimas;564,5;BR-040/MG;Norte;Colisão transversal;2;0;0;0;0;0;0;0;0;0;0;0;1;0;0
02/09/2020;18:48:00;234;Acidente sem Vítimas;543,1;BR-040/MG;Norte;Engavetamento;3;0;0;0;0;2;0;0;0;0;5;0;0;0;0
02/09/2020;20:26:00;257;Acidente sem Vítimas;695,2;BR-040/MG;Norte;Colisão traseira;1;0;0;0;0;1;0;0;0;0;2;0;0;0;0
02/09/2020;23:40:00;285;Acidente com Vítimas;596,2;BR-040/MG;Norte;Atropelamento de Pedestre;0;0;0;0;1;2;0;0;0;0;2;0;1;0;0
03/09/2020;00:18:00;3;Acidente sem Vítimas;596,3;BR-040/MG;Norte;Colisão traseira;0;0;2;0;0;0;0;0;0;0;2;0;0;0;0
03/09/2020;07:06:00;106;Acidente sem Vítimas;3,2;BR-040/DF;Norte;Colisão lateral;0;0;0;1;0;0;0;0;0;0;1;0;0;0;0
03/09/2020;07:16:00;110;Acidente sem Vítimas;7,8;BR-040/DF;Norte;Colisão lateral;1;0;0;1;0;0;0;0;0;0;1;0;1;0;0
03/09/2020;07:35:00;119;Acidente com Vítimas;12,1;BR-040/GO;Norte;Colisão lateral;1;0;0;1;0;1;0;0;0;0;1;0;0;0;0
03/09/2020;10:08:00;157;Acidente sem Vítimas;569,1;BR-040/MG;Norte;Choque com objeto;2;0;0;0;0;1;0;0;0;0;0;0;0;0;0
03/09/2020;11:58:00;188;Acidente sem Vítimas;528,35;BR-040/MG;Norte;Colisão traseira;1;0;0;0;0;1;0;0;0;0;1;0;0;0;0
03/09/2020;16:49:00;238;Acidente com Vítimas;608,1;BR-040/MG;Sul;Colisão transversal;2;0;1;0;0;0;0;0;0;0;3;1;0;0;0
03/09/2020;18:42:00;253;Acidente com Vítimas;524,3;BR-040/MG;Norte;Atropelamento de Ciclista;1;0;0;0;0;0;0;0;0;0;1;0;1;0;0
03/09/2020;22:59:00;294;Acidente sem Vítimas;0,3;BR-040/DF;Norte;Capotamento;1;0;0;0;0;1;0;0;0;0;1;0;0;0;0
04/09/2020;01:22:00;43;Acidente sem Vítimas;651,2;BR-040/MG;Sul;Atropelamento de Animal;1;0;0;0;0;0;0;0;0;0;1;0;0;0;0
04/09/2020;06:44:00;83;Acidente sem Vítimas;626,6;BR-040/MG;Sul;Colisão traseira;0;0;1;0;0;2;0;0;0;0;2;0;0;0;0
04/09/2020;08:45:00;113;Acidente com Vítimas;129,8;BR-040/MG;Norte;Tombamento de Moto;0;0;0;1;0;0;0;0;0;0;0;1;1;0;0
04/09/2020;13:31:00;172;Acidente sem Vítimas;598,6;BR-040/MG;Sul;Choque c/ Objeto Fixo;0;0;0;0;1;1;0;0;0;0;2;0;0;0;0
04/09/2020;15:17:00;199;Acidente com Vítimas;18,15;BR-040/GO;Norte;Choque c/ Objeto Fixo;1;0;0;0;0;0;0;0;0;0;0;0;1;0;0
04/09/2020;16:04:00;209;Acidente com Vítimas;307,7;BR-040/MG;Norte;Tombamento de Moto;0;0;0;1;0;0;0;0;0;0;0;2;0;0;0
04/09/2020;18:20:00;244;Acidente sem Vítimas;544,5;BR-040/MG;Norte;Engavetamento;2;0;0;0;0;1;0;0;0;0;2;0;0;0;0
04/09/2020;18:21:00;231;Acidente sem Vítimas;509,3;BR-040/MG;Norte;Engavetamento;2;0;0;0;0;1;0;0;0;0;3;0;0;0;0
04/09/2020;18:32:00;234;Acidente com Vítimas;488,24;BR-040/MG;Norte;Tombamento de Moto;0;0;0;0;0;0;0;0;0;0;0;0;0;0;0
04/09/2020;19:39:00;264;Acidente sem Vítimas;612,2;BR-040/MG;Sul;Colisão traseira;2;0;0;0;0;0;0;0;0;0;4;0;0;0;0
04/09/2020;22:58:00;334;Acidente com Vítimas;395,5;BR-040/MG;Norte;Tombamento;0;0;1;0;0;0;0;0;0;0;1;0;0;0;0
05/09/2020;02:00:00;23;Acidente sem Vítimas;7,8;BR-040/DF;Sul;Colisão traseira;2;0;0;0;0;0;0;0;0;0;4;0;0;0;0
05/09/2020;06:15:00;51;Acidente com Vítimas;29,8;BR-040/GO;Sul;Colisão traseira;1;0;0;0;0;2;0;0;0;0;1;0;0;0;0
05/09/2020;07:12:00;64;Acidente sem Vítimas;115,2;BR-040/MG;Sul;Atropelamento de Animal;1;0;0;0;0;0;0;0;0;0;1;0;0;0;0
05/09/2020;08:18:00;76;Acidente com Vítimas;601,8;BR-040/MG;Sul;Atropelamento de Animal;0;0;0;0;0;2;0;0;0;0;0;1;0;0;0
05/09/2020;09:55:00;103;Acidente com Vítimas;509,8;BR-040/MG;Norte;Colisão traseira;0;0;0;1;0;1;0;0;0;0;2;1;0;0;0
05/09/2020;10:34:00;108;Acidente sem Vítimas;5,3;BR-040/GO;Norte;Colisão transversal;2;0;0;0;0;0;0;0;0;0;1;0;0;0;0
05/09/2020;10:48:00;111;Acidente sem Vítimas;542,3;BR-040/MG;Sul;Engavetamento;5;0;0;0;0;0;0;0;0;0;5;0;0;0;0
05/09/2020;10:51:00;112;Acidente sem Vítimas;615,7;BR-040/MG;Sul;Colisão traseira;1;0;0;0;1;0;0;0;0;0;2;0;0;0;0
05/09/2020;11:49:00;121;Acidente Fatal;514,8;BR-040/MG;Norte;Colisão lateral;1;0;0;1;1;0;0;0;0;0;2;0;0;0;1
05/09/2020;11:52:00;122;Acidente sem Vítimas;721,8;BR-040/MG;Sul;Choque c/ Objeto Fixo;0;0;0;0;0;1;0;0;0;0;1;0;0;0;0
05/09/2020;15:52:00;184;Acidente com Vítimas;565,3;BR-040/MG;Norte;Capotamento;1;0;0;0;0;0;0;0;0;0;0;2;0;0;0
05/09/2020;16:14:00;192;Acidente sem Vítimas;656,4;BR-040/MG;Norte;Choque c/ Objeto Fixo;2;0;0;0;0;0;0;0;0;0;1;0;0;0;0
05/09/2020;16:24:00;193;Acidente com Vítimas;453,3;BR-040/MG;Norte;Choque c/ Objeto Fixo;0;0;0;1;0;0;0;0;0;0;0;0;2;0;0
05/09/2020;16:26:00;194;Acidente sem Vítimas;700,5;BR-040/MG;Sul;Colisão traseira;1;0;0;0;1;0;0;0;0;0;2;0;0;0;0
05/09/2020;16:55:00;203;Acidente sem Vítimas;2,6;BR-040/GO;Norte;Choque c/ Objeto Fixo;0;0;1;0;0;0;0;0;0;0;1;0;0;0;0
05/09/2020;17:50:00;216;Acidente sem Vítimas;512,2;BR-040/MG;Norte;Outros;3;0;0;0;0;0;0;0;0;0;1;0;1;0;0
05/09/2020;18:44:00;231;Acidente com Vítimas;512,15;BR-040/MG;Norte;Engavetamento;2;0;0;0;0;1;0;0;0;0;3;0;1;0;0
05/09/2020;18:56:00;235;Acidente com Vítimas;2,5;BR-040/GO;Sul;Queda Veículo;0;0;0;1;0;0;0;0;0;0;0;1;0;0;0
05/09/2020;19:14:00;242;Acidente sem Vítimas;660,93;BR-040/MG;Norte;Tombamento;0;0;0;0;2;1;0;0;0;0;4;0;0;0;0
05/09/2020;19:29:00;244;Acidente sem Vítimas;410,1;BR-040/MG;Norte;Colisão lateral;1;0;0;0;0;1;0;0;0;0;6;0;0;0;0
05/09/2020;19:29:00;245;Acidente sem Vítimas;509,1;BR-040/MG;Norte;Colisão lateral;1;0;0;0;0;1;0;0;0;0;1;0;0;0;0
06/09/2020;15:23:00;156;Acidente com Vítimas;464,4;BR-040/MG;Norte;Capotamento;2;0;0;0;0;0;0;0;0;0;0;0;0;3;0
06/09/2020;18:18:00;198;Acidente com Vítimas;112,1;BR-040/MG;Norte;Colisão lateral;2;0;0;0;0;0;0;0;0;0;4;0;0;0;0
06/09/2020;20:28:00;228;Acidente sem Vítimas;19,3;BR-040/GO;Sul;Colisão traseira;0;0;0;1;0;0;0;0;0;0;0;0;1;0;0
06/09/2020;22:28:00;250;Acidente com Vítimas;357,4;BR-040/MG;Norte;Colisão frontal;2;0;0;0;0;1;0;0;0;0;1;0;5;0;0
07/09/2020;00:28:00;3;Acidente com Vítimas;768,5;BR-040/MG;Norte;Choque c/ Objeto Fixo;1;0;0;0;0;0;0;0;0;0;1;0;0;0;0
07/09/2020;07:48:00;35;Acidente sem Vítimas;7,2;BR-040/DF;Sul;Colisão lateral;2;0;0;0;0;1;0;0;0;0;1;0;1;0;0
07/09/2020;09:46:00;51;Acidente com Vítimas;618,5;BR-040/MG;Sul;Engavetamento;3;0;0;0;0;0;0;0;0;0;0;1;2;0;0
07/09/2020;11:16:00;74;Acidente sem Vítimas;5,5;BR-040/DF;Norte;Capotamento;1;0;0;0;0;0;0;0;0;0;1;0;0;0;0
07/09/2020;13:10:00;106;Acidente sem Vítimas;139,5;BR-040/GO;Norte;Colisão transversal;2;0;0;0;0;0;0;0;0;0;4;0;0;0;0
07/09/2020;14:20:00;135;Acidente sem Vítimas;506,5;BR-040/MG;Sul;Colisão traseira;2;0;0;0;0;0;0;0;0;0;2;0;0;0;0
07/09/2020;15:16:00;155;Acidente sem Vítimas;510,3;BR-040/MG;Sul;Engavetamento;4;0;0;0;0;0;0;0;0;0;0;0;0;0;0
07/09/2020;15:36:00;163;Acidente sem Vítimas;404,1;BR-040/MG;Sul;Colisão traseira;2;0;0;0;0;0;0;0;0;0;1;0;0;0;0
07/09/2020;16:15:00;177;Acidente sem Vítimas;590,1;BR-040/MG;Norte;Capotamento;1;0;0;0;0;0;0;0;0;0;0;0;0;0;0
07/09/2020;17:09:00;190;Acidente com Vítimas;612,1;BR-040/MG;Norte;Colisão traseira;2;0;0;0;0;0;0;0;0;0;5;1;0;0;0
07/09/2020;17:19:00;194;Acidente sem Vítimas;385,5;BR-040/MG;Norte;Colisão traseira;1;0;0;0;0;1;0;0;0;0;5;0;0;0;0