data;horario;n_da_ocorrencia;tipo_de_ocorrencia;km;trecho;sentido;tipo_de_acidente;automovel;bicicleta;caminhao;moto;onibus;outros;tracao_animal;transporte_de_cargas_especiais;trator_maquinas;utilitarios;ilesos;levemente_feridos;moderadamente_feridos;gravemente_feridos;mortos
21/09/2020;16:34:00;238;Acidente sem Vítimas;515,1;BR-040/MG;Sul;Choque c/ Objeto Fixo;0;0;0;0;0;1;0;0;0;0;0;0;0;0;0
21/09/2020;16:53:00;242;Acidente com Vítimas;5,4;BR-040/GO;Sul;Colisão lateral;1;0;0;1;0;0;0;0;0;0;1;0;1;0;0
21/09/2020;17:28:00;247;Acidente Fatal;740,45;BR-040/MG;Norte;Colisão frontal;2;0;0;0;1;0;0;0;0;0;1;0;0;1;1
21/09/2020;17:38:00;249;Acidente com Vítimas;140,2;BR-040/MG;Norte;Capotamento;1;0;0;0;0;1;0;0;0;0;1;0;0;0;0
22/09/2020;06:54:00;95;Acidente sem Vítimas;514,5;BR-040/MG;Sul;Colisão traseira;1;0;0;1;0;1;0;0;0;0;1;0;0;0;0
22/09/2020;07:57:00;108;Acidente com Vítimas;526,3;BR-040/MG;Norte;Colisão traseira;1;0;0;1;0;0;0;0;0;0;1;0;0;0;0
22/09/2020;08:38:00;123;Acidente com Vítimas;7,7;BR-040/DF;Norte;Colisão lateral;1;0;0;0;0;1;0;0;0;0;2;1;0;0;0
22/09/2020;10:19:00;139;Acidente sem Vítimas;717,5;BR-040/MG;Norte;Choque c/ Objeto Fixo;1;0;0;0;0;0;0;0;0;0;0;0;0;0;0
22/09/2020;10:44:00;146;Acidente sem Vítimas;3,1;BR-040/DF;Norte;Engavetamento;2;0;0;0;0;1;0;0;0;0;3;0;0;0;0
22/09/2020;11:09:00;152;Acidente sem Vítimas;737,9;BR-040/MG;Sul;Choque c/ Objeto Fixo;1;0;0;0;0;0;0;0;0;0;0;0;0;0;0
22/09/2020;13:16:00;182;Acidente sem Vítimas;47,4;BR-040/GO;Norte;Choque c/ Objeto Fixo;0;0;1;0;0;0;0;0;0;0;1;0;0;0;0
22/09/2020;14:30:00;201;Acidente sem Vítimas;520,5;BR-040/MG;Norte;Choque com objeto;0;0;0;0;0;1;0;0;0;0;1;0;0;0;0
22/09/2020;14:38:00;205;Acidente com Vítimas;501,1;BR-040/MG;Norte;Choque c/ Objeto Fixo;0;0;1;0;0;0;0;0;0;0;0;0;1;0;0
22/09/2020;15:24:00;213;Acidente sem Vítimas;464,1;BR-040/MG;Norte;Tombamento;0;0;1;0;0;0;0;0;0;0;1;0;0;0;0
22/09/2020;15:40:00;216;Acidente sem Vítimas;537,1;BR-040/MG;Norte;Choque c/ Objeto Fixo;1;0;0;0;0;0;0;0;0;0;1;0;0;0;0
22/09/2020;15:41:00;217;Acidente sem Vítimas;523,1;BR-040/MG;Norte;Colisão traseira;2;0;0;0;0;1;0;0;0;0;2;0;0;0;0
22/09/2020;15:50:00;221;Acidente sem Vítimas;523,5;BR-040/MG;Norte;Colisão traseira;2;0;1;0;0;0;0;0;0;0;0;0;0;0;0
22/09/2020;15:59:00;224;Acidente sem Vítimas;719,1;BR-040/MG;Norte;Choque c/ Objeto Fixo;0;0;0;0;0;0;0;0;0;0;0;0;0;0;0
22/09/2020;16:46:00;233;Acidente sem Vítimas;739,1;BR-040/MG;Norte;Colisão traseira;2;0;0;0;0;0;0;0;0;0;0;0;0;0;0
22/09/2020;16:50:00;232;Acidente sem Vítimas;81,7;BR-040/GO;Norte;Outros;2;0;0;0;0;0;0;0;0;0;1;0;0;0;0
22/09/2020;16:56:00;235;Acidente com Vítimas;1,8;BR-040/GO;Sul;Tombamento de Moto;1;0;0;0;0;0;0;0;1;0;0;1;0;0;0
22/09/2020;17:02:00;240;Acidente sem Vítimas;695,1;BR-040/MG;Norte;Choque c/ Objeto Fixo;1;0;0;0;0;0;0;0;0;1;1;0;0;0;0
22/09/2020;17:49:00;250;Acidente sem Vítimas;510,1;BR-040/MG;Norte;Colisão traseira;0;0;1;0;1;0;0;0;0;0;2;0;0;0;0
22/09/2020;17:58:00;255;Acidente sem Vítimas;729,78;BR-040/MG;Norte;Choque c/ Objeto Fixo;2;0;0;0;0;0;0;0;0;0;1;0;0;0;0
22/09/2020;19:29:00;272;Acidente sem Vítimas;7,9;BR-040/GO;Norte;Colisão traseira;4;0;0;0;0;0;0;0;0;0;3;0;0;0;0
22/09/2020;19:33:00;274;Acidente sem Vítimas;577,3;BR-040/MG;Norte;Colisão traseira;1;0;0;0;0;1;0;0;0;0;2;0;0;0;0
22/09/2020;20:08:00;286;Acidente sem Vítimas;749,5;BR-040/MG;Sul;Choque c/ Objeto Fixo;1;0;0;0;0;1;0;0;0;0;1;0;0;0;0
23/09/2020;06:14:00;82;Acidente sem Vítimas;282,4;BR-040/MG;Norte;Colisão lateral;4;0;0;0;0;0;0;0;0;0;5;0;0;0;0
23/09/2020;06:23:00;84;Acidente sem Vítimas;46,1;BR-040/MG;Sul;Colisão traseira;1;0;0;0;2;0;0;0;0;0;3;0;0;0;0
23/09/2020;08:34:00;118;Acidente sem Vítimas;577,3;BR-040/MG;Sul;Choque c/ Objeto Fixo;0;0;0;0;0;1;0;0;0;0;0;0;0;0;0
23/09/2020;12:37:00;188;Acidente com Vítimas;512,8;BR-040/MG;Sul;Capotamento;2;0;0;0;0;1;0;0;0;0;2;1;0;0;0
23/09/2020;15:06:00;219;Acidente sem Vítimas;532,4;BR-040/MG;Sul;Engavetamento;0;0;2;0;1;0;0;0;0;0;22;0;0;0;0
23/09/2020;17:35:00;253;Acidente com Vítimas;543,7;BR-040/MG;Norte;Colisão lateral;1;0;0;1;0;0;0;0;0;0;2;0;1;0;0
23/09/2020;19:49:00;279;Acidente sem Vítimas;521,2;BR-040/MG;Sul;Atropelamento de Animal;1;0;0;0;0;0;0;0;0;0;1;0;0;0;0
23/09/2020;20:43:00;285;Acidente com Vítimas;537,5;BR-040/MG;Norte;Colisão traseira;2;0;0;0;0;0;0;0;0;0;5;2;1;0;0
23/09/2020;22:49:00;296;Acidente com Vítimas;469,1;BR-040/MG;Norte;Atropelamento de Animal;0;0;1;0;0;0;0;0;0;0;1;1;0;0;0
24/09/2020;03:48:00;87;Acidente sem Vítimas;515,3;BR-040/MG;Sul;Atropelamento de Animal;2;0;0;0;0;0;0;0;0;0;1;0;0;0;0
24/09/2020;04:25:00;90;Acidente sem Vítimas;515,8;BR-040/MG;Sul;Atropelamento de Animal;1;0;0;0;0;0;0;0;0;0;1;0;0;0;0
24/09/2020;08:09:00;130;Acidente sem Vítimas;735,15;BR-040/MG;Sul;Choque c/ Objeto Fixo;2;0;0;0;0;0;0;0;0;0;1;0;0;0;0
24/09/2020;08:14:00;136;Acidente com Vítimas;7,8;BR-040/DF;Norte;Colisão traseira;0;0;0;1;0;1;0;0;0;0;1;1;0;0;0
24/09/2020;09:12:00;150;Acidente sem Vítimas;717,15;BR-040/MG;Norte;Choque c/ Objeto Fixo;0;0;0;0;0;1;0;0;0;0;0;0;0;0;0
24/09/2020;11:22:00;186;Acidente sem Vítimas;362,1;BR-040/MG;Norte;Colisão traseira;1;0;0;1;0;0;0;0;0;0;2;0;0;0;0
24/09/2020;17:52:00;268;Acidente com Vítimas;8,2;BR-040/GO;Sul;Colisão transversal;1;0;0;2;0;0;0;0;0;0;3;1;0;0;0
24/09/2020;18:43:00;275;Acidente com Vítimas;572,83;BR-040/MG;Sul;Colisão transversal;2;0;0;0;0;0;0;0;0;0;0;1;0;0;0
24/09/2020;19:23:00;292;Acidente sem Vítimas;696,6;BR-040/MG;Norte;Colisão traseira;1;0;0;0;0;1;0;0;0;0;3;0;0;0;0
24/09/2020;19:32:00;302;Acidente com Vítimas;3,8;BR-040/DF;Sul;Colisão lateral;1;0;0;1;0;0;0;0;0;0;1;0;1;0;0
24/09/2020;21:08:00;317;Acidente com Vítimas;551,3;BR-040/MG;Sul;Tombamento de Moto;1;0;0;1;0;0;0;0;0;0;1;0;0;0;0
24/09/2020;21:15:00;319;Acidente sem Vítimas;7,8;BR-040/GO;Norte;Colisão traseira;2;0;0;0;0;0;0;0;0;0;3;0;0;0;0
25/09/2020;06:02:00;85;Acidente com Vítimas;641,415;BR-040/MG;Sul;Tombamento;0;0;0;0;0;2;0;0;0;0;2;1;0;0;0
25/09/2020;07:45:00;108;Acidente com Vítimas;523,2;BR-040/MG;Sul;Colisão lateral;0;0;0;1;0;0;0;0;0;0;1;0;1;0;0
25/09/2020;08:53:00;126;Acidente sem Vítimas;43,7;BR-040/MG;Sul;Colisão lateral;2;0;0;0;0;0;0;0;0;0;0;0;0;0;0
25/09/2020;09:24:00;136;Acidente sem Vítimas;2,1;BR-040/GO;Sul;Colisão lateral;0;0;0;1;0;1;0;0;0;0;2;0;0;0;0
25/09/2020;15:42:00;208;Acidente com Vítimas;508,12;BR-040/MG;Sul;Tombamento de Moto;0;0;0;1;0;1;0;0;0;0;1;0;1;0;0
25/09/2020;15:46:00;211;Acidente com Vítimas;7,1;BR-040/GO;Sul;Colisão transversal;1;0;0;1;0;1;0;0;0;0;1;0;0;0;0
25/09/2020;16:03:00;216;Acidente sem Vítimas;615,15;BR-040/MG;Sul;Colisão traseira;3;0;0;0;0;0;0;0;0;0;3;0;0;0;0
25/09/2020;16:52:00;233;Acidente com Vítimas;5,1;BR-040/GO;Sul;Colisão traseira;1;0;0;1;0;0;0;0;0;0;2;1;0;0;0
25/09/2020;17:23:00;240;Acidente sem Vítimas;486,12;BR-040/MG;Sul;Tombamento;0;0;0;1;0;0;0;0;0;0;1;0;0;0;0
25/09/2020;19:19:00;268;Acidente com Vítimas;534,48;BR-040/MG;Norte;Colisão traseira;1;0;0;2;0;1;0;0;0;0;1;0;0;0;0
25/09/2020;23:45:00;326;Acidente com Vítimas;610,2;BR-040/MG;Norte;Colisão transversal;1;0;0;0;0;0;0;0;0;4;4;0;1;0;0
26/09/2020;01:52:00;17;Acidente sem Vítimas;560,9;BR-040/MG;Norte;Choque c/ Objeto Fixo;1;0;0;0;0;0;0;0;0;0;1;0;0;0;0
26/09/2020;06:32:00;43;Acidente sem Vítimas;533,4;BR-040/MG;Norte;Colisão lateral;1;0;0;0;1;0;0;0;0;0;2;0;0;0;0
26/09/2020;11:50:00;125;Acidente com Vítimas;499,5;BR-040/MG;Norte;Tombamento de Moto;0;0;0;1;0;0;0;0;0;0;0;0;0;1;0
26/09/2020;17:06:00;189;Acidente com Vítimas;119,1;BR-040/MG;Sul;Colisão lateral;0;0;0;0;1;1;0;0;0;0;2;0;0;0;0
26/09/2020;18:20:00;205;Acidente com Vítimas;513,9;BR-040/MG;Norte;Atropelamento de Pedestre;0;0;0;0;0;1;0;0;0;0;1;0;0;1;0
26/09/2020;23:59:00;242;Acidente sem Vítimas;483,8;BR-040/MG;Norte;Capotamento;0;0;0;0;0;1;0;0;0;0;1;0;0;0;0
27/09/2020;00:53:00;8;Acidente sem Vítimas;362,9;BR-040/MG;Norte;Choque c/ Objeto Fixo;1;0;0;0;0;0;0;0;0;0;2;0;0;0;0
27/09/2020;04:10:00;23;Acidente sem Vítimas;533,85;BR-040/MG;Norte;Colisão lateral;1;0;0;0;0;0;0;0;0;0;1;0;0;0;0
27/09/2020;08:35:00;46;Acidente com Vítimas;45,4;BR-040/GO;Norte;Colisão transversal;2;0;0;0;0;0;0;0;0;0;0;1;1;0;0
27/09/2020;10:32:00;72;Acidente com Vítimas;5,7;BR-040/GO;Sul;Capotamento;2;0;0;0;0;0;0;0;0;0;1;2;0;0;0
27/09/2020;11:25:00;80;Acidente com Vítimas;531,287;BR-040/MG;Norte;Colisão lateral;1;0;0;1;0;0;0;0;0;0;2;0;1;0;0
27/09/2020;16:32:00;155;Acidente com Vítimas;519,1;BR-040/MG;Sul;Colisão lateral;1;0;0;0;1;0;0;0;0;0;2;0;0;0;0
27/09/2020;18:07:00;177;Acidente com Vítimas;636,3;BR-040/MG;Sul;Capotamento;1;0;0;0;0;0;0;0;0;0;1;3;0;1;0
27/09/2020;18:18:00;182;Acidente com Vítimas;4,9;BR-040/GO;Norte;Tombamento de Moto;0;0;0;1;0;0;0;0;0;0;0;1;0;0;0
27/09/2020;18:55:00;191;Acidente com Vítimas;584,4;BR-040/MG;Norte;Colisão traseira;1;0;0;0;1;0;0;0;0;0;2;1;0;0;0
27/09/2020;20:10:00;203;Acidente com Vítimas;479,1;BR-040/MG;Sul;Choque c/ Objeto Fixo;1;0;0;0;0;0;0;0;0;0;4;1;0;0;0
28/09/2020;00:35:00;36;Acidente com Vítimas;498,1;BR-040/MG;Sul;Tombamento de Moto;0;0;0;1;0;0;0;0;0;0;0;1;0;0;0
28/09/2020;04:45:00;74;Acidente com Vítimas;515,2;BR-040/MG;Sul;Colisão traseira;1;0;0;1;0;0;0;0;0;0;1;1;0;0;0
28/09/2020;07:10:00;105;Acidente sem Vítimas;6,5;BR-040/DF;Norte;Engavetamento;1;0;0;0;1;1;0;0;0;0;3;0;0;0;0
28/09/2020;10:23:00;176;Acidente com Vítimas;626,15;BR-040/MG;Norte;Tombamento de Moto;0;0;0;0;0;0;0;0;0;0;0;0;1;0;0
28/09/2020;12:40:00;220;Acidente sem Vítimas;614,7;BR-040/MG;Norte;Choque c/ Objeto Fixo;1;0;0;0;0;0;0;0;0;0;1;0;0;0;0
28/09/2020;14:16:00;247;Acidente com Vítimas;641,315;BR-040/MG;Sul;Tombamento de Moto;0;0;0;0;0;0;0;0;0;0;0;0;1;0;0
28/09/2020;15:40:00;265;Acidente com Vítimas;1,8;BR-040/GO;Norte;Atropelamento de Pedestre;0;0;1;1;0;0;0;0;0;0;1;0;1;0;0
28/09/2020;22:48:00;366;Acidente com Vítimas;439,5;BR-040/MG;Norte;Colisão traseira;0;0;1;0;0;2;0;0;0;0;1;0;1;0;0
29/09/2020;06:22:00;96;Acidente sem Vítimas;731,4;BR-040/MG;Sul;Tombamento;0;0;0;0;1;0;0;0;0;0;1;0;0;0;0
29/09/2020;06:28:00;101;Acidente com Vítimas;514,12;BR-040/MG;Sul;Colisão lateral;1;0;0;1;0;0;0;0;0;0;1;1;0;0;0
29/09/2020;09:01:00;149;Acidente sem Vítimas;308,5;BR-040/MG;Sul;Choque c/ Objeto Fixo;1;0;0;0;0;0;0;0;0;0;1;0;0;0;0
29/09/2020;15:58:00;235;Acidente sem Vítimas;621,1;BR-040/MG;Sul;Colisão lateral;1;0;1;1;0;0;0;0;0;0;2;0;0;0;0
29/09/2020;16:14:00;248;Acidente com Vítimas;19,2;BR-040/GO;Norte;Colisão traseira;3;0;0;0;0;0;0;0;0;0;2;1;0;0;0
29/09/2020;19:11:00;291;Acidente com Vítimas;691,2;BR-040/MG;Norte;Colisão lateral;2;0;0;0;0;1;0;0;0;0;2;1;0;0;0
29/09/2020;19:22:00;294;Acidente sem Vítimas;6,2;BR-040/GO;Sul;Colisão traseira;2;0;0;0;0;0;0;0;0;0;2;0;0;0;0
29/09/2020;19:46:00;307;Acidente com Vítimas;649,5;BR-040/MG;Norte;Outros;1;0;0;1;0;1;0;0;0;0;1;0;0;0;0
01/10/2020;02:51:00;75;Acidente sem Vítimas;593,8;BR-040/MG;Sul;Colisão traseira;2;0;0;0;0;1;0;0;0;0;1;0;0;0;0
01/10/2020;09:00:00;145;Acidente Fatal;510,637;BR-040/MG;Sul;Tombamento de Moto;0;0;0;1;1;0;0;0;0;0;1;0;0;0;1
01/10/2020;09:08:00;151;Acidente com Vítimas;597,4;Fora_Rota;Sul;Tombamento;0;0;1;0;0;0;0;0;0;0;0;0;1;0;0
01/10/2020;10:58:00;183;Acidente sem Vítimas;510,1;BR-040/MG;Norte;Colisão traseira;1;0;0;1;0;0;0;0;0;0;2;0;0;0;0
01/10/2020;18:22:00;288;Acidente com Vítimas;535,9;BR-040/MG;Norte;Colisão lateral;2;0;0;1;0;0;0;0;0;0;3;1;0;0;0
01/10/2020;18:59:00;297;Acidente sem Vítimas;511,1;BR-040/MG;Sul;Colisão lateral;1;0;2;0;0;0;0;0;0;0;1;0;0;0;0
01/10/2020;19:43:00;309;Acidente sem Vítimas;522,1;BR-040/MG;Sul;Atropelamento de Animal;0;0;2;0;0;0;0;0;0;0;1;0;0;0;0
01/10/2020;20:09:00;318;Acidente sem Vítimas;544;BR-040/MG;Sul;Colisão traseira;1;0;1;0;1;0;0;0;0;0;2;0;0;0;0
01/10/2020;20:14:00;317;Acidente com Vítimas;24,5;BR-040/GO;Sul;Colisão transversal;1;0;0;1;0;0;0;0;0;0;2;0;0;0;0
01/10/2020;22:28:00;343;Acidente com Vítimas;507,6;BR-040/MG;Sul;Atropelamento de Animal;0;0;0;1;0;0;0;0;0;0;0;0;1;0;0
01/10/2020;23:38:00;357;Acidente Fatal;619,6;BR-040/MG;Sul;Capotamento;1;0;0;0;0;0;0;0;0;0;0;0;0;0;1
02/10/2020;06:34:00;99;Acidente sem Vítimas;619,15;BR-040/MG;Norte;Choque c/ Objeto Fixo;1;0;0;0;0;1;0;0;0;0;0;0;0;0;0
02/10/2020;07:23:00;115;Acidente sem Vítimas;292,6;BR-040/MG;Sul;Tombamento;0;0;0;0;3;1;0;0;0;0;1;0;0;0;0
02/10/2020;08:46:00;132;Acidente sem Vítimas;619,135;BR-040/MG;Norte;Colisão traseira;2;0;0;0;0;0;0;0;0;0;2;0;0;0;0
02/10/2020;14:49:00;221;Acidente sem Vítimas;274,7;BR-040/MG;Norte;Tombamento de Moto;0;0;0;0;0;1;0;0;0;0;1;1;0;0;0
02/10/2020;15:25:00;237;Acidente sem Vítimas;510,5;BR-040/MG;Norte;Choque c/ Objeto Fixo;0;0;1;0;0;0;0;0;0;0;1;0;0;0;0
02/10/2020;15:34:00;240;Acidente com Vítimas;545,2;BR-040/MG;Norte;Choque c/ Objeto Fixo;0;0;0;1;0;0;0;0;0;0;0;1;0;0;0
02/10/2020;18:04:00;283;Acidente sem Vítimas;5,3;BR-040/GO;Sul;Colisão transversal;2;0;0;0;0;0;0;0;0;0;5;0;0;0;0
02/10/2020;18:21:00;292;Acidente sem Vítimas;506,2;BR-040/MG;Norte;Choque c/ Objeto Fixo;0;0;0;0;0;1;0;0;0;0;1;0;0;0;0
02/10/2020;18:33:00;302;Acidente com Vítimas;7,4;BR-040/GO;Sul;Atropelamento de Pedestre;0;0;0;1;0;0;0;0;0;0;1;0;1;0;0
02/10/2020;19:43:00;317;Acidente sem Vítimas;504,9;BR-040/MG;Norte;Colisão traseira;2;0;0;0;0;0;0;0;0;0;1;0;0;0;0
02/10/2020;19:52:00;320;Acidente sem Vítimas;24,4;BR-040/GO;Sul;Colisão traseira;1;0;1;0;0;0;0;0;0;0;2;0;0;0;0
02/10/2020;20:17:00;329;Acidente sem Vítimas;525,2;BR-040/MG;Norte;Colisão lateral;1;0;0;0;0;1;0;0;0;0;1;0;0;0;0
02/10/2020;21:13:00;345;Acidente com Vítimas;360,4;BR-040/MG;Norte;Tombamento de Moto;0;0;0;1;0;0;0;0;0;0;1;1;0;0;0
03/10/2020;01:15:00;10;Acidente com Vítimas;11,5;BR-040/GO;Sul;Choque c/ Objeto Fixo;1;0;0;0;0;0;0;0;0;0;1;0;0;0;0
03/10/2020;05:26:00;21;Acidente com Vítimas;96,61;BR-040/GO;Norte;Tombamento de Moto;0;0;0;1;0;0;0;0;0;0;0;2;0;0;0
03/10/2020;05:53:00;22;Acidente sem Vítimas;3,6;BR-040/GO;Norte;Choque c/ Objeto Fixo;1;0;0;0;0;0;0;0;0;0;0;0;0;0;0
03/10/2020;06:05:00;23;Acidente com Vítimas;170,4;BR-040/MG;Sul;Capotamento;1;0;0;0;0;0;0;0;0;0;0;0;0;0;0
03/10/2020;08:05:00;44;Acidente com Vítimas;267,872;BR-040/MG;Sul;Tombamento;0;0;0;0;1;0;0;0;0;0;0;1;0;0;0
03/10/2020;11:01:00;72;Acidente com Vítimas;5,3;BR-040/GO;Sul;Capotamento;2;0;0;0;0;0;0;0;0;0;0;1;0;0;0
03/10/2020;15:44:00;139;Acidente com Vítimas;362,8;BR-040/MG;Norte;Colisão frontal;2;0;0;0;1;0;0;0;0;0;1;0;1;0;0
03/10/2020;15:48:00;140;Acidente sem Vítimas;762,15;BR-040/MG;Norte;Colisão traseira;1;0;0;0;0;1;0;0;0;0;3;0;0;0;0
03/10/2020;16:46:00;154;Acidente sem Vítimas;618,7;BR-040/MG;Sul;Colisão traseira;2;0;0;0;0;0;0;0;0;0;6;0;0;0;0
03/10/2020;17:23:00;163;Acidente sem Vítimas;488,1;BR-040/MG;Norte;Colisão traseira;1;0;0;0;0;1;0;0;0;0;2;0;0;0;0
03/10/2020;18:58:00;186;Acidente sem Vítimas;511,2;BR-040/MG;Norte;Colisão traseira;3;0;0;0;0;0;0;0;0;0;2;0;0;0;0
03/10/2020;19:37:00;188;Acidente com Vítimas;10,5;BR-040/GO;Sul;Colisão transversal;1;0;0;1;0;0;0;0;0;0;0;1;0;0;0
03/10/2020;21:08:00;206;Acidente sem Vítimas;577,34;BR-040/MG;Sul;Colisão traseira;2;0;0;0;0;0;0;0;0;0;2;0;0;0;0
03/10/2020;21:45:00;209;Acidente sem Vítimas;750,3;BR-040/MG;Sul;Capotamento;1;0;0;0;0;0;0;0;0;0;1;0;0;0;0
03/10/2020;21:58:00;213;Acidente com Vítimas;97,5;BR-040/GO;Sul;Tombamento;2;0;0;0;0;0;0;0;0;0;9;1;0;0;0
04/10/2020;00:51:00;7;Acidente Fatal;695,95;BR-040/MG;Sul;Colisão frontal;1;0;0;0;0;1;0;0;0;0;1;0;0;0;1
04/10/2020;02:48:00;20;Acidente sem Vítimas;567,1;BR-040/MG;Norte;Atropelamento de Animal;1;0;0;0;0;0;0;0;0;0;2;0;0;0;0
04/10/2020;08:40:00;64;Acidente sem Vítimas;96,2;BR-040/GO;Norte;Colisão traseira;2;0;0;0;0;0;0;0;0;0;5;1;0;0;0
04/10/2020;13:16:00;112;Acidente sem Vítimas;487,1;BR-040/MG;Norte;Choque c/ Objeto Fixo;0;0;1;0;0;0;0;0;0;0;0;0;0;0;0
04/10/2020;13:22:00;115;Acidente com Vítimas;750,7;BR-040/MG;Norte;Choque c/ Objeto Fixo;1;0;0;0;0;0;0;0;0;0;0;1;0;0;0
04/10/2020;13:28:00;117;Acidente sem Vítimas;83,5;BR-040/MG;Sul;Choque c/ Objeto Fixo;0;0;0;0;1;1;0;0;0;0;0;0;0;0;0
04/10/2020;14:50:00;140;Acidente com Vítimas;508,15;BR-040/MG;Sul;Atropelamento de Pedestre;0;0;0;1;0;0;0;0;0;0;0;0;2;0;0
04/10/2020;16:31:00;161;Acidente sem Vítimas;388,7;BR-040/MG;Sul;Colisão lateral;2;0;0;0;1;0;0;0;0;0;6;0;0;0;0
04/10/2020;16:54:00;169;Acidente com Vítimas;498,1;BR-040/MG;Norte;Atropelamento de Ciclista;1;1;0;0;0;0;0;0;0;0;1;1;0;0;0
04/10/2020;17:05:00;173;Acidente sem Vítimas;622,2;BR-040/MG;Norte;Engavetamento;3;0;0;0;0;0;0;0;0;0;10;0;0;0;0
04/10/2020;17:11:00;175;Acidente sem Vítimas;8,3;BR-040/GO;Sul;Capotamento;1;0;0;0;0;0;0;0;0;0;0;0;0;0;0
04/10/2020;18:24:00;191;Acidente Fatal;648,85;BR-040/MG;Sul;Colisão transversal;0;0;1;2;0;0;0;0;0;0;1;0;0;0;2
04/10/2020;19:49:00;201;Acidente Fatal;245,307;BR-040/MG;Sul;Colisão traseira;2;0;0;0;0;3;0;0;0;0;0;0;0;0;1
04/10/2020;19:54:00;202;Acidente com Vítimas;648,1;BR-040/MG;Sul;Colisão traseira;2;0;0;0;1;0;0;0;0;0;1;0;0;0;0
04/10/2020;19:58:00;203;Acidente sem Vítimas;4,5;BR-040/GO;Norte;Engavetamento;1;0;0;0;0;2;0;0;0;0;1;0;0;0;0
04/10/2020;23:59:00;222;Acidente sem Vítimas;554,8;BR-040/MG;Norte;Colisão traseira;1;0;1;0;0;0;0;0;0;0;2;0;0;0;0
05/10/2020;07:04:00;90;Acidente sem Vítimas;513,5;BR-040/MG;Sul;Colisão lateral;1;0;0;1;0;0;0;0;0;0;2;0;0;0;0
05/10/2020;07:23:00;96;Acidente sem Vítimas;730,3;BR-040/MG;Sul;Choque c/ Objeto Fixo;2;0;0;0;0;0;0;0;0;0;1;0;0;0;0
05/10/2020;07:31:00;97;Acidente com Vítimas;510,1;BR-040/MG;Sul;Colisão lateral;1;0;0;0;0;1;0;0;0;0;2;1;5;0;0
05/10/2020;09:53:00;145;Acidente com Vítimas;476,1;BR-040/MG;Sul;Colisão transversal;1;0;0;1;0;0;0;0;0;0;2;0;1;0;0
05/10/2020;10:24:00;153;Acidente sem Vítimas;106,9;BR-040/MG;Sul;Tombamento;0;0;1;0;0;0;0;0;0;0;0;0;0;0;0
05/10/2020;10:56:00;166;Acidente sem Vítimas;442,1;BR-040/MG;Sul;Colisão traseira;1;0;0;0;0;2;0;0;0;0;0;0;0;0;0
05/10/2020;14:48:00;222;Acidente com Vítimas;1,1;BR-040/DF;Sul;Choque c/ Objeto Fixo;0;2;2;0;0;1;0;0;0;0;0;1;0;0;0
05/10/2020;15:39:00;237;Acidente com Vítimas;576,3;BR-040/MG;Sul;Colisão lateral;0;0;0;0;0;2;0;0;0;0;1;0;3;0;0
05/10/2020;18:38:00;281;Acidente sem Vítimas;658,1;BR-040/MG;Norte;Choque c/ Objeto Fixo;1;0;0;0;0;1;0;0;0;0;3;0;0;0;0
06/10/2020;00:02:00;8;Acidente sem Vítimas;714,2;BR-040/MG;Norte;Colisão traseira;2;0;0;0;0;0;0;0;0;0;2;0;0;0;0
06/10/2020;05:36:00;68;Acidente sem Vítimas;577,15;BR-040/MG;Sul;Colisão lateral;3;0;0;0;1;0;0;0;0;0;2;0;0;0;0
06/10/2020;07:00:00;88;Acidente com Vítimas;523,2;BR-040/MG;Sul;Colisão lateral;0;0;0;1;0;1;0;0;0;0;2;0;0;0;0
06/10/2020;09:48:00;142;Acidente sem Vítimas;5,7;BR-040/GO;Norte;Colisão lateral;0;0;1;1;0;0;0;0;0;0;1;0;0;0;0
06/10/2020;10:29:00;153;Acidente sem Vítimas;97,6;BR-040/GO;Sul;Colisão transversal;1;0;0;0;0;1;0;0;0;0;0;0;0;0;0
06/10/2020;11:14:00;163;Acidente Fatal;716,2;BR-040/MG;Norte;Atropelamento de Pedestre;0;0;1;0;0;0;0;0;0;0;1;0;0;0;1
06/10/2020;14:34:00;206;Acidente sem Vítimas;628,5;BR-040/MG;Sul;Colisão transversal;4;0;0;0;0;0;0;0;0;0;2;0;0;0;0
06/10/2020;16:45:00;232;Acidente com Vítimas;645,222;BR-040/MG;Norte;Capotamento;1;0;0;0;0;0;0;0;0;0;1;1;0;0;0
06/10/2020;16:56:00;234;Acidente sem Vítimas;511,1;BR-040/MG;Norte;Choque c/ Objeto Fixo;0;0;0;0;0;2;0;0;0;0;1;0;0;0;0
06/10/2020;18:49:00;262;Acidente com Vítimas;535,2;BR-040/MG;Sul;Colisão lateral;1;0;1;1;0;0;0;0;0;0;1;1;0;0;0
06/10/2020;19:37:00;282;Acidente Fatal;736,5;BR-040/MG;Sul;Atropelamento de Pedestre;0;0;1;0;0;0;0;0;0;0;1;0;0;0;1
06/10/2020;21:33:00;298;Acidente sem Vítimas;444,6;BR-040/MG;Sul;Tombamento;1;0;2;0;0;0;0;0;0;0;0;1;0;0;0
06/10/2020;22:23:00;308;Acidente com Vítimas;534,2;BR-040/MG;Norte;Tombamento de Moto;0;0;0;1;0;0;0;0;0;0;0;2;0;0;0
07/10/2020;06:43:00;88;Acidente sem Vítimas;63,2;BR-040/MG;Norte;Capotamento;0;0;0;0;0;1;0;0;0;0;4;0;0;0;0
07/10/2020;06:43:00;89;Acidente com Vítimas;525,1;BR-040/MG;Sul;Colisão traseira;4;0;0;0;0;0;0;0;0;0;2;1;0;0;0
07/10/2020;07:25:00;110;Acidente sem Vítimas;515,5;BR-040/MG;Sul;Colisão lateral;2;0;0;1;0;0;0;0;0;0;2;0;0;0;0
07/10/2020;08:20:00;124;Acidente sem Vítimas;90,7;BR-040/GO;Sul;Tombamento;0;0;1;0;0;0;0;0;0;0;2;0;0;0;0