data;horario;n_da_ocorrencia;tipo_de_ocorrencia;km;trecho;sentido;tipo_de_acidente;automovel;bicicleta;caminhao;moto;onibus;outros;tracao_animal;transporte_de_cargas_especiais;trator_maquinas;utilitarios;ilesos;levemente_feridos;moderadamente_feridos;gravemente_feridos;mortos
07/10/2020;08:44:00;128;Acidente com Vítimas;661,2;BR-040/MG;Sul;Choque c/ Objeto Fixo;1;0;0;0;0;0;0;0;0;0;2;2;0;0;0
07/10/2020;11:07:00;159;Acidente sem Vítimas;542,5;BR-040/MG;Sul;Colisão lateral;1;0;0;0;1;0;0;0;0;0;2;0;0;0;0
07/10/2020;11:36:00;167;Acidente com Vítimas;1,5;BR-040/GO;Sul;Colisão traseira;1;0;0;2;0;0;0;0;0;0;0;2;0;0;0
07/10/2020;12:02:00;173;Acidente com Vítimas;1,8;BR-040/GO;Sul;Colisão lateral;0;0;0;0;0;1;0;0;0;0;0;0;0;0;0
07/10/2020;12:06:00;174;Acidente sem Vítimas;93,4;BR-040/MG;Norte;Colisão transversal;2;0;0;0;0;0;0;0;0;0;3;0;0;0;0
07/10/2020;15:23:00;235;Acidente com Vítimas;529,5;BR-040/MG;Norte;Tombamento de Moto;0;0;0;1;0;0;0;0;0;0;0;1;1;0;0
07/10/2020;16:58:00;253;Acidente sem Vítimas;5,3;BR-040/GO;Sul;Colisão lateral;1;0;0;1;0;0;0;0;0;0;2;2;0;0;0
07/10/2020;18:06:00;268;Acidente sem Vítimas;598,12;BR-040/MG;Sul;Choque c/ Objeto Fixo;1;0;0;0;0;0;0;0;0;0;1;0;0;0;0
07/10/2020;18:50:00;282;Acidente com Vítimas;702,1;BR-040/MG;Norte;Colisão frontal;0;0;0;2;0;0;0;0;0;0;0;0;0;0;0
07/10/2020;19:15:00;295;Acidente sem Vítimas;525,7;BR-040/MG;Norte;Colisão traseira;2;0;0;1;0;0;0;0;0;0;2;0;0;0;0
08/10/2020;00:49:00;19;Acidente com Vítimas;529,7;BR-040/MG;Sul;Colisão lateral;1;0;0;0;0;2;0;0;0;0;0;0;1;0;0
08/10/2020;02:32:00;63;Acidente com Vítimas;635,1;BR-040/MG;Sul;Tombamento de Moto;0;0;0;1;0;0;0;0;0;0;0;0;1;0;0
08/10/2020;04:48:00;89;Acidente sem Vítimas;444,8;BR-040/MG;Sul;Tombamento;0;0;1;0;0;0;0;0;0;0;2;0;0;0;0
08/10/2020;08:23:00;138;Acidente sem Vítimas;7,1;BR-040/GO;Norte;Tombamento;0;0;0;1;0;0;0;0;0;0;0;0;0;0;0
08/10/2020;10:01:00;163;Acidente sem Vítimas;521,1;BR-040/MG;Norte;Capotamento;1;0;0;0;1;0;0;0;0;0;2;0;0;0;0
08/10/2020;15:41:00;257;Acidente sem Vítimas;519,1;BR-040/MG;Sul;Colisão traseira;2;0;0;0;0;0;0;0;0;0;2;0;0;0;0
08/10/2020;17:16:00;285;Acidente sem Vítimas;717,1;BR-040/MG;Sul;Colisão traseira;1;0;0;0;0;1;0;0;0;0;3;0;0;0;0
08/10/2020;17:51:00;294;Acidente sem Vítimas;12,8;BR-040/GO;Sul;Colisão traseira;3;0;0;0;0;0;0;0;0;0;2;0;0;0;0
08/10/2020;17:57:00;298;Acidente com Vítimas;668,85;BR-040/MG;Sul;Colisão transversal;3;0;0;0;0;1;0;0;0;0;2;0;0;0;0
08/10/2020;18:00:00;296;Acidente sem Vítimas;528,1;BR-040/MG;Sul;Colisão lateral;1;0;0;0;0;1;0;0;0;0;2;0;0;0;0
08/10/2020;20:03:00;328;Acidente sem Vítimas;663,8;BR-040/MG;Sul;Atropelamento de Pedestre;0;0;0;0;1;1;0;0;0;0;1;0;1;0;0
08/10/2020;20:20:00;333;Acidente sem Vítimas;525,2;BR-040/MG;Norte;Colisão transversal;0;0;2;0;1;0;0;0;0;0;2;0;0;0;0
08/10/2020;22:15:00;355;Acidente com Vítimas;587,5;BR-040/MG;Sul;Tombamento;0;0;1;0;0;0;0;0;0;0;0;2;0;0;0
08/10/2020;22:26:00;357;Acidente com Vítimas;519,1;BR-040/MG;Norte;Choque c/ Veículo Parado;0;0;1;0;0;1;0;0;0;0;0;0;1;0;0
09/10/2020;01:17:00;70;Acidente com Vítimas;3,5;BR-040/GO;Sul;Tombamento de Moto;0;0;0;1;0;0;0;0;0;0;1;1;0;0;0
09/10/2020;03:15:00;75;Acidente sem Vítimas;458,1;BR-040/MG;Sul;Colisão traseira;0;0;2;0;0;0;0;0;0;0;2;0;0;0;0
09/10/2020;06:55:00;103;Acidente sem Vítimas;541,5;BR-040/MG;Sul;Engavetamento;3;0;0;0;0;0;0;0;0;0;3;0;0;0;0
09/10/2020;07:37:00;127;Acidente com Vítimas;513;BR-040/MG;Norte;Atropelamento de Ciclista;0;0;0;1;0;0;0;0;0;0;0;2;0;0;0
09/10/2020;07:45:00;126;Acidente com Vítimas;5,6;BR-040/DF;Norte;Colisão lateral;0;0;0;1;0;1;0;0;0;0;0;1;0;0;0
09/10/2020;08:03:00;130;Acidente sem Vítimas;548,1;BR-040/MG;Sul;Engavetamento;5;0;0;0;0;0;0;0;0;0;5;0;0;0;0
09/10/2020;13:58:00;242;Acidente com Vítimas;749,7;BR-040/MG;Norte;Capotamento;1;0;0;0;0;0;0;0;0;0;2;0;0;0;0
09/10/2020;15:15:00;261;Acidente com Vítimas;557,5;BR-040/MG;Sul;Tombamento de Moto;0;0;0;1;0;1;0;0;0;0;1;1;0;0;0
09/10/2020;15:19:00;263;Acidente sem Vítimas;714,3;BR-040/MG;Norte;Colisão transversal;1;0;1;0;0;0;0;0;0;0;4;0;0;0;0
09/10/2020;15:35:00;267;Acidente com Vítimas;7;BR-040/GO;Norte;Colisão transversal;2;0;0;0;0;1;0;0;0;0;0;1;0;0;0
09/10/2020;15:56:00;271;Acidente sem Vítimas;772,1;BR-040/MG;Sul;Colisão transversal;2;0;0;0;0;1;0;0;0;0;0;0;0;0;0
09/10/2020;16:06:00;273;Acidente sem Vítimas;752,1;BR-040/MG;Sul;Choque c/ Objeto Fixo;1;0;0;0;0;0;0;0;0;0;0;0;0;0;0
09/10/2020;16:24:00;280;Acidente sem Vítimas;768,1;BR-040/MG;Sul;Choque c/ Objeto Fixo;1;0;0;0;0;0;0;0;0;0;1;0;0;0;0
09/10/2020;16:49:00;285;Acidente com Vítimas;2,15;BR-040/GO;Norte;Outros;1;0;0;0;0;1;0;0;0;0;0;2;0;0;0
09/10/2020;18:27:00;306;Acidente com Vítimas;485,1;BR-040/MG;Sul;Atropelamento de Ciclista;1;0;0;0;0;0;0;0;0;0;1;0;0;1;0
09/10/2020;19:24:00;323;Acidente sem Vítimas;764,2;BR-040/MG;Norte;Capotamento;1;0;0;0;0;1;0;0;0;0;0;0;0;0;0
09/10/2020;19:58:00;333;Acidente com Vítimas;577,2;BR-040/MG;Norte;Colisão frontal;2;0;0;0;0;1;0;0;0;0;1;0;1;0;0
09/10/2020;20:03:00;335;Acidente com Vítimas;455,1;BR-040/MG;Sul;Tombamento;0;0;4;0;0;0;0;0;0;0;1;1;0;0;0
09/10/2020;20:33:00;346;Acidente com Vítimas;7,2;BR-040/DF;Sul;Colisão lateral;0;0;0;2;0;0;0;0;0;0;1;1;0;0;0
09/10/2020;21:05:00;355;Acidente sem Vítimas;741,5;BR-040/MG;Norte;Choque c/ Objeto Fixo;2;0;0;0;0;0;0;0;0;0;1;0;0;0;0
09/10/2020;21:18:00;360;Acidente sem Vítimas;661,2;BR-040/MG;Norte;Choque c/ Objeto Fixo;1;0;0;0;0;0;0;0;0;0;1;0;0;0;0
09/10/2020;22:16:00;374;Acidente Fatal;422,915;BR-040/MG;Norte;Colisão frontal;1;0;0;0;0;3;0;0;0;0;4;0;0;0;1
09/10/2020;22:44:00;377;Acidente com Vítimas;6,8;BR-040/DF;Sul;Colisão transversal;1;0;0;1;0;0;0;0;0;0;2;0;0;0;0
09/10/2020;23:21:00;385;Acidente sem Vítimas;375,11;BR-040/MG;Norte;Colisão traseira;1;0;0;0;1;0;0;0;0;0;2;0;0;0;0
09/10/2020;23:52:00;392;Acidente sem Vítimas;0,6;BR-040/GO;Sul;Colisão traseira;1;0;0;2;0;0;0;0;0;0;2;0;0;0;0
10/10/2020;00:10:00;1;Acidente sem Vítimas;1,2;BR-040/GO;Sul;Colisão traseira;2;0;0;3;0;0;0;0;0;0;2;1;0;0;0
10/10/2020;02:56:00;15;Acidente sem Vítimas;586,9;BR-040/MG;Sul;Colisão lateral;1;0;1;0;0;0;0;0;0;0;3;0;0;0;0
10/10/2020;03:39:00;22;Acidente com Vítimas;541,1;BR-040/MG;Sul;Choque c/ Objeto Fixo;2;0;0;0;0;0;0;0;0;0;0;0;1;0;0
10/10/2020;05:38:00;32;Acidente sem Vítimas;532;BR-040/MG;Norte;Colisão traseira;1;0;0;0;0;2;0;0;0;0;2;0;0;0;0
10/10/2020;07:00:00;41;Acidente com Vítimas;738,15;BR-040/MG;Sul;Capotamento;1;0;0;0;0;0;0;0;0;0;1;1;0;0;0
10/10/2020;07:11:00;47;Acidente sem Vítimas;740,15;BR-040/MG;Norte;Capotamento;1;0;0;0;0;0;0;0;0;0;3;0;0;0;0
10/10/2020;07:12:00;49;Acidente sem Vítimas;711,15;BR-040/MG;Norte;Choque c/ Objeto Fixo;1;0;0;0;0;0;0;0;0;0;1;0;0;0;0
10/10/2020;07:33:00;53;Acidente com Vítimas;718,4;BR-040/MG;Norte;Choque c/ Objeto Fixo;1;0;0;0;0;0;0;0;0;0;3;0;0;0;0
10/10/2020;07:39:00;54;Acidente sem Vítimas;716,4;BR-040/MG;Norte;Choque c/ Objeto Fixo;1;0;0;0;0;0;0;0;0;0;1;0;0;0;0
10/10/2020;07:42:00;59;Acidente sem Vítimas;729,6;BR-040/MG;Sul;Choque c/ Objeto Fixo;1;0;0;0;0;0;0;0;0;0;1;0;0;0;0
10/10/2020;08:15:00;70;Acidente sem Vítimas;511,25;BR-040/MG;Sul;Colisão traseira;1;0;0;1;0;0;0;0;0;0;0;1;0;0;0
10/10/2020;08:27:00;72;Acidente sem Vítimas;737,2;BR-040/MG;Sul;Choque c/ Objeto Fixo;1;0;0;0;0;0;0;0;0;0;2;0;0;0;0
10/10/2020;08:57:00;84;Acidente sem Vítimas;93,1;BR-040/GO;Sul;Colisão transversal;2;0;0;2;0;1;0;0;0;0;2;0;0;0;0
10/10/2020;10:14:00;99;Acidente sem Vítimas;522,1;BR-040/MG;Norte;Colisão traseira;2;0;0;0;0;0;0;0;0;0;0;0;0;0;0
10/10/2020;10:51:00;115;Acidente sem Vítimas;545,5;BR-040/MG;Sul;Colisão traseira;3;0;0;0;0;0;0;0;0;0;0;0;0;0;0
10/10/2020;12:00:00;128;Acidente com Vítimas;1,3;BR-040/GO;Sul;Colisão lateral;0;0;0;1;0;0;0;0;0;0;1;2;0;0;0
10/10/2020;12:15:00;129;Acidente sem Vítimas;714,15;BR-040/MG;Sul;Colisão traseira;2;0;0;0;0;0;0;0;0;0;2;0;0;0;0
10/10/2020;12:52:00;137;Acidente com Vítimas;512,1;BR-040/MG;Norte;Choque c/ Objeto Fixo;2;0;0;0;0;0;0;0;0;0;0;0;2;0;0
10/10/2020;13:26:00;142;Acidente com Vítimas;118,9;BR-040/MG;Norte;Colisão transversal;2;0;0;0;0;0;0;0;0;0;2;1;0;0;0
10/10/2020;16:53:00;182;Acidente sem Vítimas;524,15;BR-040/MG;Norte;Choque c/ Objeto Fixo;1;0;0;0;0;0;0;0;0;0;2;0;0;0;0
10/10/2020;19:50:00;232;Acidente com Vítimas;2,8;BR-040/GO;Norte;Atropelamento de Pedestre;0;0;0;1;0;0;0;0;0;0;1;1;0;0;0
10/10/2020;22:01:00;257;Acidente sem Vítimas;735,5;BR-040/MG;Sul;Capotamento;1;0;0;0;0;0;0;0;0;0;2;0;0;0;0
10/10/2020;22:26:00;263;Acidente sem Vítimas;271,8;BR-040/MG;Norte;Choque c/ Objeto Fixo;3;0;0;0;0;0;0;0;0;0;1;0;0;0;0
11/10/2020;01:43:00;15;Acidente sem Vítimas;7,3;BR-040/DF;Sul;Choque c/ Objeto Fixo;0;0;1;1;0;0;0;0;0;0;1;0;0;0;0
11/10/2020;04:47:00;23;Acidente sem Vítimas;3,4;BR-040/GO;Sul;Colisão traseira;2;0;0;1;0;0;0;0;0;0;2;0;0;0;0
11/10/2020;05:46:00;28;Acidente com Vítimas;141,4;BR-040/MG;Sul;Choque c/ Objeto Fixo;0;0;0;1;0;0;0;0;0;0;1;0;0;0;0
11/10/2020;07:35:00;41;Acidente Fatal;587,77;BR-040/MG;Sul;Colisão frontal;2;0;1;0;0;1;0;0;0;0;2;1;1;1;1
11/10/2020;09:48:00;59;Acidente sem Vítimas;518,1;BR-040/MG;Sul;Colisão traseira;2;0;0;0;0;0;0;0;0;0;2;0;0;0;0
11/10/2020;13:53:00;95;Acidente com Vítimas;446,35;BR-040/MG;Sul;Capotamento;1;0;0;0;0;1;0;0;0;0;1;2;0;0;0
11/10/2020;14:51:00;115;Acidente sem Vítimas;474,6;BR-040/MG;Norte;Choque c/ Objeto Fixo;2;0;0;0;0;0;0;0;0;0;1;0;0;0;0
11/10/2020;15:08:00;117;Acidente com Vítimas;446,358;BR-040/MG;Sul;Capotamento;1;0;0;0;0;0;0;0;0;0;2;1;0;0;0
11/10/2020;16:07:00;127;Acidente com Vítimas;469,7;BR-040/MG;Norte;Capotamento;1;0;0;0;0;0;0;0;0;0;1;2;0;0;0
11/10/2020;16:13:00;129;Acidente sem Vítimas;502,4;BR-040/MG;Sul;Choque c/ Objeto Fixo;0;0;0;0;0;0;0;0;0;0;0;0;0;0;0
11/10/2020;16:28:00;134;Acidente sem Vítimas;422,15;BR-040/MG;Sul;Capotamento;2;0;0;0;0;0;0;0;0;0;2;0;0;0;0
11/10/2020;16:40:00;137;Acidente sem Vítimas;425,2;BR-040/MG;Norte;Queda Veículo;1;0;0;0;0;0;0;0;0;0;3;0;0;0;0
11/10/2020;16:58:00;142;Acidente sem Vítimas;465,1;BR-040/MG;Sul;Colisão lateral;2;0;0;0;0;0;0;0;0;0;2;0;0;0;0
11/10/2020;17:48:00;151;Acidente com Vítimas;141,1;BR-040/MG;Sul;Colisão frontal;2;0;0;0;0;0;0;0;0;0;0;0;2;0;0
11/10/2020;18:28:00;159;Acidente sem Vítimas;708,5;BR-040/MG;Sul;Atropelamento de Animal;0;0;0;0;0;0;0;0;0;0;0;0;0;0;0
11/10/2020;19:47:00;173;Acidente com Vítimas;544,5;BR-040/MG;Norte;Atropelamento de Andarilho;3;0;0;0;0;0;0;0;0;0;3;0;0;0;0
12/10/2020;01:25:00;7;Acidente sem Vítimas;274,5;BR-040/MG;Norte;Colisão traseira;2;0;0;0;0;0;0;0;0;0;5;0;0;0;0
12/10/2020;03:23:00;17;Acidente sem Vítimas;601,5;BR-040/MG;Sul;Atropelamento de Animal;1;0;1;0;0;1;0;0;0;0;1;0;0;0;0
12/10/2020;04:49:00;26;Acidente sem Vítimas;194,5;BR-040/MG;Norte;Choque c/ Objeto Fixo;1;0;0;0;0;0;0;0;0;0;1;0;0;0;0
12/10/2020;06:08:00;29;Acidente sem Vítimas;660,95;BR-040/MG;Norte;Choque com objeto;1;0;0;0;0;0;0;0;0;0;1;0;0;0;0
12/10/2020;06:37:00;32;Acidente sem Vítimas;57,5;BR-040/MG;Norte;Choque com objeto;1;0;0;0;0;0;0;0;0;0;2;0;0;0;0
12/10/2020;10:15:00;76;Acidente sem Vítimas;533,9;BR-040/MG;Norte;Colisão traseira;2;0;0;0;0;0;0;0;0;0;0;0;0;0;0
12/10/2020;10:49:00;89;Acidente com Vítimas;521,1;BR-040/MG;Sul;Tombamento de Moto;0;0;0;1;0;0;0;0;0;0;0;0;0;0;0
12/10/2020;11:36:00;101;Acidente sem Vítimas;1,8;BR-040/DF;Norte;Colisão traseira;1;0;0;0;0;2;0;0;0;0;0;0;0;0;0
12/10/2020;15:52:00;178;Acidente com Vítimas;541,5;BR-040/MG;Norte;Tombamento de Moto;0;0;0;1;0;0;0;0;0;0;0;1;0;0;0
12/10/2020;15:54:00;179;Acidente Fatal;587,7;BR-040/MG;Norte;Colisão transversal;3;0;0;0;0;0;0;0;0;0;2;2;0;3;1
12/10/2020;16:37:00;192;Acidente sem Vítimas;506,1;BR-040/MG;Sul;Engavetamento;2;0;0;0;0;0;0;0;0;0;2;0;0;0;0
12/10/2020;16:49:00;204;Acidente sem Vítimas;510,5;BR-040/MG;Sul;Colisão traseira;2;0;0;0;0;1;0;0;0;0;2;0;0;0;0
12/10/2020;18:34:00;241;Acidente com Vítimas;523,6;BR-040/MG;Norte;Tombamento de Moto;0;0;0;0;0;1;0;0;0;0;1;1;1;0;0
12/10/2020;19:34:00;257;Acidente com Vítimas;136,6;BR-040/MG;Norte;Tombamento de Moto;0;0;0;1;0;0;0;0;0;0;0;1;0;1;0
12/10/2020;19:47:00;261;Acidente com Vítimas;515,1;BR-040/MG;Sul;Colisão lateral;1;0;0;0;0;1;0;0;0;0;1;1;0;0;0
12/10/2020;20:54:00;277;Acidente sem Vítimas;5,8;BR-040/GO;Norte;Engavetamento;4;0;0;0;0;0;0;0;0;0;7;0;0;0;0
12/10/2020;22:39:00;302;Acidente sem Vítimas;579,6;BR-040/MG;Norte;Colisão traseira;4;0;0;0;0;0;0;0;0;0;4;0;0;0;0
12/10/2020;22:55:00;310;Acidente sem Vítimas;480,1;BR-040/MG;Sul;Choque c/ Objeto Fixo;0;0;0;0;1;0;0;0;0;0;1;0;0;0;0
13/10/2020;00:24:00;13;Acidente sem Vítimas;677,1;BR-040/MG;Norte;Atropelamento de Animal;2;0;0;0;0;0;0;0;0;0;6;0;0;0;0
13/10/2020;01:39:00;47;Acidente sem Vítimas;48,7;BR-040/MG;Sul;Choque c/ Objeto Fixo;2;0;0;0;0;0;0;0;0;0;1;0;0;0;0
13/10/2020;03:56:00;59;Acidente sem Vítimas;257,3;BR-040/MG;Norte;Capotamento;1;0;0;0;0;0;0;0;0;0;2;0;0;0;0
13/10/2020;05:06:00;65;Acidente com Vítimas;514,3;BR-040/MG;Sul;Tombamento de Moto;0;0;0;0;0;1;0;0;0;0;0;2;0;0;0
13/10/2020;06:15:00;97;Acidente com Vítimas;510,1;BR-040/MG;Sul;Colisão traseira;1;0;0;2;0;0;0;0;0;0;2;0;1;0;0
13/10/2020;06:52:00;108;Acidente sem Vítimas;499;BR-040/MG;Sul;Tombamento de Moto;1;0;0;1;0;0;0;0;0;0;1;0;0;0;0
13/10/2020;07:23:00;122;Acidente sem Vítimas;509,1;BR-040/MG;Sul;Colisão traseira;2;0;0;0;0;0;0;0;0;0;2;0;0;0;0
13/10/2020;08:55:00;159;Acidente com Vítimas;522,7;BR-040/MG;Norte;Engavetamento;2;0;0;0;0;1;0;0;0;0;0;0;0;0;0
13/10/2020;10:12:00;187;Acidente sem Vítimas;473,2;BR-040/MG;Sul;Capotamento;1;0;0;0;0;0;0;0;0;0;1;0;0;0;0
13/10/2020;10:26:00;194;Acidente sem Vítimas;583,3;BR-040/MG;Norte;Colisão lateral;1;0;2;0;1;0;0;0;0;0;2;0;0;0;0
13/10/2020;10:54:00;198;Acidente sem Vítimas;520,1;BR-040/MG;Sul;Engavetamento;2;0;0;0;0;1;0;0;0;0;0;0;0;0;0
13/10/2020;13:19:00;248;Acidente com Vítimas;538,1;BR-040/MG;Norte;Tombamento de Moto;0;0;0;1;0;0;0;0;0;0;0;1;0;0;0
13/10/2020;16:15:00;296;Acidente com Vítimas;695,5;BR-040/MG;Norte;Colisão traseira;2;0;0;0;0;1;0;0;0;0;0;1;1;0;0
13/10/2020;16:48:00;304;Acidente sem Vítimas;577,2;BR-040/MG;Sul;Colisão transversal;2;0;0;0;0;0;0;0;0;0;1;0;0;0;0
13/10/2020;17:03:00;307;Acidente sem Vítimas;638,8;BR-040/MG;Sul;Capotamento;2;0;0;0;0;0;0;0;0;0;1;0;0;0;0
13/10/2020;17:16:00;309;Acidente sem Vítimas;603,2;BR-040/MG;Sul;Colisão lateral;0;0;0;1;2;0;0;0;0;0;24;0;0;0;0
13/10/2020;17:29:00;311;Acidente com Vítimas;275,2;BR-040/MG;Norte;Colisão frontal;1;0;0;1;0;0;0;0;0;0;2;1;0;0;0
13/10/2020;17:45:00;317;Acidente sem Vítimas;635,1;BR-040/MG;Sul;Capotamento;2;0;0;0;0;0;0;0;0;0;1;0;0;0;0
13/10/2020;18:50:00;334;Acidente com Vítimas;696,2;BR-040/MG;Norte;Engavetamento;4;0;0;0;0;0;0;0;0;0;2;0;1;0;0
13/10/2020;20:29:00;362;Acidente sem Vítimas;19,3;BR-040/GO;Sul;Colisão transversal;1;0;0;0;0;1;0;0;0;0;2;0;0;0;0
14/10/2020;05:08:00;66;Acidente sem Vítimas;520,1;BR-040/MG;Sul;Capotamento;1;0;0;0;0;0;0;0;0;0;1;0;0;0;0
14/10/2020;08:21:00;101;Acidente com Vítimas;6,68;BR-040/DF;Norte;Tombamento de Moto;0;0;0;1;0;0;0;0;0;0;0;1;0;0;0
14/10/2020;09:06:00;110;Acidente sem Vítimas;143,125;BR-040/MG;Sul;Colisão traseira;1;0;0;0;1;0;0;0;0;0;1;0;0;0;0
14/10/2020;14:25:00;170;Acidente sem Vítimas;656,6;BR-040/MG;Norte;Capotamento;1;0;0;0;0;0;0;0;0;0;0;0;0;0;0
14/10/2020;17:22:00;210;Acidente com Vítimas;1,1;BR-040/GO;Sul;Choque com objeto;0;0;0;1;0;0;0;0;0;0;0;0;1;0;0
14/10/2020;18:55:00;234;Acidente com Vítimas;16,4;BR-040/GO;Norte;Colisão transversal;1;0;0;1;0;0;0;0;0;0;1;0;1;0;0
14/10/2020;18:57:00;236;Acidente sem Vítimas;581,1;BR-040/MG;Norte;Colisão traseira;0;0;0;0;0;2;0;0;0;0;2;0;0;0;0
14/10/2020;20:14:00;262;Acidente com Vítimas;24,4;BR-040/GO;Sul;Colisão transversal;3;0;0;0;0;0;0;0;0;0;0;0;1;0;0
15/10/2020;02:46:00;54;Acidente sem Vítimas;444,1;BR-040/MG;Sul;Tombamento;0;0;1;0;0;0;0;0;0;0;1;0;0;0;0
15/10/2020;06:49:00;107;Acidente com Vítimas;8,5;BR-040/GO;Norte;Colisão traseira;1;0;0;1;0;0;0;0;0;0;1;1;0;0;0
15/10/2020;07:05:00;113;Acidente com Vítimas;8,1;BR-040/GO;Norte;Colisão traseira;1;0;0;1;0;0;0;0;0;0;1;1;0;0;0
15/10/2020;09:14:00;146;Acidente com Vítimas;534,8;BR-040/MG;Sul;Engavetamento;0;0;0;1;0;1;0;0;0;0;2;1;0;0;0
15/10/2020;09:16:00;148;Acidente com Vítimas;112,2;BR-040/GO;Norte;Capotamento;1;0;0;0;0;0;0;0;0;0;0;1;1;0;0
15/10/2020;11:01:00;167;Acidente sem Vítimas;72,15;BR-040/GO;Norte;Outros;1;0;0;0;1;0;0;0;0;0;0;0;0;0;0
15/10/2020;11:27:00;176;Acidente sem Vítimas;539,6;BR-040/MG;Sul;Colisão traseira;0;0;0;1;0;1;0;0;0;0;2;0;0;0;0
15/10/2020;15:01:00;210;Acidente com Vítimas;590,5;BR-040/MG;Norte;Tombamento;0;0;0;1;0;0;0;0;0;0;0;0;0;0;0
15/10/2020;15:38:00;217;Acidente sem Vítimas;696,5;BR-040/MG;Norte;Choque c/ Objeto Fixo;1;0;0;0;0;1;0;0;0;0;0;0;0;0;0
15/10/2020;16:23:00;222;Acidente sem Vítimas;719;BR-040/MG;Norte;Choque c/ Objeto Fixo;2;0;0;0;0;0;0;0;0;0;1;0;0;0;0
16/10/2020;03:59:00;73;Acidente sem Vítimas;440,2;BR-040/MG;Norte;Choque c/ Objeto Fixo;2;0;0;0;0;0;0;0;0;0;4;0;0;0;0
16/10/2020;04:48:00;78;Acidente sem Vítimas;619,7;BR-040/MG;Norte;Colisão lateral;1;0;0;0;0;0;0;0;0;0;1;0;0;0;0
16/10/2020;06:06:00;86;Acidente sem Vítimas;305,9;BR-040/MG;Norte;Choque c/ Objeto Fixo;0;0;0;0;0;2;0;0;0;0;0;0;0;0;0
16/10/2020;08:18:00;130;Acidente sem Vítimas;216,4;BR-040/MG;Norte;Choque c/ Objeto Fixo;0;0;1;0;0;0;0;0;0;0;1;0;0;0;0
16/10/2020;08:43:00;139;Acidente com Vítimas;11,5;BR-040/GO;Sul;Atropelamento de Andarilho;0;0;0;1;0;0;0;0;0;0;0;0;0;1;0
16/10/2020;10:06:00;157;Acidente com Vítimas;569,8;BR-040/MG;Norte;Colisão frontal;4;0;0;0;0;0;0;0;0;0;1;2;1;0;0
16/10/2020;10:26:00;163;Acidente sem Vítimas;144,3;BR-040/MG;Sul;Colisão traseira;3;0;0;0;0;1;0;0;0;0;2;0;0;0;0
16/10/2020;10:28:00;162;Acidente sem Vítimas;533,5;BR-040/MG;Norte;Colisão traseira;0;0;1;0;0;1;0;0;0;0;2;0;0;0;0
16/10/2020;13:47:00;198;Acidente com Vítimas;554,1;BR-040/MG;Norte;Colisão traseira;6;0;0;0;0;0;0;0;0;0;3;2;0;0;0
16/10/2020;14:00:00;202;Acidente com Vítimas;597,5;BR-040/MG;Sul;Colisão lateral;1;0;0;1;0;0;0;0;0;0;2;1;0;0;0
16/10/2020;14:07:00;203;Acidente com Vítimas;5,35;BR-040/GO;Sul;Colisão traseira;1;0;0;1;0;1;0;0;0;0;1;1;0;0;0
16/10/2020;15:10:00;217;Acidente sem Vítimas;606,1;BR-040/MG;Sul;Colisão lateral;1;0;0;0;0;1;0;0;0;0;1;0;0;0;0
16/10/2020;15:33:00;220;Acidente sem Vítimas;524,1;BR-040/MG;Norte;Tombamento;1;0;0;0;0;1;0;0;0;0;1;0;0;0;0
16/10/2020;17:19:00;249;Acidente sem Vítimas;263,2;BR-040/MG;Norte;Choque c/ Objeto Fixo;1;0;0;0;0;0;0;0;0;0;1;0;0;0;0
16/10/2020;18:28:00;266;Acidente com Vítimas;376,3;BR-040/MG;Norte;Choque c/ Objeto Fixo;1;0;0;0;0;0;0;0;0;0;1;3;0;0;0
16/10/2020;19:25:00;281;Acidente com Vítimas;495,9;BR-040/MG;Sul;Atropelamento de Animal;2;0;0;0;0;1;0;0;0;0;3;0;0;0;0
16/10/2020;21:27:00;312;Acidente Fatal;649,1;BR-040/MG;Norte;Atropelamento de Pedestre;1;0;0;0;0;1;0;0;0;0;1;0;0;0;1
16/10/2020;22:32:00;325;Acidente sem Vítimas;501,5;BR-040/MG;Norte;Choque c/ Objeto Fixo;1;0;0;0;0;0;0;0;0;0;1;0;0;0;0
16/10/2020;22:36:00;326;Acidente sem Vítimas;455,15;BR-040/MG;Norte;Choque c/ Objeto Fixo;0;0;0;1;0;0;0;0;0;0;1;0;0;0;0
17/10/2020;07:05:00;49;Acidente com Vítimas;517,15;BR-040/MG;Norte;Colisão lateral;0;0;1;1;0;0;0;0;0;0;1;1;0;0;0
17/10/2020;07:25:00;56;Acidente com Vítimas;507,1;BR-040/MG;Sul;Choque c/ Objeto Fixo;2;0;0;0;0;0;0;0;0;0;1;2;0;0;0
17/10/2020;07:55:00;65;Acidente sem Vítimas;726,8;BR-040/MG;Sul;Choque c/ Objeto Fixo;1;0;0;0;0;0;0;0;0;0;1;0;0;0;0
17/10/2020;09:46:00;88;Acidente sem Vítimas;731,8;BR-040/MG;Sul;Choque c/ Objeto Fixo;1;0;0;0;0;0;0;0;0;0;1;0;0;0;0
17/10/2020;10:11:00;94;Acidente sem Vítimas;717,15;BR-040/MG;Norte;Choque c/ Objeto Fixo;1;0;0;0;0;0;0;0;0;0;1;0;0;0;0
17/10/2020;10:21:00;98;Acidente sem Vítimas;727,2;BR-040/MG;Sul;Choque c/ Objeto Fixo;0;0;0;0;0;2;0;0;0;0;2;0;0;0;0
17/10/2020;13:12:00;131;Acidente com Vítimas;7,1;BR-040/GO;Norte;Colisão traseira;0;0;0;1;0;2;0;0;0;0;1;2;0;0;0
17/10/2020;14:17:00;143;Acidente com Vítimas;5,3;BR-040/GO;Sul;Choque c/ Objeto Fixo;1;0;0;1;0;0;0;0;0;0;2;1;0;0;0
17/10/2020;16:16:00;167;Acidente com Vítimas;44,2;BR-040/GO;Sul;Colisão lateral;1;0;0;0;1;0;0;0;0;0;0;1;1;0;0