data;horario;n_da_ocorrencia;tipo_de_ocorrencia;km;trecho;sentido;tipo_de_acidente;automovel;bicicleta;caminhao;moto;onibus;outros;tracao_animal;transporte_de_cargas_especiais;trator_maquinas;utilitarios;ilesos;levemente_feridos;moderadamente_feridos;gravemente_feridos;mortos
17/10/2020;18:41:00;189;Acidente Fatal;483,7;BR-040/MG;Sul;Atropelamento de Ciclista;1;1;0;0;1;0;0;0;0;0;3;0;0;0;1
17/10/2020;20:01:00;198;Acidente sem Vítimas;710,8;BR-040/MG;Norte;Choque c/ Objeto Fixo;1;0;0;0;0;0;0;0;0;0;1;0;0;0;0
18/10/2020;01:12:00;4;Acidente sem Vítimas;517;BR-040/MG;Norte;Capotamento;1;0;0;0;0;0;0;0;0;0;0;0;0;0;0
18/10/2020;04:47:00;13;Acidente sem Vítimas;5,4;BR-040/GO;Norte;Colisão lateral;2;0;0;0;0;0;0;0;0;0;4;0;0;0;0
18/10/2020;06:19:00;20;Acidente sem Vítimas;439,8;BR-040/MG;Sul;Choque c/ Objeto Fixo;1;0;0;0;0;0;0;0;0;0;1;0;0;0;0
18/10/2020;07:59:00;37;Acidente sem Vítimas;612,15;BR-040/MG;Sul;Outros;1;0;0;0;0;0;0;0;0;0;0;0;0;0;0
18/10/2020;17:21:00;150;Acidente sem Vítimas;739,15;BR-040/MG;Sul;Outros;1;0;0;0;0;0;0;0;0;0;1;0;0;0;0
18/10/2020;19:39:00;170;Acidente sem Vítimas;728,2;BR-040/MG;Sul;Choque c/ Objeto Fixo;2;0;0;0;0;0;0;0;0;0;1;0;0;0;0
18/10/2020;19:49:00;174;Acidente sem Vítimas;9,7;BR-040/GO;Norte;Colisão transversal;2;0;0;0;0;1;0;0;0;0;3;0;0;0;0
18/10/2020;22:38:00;196;Acidente sem Vítimas;226,4;BR-040/MG;Sul;Colisão traseira;1;0;0;0;0;1;0;0;0;0;2;0;0;0;0
19/10/2020;00:12:00;11;Acidente com Vítimas;363,5;BR-040/MG;Sul;Choque c/ Objeto Fixo;1;0;0;0;0;0;0;0;0;0;3;1;0;0;0
19/10/2020;00:20:00;18;Acidente sem Vítimas;660,15;BR-040/MG;Norte;Atropelamento de Animal;1;0;0;0;0;0;0;0;0;0;5;0;0;0;0
19/10/2020;00:28:00;24;Acidente Fatal;362,95;BR-040/MG;Sul;Colisão traseira;3;0;0;0;0;1;0;0;0;0;0;0;0;0;1
19/10/2020;01:22:00;28;Acidente sem Vítimas;50,1;BR-040/MG;Norte;Choque c/ Objeto Fixo;0;0;0;0;0;1;0;0;0;0;1;0;0;0;0
19/10/2020;04:54:00;71;Acidente sem Vítimas;145,5;BR-040/MG;Norte;Choque c/ Objeto Fixo;1;0;0;0;0;0;0;0;0;0;1;0;0;0;0
19/10/2020;06:31:00;80;Acidente sem Vítimas;697,15;BR-040/MG;Sul;Outros;2;0;0;0;0;0;0;0;0;0;2;0;0;0;0
19/10/2020;06:41:00;83;Acidente sem Vítimas;654,25;BR-040/MG;Sul;Choque c/ Objeto Fixo;1;0;0;0;0;0;0;0;0;0;0;0;0;0;0
19/10/2020;07:48:00;103;Acidente com Vítimas;140,3;BR-040/MG;Norte;Capotamento;1;0;0;0;0;0;0;0;0;0;0;1;0;0;0
19/10/2020;07:53:00;108;Acidente sem Vítimas;749,15;BR-040/MG;Norte;Choque c/ Objeto Fixo;1;0;0;0;0;0;0;0;0;0;3;0;0;0;0
19/10/2020;08:31:00;120;Acidente sem Vítimas;731,8;BR-040/MG;Sul;Choque c/ Objeto Fixo;2;0;0;0;0;0;0;0;0;0;1;0;0;0;0
19/10/2020;08:38:00;121;Acidente sem Vítimas;512,1;BR-040/MG;Sul;Choque c/ Objeto Fixo;1;0;0;0;1;0;0;0;0;0;2;0;0;0;0
19/10/2020;08:52:00;125;Acidente sem Vítimas;519,5;BR-040/MG;Sul;Colisão traseira;2;0;0;0;0;1;0;0;0;0;2;0;0;0;0
19/10/2020;09:28:00;130;Acidente sem Vítimas;612,25;BR-040/MG;Sul;Choque c/ Objeto Fixo;1;0;0;0;1;0;0;0;0;0;0;0;0;0;0
19/10/2020;10:19:00;141;Acidente sem Vítimas;717,15;BR-040/MG;Sul;Choque c/ Objeto Fixo;1;0;0;0;0;0;0;0;0;0;1;0;0;0;0
19/10/2020;10:42:00;146;Acidente sem Vítimas;737,9;BR-040/MG;Sul;Choque c/ Objeto Fixo;1;0;0;0;0;0;0;0;0;0;1;0;0;0;0
19/10/2020;11:02:00;150;Acidente sem Vítimas;751,4;BR-040/MG;Norte;Choque c/ Objeto Fixo;1;0;0;0;0;0;0;0;0;0;1;0;0;0;0
19/10/2020;11:28:00;156;Acidente sem Vítimas;749,12;BR-040/MG;Sul;Choque c/ Objeto Fixo;0;0;0;0;0;3;0;0;0;0;1;0;0;0;0
19/10/2020;12:20:00;165;Acidente com Vítimas;459,855;BR-040/MG;Sul;Capotamento;2;0;0;0;0;0;0;0;0;0;1;1;0;0;0
19/10/2020;13:38:00;182;Acidente sem Vítimas;458,2;BR-040/MG;Sul;Choque c/ Objeto Fixo;1;0;0;0;0;0;0;0;0;0;1;0;0;0;0
19/10/2020;13:40:00;187;Acidente sem Vítimas;434,75;BR-040/MG;Sul;Choque com objeto;2;0;0;0;0;0;0;0;0;0;1;0;0;0;0
19/10/2020;14:42:00;199;Acidente sem Vítimas;445,9;BR-040/MG;Sul;Choque c/ Objeto Fixo;1;0;0;0;0;0;0;0;0;0;1;0;0;0;0
19/10/2020;16:49:00;225;Acidente com Vítimas;549,45;BR-040/MG;Sul;Capotamento;2;0;0;0;0;1;0;0;0;0;2;1;0;0;0
19/10/2020;18:40:00;240;Acidente Fatal;610,55;BR-040/MG;Sul;Colisão transversal;0;0;1;6;0;0;0;0;0;0;1;0;0;0;1
19/10/2020;20:04:00;251;Acidente com Vítimas;570,1;BR-040/MG;Sul;Colisão transversal;1;0;0;0;0;1;0;0;0;0;9;2;0;0;0
20/10/2020;09:36:00;138;Acidente sem Vítimas;47,1;Fora_Rota;Norte;Colisão com veículo da concessionária;1;0;0;0;0;1;0;0;0;0;0;0;0;0;0
20/10/2020;12:14:00;178;Acidente sem Vítimas;511;BR-040/MG;Sul;Engavetamento;1;0;0;0;0;2;0;0;0;0;3;0;0;0;0
20/10/2020;12:36:00;181;Acidente sem Vítimas;509,15;BR-040/MG;Norte;Engavetamento;2;0;1;0;0;0;0;0;0;0;3;0;0;0;0
20/10/2020;12:42:00;184;Acidente com Vítimas;518,1;BR-040/MG;Norte;Colisão traseira;1;0;2;0;0;2;0;0;0;0;3;1;0;0;0
20/10/2020;12:46:00;183;Acidente sem Vítimas;656,1;BR-040/MG;Norte;Capotamento;1;0;0;0;0;0;0;0;0;0;2;0;0;0;0
20/10/2020;13:05:00;190;Acidente sem Vítimas;612,5;BR-040/MG;Norte;Colisão lateral;2;0;2;0;0;1;0;0;0;0;2;0;0;0;0
20/10/2020;13:32:00;194;Acidente sem Vítimas;621,2;BR-040/MG;Norte;Colisão traseira;3;0;0;0;0;0;0;0;0;0;3;0;0;0;0
20/10/2020;14:28:00;206;Acidente sem Vítimas;464,1;BR-040/MG;Norte;Tombamento;1;0;2;0;0;0;0;0;0;0;0;0;1;0;0
20/10/2020;14:54:00;208;Acidente Fatal;533,15;BR-040/MG;Sul;Atropelamento de Pedestre;2;0;2;0;0;0;0;0;0;0;1;0;0;0;1
20/10/2020;17:00:00;227;Acidente sem Vítimas;510,9;BR-040/MG;Norte;Colisão traseira;0;0;1;0;0;2;0;0;0;0;3;0;0;0;0
20/10/2020;22:56:00;303;Acidente sem Vítimas;499,5;BR-040/MG;Norte;Colisão lateral;3;0;0;0;0;0;0;0;0;0;3;0;0;0;0
21/10/2020;10:46:00;139;Acidente sem Vítimas;525,15;BR-040/MG;Norte;Tombamento de Moto;0;0;0;3;0;0;0;0;0;0;1;0;0;0;0
21/10/2020;14:31:00;192;Acidente sem Vítimas;667,1;BR-040/MG;Norte;Colisão traseira;0;0;1;0;1;2;0;0;0;0;2;0;0;0;0
21/10/2020;21:20:00;267;Acidente com Vítimas;501,3;BR-040/MG;Sul;Colisão traseira;0;0;2;0;0;0;0;0;0;0;1;1;0;0;0
22/10/2020;05:43:00;85;Acidente sem Vítimas;557,85;BR-040/MG;Sul;Capotamento;0;0;0;0;0;3;0;0;0;0;3;0;0;0;0
22/10/2020;07:41:00;108;Acidente sem Vítimas;539,1;BR-040/MG;Sul;Engavetamento;3;0;0;0;0;0;0;0;0;0;3;0;0;0;0
22/10/2020;07:56:00;112;Acidente sem Vítimas;738,25;BR-040/MG;Sul;Choque c/ Objeto Fixo;2;0;0;0;0;0;0;0;0;0;1;0;0;0;0
22/10/2020;09:25:00;135;Acidente sem Vítimas;747,15;BR-040/MG;Norte;Choque c/ Objeto Fixo;1;0;0;0;0;0;0;0;0;0;1;0;0;0;0
22/10/2020;10:14:00;151;Acidente com Vítimas;729,15;BR-040/MG;Sul;Choque c/ Objeto Fixo;1;0;0;0;0;0;0;0;0;0;1;0;1;0;0
22/10/2020;11:12:00;165;Acidente sem Vítimas;656,2;BR-040/MG;Norte;Choque c/ Objeto Fixo;1;0;0;0;0;0;0;0;0;0;1;0;0;0;0
22/10/2020;12:32:00;182;Acidente sem Vítimas;727,5;BR-040/MG;Norte;Choque c/ Objeto Fixo;1;0;0;0;0;0;0;0;0;0;1;0;0;0;0
22/10/2020;12:41:00;186;Acidente com Vítimas;12,8;BR-040/GO;Sul;Atropelamento de Pedestre;1;0;0;0;0;0;0;0;0;0;0;1;0;0;0
22/10/2020;13:06:00;192;Acidente com Vítimas;528,65;BR-040/MG;Sul;Choque c/ Objeto Fixo;1;0;0;0;0;0;0;0;0;0;1;0;0;0;0
22/10/2020;13:42:00;201;Acidente sem Vítimas;717,6;BR-040/MG;Sul;Colisão traseira;1;0;0;0;0;1;0;0;0;0;1;0;0;0;0
22/10/2020;15:57:00;226;Acidente com Vítimas;15,6;BR-040/GO;Norte;Atropelamento de Animal;0;0;0;0;0;2;0;0;0;0;0;0;1;0;0
22/10/2020;17:37:00;245;Acidente sem Vítimas;530,1;Fora_Rota;Sul;Colisão transversal;0;0;0;0;0;2;0;0;0;0;2;0;0;0;0
22/10/2020;18:55:00;267;Acidente com Vítimas;95,8;BR-040/GO;Sul;Colisão transversal;2;0;0;0;1;0;0;0;0;0;1;2;2;0;0
23/10/2020;02:33:00;61;Acidente com Vítimas;515,2;BR-040/MG;Sul;Colisão traseira;0;0;1;0;0;3;0;0;0;0;1;0;0;1;0
23/10/2020;03:59:00;65;Acidente com Vítimas;17,4;BR-040/GO;Sul;Colisão lateral;0;0;0;0;1;2;0;0;0;0;2;0;1;0;0
23/10/2020;04:15:00;67;Acidente com Vítimas;709,8;BR-040/MG;Sul;Capotamento;1;0;0;0;0;0;0;0;0;0;1;0;0;0;0
23/10/2020;08:48:00;122;Acidente com Vítimas;518,84;BR-040/MG;Sul;Colisão traseira;2;0;0;1;0;0;0;0;0;0;2;2;0;0;0
23/10/2020;08:50:00;127;Acidente com Vítimas;434,43;BR-040/MG;Norte;Tombamento;0;0;1;1;0;0;0;0;0;0;1;1;0;0;0
23/10/2020;09:31:00;136;Acidente sem Vítimas;739,15;BR-040/MG;Norte;Outros;1;0;0;0;0;0;0;0;0;0;1;0;0;0;0
23/10/2020;09:57:00;141;Acidente sem Vítimas;731,9;BR-040/MG;Sul;Capotamento;1;0;0;0;0;0;0;0;0;0;0;0;0;0;0
23/10/2020;10:03:00;143;Acidente Fatal;49,4;BR-040/MG;Sul;Colisão frontal;0;0;0;0;2;3;0;0;0;0;0;0;0;0;3
23/10/2020;11:01:00;154;Acidente com Vítimas;531,9;BR-040/MG;Norte;Colisão traseira;1;0;1;0;1;0;0;0;0;0;2;0;0;0;0
23/10/2020;11:25:00;156;Acidente sem Vítimas;15,15;BR-040/GO;Sul;Outros;1;0;0;1;0;0;0;0;0;0;1;0;0;0;0
23/10/2020;11:40:00;158;Acidente sem Vítimas;660,5;BR-040/MG;Norte;Tombamento de Moto;0;0;0;1;0;0;0;0;0;0;1;0;0;0;0
23/10/2020;15:20:00;189;Acidente sem Vítimas;114,2;BR-040/MG;Norte;Choque c/ Objeto Fixo;1;0;0;0;0;0;0;0;0;0;0;0;0;0;0
23/10/2020;16:53:00;203;Acidente sem Vítimas;553,6;BR-040/MG;Sul;Colisão transversal;2;0;0;0;0;0;0;0;0;0;2;0;0;0;0
23/10/2020;17:17:00;209;Acidente sem Vítimas;623,15;BR-040/MG;Sul;Engavetamento;3;0;0;0;0;0;0;0;0;0;3;0;0;0;0
23/10/2020;17:30:00;214;Acidente sem Vítimas;714,1;BR-040/MG;Norte;Colisão traseira;2;0;0;0;0;0;0;0;0;0;2;0;0;0;0
23/10/2020;18:06:00;222;Acidente sem Vítimas;38,5;BR-040/GO;Sul;Queda Veículo;2;0;0;0;0;1;0;0;0;0;5;0;0;0;0
23/10/2020;18:21:00;224;Acidente sem Vítimas;9,9;BR-040/GO;Norte;Colisão lateral;0;0;0;1;0;1;0;0;0;0;1;0;0;0;0
23/10/2020;19:11:00;237;Acidente com Vítimas;457,5;BR-040/MG;Norte;Tombamento;0;0;1;0;1;0;0;0;0;0;0;1;0;0;0
23/10/2020;22:11:00;283;Acidente com Vítimas;517,15;BR-040/MG;Norte;Colisão lateral;0;0;0;0;0;2;0;0;0;1;2;0;0;0;0
24/10/2020;00:26:00;5;Acidente sem Vítimas;505,3;BR-040/MG;Sul;Atropelamento de Animal;1;0;0;0;0;0;0;0;0;0;1;0;0;0;0
24/10/2020;01:36:00;28;Acidente sem Vítimas;543,2;BR-040/MG;Sul;Capotamento;1;0;0;0;0;1;0;0;0;0;1;0;0;0;0
24/10/2020;02:02:00;29;Acidente sem Vítimas;688,26;BR-040/MG;Norte;Choque com objeto;2;0;0;0;0;0;0;0;0;0;1;0;0;0;0
24/10/2020;06:28:00;49;Acidente sem Vítimas;139,1;BR-040/MG;Sul;Tombamento;0;0;0;0;0;1;0;0;0;0;1;0;0;0;0
24/10/2020;09:25:00;80;Acidente com Vítimas;468,15;BR-040/MG;Sul;Capotamento;0;0;0;0;0;1;0;0;0;0;3;3;0;0;0
24/10/2020;10:49:00;101;Acidente com Vítimas;469,15;BR-040/MG;Sul;Capotamento;0;0;1;0;0;1;0;0;0;0;2;1;0;0;0
24/10/2020;11:19:00;106;Acidente sem Vítimas;654,5;BR-040/MG;Sul;Capotamento;1;0;0;0;0;0;0;0;0;0;1;0;0;0;0
24/10/2020;11:41:00;110;Acidente sem Vítimas;460,35;BR-040/MG;Sul;Colisão lateral;1;0;0;0;0;0;0;0;0;0;1;1;0;0;0
24/10/2020;11:48:00;114;Acidente com Vítimas;572,3;BR-040/MG;Sul;Colisão frontal;0;0;0;0;0;0;0;0;0;0;0;0;1;0;0
24/10/2020;12:10:00;115;Acidente sem Vítimas;717,5;BR-040/MG;Norte;Choque com objeto;1;0;0;0;0;0;0;0;0;0;1;0;0;0;0
24/10/2020;12:59:00;130;Acidente sem Vítimas;740,4;BR-040/MG;Sul;Choque c/ Objeto Fixo;1;0;0;0;0;0;0;0;0;0;2;0;0;0;0
24/10/2020;13:16:00;134;Acidente sem Vítimas;618,1;BR-040/MG;Norte;Colisão traseira;2;0;0;0;0;1;0;0;0;0;1;0;0;0;0
24/10/2020;13:41:00;138;Acidente sem Vítimas;568,15;BR-040/MG;Sul;Choque c/ Objeto Fixo;1;0;0;0;0;0;0;0;0;0;1;0;0;0;0
24/10/2020;14:01:00;142;Acidente sem Vítimas;519,15;BR-040/MG;Norte;Capotamento;0;0;0;0;0;0;0;0;0;0;0;0;0;0;0
24/10/2020;14:02:00;144;Acidente com Vítimas;656,2;BR-040/MG;Norte;Colisão transversal;0;0;6;2;0;0;0;0;0;0;3;0;1;0;0
24/10/2020;14:45:00;147;Acidente sem Vítimas;656,2;BR-040/MG;Norte;Choque c/ Objeto Fixo;0;0;3;0;0;0;0;0;0;0;1;0;0;0;0
24/10/2020;15:25:00;154;Acidente com Vítimas;0,2;BR-040/DF;Norte;Capotamento;0;0;0;0;0;0;0;0;0;0;0;1;0;0;0
24/10/2020;15:28:00;156;Acidente sem Vítimas;661,1;BR-040/MG;Norte;Choque c/ Objeto Fixo;1;0;0;0;0;0;0;0;0;0;2;0;0;0;0
24/10/2020;15:32:00;158;Acidente sem Vítimas;7,2;BR-040/GO;Norte;Colisão lateral;1;0;0;0;0;1;0;0;0;0;0;0;0;0;0
24/10/2020;15:57:00;163;Acidente sem Vítimas;571,1;BR-040/MG;Sul;Outros;0;0;0;0;0;0;0;0;0;0;0;0;0;0;0
24/10/2020;17:12:00;176;Acidente sem Vítimas;473,15;Fora_Rota;Norte;Colisão com veículo da concessionária;0;0;0;0;0;0;0;0;0;0;0;0;0;0;0
24/10/2020;17:49:00;184;Acidente sem Vítimas;716,1;BR-040/MG;Sul;Choque c/ Objeto Fixo;1;0;0;0;0;0;0;0;0;0;1;0;0;0;0
24/10/2020;18:09:00;188;Acidente com Vítimas;444,15;BR-040/MG;Norte;Capotamento;1;0;0;0;0;0;0;0;0;0;0;1;0;0;0
24/10/2020;19:23:00;203;Acidente sem Vítimas;568,2;BR-040/MG;Norte;Choque c/ Objeto Fixo;1;0;0;0;0;0;0;0;0;0;0;0;0;0;0
25/10/2020;01:14:00;5;Acidente sem Vítimas;450,1;BR-040/MG;Norte;Atropelamento de Animal;0;0;0;0;2;0;0;0;0;0;0;0;0;0;0
25/10/2020;05:32:00;13;Acidente sem Vítimas;440;BR-040/MG;Sul;Capotamento;1;0;0;0;0;1;0;0;0;0;3;0;0;0;0
25/10/2020;06:06:00;14;Acidente sem Vítimas;465;BR-040/MG;Sul;Outros;0;0;1;0;0;1;0;0;0;0;0;0;0;0;0
25/10/2020;06:42:00;19;Acidente sem Vítimas;728,7;BR-040/MG;Sul;Choque c/ Objeto Fixo;1;0;0;0;0;0;0;0;0;0;3;0;0;0;0
25/10/2020;09:07:00;46;Acidente sem Vítimas;541,15;BR-040/MG;Norte;Outros;1;0;0;0;0;0;0;0;0;0;1;0;0;0;0
25/10/2020;10:14:00;61;Acidente sem Vítimas;728,5;BR-040/MG;Sul;Choque c/ Objeto Fixo;1;0;0;0;0;0;0;0;0;0;1;0;0;0;0
25/10/2020;10:25:00;64;Acidente sem Vítimas;594,95;BR-040/MG;Norte;Choque c/ Objeto Fixo;0;0;2;0;0;0;0;0;0;0;1;0;0;0;0
25/10/2020;14:03:00;114;Acidente sem Vítimas;511;BR-040/MG;Norte;Choque c/ Objeto Fixo;1;0;0;0;0;1;0;0;0;0;1;0;0;0;0
25/10/2020;14:09:00;115;Acidente sem Vítimas;501,15;BR-040/MG;Norte;Outros;0;0;1;0;0;0;0;0;0;0;1;0;0;0;0
25/10/2020;14:33:00;122;Acidente sem Vítimas;403,15;BR-040/MG;Norte;Tombamento;0;0;1;0;0;0;0;0;0;0;0;0;0;0;0
25/10/2020;14:37:00;123;Acidente com Vítimas;501,1;BR-040/MG;Norte;Capotamento;1;0;0;0;0;0;0;0;0;0;1;0;1;0;0
25/10/2020;14:57:00;128;Acidente com Vítimas;712,8;BR-040/MG;Norte;Choque c/ Objeto Fixo;0;0;0;0;0;2;0;0;0;0;0;1;0;0;0
25/10/2020;15:01:00;129;Acidente sem Vítimas;638,7;BR-040/MG;Sul;Capotamento;1;0;0;0;0;1;0;0;0;0;1;0;0;0;0
25/10/2020;15:38:00;135;Acidente sem Vítimas;467,1;BR-040/MG;Sul;Outros;2;0;0;0;0;0;0;0;0;0;3;0;0;0;0
25/10/2020;15:40:00;134;Acidente sem Vítimas;447,1;BR-040/MG;Sul;Capotamento;1;0;0;0;0;0;0;0;0;0;3;0;0;0;0
25/10/2020;15:44:00;136;Acidente sem Vítimas;616,5;BR-040/MG;Sul;Colisão lateral;2;0;0;0;0;0;0;0;0;0;5;0;0;0;0
25/10/2020;16:27:00;147;Acidente sem Vítimas;497,15;BR-040/MG;Sul;Colisão traseira;2;0;0;0;0;1;0;0;0;0;2;0;0;0;0
25/10/2020;16:41:00;149;Acidente sem Vítimas;732,7;BR-040/MG;Norte;Choque c/ Objeto Fixo;1;0;0;0;0;0;0;0;0;0;1;0;0;0;0
25/10/2020;18:58:00;179;Acidente com Vítimas;12,7;BR-040/GO;Sul;Atropelamento de Pedestre;0;0;0;1;0;0;0;0;0;0;2;0;1;0;0
25/10/2020;19:01:00;184;Acidente com Vítimas;549,5;BR-040/MG;Norte;Choque c/ Objeto Fixo;0;0;0;1;0;0;0;0;0;0;0;0;1;0;0
25/10/2020;19:52:00;192;Acidente com Vítimas;555,1;BR-040/MG;Norte;Colisão traseira;1;0;0;1;0;0;0;0;0;0;1;0;1;0;0
25/10/2020;21:23:00;199;Acidente sem Vítimas;536,2;BR-040/MG;Sul;Choque c/ Objeto Fixo;1;0;0;0;0;0;0;0;0;0;1;0;0;0;0
26/10/2020;01:51:00;32;Acidente sem Vítimas;6,3;BR-040/GO;Sul;Choque c/ Objeto Fixo;1;0;0;0;0;1;0;0;0;0;2;0;0;0;0
26/10/2020;05:24:00;70;Acidente sem Vítimas;571,2;BR-040/MG;Norte;Atropelamento de Animal;2;0;0;0;0;0;0;0;0;0;1;0;0;0;0
26/10/2020;06:52:00;85;Acidente sem Vítimas;1,8;BR-040/MG;Norte;Colisão lateral;0;0;0;1;0;1;0;0;0;0;0;0;0;0;0
26/10/2020;07:16:00;93;Acidente sem Vítimas;68,15;BR-040/GO;Sul;Choque c/ Objeto Fixo;0;0;0;1;0;0;0;0;0;0;0;0;0;0;0
26/10/2020;09:37:00;139;Acidente com Vítimas;753,15;BR-040/MG;Sul;Tombamento de Moto;0;0;0;2;0;1;0;0;0;0;2;0;1;0;0
26/10/2020;09:47:00;143;Acidente sem Vítimas;550,15;BR-040/MG;Norte;Engavetamento;3;0;0;0;0;0;0;0;0;0;3;0;0;0;0
26/10/2020;11:24:00;165;Acidente sem Vítimas;692,8;BR-040/MG;Sul;Colisão traseira;2;0;0;0;0;0;0;0;0;0;2;0;0;0;0
26/10/2020;11:29:00;166;Acidente com Vítimas;11,8;BR-040/GO;Sul;Atropelamento de Pedestre;0;0;0;0;1;0;0;0;0;0;0;1;0;0;0
26/10/2020;13:13:00;195;Acidente sem Vítimas;469,1;BR-040/MG;Sul;Colisão traseira;0;0;2;0;0;0;0;0;0;0;2;0;0;0;0
26/10/2020;15:09:00;221;Acidente sem Vítimas;41;BR-040/GO;Norte;Outros;2;0;0;0;0;1;0;0;0;0;0;0;0;0;0
26/10/2020;18:32:00;270;Acidente sem Vítimas;534,2;BR-040/MG;Norte;Engavetamento;4;0;0;0;0;0;0;0;0;0;4;0;0;0;0
27/10/2020;06:18:00;78;Acidente com Vítimas;522,6;BR-040/MG;Norte;Capotamento;1;0;0;0;0;0;0;0;0;0;1;2;0;0;0
27/10/2020;07:16:00;104;Acidente sem Vítimas;512,16;BR-040/MG;Sul;Engavetamento;4;0;0;0;0;0;0;0;0;0;3;0;0;0;0
27/10/2020;09:10:00;132;Acidente sem Vítimas;494,5;BR-040/MG;Sul;Tombamento;1;0;0;0;0;1;0;0;0;0;2;0;0;0;0
27/10/2020;09:27:00;141;Acidente sem Vítimas;48,1;BR-040/MG;Sul;Choque c/ Objeto Fixo;1;0;0;0;0;0;0;0;0;0;0;0;0;0;0
27/10/2020;10:04:00;147;Acidente Fatal;341,4;BR-040/MG;Sul;Colisão frontal;1;1;3;0;2;0;0;0;0;0;0;0;0;0;1
27/10/2020;10:13:00;152;Acidente sem Vítimas;745,15;BR-040/MG;Norte;Choque c/ Objeto Fixo;0;0;0;2;0;0;0;0;0;0;1;0;0;0;0
27/10/2020;11:42:00;167;Acidente sem Vítimas;528,6;BR-040/MG;Sul;Engavetamento;1;0;0;0;1;2;0;0;0;0;3;0;0;0;0
27/10/2020;16:28:00;227;Acidente com Vítimas;658,15;BR-040/MG;Sul;Choque c/ Objeto Fixo;1;0;0;0;0;0;0;0;0;0;1;1;0;0;0
27/10/2020;16:29:00;226;Acidente com Vítimas;7,2;BR-040/GO;Sul;Queda Veículo;0;0;0;0;0;1;0;0;0;0;0;1;0;0;0
27/10/2020;16:50:00;233;Acidente com Vítimas;709,1;BR-040/MG;Norte;Capotamento;2;0;0;0;0;1;0;0;0;0;1;0;0;0;0
27/10/2020;19:20:00;280;Acidente com Vítimas;612,1;BR-040/MG;Norte;Atropelamento de Pedestre;1;0;0;0;0;0;0;0;0;0;1;0;0;0;0
28/10/2020;06:57:00;99;Acidente sem Vítimas;255,3;BR-040/MG;Norte;Outros;0;0;0;1;1;0;0;0;0;0;1;0;0;0;0
28/10/2020;10:12:00;153;Acidente sem Vítimas;706,1;BR-040/MG;Sul;Choque c/ Objeto Fixo;2;0;0;0;0;0;0;0;0;0;1;0;0;0;0
28/10/2020;11:51:00;177;Acidente com Vítimas;548,15;BR-040/MG;Norte;Colisão lateral;1;0;0;1;0;0;0;0;0;0;1;1;0;0;0
28/10/2020;13:12:00;203;Acidente com Vítimas;530,5;BR-040/MG;Norte;Colisão traseira;0;0;0;0;0;3;0;0;0;0;1;0;0;0;0
28/10/2020;13:49:00;214;Acidente sem Vítimas;579,1;BR-040/MG;Norte;Choque c/ Objeto Fixo;1;0;0;0;0;0;0;0;0;0;1;0;0;0;0
28/10/2020;17:29:00;264;Acidente sem Vítimas;7,2;BR-040/GO;Sul;Engavetamento;4;0;0;0;0;1;0;0;0;0;3;0;0;0;0
28/10/2020;18:29:00;281;Acidente com Vítimas;528,5;BR-040/MG;Sul;Tombamento de Moto;0;0;0;1;0;1;0;0;0;0;0;1;0;0;0
28/10/2020;21:59:00;324;Acidente Fatal;524,2;BR-040/MG;Norte;Atropelamento de Pedestre;0;0;0;0;0;1;0;0;0;0;0;0;0;0;1
29/10/2020;00:19:00;2;Acidente com Vítimas;0,2;BR-040/DF;Sul;Choque c/ Objeto Fixo;0;0;0;2;0;0;0;0;0;0;0;2;0;0;0
29/10/2020;07:10:00;101;Acidente com Vítimas;2,8;BR-040/DF;Norte;Tombamento;0;0;0;1;0;0;0;0;0;0;0;1;0;0;0
29/10/2020;07:56:00;112;Acidente com Vítimas;651,7;BR-040/MG;Sul;Choque c/ Objeto Fixo;0;0;1;0;0;0;0;0;0;0;1;1;0;0;0
29/10/2020;08:58:00;128;Acidente sem Vítimas;693,1;BR-040/MG;Sul;Colisão traseira;0;0;2;0;0;0;0;0;0;0;1;0;0;0;0
29/10/2020;09:02:00;132;Acidente com Vítimas;510,1;BR-040/MG;Sul;Colisão traseira;2;0;0;1;0;0;0;0;0;0;2;0;0;0;0
29/10/2020;11:32:00;174;Acidente com Vítimas;43,6;BR-040/MG;Sul;Engavetamento;1;0;0;0;0;2;0;0;0;0;0;1;0;0;0
29/10/2020;16:29:00;246;Acidente sem Vítimas;615,5;BR-040/MG;Sul;Colisão traseira;1;0;0;1;0;0;0;0;0;0;2;0;0;0;0
29/10/2020;17:17:00;265;Acidente sem Vítimas;24,1;BR-040/GO;Sul;Colisão traseira;2;0;0;0;0;0;0;0;0;0;2;0;0;0;0
29/10/2020;18:16:00;283;Acidente sem Vítimas;726,9;BR-040/MG;Sul;Choque c/ Objeto Fixo;1;0;0;0;0;0;0;0;0;0;1;0;0;0;0
29/10/2020;19:02:00;297;Acidente com Vítimas;559,95;BR-040/MG;Sul;Colisão traseira;1;0;1;0;1;1;0;0;0;0;2;1;0;0;0
29/10/2020;19:32:00;308;Acidente sem Vítimas;3,5;BR-040/DF;Sul;Colisão traseira;1;0;0;1;0;1;0;0;0;0;2;1;0;0;0
29/10/2020;22:06:00;345;Acidente com Vítimas;37,5;BR-040/GO;Norte;Tombamento;0;0;0;1;0;2;0;0;0;0;2;1;0;0;0
29/10/2020;22:12:00;346;Acidente com Vítimas;6,3;BR-040/GO;Norte;Capotamento;1;0;0;0;0;0;0;0;0;0;0;0;1;0;0
30/10/2020;01:24:00;28;Acidente sem Vítimas;277,3;BR-040/MG;Sul;Tombamento;0;0;0;0;0;2;0;0;0;0;1;0;0;0;0
30/10/2020;03:25:00;73;Acidente sem Vítimas;726,8;BR-040/MG;Sul;Capotamento;2;0;0;0;0;0;0;0;0;0;4;0;0;0;0
30/10/2020;08:12:00;117;Acidente sem Vítimas;5,1;BR-040/DF;Norte;Colisão traseira;2;0;0;0;0;0;0;0;0;0;0;0;0;0;0