data;horario;n_da_ocorrencia;tipo_de_ocorrencia;km;trecho;sentido;tipo_de_acidente;automovel;bicicleta;caminhao;moto;onibus;outros;tracao_animal;transporte_de_cargas_especiais;trator_maquinas;utilitarios;ilesos;levemente_feridos;moderadamente_feridos;gravemente_feridos;mortos
12/11/2020;07:35:00;114;Acidente sem Vítimas;510,24;BR-040/MG;Norte;Choque c/ Objeto Fixo;1;0;0;0;0;0;0;0;0;0;1;0;0;0;0
12/11/2020;07:45:00;117;Acidente sem Vítimas;526,3;BR-040/MG;Sul;Choque c/ Objeto Fixo;1;0;0;0;0;0;0;0;0;0;1;0;0;0;0
12/11/2020;10:37:00;166;Acidente sem Vítimas;304,5;BR-040/MG;Norte;Tombamento;0;0;0;0;1;0;0;0;0;0;1;0;0;0;0
12/11/2020;14:20:00;206;Acidente sem Vítimas;675,5;BR-040/MG;Sul;Choque c/ Objeto Fixo;0;0;1;0;0;0;0;0;0;0;0;0;0;0;0
12/11/2020;14:22:00;205;Acidente sem Vítimas;510,4;BR-040/MG;Norte;Colisão traseira;3;0;0;0;0;0;0;0;0;0;3;0;0;0;0
12/11/2020;15:09:00;218;Acidente sem Vítimas;514,2;BR-040/MG;Sul;Choque c/ Objeto Fixo;0;0;0;0;1;1;0;0;0;0;1;0;0;0;0
12/11/2020;15:37:00;223;Acidente com Vítimas;740,8;BR-040/MG;Norte;Capotamento;1;0;0;0;0;0;0;0;0;0;1;1;0;0;0
12/11/2020;16:27:00;233;Acidente sem Vítimas;616,12;BR-040/MG;Sul;Colisão lateral;1;0;1;1;0;0;0;0;0;0;2;0;0;0;0
12/11/2020;17:52:00;254;Acidente sem Vítimas;6,2;BR-040/GO;Sul;Tombamento de Moto;1;0;0;1;0;0;0;0;0;0;1;0;1;0;0
12/11/2020;18:10:00;257;Acidente sem Vítimas;123,5;BR-040/MG;Norte;Choque c/ Objeto Fixo;2;0;0;0;0;0;0;0;0;0;1;0;0;0;0
12/11/2020;18:29:00;267;Acidente com Vítimas;614,98;BR-040/MG;Sul;Engavetamento;3;0;0;0;0;1;0;0;0;0;8;0;0;0;0
12/11/2020;18:56:00;273;Acidente sem Vítimas;451,9;BR-040/MG;Sul;Choque c/ Objeto Fixo;0;0;0;0;0;1;0;0;0;0;1;0;0;0;0
13/11/2020;05:42:00;96;Acidente sem Vítimas;509,1;BR-040/MG;Norte;Colisão traseira;1;0;1;0;0;0;0;0;0;0;2;0;0;0;0
13/11/2020;11:20:00;198;Acidente sem Vítimas;549,165;BR-040/MG;Norte;Choque c/ Objeto Fixo;2;0;0;0;0;0;0;0;0;0;1;0;0;0;0
13/11/2020;11:41:00;201;Acidente sem Vítimas;463,3;BR-040/MG;Sul;Tombamento;1;0;0;0;0;0;0;0;0;0;1;0;0;0;0
13/11/2020;12:26:00;212;Acidente Fatal;276,8;BR-040/MG;Norte;Choque c/ Objeto Fixo;1;0;0;0;0;0;0;0;0;0;0;0;0;0;1
13/11/2020;12:38:00;219;Acidente sem Vítimas;540,6;BR-040/MG;Norte;Colisão traseira;0;0;1;0;0;2;0;0;0;0;2;0;0;0;0
13/11/2020;14:06:00;245;Acidente com Vítimas;281,35;BR-040/MG;Norte;Colisão transversal;1;0;0;2;0;0;0;0;0;0;2;2;0;0;0
13/11/2020;16:16:00;271;Acidente Fatal;607,7;BR-040/MG;Sul;Colisão frontal;1;0;0;0;3;1;0;0;0;0;2;0;0;1;1
13/11/2020;18:22:00;299;Acidente sem Vítimas;565,1;BR-040/MG;Norte;Colisão traseira;1;0;0;1;0;1;0;0;0;0;1;1;1;0;0
13/11/2020;23:35:00;361;Acidente sem Vítimas;390,8;BR-040/MG;Sul;Choque c/ Objeto Fixo;2;0;0;0;0;0;0;0;0;0;1;0;0;0;0
14/11/2020;00:54:00;6;Acidente sem Vítimas;543,2;BR-040/MG;Norte;Choque c/ Objeto Fixo;1;0;0;0;0;0;0;0;0;0;0;0;0;0;0
14/11/2020;06:28:00;49;Acidente sem Vítimas;721,1;BR-040/MG;Norte;Choque c/ Objeto Fixo;0;0;0;2;0;0;0;0;0;0;1;0;0;0;0
14/11/2020;06:31:00;50;Acidente sem Vítimas;617,1;BR-040/MG;Norte;Colisão traseira;0;0;0;0;0;0;0;0;0;0;0;0;0;0;0
14/11/2020;06:35:00;52;Acidente com Vítimas;618,1;BR-040/MG;Sul;Colisão frontal;1;0;0;0;0;1;0;0;0;0;1;2;0;0;0
14/11/2020;06:51:00;56;Acidente com Vítimas;686,75;BR-040/MG;Sul;Colisão traseira;2;0;0;0;1;0;0;0;0;0;2;2;0;0;0
14/11/2020;07:08:00;60;Acidente com Vítimas;43,1;BR-040/MG;Sul;Colisão lateral;0;0;0;2;0;1;0;0;0;0;0;0;1;0;0
14/11/2020;08:50:00;83;Acidente sem Vítimas;536,3;BR-040/MG;Norte;Colisão lateral;1;0;0;1;0;0;0;0;0;0;1;1;0;0;0
14/11/2020;09:39:00;91;Acidente com Vítimas;4,95;BR-040/DF;Norte;Tombamento de Moto;1;0;0;2;0;0;0;0;0;0;1;1;0;0;0
14/11/2020;09:58:00;95;Acidente sem Vítimas;510,2;BR-040/MG;Norte;Colisão traseira;1;0;0;0;0;1;0;0;0;0;3;0;0;0;0
14/11/2020;12:27:00;122;Acidente sem Vítimas;104;BR-040/GO;Sul;Capotamento;1;0;0;0;0;1;0;0;0;0;1;0;0;0;0
14/11/2020;14:48:00;154;Acidente sem Vítimas;15,1;BR-040/MG;Norte;Colisão traseira;1;0;1;0;0;0;0;0;0;0;6;0;0;0;0
14/11/2020;15:11:00;160;Acidente com Vítimas;28,5;BR-040/GO;Sul;Capotamento;0;0;0;0;0;3;0;0;0;0;0;1;0;0;0
14/11/2020;16:53:00;184;Acidente sem Vítimas;462,146;BR-040/MG;Sul;Choque c/ Objeto Fixo;1;0;0;0;0;0;0;0;0;0;1;0;0;0;0
14/11/2020;17:50:00;196;Acidente Fatal;257;BR-040/MG;Norte;Capotamento;1;0;0;0;0;0;0;0;0;0;0;1;2;0;1
14/11/2020;18:50:00;207;Acidente sem Vítimas;3,1;BR-040/GO;Sul;Colisão lateral;0;0;1;0;0;1;0;0;0;0;0;0;0;0;0
14/11/2020;18:55:00;209;Acidente com Vítimas;44,1;BR-040/MG;Norte;Tombamento de Moto;0;0;0;2;0;1;0;0;0;0;0;1;0;0;0
14/11/2020;19:07:00;212;Acidente com Vítimas;662,2;BR-040/MG;Norte;Choque c/ Objeto Fixo;2;0;0;0;0;2;0;0;0;0;2;1;0;0;0
14/11/2020;20:27:00;221;Acidente com Vítimas;511,12;BR-040/MG;Sul;Atropelamento de Pedestre;1;0;0;0;0;0;0;0;0;0;1;0;1;0;0
15/11/2020;00:04:00;1;Acidente sem Vítimas;722,2;BR-040/MG;Norte;Choque c/ Objeto Fixo;1;0;0;0;0;0;0;0;0;0;2;0;0;0;0
15/11/2020;06:06:00;24;Acidente com Vítimas;534,582;BR-040/MG;Sul;Choque c/ Objeto Fixo;1;0;0;0;0;0;0;0;0;0;1;0;0;0;0
15/11/2020;09:16:00;47;Acidente sem Vítimas;4,95;BR-040/DF;Norte;Choque c/ Objeto Fixo;2;0;0;0;0;1;0;0;0;0;1;0;0;0;0
15/11/2020;18:44:00;151;Acidente sem Vítimas;28,6;BR-040/GO;Norte;Tombamento;0;0;0;0;1;0;0;0;0;0;1;0;0;0;0
15/11/2020;19:37:00;164;Acidente sem Vítimas;664,5;BR-040/MG;Sul;Choque c/ Objeto Fixo;1;0;0;0;0;0;0;0;0;0;4;0;0;0;0
15/11/2020;21:23:00;190;Acidente sem Vítimas;305,1;BR-040/MG;Sul;Colisão traseira;2;0;0;0;0;0;0;0;0;0;2;0;0;0;0
15/11/2020;23:05:00;210;Acidente com Vítimas;681,2;BR-040/MG;Sul;Colisão lateral;0;0;0;1;1;0;0;0;0;0;1;1;1;0;0
16/11/2020;06:45:00;100;Acidente sem Vítimas;607,3;BR-040/MG;Sul;Colisão lateral;1;0;0;1;0;0;0;0;0;0;4;0;0;0;0
16/11/2020;08:04:00;125;Acidente com Vítimas;3,15;BR-040/DF;Norte;Atropelamento de Pedestre;0;0;0;1;1;0;0;0;0;0;2;0;0;0;0
16/11/2020;08:12:00;127;Acidente sem Vítimas;641,3;BR-040/MG;Sul;Colisão transversal;1;0;1;0;0;0;0;0;0;0;3;0;0;0;0
16/11/2020;13:20:00;205;Acidente com Vítimas;510,6;BR-040/MG;Norte;Capotamento;1;0;0;0;0;0;0;0;0;0;1;0;0;0;0
16/11/2020;13:39:00;213;Acidente com Vítimas;637,2;BR-040/MG;Sul;Colisão lateral;0;0;0;1;0;1;0;0;0;0;0;1;0;0;0
16/11/2020;14:14:00;227;Acidente sem Vítimas;191,15;BR-040/MG;Norte;Choque c/ Objeto Fixo;1;0;0;0;0;0;0;0;0;0;2;0;0;0;0
16/11/2020;14:21:00;228;Acidente com Vítimas;756,6;BR-040/MG;Sul;Capotamento;2;0;0;0;0;1;0;0;0;0;0;0;1;0;0
16/11/2020;14:44:00;236;Acidente com Vítimas;704,4;BR-040/MG;Norte;Tombamento;0;0;1;0;0;0;0;0;0;0;0;1;0;0;0
16/11/2020;14:50:00;238;Acidente sem Vítimas;533,6;BR-040/MG;Norte;Choque c/ Objeto Fixo;0;0;1;0;0;0;0;0;0;0;1;0;0;0;0
16/11/2020;15:08:00;244;Acidente sem Vítimas;593,19;BR-040/MG;Norte;Choque c/ Objeto Fixo;0;0;1;0;0;0;0;0;0;0;1;0;0;0;0
16/11/2020;15:31:00;248;Acidente sem Vítimas;593,19;BR-040/MG;Norte;Colisão lateral;1;0;2;0;0;1;0;0;0;0;4;0;0;0;0
16/11/2020;17:38:00;276;Acidente sem Vítimas;555,6;BR-040/MG;Sul;Colisão traseira;2;0;0;0;0;0;0;0;0;0;2;0;0;0;0
16/11/2020;17:43:00;278;Acidente sem Vítimas;544,15;BR-040/MG;Norte;Engavetamento;0;0;0;0;1;1;0;0;0;0;1;0;0;0;0
17/11/2020;04:51:00;68;Acidente com Vítimas;523;BR-040/MG;Sul;Tombamento de Moto;0;0;0;1;0;0;0;0;0;0;0;1;0;0;0
17/11/2020;06:23:00;82;Acidente sem Vítimas;487,65;BR-040/MG;Norte;Colisão traseira;0;0;0;1;1;0;0;0;0;0;2;0;0;0;0
17/11/2020;07:03:00;93;Acidente com Vítimas;517,25;BR-040/MG;Sul;Colisão traseira;0;0;0;0;0;2;0;0;0;0;2;0;0;0;0
17/11/2020;07:18:00;96;Acidente sem Vítimas;523,8;BR-040/MG;Sul;Colisão traseira;2;0;0;0;0;1;0;0;0;0;2;0;0;0;0
17/11/2020;07:26:00;97;Acidente com Vítimas;543,4;BR-040/MG;Sul;Colisão traseira;1;0;0;0;0;1;0;0;0;0;2;0;1;0;0
17/11/2020;08:37:00;120;Acidente sem Vítimas;632,1;BR-040/MG;Norte;Capotamento;2;0;0;0;0;0;0;0;0;0;1;0;0;0;0
17/11/2020;12:26:00;176;Acidente sem Vítimas;4,8;BR-040/GO;Norte;Choque c/ Objeto Fixo;4;0;0;0;0;0;0;0;0;0;1;0;0;0;0
17/11/2020;12:54:00;184;Acidente sem Vítimas;4,1;BR-040/GO;Norte;Engavetamento;4;0;0;0;0;1;0;0;0;0;0;0;0;0;0
17/11/2020;13:14:00;193;Acidente sem Vítimas;549,8;BR-040/MG;Norte;Capotamento;1;0;0;0;0;1;0;0;0;0;1;0;0;0;0
17/11/2020;15:05:00;215;Acidente sem Vítimas;530,1;BR-040/MG;Sul;Colisão traseira;1;0;0;1;0;0;0;0;0;0;0;0;0;0;0
17/11/2020;15:39:00;222;Acidente com Vítimas;4,1;BR-040/DF;Sul;Tombamento de Moto;0;0;0;1;0;1;0;0;0;0;0;0;1;0;0
17/11/2020;16:23:00;230;Acidente com Vítimas;11,1;BR-040/GO;Sul;Colisão transversal;1;0;0;1;0;0;0;0;0;0;1;1;0;0;0
17/11/2020;16:30:00;235;Acidente sem Vítimas;413,5;BR-040/MG;Norte;Colisão lateral;2;0;4;0;0;0;0;0;0;0;2;0;0;0;0
17/11/2020;16:53:00;237;Acidente sem Vítimas;448,9;BR-040/MG;Sul;Colisão transversal;2;0;0;0;0;0;0;0;0;0;2;0;0;0;0
17/11/2020;17:14:00;242;Acidente com Vítimas;41,1;BR-040/MG;Norte;Colisão transversal;1;0;0;2;0;0;0;0;0;0;1;0;1;0;0
17/11/2020;19:27:00;281;Acidente com Vítimas;4,1;BR-040/DF;Sul;Tombamento de Moto;0;0;0;1;0;0;0;0;0;0;0;0;0;0;0
17/11/2020;20:03:00;290;Acidente sem Vítimas;484,1;BR-040/MG;Norte;Capotamento;1;0;0;0;0;0;0;0;0;0;1;0;0;0;0
17/11/2020;20:07:00;289;Acidente sem Vítimas;613,8;BR-040/MG;Norte;Colisão lateral;1;0;2;0;0;0;0;0;0;0;2;0;0;0;0
17/11/2020;20:48:00;298;Acidente com Vítimas;318,9;BR-040/MG;Norte;Choque c/ Objeto Fixo;1;0;0;0;0;0;0;0;0;0;1;1;0;0;0
17/11/2020;21:32:00;304;Acidente sem Vítimas;498,1;BR-040/MG;Sul;Colisão traseira;0;0;1;0;0;1;0;0;0;0;2;0;0;0;0
17/11/2020;21:47:00;307;Acidente sem Vítimas;467,15;BR-040/MG;Norte;Colisão traseira;1;0;0;0;1;1;0;0;0;0;1;0;0;0;0
18/11/2020;02:16:00;13;Acidente com Vítimas;143,1;BR-040/MG;Norte;Colisão traseira;0;0;0;0;1;1;0;0;0;0;1;1;0;0;0
18/11/2020;05:36:00;81;Acidente com Vítimas;53,5;BR-040/MG;Norte;Capotamento;2;0;0;0;0;0;0;0;0;0;4;3;1;0;0
18/11/2020;05:38:00;82;Acidente com Vítimas;462,3;BR-040/MG;Sul;Colisão traseira;1;0;1;0;0;0;0;0;0;0;2;1;1;0;0
18/11/2020;06:30:00;95;Acidente sem Vítimas;462,6;BR-040/MG;Sul;Choque c/ Objeto Fixo;0;0;0;0;1;0;0;0;0;0;1;0;0;0;0
18/11/2020;07:39:00;110;Acidente com Vítimas;7,1;BR-040/DF;Norte;Colisão lateral;2;0;0;2;0;0;0;0;0;0;2;1;0;0;0
18/11/2020;10:15:00;155;Acidente sem Vítimas;471,13;BR-040/MG;Sul;Colisão traseira;0;0;1;0;1;1;0;0;0;0;2;0;0;0;0
18/11/2020;10:18:00;154;Acidente sem Vítimas;606,1;BR-040/MG;Norte;Colisão lateral;0;0;2;0;0;1;0;0;0;0;0;0;0;0;0
18/11/2020;11:10:00;164;Acidente com Vítimas;48,8;BR-040/GO;Norte;Capotamento;2;0;0;0;0;0;0;0;0;0;0;4;1;0;0
18/11/2020;11:15:00;167;Acidente sem Vítimas;461,64;BR-040/MG;Norte;Colisão traseira;2;0;0;0;0;0;0;0;0;0;1;0;0;0;0
18/11/2020;14:29:00;203;Acidente com Vítimas;15,1;BR-040/MG;Sul;Tombamento de Moto;0;0;0;1;0;0;0;0;0;0;0;1;0;0;0
18/11/2020;14:36:00;204;Acidente sem Vítimas;2,2;BR-040/GO;Sul;Colisão traseira;1;0;2;0;0;0;0;0;0;0;2;0;0;0;0
18/11/2020;16:34:00;226;Acidente sem Vítimas;609,9;BR-040/MG;Sul;Choque c/ Objeto Fixo;0;0;1;0;0;0;0;0;0;0;0;0;0;0;0
18/11/2020;19:04:00;262;Acidente sem Vítimas;748,8;BR-040/MG;Sul;Colisão traseira;1;0;0;0;0;0;0;0;0;0;0;0;0;0;0
18/11/2020;19:21:00;266;Acidente com Vítimas;1,8;BR-040/GO;Sul;Tombamento de Moto;1;0;0;1;0;0;0;0;0;0;3;1;0;0;0
18/11/2020;20:50:00;278;Acidente sem Vítimas;189,5;BR-040/MG;Norte;Colisão traseira;0;0;0;0;2;2;0;0;0;0;2;0;0;0;0
18/11/2020;20:59:00;279;Acidente sem Vítimas;280,661;BR-040/MG;Sul;Tombamento;0;0;0;0;1;3;0;0;0;0;1;0;0;0;0
18/11/2020;21:08:00;281;Acidente sem Vítimas;523,7;BR-040/MG;Sul;Capotamento;2;0;0;0;0;0;0;0;0;0;0;0;0;0;0
19/11/2020;01:58:00;22;Acidente sem Vítimas;653,8;BR-040/MG;Sul;Tombamento;0;0;0;1;0;1;0;0;0;0;1;0;0;0;0
19/11/2020;07:28:00;121;Acidente sem Vítimas;74,3;BR-040/GO;Norte;Capotamento;2;0;0;0;0;0;0;0;0;0;2;0;0;0;0
19/11/2020;09:01:00;140;Acidente sem Vítimas;656,2;BR-040/MG;Norte;Capotamento;1;0;0;0;0;0;0;0;0;0;2;0;0;0;0
19/11/2020;09:06:00;141;Acidente sem Vítimas;738,8;BR-040/MG;Sul;Choque c/ Objeto Fixo;0;0;0;0;0;0;0;0;0;0;0;0;0;0;0
19/11/2020;10:43:00;167;Acidente com Vítimas;539,13;BR-040/MG;Norte;Capotamento;1;0;1;0;0;0;0;0;0;0;0;1;0;0;0
19/11/2020;16:21:00;231;Acidente com Vítimas;512,5;BR-040/MG;Sul;Colisão traseira;1;0;0;1;0;0;0;0;0;0;1;0;0;0;0
19/11/2020;17:45:00;247;Acidente sem Vítimas;3,2;BR-040/GO;Sul;Colisão lateral;2;0;0;0;1;0;0;0;0;0;2;0;0;0;0
19/11/2020;21:02:00;292;Acidente sem Vítimas;701,8;BR-040/MG;Norte;Colisão frontal;1;0;0;1;0;0;0;0;0;0;2;0;1;1;0
19/11/2020;23:54:00;308;Acidente com Vítimas;96,8;BR-040/GO;Sul;Colisão traseira;3;0;0;0;0;1;0;0;0;0;1;0;1;0;0
20/11/2020;00:03:00;3;Acidente sem Vítimas;139,1;BR-040/GO;Sul;Colisão lateral;2;0;0;0;2;0;0;0;0;0;2;1;0;0;0
20/11/2020;06:26:00;81;Acidente sem Vítimas;543,1;BR-040/MG;Norte;Choque c/ Objeto Fixo;1;0;0;0;0;0;0;0;0;0;0;0;0;0;0
20/11/2020;06:29:00;80;Acidente com Vítimas;3,3;BR-040/DF;Norte;Colisão lateral;1;0;0;1;0;0;0;0;0;0;2;0;0;0;0
20/11/2020;07:02:00;96;Acidente com Vítimas;511,15;BR-040/MG;Sul;Tombamento de Moto;0;0;0;0;0;1;0;0;0;0;0;1;0;0;0
20/11/2020;09:10:00;131;Acidente com Vítimas;584,9;BR-040/MG;Norte;Tombamento;0;0;1;1;0;0;0;0;0;0;0;0;1;0;0
20/11/2020;09:25:00;133;Acidente sem Vítimas;628,8;BR-040/MG;Norte;Engavetamento;3;0;0;0;0;1;0;0;0;0;6;0;0;0;0
20/11/2020;11:11:00;157;Acidente com Vítimas;714,8;BR-040/MG;Sul;Colisão traseira;0;0;0;1;0;0;0;0;0;0;0;1;0;0;0
20/11/2020;12:48:00;179;Acidente com Vítimas;509,8;BR-040/MG;Sul;Colisão traseira;0;0;0;1;0;1;0;0;0;0;1;0;1;0;0
20/11/2020;15:40:00;218;Acidente sem Vítimas;2,5;BR-040/GO;Sul;Colisão transversal;2;0;1;0;0;0;0;0;0;0;2;0;0;0;0
20/11/2020;16:51:00;240;Acidente com Vítimas;509,155;BR-040/MG;Norte;Colisão lateral;0;0;0;2;0;1;0;0;0;0;0;0;2;0;0
20/11/2020;17:16:00;248;Acidente sem Vítimas;1,1;BR-040/GO;Norte;Colisão traseira;1;0;0;0;0;1;0;0;0;0;1;0;0;0;0
20/11/2020;19:35:00;285;Acidente sem Vítimas;711;BR-040/MG;Sul;Colisão frontal;5;0;0;0;0;2;0;0;0;0;2;0;0;0;0
20/11/2020;20:54:00;308;Acidente com Vítimas;516,1;BR-040/MG;Sul;Atropelamento de Pedestre;0;0;0;0;0;2;0;0;0;0;2;0;0;1;0
20/11/2020;23:31:00;328;Acidente sem Vítimas;612,2;BR-040/MG;Norte;Choque c/ Objeto Fixo;2;0;0;0;0;0;0;0;0;0;1;0;0;0;0
21/11/2020;01:52:00;16;Acidente sem Vítimas;5,2;BR-040/GO;Norte;Colisão lateral;1;0;0;0;0;0;0;0;0;0;2;0;0;0;0
21/11/2020;02:50:00;22;Acidente com Vítimas;593,2;BR-040/MG;Sul;Colisão traseira;2;0;0;0;0;0;0;0;0;0;0;0;1;0;0
21/11/2020;04:48:00;31;Acidente sem Vítimas;643,1;BR-040/MG;Sul;Choque c/ Objeto Fixo;2;0;0;0;0;0;0;0;0;0;1;0;0;0;0
21/11/2020;05:46:00;39;Acidente sem Vítimas;720,25;BR-040/MG;Norte;Tombamento;1;0;1;0;0;0;0;0;0;0;1;0;0;0;0
21/11/2020;08:19:00;66;Acidente com Vítimas;447,69;BR-040/MG;Sul;Tombamento de Moto;0;0;0;1;0;0;0;0;0;0;0;0;1;0;0
21/11/2020;12:00:00;106;Acidente com Vítimas;10,1;BR-040/GO;Sul;Atropelamento de Pedestre;0;0;1;0;1;0;0;0;0;0;1;0;0;1;0
21/11/2020;13:43:00;121;Acidente com Vítimas;214,1;BR-040/MG;Norte;Choque c/ Objeto Fixo;1;0;0;0;0;0;0;0;0;0;0;1;0;0;0
21/11/2020;17:30:00;154;Acidente com Vítimas;675,25;BR-040/MG;Sul;Choque c/ Objeto Fixo;1;0;0;0;0;0;0;0;0;0;0;0;1;0;0
21/11/2020;19:55:00;170;Acidente sem Vítimas;2,12;BR-040/GO;Sul;Choque c/ Objeto Fixo;1;0;0;0;0;0;0;0;0;0;1;0;0;0;0
21/11/2020;20:21:00;174;Acidente sem Vítimas;740,7;BR-040/MG;Norte;Colisão frontal;1;0;0;0;1;0;0;0;0;0;3;0;0;0;0
21/11/2020;23:29:00;194;Acidente sem Vítimas;3,15;BR-040/DF;Sul;Choque c/ Objeto Fixo;2;0;0;0;0;0;0;0;0;0;1;0;0;0;0
22/11/2020;06:49:00;35;Acidente sem Vítimas;738,11;BR-040/MG;Sul;Colisão frontal;1;0;0;0;0;0;0;0;0;0;1;0;0;0;0
22/11/2020;12:02:00;68;Acidente sem Vítimas;461,2;BR-040/MG;Sul;Colisão traseira;0;0;1;0;1;0;0;0;0;0;0;0;0;0;0
22/11/2020;13:06:00;83;Acidente sem Vítimas;607,1;BR-040/MG;Sul;Choque c/ Objeto Fixo;1;0;0;0;0;1;0;0;0;0;1;0;0;0;0
22/11/2020;15:29:00;111;Acidente sem Vítimas;467,35;BR-040/MG;Sul;Choque c/ Objeto Fixo;1;0;0;0;0;0;0;0;0;0;0;0;0;0;0
22/11/2020;15:30:00;112;Acidente com Vítimas;33,1;BR-040/GO;Sul;Capotamento;1;0;0;0;0;0;0;0;0;0;0;1;0;0;0
22/11/2020;16:53:00;125;Acidente Fatal;503,6;BR-040/MG;Sul;Colisão lateral;0;0;1;1;0;0;0;0;0;0;0;0;0;0;1
22/11/2020;17:15:00;130;Acidente sem Vítimas;716,1;BR-040/MG;Norte;Choque c/ Objeto Fixo;2;0;0;0;0;0;0;0;0;0;1;0;0;0;0
22/11/2020;19:20:00;148;Acidente sem Vítimas;14,2;BR-040/GO;Norte;Engavetamento;3;0;0;0;0;0;0;0;0;0;6;0;0;0;0
22/11/2020;20:01:00;160;Acidente sem Vítimas;655,5;BR-040/MG;Norte;Choque c/ Objeto Fixo;1;0;0;0;0;0;0;0;0;0;4;0;0;0;0
22/11/2020;22:26:00;179;Acidente com Vítimas;7,1;BR-040/GO;Sul;Engavetamento;4;0;0;0;0;1;0;0;0;0;4;1;0;0;0
22/11/2020;22:44:00;181;Acidente sem Vítimas;693,1;BR-040/MG;Sul;Atropelamento de Animal;1;0;0;0;0;0;0;0;0;0;1;0;0;0;0
23/11/2020;00:46:00;6;Acidente sem Vítimas;561,3;BR-040/MG;Sul;Capotamento;1;0;0;0;0;0;0;0;0;0;2;0;0;0;0
23/11/2020;00:53:00;7;Acidente com Vítimas;6,5;BR-040/DF;Sul;Capotamento;1;0;0;0;0;0;0;0;0;0;3;1;0;0;0
23/11/2020;03:16:00;44;Acidente sem Vítimas;512,1;BR-040/MG;Norte;Choque c/ Objeto Fixo;2;0;0;0;0;0;0;0;0;0;0;0;0;0;0
23/11/2020;06:37:00;87;Acidente com Vítimas;656,27;BR-040/MG;Norte;Choque c/ Objeto Fixo;2;0;0;0;0;0;0;0;0;0;1;1;0;0;0
23/11/2020;07:30:00;108;Acidente com Vítimas;541,6;BR-040/MG;Sul;Colisão traseira;1;0;0;1;0;0;0;0;0;0;2;0;1;0;0
23/11/2020;07:36:00;112;Acidente sem Vítimas;617,3;BR-040/MG;Sul;Colisão traseira;2;0;0;0;0;1;0;0;0;0;2;0;0;0;0
23/11/2020;16:41:00;244;Acidente sem Vítimas;7,15;BR-040/GO;Norte;Colisão lateral;2;0;0;0;0;0;0;0;0;0;1;0;0;0;0
23/11/2020;16:43:00;250;Acidente sem Vítimas;593,4;BR-040/MG;Norte;Choque c/ Objeto Fixo;0;0;0;0;0;2;0;0;0;0;2;0;0;0;0
23/11/2020;17:36:00;265;Acidente com Vítimas;588,2;BR-040/MG;Norte;Choque c/ Objeto Fixo;0;0;0;1;0;0;0;0;0;0;1;1;0;0;0
23/11/2020;19:40:00;290;Acidente sem Vítimas;528,1;BR-040/MG;Sul;Colisão traseira;1;0;1;0;0;0;0;0;0;0;2;0;0;0;0
23/11/2020;20:05:00;294;Acidente com Vítimas;6,5;BR-040/GO;Norte;Choque c/ Objeto Fixo;1;0;0;0;0;0;0;0;0;0;0;1;0;0;0
24/11/2020;06:52:00;79;Acidente com Vítimas;541,25;BR-040/MG;Sul;Colisão lateral;1;0;0;1;0;0;0;0;0;0;1;1;0;0;0
24/11/2020;07:19:00;89;Acidente com Vítimas;539,6;BR-040/MG;Sul;Colisão traseira;1;0;0;1;0;0;0;0;0;0;0;0;1;0;0
24/11/2020;09:57:00;133;Acidente sem Vítimas;513,1;BR-040/MG;Sul;Capotamento;3;0;0;0;0;0;0;0;0;0;0;0;0;0;0
24/11/2020;10:01:00;134;Acidente com Vítimas;1,15;BR-040/DF;Sul;Atropelamento de Ciclista;0;0;1;0;0;0;0;0;0;0;1;0;1;0;0
24/11/2020;17:10:00;214;Acidente sem Vítimas;611,1;BR-040/MG;Sul;Colisão lateral;1;0;0;0;0;2;0;0;0;0;3;0;0;0;0
24/11/2020;17:24:00;217;Acidente com Vítimas;548,8;BR-040/MG;Sul;Colisão traseira;0;0;0;1;0;1;0;0;0;0;1;0;1;0;0
24/11/2020;20:18:00;242;Acidente sem Vítimas;5,6;BR-040/MG;Norte;Atropelamento de Animal;1;0;0;0;0;0;0;0;0;0;3;0;0;0;0
24/11/2020;22:02:00;253;Acidente com Vítimas;543,1;BR-040/MG;Sul;Choque c/ Objeto Fixo;1;0;0;0;0;0;0;0;0;0;1;0;0;0;0
25/11/2020;00:52:00;15;Acidente sem Vítimas;277,8;BR-040/MG;Sul;Tombamento;0;0;0;0;2;1;0;0;0;0;1;0;0;0;0
25/11/2020;07:34:00;108;Acidente com Vítimas;7,1;BR-040/DF;Norte;Colisão traseira;2;0;0;2;0;0;0;0;0;0;2;1;0;0;0
25/11/2020;09:34:00;140;Acidente com Vítimas;590,3;BR-040/MG;Norte;Choque c/ Objeto Fixo;0;0;1;0;0;0;0;0;0;0;0;1;0;0;0
25/11/2020;13:19:00;189;Acidente com Vítimas;530,8;BR-040/MG;Sul;Colisão lateral;1;0;0;1;0;1;0;0;0;0;0;0;1;0;0
25/11/2020;20:05:00;264;Acidente sem Vítimas;569,5;BR-040/MG;Sul;Colisão lateral;1;0;1;0;0;1;0;0;0;0;2;0;0;0;0
25/11/2020;21:58:00;290;Acidente com Vítimas;50,1;BR-040/GO;Sul;Choque c/ Objeto Fixo;3;0;0;0;0;0;0;0;0;0;1;0;1;0;0
25/11/2020;22:04:00;291;Acidente sem Vítimas;728,4;BR-040/MG;Norte;Colisão traseira;0;0;0;0;1;2;0;0;0;0;2;0;0;0;0
25/11/2020;22:34:00;295;Acidente sem Vítimas;630,9;BR-040/MG;Sul;Atropelamento de Animal;0;0;0;1;0;1;0;0;0;0;1;0;0;0;0
25/11/2020;23:17:00;303;Acidente sem Vítimas;684,2;BR-040/MG;Sul;Colisão traseira;1;0;2;0;0;2;0;0;0;0;2;0;0;0;0
26/11/2020;03:15:00;56;Acidente sem Vítimas;370,2;BR-040/MG;Sul;Colisão traseira;0;0;0;0;2;0;0;0;0;0;2;0;0;0;0
26/11/2020;07:20:00;120;Acidente sem Vítimas;588,16;BR-040/MG;Sul;Choque c/ Objeto Fixo;0;0;2;0;0;0;0;0;0;0;1;0;0;0;0