data;horario;n_da_ocorrencia;tipo_de_ocorrencia;km;trecho;sentido;tipo_de_acidente;automovel;bicicleta;caminhao;moto;onibus;outros;tracao_animal;transporte_de_cargas_especiais;trator_maquinas;utilitarios;ilesos;levemente_feridos;moderadamente_feridos;gravemente_feridos;mortos
19/12/2020;13:55:00;179;Acidente com Vítimas;1,1;BR-040/GO;Sul;Colisão traseira;1;0;0;0;0;2;0;0;0;0;0;0;0;0;0
19/12/2020;13:59:00;181;Acidente com Vítimas;1,2;BR-040/GO;Sul;Colisão lateral;1;0;0;0;0;1;0;0;0;0;2;0;0;0;0
19/12/2020;14:48:00;192;Acidente com Vítimas;16,5;BR-040/MG;Sul;Colisão traseira;1;0;0;0;0;1;0;0;0;0;1;0;0;0;0
19/12/2020;17:20:00;222;Acidente sem Vítimas;518,12;BR-040/MG;Norte;Colisão lateral;1;0;0;1;0;0;0;0;0;0;2;0;1;0;0
19/12/2020;17:29:00;224;Acidente com Vítimas;476,23;BR-040/MG;Sul;Capotamento;3;0;0;0;0;0;0;0;0;0;1;0;0;1;0
19/12/2020;18:32:00;239;Acidente sem Vítimas;712,1;BR-040/MG;Sul;Outros;2;0;0;0;0;0;0;0;0;0;1;0;0;0;0
19/12/2020;18:38:00;241;Acidente com Vítimas;728,2;BR-040/MG;Sul;Capotamento;1;0;0;0;0;0;0;0;0;0;0;1;0;0;0
19/12/2020;19:16:00;256;Acidente sem Vítimas;498,15;BR-040/MG;Sul;Engavetamento;2;0;0;0;0;1;0;0;0;0;3;0;0;0;0
19/12/2020;19:45:00;264;Acidente sem Vítimas;498,5;BR-040/MG;Sul;Colisão traseira;2;0;0;0;0;0;0;0;0;0;2;0;0;0;0
19/12/2020;21:43:00;283;Acidente sem Vítimas;546,3;BR-040/MG;Norte;Capotamento;1;0;0;0;0;0;0;0;0;0;1;0;0;0;0
19/12/2020;22:23:00;295;Acidente sem Vítimas;509,3;BR-040/MG;Norte;Choque c/ Objeto Fixo;2;0;0;0;0;0;0;0;0;0;1;0;0;0;0
19/12/2020;23:35:00;312;Acidente sem Vítimas;535,1;BR-040/MG;Norte;Colisão traseira;3;0;0;0;0;0;0;0;0;0;2;0;0;0;0
19/12/2020;23:39:00;311;Acidente com Vítimas;140,1;BR-040/MG;Norte;Outros;1;0;0;0;0;0;0;0;0;0;0;0;1;0;0
20/12/2020;00:56:00;8;Acidente sem Vítimas;544,2;BR-040/MG;Sul;Capotamento;1;0;0;0;0;0;0;0;0;0;1;0;0;0;0
20/12/2020;03:04:00;16;Acidente com Vítimas;12,5;BR-040/MG;Sul;Capotamento;2;0;0;0;0;0;0;0;0;0;0;1;0;0;0
20/12/2020;07:48:00;58;Acidente sem Vítimas;42,8;BR-040/GO;Sul;Choque c/ Objeto Fixo;1;0;0;0;0;0;0;0;0;0;5;0;0;0;0
20/12/2020;07:48:00;59;Acidente com Vítimas;502;BR-040/MG;Sul;Choque c/ Objeto Fixo;2;0;0;0;0;0;0;0;0;0;0;0;0;0;0
20/12/2020;08:43:00;70;Acidente sem Vítimas;8,9;BR-040/GO;Norte;Choque c/ Objeto Fixo;1;0;0;0;0;0;0;0;0;0;0;0;0;0;0
20/12/2020;10:11:00;83;Acidente sem Vítimas;614,5;BR-040/MG;Sul;Colisão transversal;2;0;0;0;0;0;0;0;0;0;0;0;0;0;0
20/12/2020;10:33:00;90;Acidente sem Vítimas;511,15;BR-040/MG;Sul;Colisão traseira;1;0;0;0;0;0;0;0;0;0;0;0;0;0;0
20/12/2020;10:36:00;91;Acidente sem Vítimas;7,3;BR-040/GO;Norte;Colisão traseira;3;0;0;0;0;0;0;0;0;0;2;0;0;0;0
20/12/2020;11:15:00;101;Acidente sem Vítimas;467,45;BR-040/MG;Norte;Colisão traseira;3;0;0;0;0;0;0;0;0;0;0;0;0;0;0
20/12/2020;11:32:00;103;Acidente sem Vítimas;697,5;BR-040/MG;Sul;Capotamento;1;0;0;0;0;0;0;0;0;0;1;0;0;0;0
20/12/2020;12:28:00;120;Acidente com Vítimas;452,8;BR-040/MG;Norte;Outros;0;0;0;1;0;0;0;0;0;0;0;1;0;0;0
20/12/2020;12:51:00;122;Acidente com Vítimas;277,3;BR-040/MG;Sul;Colisão transversal;2;0;0;0;0;0;0;0;0;0;2;0;1;0;0
20/12/2020;12:55:00;123;Acidente com Vítimas;525,2;BR-040/MG;Sul;Outros;1;0;0;1;0;0;0;0;0;0;0;0;2;0;0
20/12/2020;12:57:00;127;Acidente sem Vítimas;505;BR-040/MG;Sul;Outros;2;0;0;0;0;0;0;0;0;0;0;0;1;0;0
20/12/2020;13:13:00;132;Acidente com Vítimas;536,5;BR-040/MG;Norte;Atropelamento de Pedestre;0;0;0;0;0;3;0;0;0;0;1;0;0;0;0
20/12/2020;15:12:00;153;Acidente sem Vítimas;593;BR-040/MG;Norte;Tombamento;0;0;1;0;0;1;0;0;0;0;1;0;0;0;0
20/12/2020;15:32:00;157;Acidente com Vítimas;523,6;BR-040/MG;Sul;Tombamento de Moto;0;0;0;1;0;1;0;0;0;0;0;0;1;0;0
20/12/2020;15:39:00;158;Acidente sem Vítimas;472,5;BR-040/MG;Sul;Choque com objeto;1;0;0;0;0;0;0;0;0;0;0;0;0;0;0
20/12/2020;15:54:00;162;Acidente com Vítimas;19,8;BR-040/GO;Norte;Atropelamento de Ciclista;1;0;0;0;0;0;0;0;0;0;2;0;1;0;0
20/12/2020;16:28:00;169;Acidente sem Vítimas;525;BR-040/MG;Sul;Outros;2;0;1;0;1;0;0;0;0;0;0;0;0;0;0
20/12/2020;18:03:00;185;Acidente com Vítimas;170,4;BR-040/MG;Norte;Capotamento;1;0;0;0;0;0;0;0;0;0;0;1;0;0;0
20/12/2020;19:53:00;203;Acidente com Vítimas;128,8;BR-040/MG;Sul;Tombamento de Moto;0;0;0;0;0;1;0;0;0;0;0;0;1;0;0
20/12/2020;20:38:00;209;Acidente com Vítimas;249,7;BR-040/MG;Norte;Capotamento;1;0;0;0;0;0;0;0;0;0;0;2;2;0;0
20/12/2020;22:05:00;221;Acidente com Vítimas;527,3;BR-040/MG;Norte;Tombamento de Moto;0;0;0;0;0;2;0;0;0;0;0;0;1;0;0
20/12/2020;22:43:00;225;Acidente com Vítimas;5,2;BR-040/GO;Sul;Colisão traseira;1;0;0;1;0;0;0;0;0;0;0;1;0;0;0
20/12/2020;23:13:00;230;Acidente com Vítimas;510,3;BR-040/MG;Norte;Capotamento;2;0;0;0;0;0;0;0;0;0;2;2;0;0;0
21/12/2020;02:19:00;20;Acidente com Vítimas;614,15;BR-040/MG;Sul;Capotamento;1;0;0;0;0;0;0;0;0;0;0;2;0;0;0
21/12/2020;03:19:00;60;Acidente sem Vítimas;530,15;BR-040/MG;Sul;Capotamento;2;0;0;0;0;0;0;0;0;0;1;0;0;0;0
21/12/2020;05:12:00;77;Acidente sem Vítimas;5,5;BR-040/GO;Sul;Choque c/ Objeto Fixo;2;0;0;0;0;0;0;0;0;0;1;0;0;0;0
21/12/2020;06:02:00;85;Acidente sem Vítimas;510,15;BR-040/MG;Sul;Engavetamento;3;0;0;0;0;1;0;0;0;0;2;0;0;0;0
21/12/2020;07:00:00;106;Acidente com Vítimas;512,1;BR-040/MG;Sul;Queda Veículo;0;0;0;1;0;1;0;0;0;0;0;1;0;0;0
21/12/2020;09:58:00;156;Acidente sem Vítimas;525,105;BR-040/MG;Sul;Colisão traseira;0;0;1;0;0;1;0;0;0;0;0;0;0;0;0
21/12/2020;12:09:00;177;Acidente sem Vítimas;534;BR-040/MG;Norte;Colisão traseira;2;0;0;0;0;1;0;0;0;0;1;0;0;0;0
21/12/2020;13:22:00;192;Acidente com Vítimas;735,1;BR-040/MG;Norte;Tombamento de Moto;0;0;0;1;0;0;0;0;0;0;1;0;0;0;0
21/12/2020;13:51:00;196;Acidente sem Vítimas;468,15;BR-040/MG;Norte;Colisão lateral;1;0;0;0;0;0;0;0;0;0;1;0;0;0;0
21/12/2020;14:23:00;208;Acidente sem Vítimas;36,15;BR-040/MG;Sul;Colisão traseira;2;0;0;0;0;1;0;0;0;0;2;0;0;0;0
21/12/2020;14:40:00;216;Acidente sem Vítimas;1,1;BR-040/DF;Sul;Colisão traseira;1;0;0;0;0;1;0;0;0;0;2;1;0;0;0
21/12/2020;15:15:00;223;Acidente sem Vítimas;501,15;BR-040/MG;Norte;Queda de Ribanceira;1;0;0;0;0;0;0;0;0;0;0;0;0;0;0
21/12/2020;15:58:00;236;Acidente com Vítimas;8,1;BR-040/DF;Sul;Colisão lateral;0;0;0;1;0;1;0;0;0;0;1;0;1;0;0
21/12/2020;16:01:00;237;Acidente sem Vítimas;120,4;BR-040/MG;Sul;Choque c/ Objeto Fixo;1;0;0;0;0;0;0;0;0;0;1;0;0;0;0
21/12/2020;16:43:00;249;Acidente sem Vítimas;535,15;BR-040/MG;Sul;Tombamento de Moto;0;0;2;1;0;2;0;0;0;0;3;0;0;0;0
21/12/2020;16:57:00;252;Acidente sem Vítimas;6,12;BR-040/GO;Sul;Colisão traseira;0;0;0;0;0;0;0;0;0;0;0;0;0;0;0
21/12/2020;16:58:00;253;Acidente com Vítimas;633,1;BR-040/MG;Norte;Colisão frontal;0;0;0;2;0;0;0;0;0;0;0;0;0;0;0
21/12/2020;17:01:00;254;Acidente com Vítimas;730,2;BR-040/MG;Norte;Tombamento;2;0;1;1;3;1;0;0;0;0;1;0;1;0;0
21/12/2020;17:09:00;256;Acidente sem Vítimas;538,15;BR-040/MG;Sul;Choque com objeto;1;0;0;0;0;0;0;0;0;0;1;0;0;0;0
21/12/2020;17:36:00;260;Acidente sem Vítimas;430,15;BR-040/MG;Sul;Choque c/ Objeto Fixo;1;0;0;0;0;0;0;0;0;0;1;0;0;0;0
21/12/2020;17:44:00;265;Acidente com Vítimas;149,8;BR-040/MG;Sul;Choque c/ Objeto Fixo;1;0;0;0;0;0;0;0;0;0;2;1;0;0;0
21/12/2020;17:46:00;263;Acidente sem Vítimas;415,15;BR-040/MG;Sul;Capotamento;1;0;0;0;0;0;0;0;0;0;0;0;0;0;0
21/12/2020;20:30:00;302;Acidente sem Vítimas;7,9;BR-040/DF;Sul;Choque c/ Objeto Fixo;2;0;0;0;0;0;0;0;0;0;3;0;0;0;0
21/12/2020;23:15:00;329;Acidente com Vítimas;523,1;BR-040/MG;Sul;Capotamento;0;0;0;0;0;1;0;0;0;0;1;1;0;0;0
22/12/2020;00:19:00;15;Acidente com Vítimas;6,3;BR-040/GO;Norte;Capotamento;1;0;0;0;0;0;0;0;0;0;0;0;0;0;0
22/12/2020;00:54:00;35;Acidente sem Vítimas;533,3;BR-040/MG;Norte;Choque c/ Objeto Fixo;0;0;1;0;1;0;0;0;0;0;1;0;0;0;0
22/12/2020;01:37:00;45;Acidente sem Vítimas;179,8;BR-040/MG;Norte;Atropelamento de Animal;0;0;0;0;0;1;0;0;0;0;2;0;0;0;0
22/12/2020;06:27:00;104;Acidente sem Vítimas;496;BR-040/MG;Norte;Engavetamento;2;0;0;0;0;0;0;0;0;0;0;0;0;0;0
22/12/2020;06:56:00;114;Acidente com Vítimas;565,5;BR-040/MG;Norte;Tombamento;1;0;1;1;0;0;0;0;0;0;3;1;0;0;0
22/12/2020;07:51:00;130;Acidente com Vítimas;531,1;BR-040/MG;Sul;Queda Veículo;0;0;0;1;0;1;0;0;0;0;1;0;1;0;0
22/12/2020;11:55:00;177;Acidente sem Vítimas;737,3;BR-040/MG;Sul;Colisão lateral;1;0;0;0;0;0;0;0;0;0;1;0;0;0;0
22/12/2020;12:49:00;184;Acidente sem Vítimas;738,5;BR-040/MG;Norte;Choque c/ Objeto Fixo;1;0;0;0;0;0;0;0;0;0;1;0;0;0;0
22/12/2020;15:53:00;227;Acidente sem Vítimas;93,15;BR-040/GO;Norte;Colisão traseira;1;0;1;0;0;0;0;0;0;0;2;0;0;0;0
22/12/2020;16:53:00;232;Acidente sem Vítimas;540,15;BR-040/MG;Norte;Outros;1;0;0;0;0;1;0;0;0;0;0;0;0;0;0
22/12/2020;17:13:00;237;Acidente sem Vítimas;173,15;BR-040/MG;Norte;Colisão traseira;2;0;0;0;0;0;0;0;0;0;9;0;0;0;0
22/12/2020;17:30:00;242;Acidente sem Vítimas;474,15;BR-040/MG;Sul;Colisão lateral;1;0;1;0;0;0;0;0;0;0;0;0;0;0;0
22/12/2020;19:47:00;285;Acidente sem Vítimas;563,2;BR-040/MG;Norte;Choque com objeto;0;0;2;0;0;0;0;0;0;0;1;0;0;0;0
22/12/2020;20:34:00;306;Acidente com Vítimas;661,2;BR-040/MG;Norte;Colisão lateral;1;0;3;0;0;0;0;0;0;0;1;0;0;1;0
22/12/2020;21:21:00;318;Acidente sem Vítimas;549,1;BR-040/MG;Sul;Colisão traseira;3;0;0;0;0;0;0;0;0;0;1;0;0;0;0
22/12/2020;22:00:00;324;Acidente sem Vítimas;3,2;BR-040/DF;Norte;Choque c/ Objeto Fixo;1;0;0;0;0;0;0;0;0;0;1;0;0;0;0
23/12/2020;00:34:00;19;Acidente sem Vítimas;486;BR-040/MG;Norte;Choque c/ Objeto Fixo;2;0;0;0;0;0;0;0;0;0;1;0;0;0;0
23/12/2020;05:40:00;94;Acidente sem Vítimas;432,5;BR-040/MG;Sul;Tombamento;0;0;0;0;2;0;0;0;0;0;0;0;0;0;0
23/12/2020;07:23:00;127;Acidente sem Vítimas;475,5;BR-040/MG;Norte;Outros;1;0;0;0;0;0;0;0;0;0;0;0;0;0;0
23/12/2020;08:14:00;144;Acidente sem Vítimas;537,1;BR-040/MG;Sul;Outros;0;0;0;1;0;0;0;0;0;0;1;1;0;0;0
23/12/2020;10:05:00;181;Acidente sem Vítimas;5,7;BR-040/DF;Norte;Colisão traseira;1;0;0;0;0;0;0;0;0;0;1;0;0;0;0
23/12/2020;10:23:00;188;Acidente sem Vítimas;332,4;BR-040/MG;Sul;Choque c/ Objeto Fixo;1;0;0;0;0;0;0;0;0;0;2;0;0;0;0
23/12/2020;10:37:00;193;Acidente sem Vítimas;651,3;BR-040/MG;Norte;Capotamento;1;0;0;0;0;1;0;0;0;0;1;0;0;0;0
23/12/2020;11:20:00;205;Acidente sem Vítimas;644,9;BR-040/MG;Norte;Choque c/ Objeto Fixo;1;0;0;0;0;0;0;0;0;0;0;0;0;0;0
23/12/2020;12:10:00;215;Acidente com Vítimas;481,2;BR-040/MG;Sul;Choque c/ Objeto Fixo;1;0;0;0;0;0;0;0;0;0;0;1;0;0;0
23/12/2020;12:34:00;222;Acidente sem Vítimas;556;BR-040/MG;Sul;Choque c/ Objeto Fixo;1;0;0;0;0;0;0;0;0;0;1;0;0;0;0
23/12/2020;12:49:00;226;Acidente com Vítimas;35,1;BR-040/MG;Norte;Choque c/ Objeto Fixo;2;0;0;0;0;0;0;0;0;0;3;2;0;0;0
23/12/2020;14:31:00;246;Acidente sem Vítimas;737,1;BR-040/MG;Sul;Choque c/ Objeto Fixo;1;0;0;0;0;1;0;0;0;0;0;0;0;0;0
23/12/2020;14:35:00;252;Acidente sem Vítimas;602,1;BR-040/MG;Sul;Choque c/ Objeto Fixo;0;0;1;1;0;0;0;0;0;0;0;0;0;0;0
23/12/2020;15:54:00;264;Acidente sem Vítimas;710,1;BR-040/MG;Norte;Capotamento;1;0;0;0;0;0;0;0;0;0;1;0;0;0;0
23/12/2020;16:56:00;281;Acidente com Vítimas;13,8;BR-040/GO;Sul;Tombamento de Moto;0;0;0;1;0;0;0;0;0;0;0;0;1;0;0
23/12/2020;17:36:00;294;Acidente com Vítimas;347,9;BR-040/MG;Sul;Choque c/ Objeto Fixo;3;0;0;0;0;0;0;0;0;0;0;1;0;0;0
23/12/2020;18:09:00;301;Acidente sem Vítimas;257,1;BR-040/MG;Sul;Outros;0;0;0;0;0;2;0;0;0;0;1;0;0;0;0
23/12/2020;18:35:00;308;Acidente com Vítimas;0,2;BR-040/GO;Sul;Tombamento de Moto;0;0;0;1;0;1;0;0;0;0;1;1;0;0;0
23/12/2020;18:49:00;313;Acidente sem Vítimas;523,6;BR-040/MG;Norte;Tombamento de Moto;0;0;0;2;0;0;0;0;0;0;1;0;0;0;0
23/12/2020;19:16:00;325;Acidente sem Vítimas;668,5;BR-040/MG;Sul;Atropelamento de Pedestre;0;0;0;0;0;2;0;0;0;0;0;0;1;0;0
23/12/2020;19:47:00;333;Acidente sem Vítimas;487,2;BR-040/MG;Sul;Colisão traseira;0;0;2;0;0;0;0;0;0;0;2;0;0;0;0
23/12/2020;20:03:00;338;Acidente sem Vítimas;107,8;BR-040/MG;Sul;Atropelamento de Animal;1;0;0;0;0;0;0;0;0;0;5;0;0;0;0
23/12/2020;20:34:00;347;Acidente sem Vítimas;1,1;BR-040/DF;Sul;Colisão traseira;1;0;0;1;0;0;0;0;0;0;2;0;0;0;0
24/12/2020;03:02:00;62;Acidente com Vítimas;539,4;BR-040/MG;Norte;Colisão lateral;0;0;1;0;0;1;0;0;0;0;1;0;1;0;0
24/12/2020;03:29:00;68;Acidente sem Vítimas;583,1;BR-040/MG;Norte;Choque c/ Objeto Fixo;0;0;1;0;0;0;0;0;0;0;1;0;0;0;0
24/12/2020;06:23:00;96;Acidente com Vítimas;756,4;BR-040/MG;Norte;Colisão traseira;1;0;0;0;2;0;0;0;0;0;0;2;0;0;0
24/12/2020;08:11:00;129;Acidente sem Vítimas;730,2;BR-040/MG;Norte;Colisão traseira;0;0;0;0;0;1;0;0;0;0;0;0;0;0;0
24/12/2020;08:21:00;132;Acidente com Vítimas;30,9;BR-040/GO;Norte;Colisão transversal;2;0;0;0;0;2;0;0;0;0;5;2;0;0;0
24/12/2020;08:32:00;136;Acidente sem Vítimas;617,1;BR-040/MG;Norte;Colisão traseira;2;0;0;0;0;1;0;0;0;0;0;0;0;0;0
24/12/2020;08:49:00;137;Acidente com Vítimas;660,95;BR-040/MG;Norte;Colisão traseira;1;0;0;0;0;1;0;0;0;0;0;1;0;0;0
24/12/2020;09:10:00;146;Acidente sem Vítimas;405;BR-040/MG;Norte;Capotamento;1;0;0;0;0;1;0;0;0;0;0;0;0;0;0
24/12/2020;10:01:00;154;Acidente sem Vítimas;462,5;BR-040/MG;Norte;Tombamento de Moto;0;0;0;1;0;0;0;0;0;0;0;0;0;0;0
24/12/2020;10:04:00;155;Acidente com Vítimas;24,2;BR-040/GO;Norte;Colisão lateral;4;0;0;0;0;0;0;0;0;0;1;1;0;0;0
24/12/2020;11:36:00;180;Acidente sem Vítimas;464;BR-040/MG;Sul;Choque com objeto;1;0;0;0;0;1;0;0;0;0;0;0;0;0;0
24/12/2020;12:11:00;186;Acidente sem Vítimas;0,5;Fora_Rota;Norte;Colisão lateral;0;0;1;0;2;1;0;0;0;0;0;0;0;0;0
24/12/2020;12:50:00;197;Acidente sem Vítimas;464,3;BR-040/MG;Norte;Outros;0;0;1;0;0;0;0;0;0;0;0;0;0;0;0
24/12/2020;13:13:00;206;Acidente com Vítimas;257,6;BR-040/MG;Norte;Capotamento;1;0;0;0;0;0;0;0;0;0;0;4;0;0;0
24/12/2020;13:29:00;209;Acidente sem Vítimas;738,1;BR-040/MG;Norte;Colisão transversal;3;0;0;0;0;0;0;0;0;0;0;0;0;0;0
24/12/2020;13:49:00;213;Acidente com Vítimas;154,7;BR-040/GO;Sul;Capotamento;0;0;0;0;0;2;0;0;0;0;1;2;0;0;0
24/12/2020;14:09:00;219;Acidente sem Vítimas;526,2;BR-040/MG;Norte;Outros;1;0;1;0;0;0;0;0;0;0;0;0;0;0;0
24/12/2020;14:40:00;229;Acidente sem Vítimas;511,7;BR-040/MG;Norte;Choque c/ Objeto Fixo;2;0;0;0;0;0;0;0;0;0;0;0;0;0;0
24/12/2020;17:36:00;264;Acidente sem Vítimas;616,3;BR-040/MG;Norte;Choque c/ Objeto Fixo;0;0;0;0;0;1;0;0;0;0;1;0;0;0;0
24/12/2020;18:08:00;270;Acidente com Vítimas;181,3;BR-040/MG;Sul;Choque c/ Objeto Fixo;1;0;0;0;0;0;0;0;0;0;1;2;0;0;0
24/12/2020;18:29:00;276;Acidente sem Vítimas;720,5;BR-040/MG;Norte;Colisão traseira;0;0;0;0;0;2;0;0;0;0;2;0;0;0;0
24/12/2020;20:29:00;298;Acidente sem Vítimas;510,15;BR-040/MG;Norte;Colisão traseira;3;0;0;0;0;0;0;0;0;0;2;0;0;0;0
24/12/2020;20:34:00;294;Acidente sem Vítimas;495,5;BR-040/MG;Sul;Choque c/ Objeto Fixo;1;0;0;0;0;0;0;0;0;0;4;0;0;0;0
24/12/2020;20:36:00;295;Acidente sem Vítimas;523,1;BR-040/MG;Norte;Choque c/ Objeto Fixo;1;0;0;0;0;0;0;0;0;0;1;0;0;0;0
24/12/2020;21:45:00;307;Acidente com Vítimas;533,15;BR-040/MG;Sul;Choque c/ Objeto Fixo;1;0;0;0;0;0;0;0;0;0;1;0;0;0;0
25/12/2020;00:30:00;3;Acidente sem Vítimas;518,3;BR-040/MG;Norte;Choque c/ Objeto Fixo;3;0;0;0;0;0;0;0;0;0;2;0;0;0;0
25/12/2020;02:41:00;16;Acidente sem Vítimas;18,9;BR-040/GO;Sul;Colisão transversal;4;0;0;0;0;0;0;0;0;0;6;0;0;0;0
25/12/2020;04:40:00;28;Acidente sem Vítimas;29,1;BR-040/GO;Sul;Outros;1;0;0;0;0;0;0;0;0;0;1;0;0;0;0
25/12/2020;09:27:00;58;Acidente com Vítimas;111,15;BR-040/GO;Sul;Choque c/ Objeto Fixo;1;0;0;0;0;1;0;0;0;0;2;0;1;0;0
25/12/2020;11:45:00;76;Acidente sem Vítimas;467;BR-040/MG;Sul;Colisão traseira;1;0;0;1;0;0;0;0;0;0;1;0;0;0;0
25/12/2020;13:25:00;92;Acidente sem Vítimas;169,8;BR-040/MG;Sul;Choque c/ Objeto Fixo;1;0;0;0;0;0;0;0;0;0;2;0;0;0;0
25/12/2020;16:56:00;123;Acidente sem Vítimas;727,5;BR-040/MG;Norte;Choque c/ Objeto Fixo;1;0;0;0;0;0;0;0;0;0;2;0;0;0;0
25/12/2020;18:45:00;144;Acidente sem Vítimas;0,5;BR-040/DF;Sul;Choque c/ Objeto Fixo;2;0;0;0;0;0;0;0;0;0;2;0;0;0;0
25/12/2020;20:48:00;171;Acidente sem Vítimas;508,5;BR-040/MG;Norte;Engavetamento;4;0;0;0;0;0;0;0;0;0;2;0;0;0;0
25/12/2020;22:34:00;193;Acidente com Vítimas;91,8;BR-040/GO;Sul;Colisão traseira;4;0;0;0;1;0;0;0;0;0;1;3;1;1;0
26/12/2020;00:08:00;4;Acidente sem Vítimas;55,8;BR-040/MG;Norte;Atropelamento de Animal;1;0;0;0;0;0;0;0;0;0;1;0;0;0;0
26/12/2020;05:07:00;28;Acidente sem Vítimas;656,6;BR-040/MG;Norte;Choque c/ Objeto Fixo;2;0;0;0;0;0;0;0;0;0;0;0;0;0;0
26/12/2020;05:57:00;36;Acidente com Vítimas;428;BR-040/MG;Sul;Capotamento;1;0;2;0;0;0;0;0;0;0;0;1;0;0;0
26/12/2020;07:09:00;57;Acidente sem Vítimas;586,9;BR-040/MG;Norte;Choque c/ Objeto Fixo;1;0;0;0;0;1;0;0;0;0;2;0;0;0;0
26/12/2020;07:54:00;64;Acidente com Vítimas;578,5;BR-040/MG;Sul;Choque c/ Objeto Fixo;0;0;1;0;0;0;0;0;0;0;2;1;0;0;0
26/12/2020;08:29:00;66;Acidente com Vítimas;92,15;BR-040/GO;Sul;Capotamento;0;0;0;0;0;1;0;0;0;0;1;1;0;0;0
26/12/2020;14:44:00;134;Acidente com Vítimas;3,15;BR-040/DF;Norte;Capotamento;1;0;0;0;0;0;0;0;0;0;1;0;0;0;0
26/12/2020;15:30:00;145;Acidente com Vítimas;191,6;BR-040/MG;Sul;Capotamento;1;0;0;0;0;0;0;0;0;0;1;4;0;0;0
26/12/2020;15:52:00;150;Acidente sem Vítimas;3,5;BR-040/DF;Sul;Colisão lateral;2;0;0;0;1;0;0;0;0;0;2;1;0;0;0
26/12/2020;16:22:00;161;Acidente com Vítimas;0,8;BR-040/GO;Sul;Tombamento de Moto;1;0;0;1;0;0;0;0;0;0;3;1;0;0;0
26/12/2020;16:56:00;166;Acidente com Vítimas;20,8;BR-040/GO;Sul;Colisão traseira;2;0;0;0;0;0;0;0;0;0;4;0;0;0;0
26/12/2020;18:14:00;181;Acidente sem Vítimas;492,1;BR-040/MG;Norte;Atropelamento de Animal;2;0;0;0;0;0;0;0;0;0;1;0;0;0;0
26/12/2020;20:57:00;216;Acidente sem Vítimas;628,5;BR-040/MG;Sul;Choque c/ Objeto Fixo;0;0;3;0;0;0;0;0;0;0;3;0;0;0;0
26/12/2020;21:55:00;229;Acidente sem Vítimas;518,1;BR-040/MG;Sul;Atropelamento de Animal;2;0;0;0;0;0;0;0;0;0;1;0;0;0;0
27/12/2020;02:02:00;16;Acidente com Vítimas;433;BR-040/MG;Sul;Queda de Ribanceira;1;0;0;0;0;0;0;0;0;0;1;0;0;0;0
27/12/2020;04:46:00;29;Acidente sem Vítimas;4,1;BR-040/GO;Norte;Choque c/ Objeto Fixo;1;0;0;0;0;1;0;0;0;0;1;0;0;0;0
27/12/2020;06:29:00;41;Acidente sem Vítimas;735,1;BR-040/MG;Sul;Capotamento;1;0;0;0;0;0;0;0;0;0;0;0;0;0;0
27/12/2020;07:00:00;46;Acidente com Vítimas;705,1;BR-040/MG;Norte;Capotamento;0;0;0;0;0;1;0;0;0;0;0;1;0;0;0
27/12/2020;09:57:00;78;Acidente sem Vítimas;716,1;BR-040/MG;Norte;Capotamento;2;0;0;0;0;0;0;0;0;0;0;0;0;0;0
27/12/2020;10:38:00;87;Acidente sem Vítimas;437,3;BR-040/MG;Sul;Colisão traseira;2;0;0;0;0;0;0;0;0;0;0;0;0;0;0
27/12/2020;12:01:00;110;Acidente com Vítimas;64,5;BR-040/GO;Norte;Tombamento de Moto;2;0;0;0;0;0;0;0;0;0;1;0;0;0;0
27/12/2020;13:44:00;138;Acidente Fatal;224,2;Fora_Rota;Sul;Colisão frontal;0;0;0;1;0;0;0;0;0;0;0;0;0;0;1
27/12/2020;14:07:00;141;Acidente sem Vítimas;751,1;BR-040/MG;Norte;Choque c/ Objeto Fixo;1;0;0;0;0;0;0;0;0;0;0;0;0;0;0
27/12/2020;14:11:00;143;Acidente sem Vítimas;751,1;BR-040/MG;Sul;Colisão traseira;2;0;0;0;0;0;0;0;0;0;0;0;0;0;0
27/12/2020;14:23:00;146;Acidente com Vítimas;635,1;BR-040/MG;Sul;Colisão lateral;3;0;0;0;0;2;0;0;0;0;1;4;0;1;0
27/12/2020;14:25:00;145;Acidente sem Vítimas;656,11;BR-040/MG;Sul;Choque c/ Objeto Fixo;1;0;0;0;0;0;0;0;0;0;0;0;0;0;0
27/12/2020;14:42:00;149;Acidente sem Vítimas;643,1;BR-040/MG;Sul;Choque c/ Objeto Fixo;2;0;0;0;0;0;0;0;0;0;0;0;0;0;0
27/12/2020;14:43:00;150;Acidente sem Vítimas;643,1;BR-040/MG;Sul;Tombamento de Moto;1;0;0;1;0;0;0;0;0;0;0;0;0;0;0
27/12/2020;15:40:00;160;Acidente sem Vítimas;112,3;BR-040/GO;Norte;Choque c/ Objeto Fixo;1;0;0;0;0;0;0;0;0;0;3;0;0;0;0
27/12/2020;15:51:00;165;Acidente sem Vítimas;509;BR-040/MG;Sul;Outros;3;0;0;0;0;0;0;0;0;0;0;0;0;0;0
27/12/2020;16:08:00;169;Acidente sem Vítimas;556;BR-040/MG;Norte;Outros;2;0;0;0;0;0;0;0;0;0;0;0;0;0;0
27/12/2020;16:44:00;173;Acidente sem Vítimas;162,9;BR-040/MG;Norte;Capotamento;1;0;0;0;0;0;0;0;0;0;3;0;0;0;0
27/12/2020;16:57:00;178;Acidente sem Vítimas;509,5;BR-040/MG;Norte;Engavetamento;8;0;0;0;0;0;0;0;0;0;2;0;0;0;0
27/12/2020;17:25:00;183;Acidente sem Vítimas;730,1;BR-040/MG;Sul;Choque c/ Objeto Fixo;1;0;0;0;0;0;0;0;0;0;2;0;0;0;0
27/12/2020;17:43:00;187;Acidente sem Vítimas;730,1;BR-040/MG;Norte;Choque c/ Objeto Fixo;1;0;0;0;0;0;0;0;0;0;1;0;0;0;0
27/12/2020;18:23:00;201;Acidente sem Vítimas;129,72;BR-040/MG;Norte;Colisão traseira;1;0;0;0;0;1;0;0;0;0;2;0;0;0;0