data;horario;n_da_ocorrencia;tipo_de_ocorrencia;km;trecho;sentido;tipo_de_acidente;automovel;bicicleta;caminhao;moto;onibus;outros;tracao_animal;transporte_de_cargas_especiais;trator_maquinas;utilitarios;ilesos;levemente_feridos;moderadamente_feridos;gravemente_feridos;mortos
10/01/2021;00:30:00;6;Acidente sem Vítimas;537,1;BR-040/MG;Norte;Colisão frontal;1;0;0;0;0;2;0;0;0;0;1;0;2;0;0
10/01/2021;00:37:00;7;Acidente sem Vítimas;150,5;BR-040/MG;Sul;Tombamento;0;0;0;0;1;0;0;0;0;0;1;0;0;0;0
10/01/2021;05:09:00;41;Acidente sem Vítimas;42;BR-040/MG;Sul;Colisão traseira;4;0;0;0;0;0;0;0;0;0;1;0;0;0;0
10/01/2021;06:16:00;50;Acidente sem Vítimas;647;BR-040/MG;Sul;Choque c/ Objeto Fixo;3;0;0;0;0;0;0;0;0;0;1;0;0;0;0
10/01/2021;07:53:00;60;Acidente sem Vítimas;718;BR-040/MG;Norte;Choque c/ Objeto Fixo;2;0;0;0;0;0;0;0;0;0;0;0;0;0;0
10/01/2021;12:27:00;113;Acidente sem Vítimas;730,105;BR-040/MG;Norte;Choque c/ Objeto Fixo;0;0;0;0;0;1;0;0;0;0;0;0;0;0;0
10/01/2021;13:20:00;122;Acidente sem Vítimas;10,35;BR-040/GO;Sul;Colisão traseira;1;0;0;0;0;0;0;0;0;0;1;0;0;0;0
10/01/2021;14:19:00;135;Acidente sem Vítimas;510,25;BR-040/MG;Sul;Choque c/ Objeto Fixo;1;0;0;0;0;0;0;0;0;0;1;0;0;0;0
10/01/2021;14:19:00;136;Acidente sem Vítimas;697;BR-040/MG;Sul;Outros;1;0;0;0;0;1;0;0;0;0;1;0;0;0;0
10/01/2021;14:44:00;140;Acidente sem Vítimas;730,15;BR-040/MG;Norte;Outros;0;0;0;0;1;0;0;0;0;0;0;0;0;0;0
10/01/2021;14:59:00;143;Acidente sem Vítimas;618,5;BR-040/MG;Sul;Colisão traseira;3;0;0;0;0;0;0;0;0;0;2;0;0;0;0
10/01/2021;15:16:00;152;Acidente sem Vítimas;530,25;BR-040/MG;Sul;Colisão traseira;3;0;0;0;0;0;0;0;0;0;1;0;0;0;0
10/01/2021;16:26:00;155;Acidente sem Vítimas;457,15;BR-040/MG;Sul;Choque c/ Objeto Fixo;1;0;0;0;0;0;0;0;0;0;1;0;0;0;0
10/01/2021;18:27:00;176;Acidente sem Vítimas;5;BR-040/GO;Sul;Colisão traseira;2;0;0;0;0;0;0;0;0;0;1;0;0;0;0
10/01/2021;18:32:00;180;Acidente sem Vítimas;5,4;BR-040/GO;Norte;Colisão traseira;1;0;0;1;0;0;0;0;0;0;1;0;0;0;0
10/01/2021;19:18:00;190;Acidente com Vítimas;594,5;BR-040/MG;Sul;Colisão traseira;2;0;0;0;0;0;0;0;0;0;1;1;1;0;0
10/01/2021;19:37:00;192;Acidente sem Vítimas;515,15;BR-040/MG;Sul;Colisão lateral;1;0;0;0;0;1;0;0;0;0;1;0;0;0;0
10/01/2021;21:09:00;218;Acidente sem Vítimas;11,6;BR-040/GO;Norte;Colisão traseira;2;1;0;0;0;1;0;0;0;0;5;0;0;0;0
10/01/2021;21:17:00;219;Acidente sem Vítimas;11,65;BR-040/GO;Norte;Choque com veículo da concessionária estacionado;3;0;0;0;0;1;0;0;0;0;3;0;0;0;0
11/01/2021;01:47:00;36;Acidente sem Vítimas;448,5;BR-040/MG;Norte;Capotamento;1;0;0;0;0;0;0;0;0;0;2;0;0;0;0
11/01/2021;02:52:00;66;Acidente com Vítimas;511,45;BR-040/MG;Sul;Atropelamento de Pedestre;1;0;0;0;0;1;0;0;0;0;1;2;0;0;0
11/01/2021;04:29:00;95;Acidente com Vítimas;6,5;BR-040/GO;Norte;Tombamento de Moto;0;1;1;1;0;0;0;0;0;0;2;0;0;1;0
11/01/2021;07:47:00;135;Acidente com Vítimas;12,1;BR-040/GO;Norte;Colisão transversal;0;1;0;1;0;0;0;0;0;0;0;0;1;0;0
11/01/2021;09:35:00;165;Acidente sem Vítimas;535,5;BR-040/MG;Norte;Colisão traseira;0;0;1;0;0;2;0;0;0;0;2;0;0;0;0
11/01/2021;09:59:00;169;Acidente com Vítimas;452,9;BR-040/MG;Sul;Capotamento;1;0;0;0;0;1;0;0;0;0;1;0;1;0;0
11/01/2021;14:29:00;235;Acidente sem Vítimas;458,9;BR-040/MG;Norte;Colisão traseira;3;0;0;0;0;2;0;0;0;0;2;0;0;0;0
11/01/2021;15:43:00;242;Acidente sem Vítimas;504,6;BR-040/MG;Sul;Choque c/ Objeto Fixo;1;0;0;0;0;0;0;0;0;0;1;0;0;0;0
11/01/2021;18:52:00;288;Acidente sem Vítimas;68,12;BR-040/GO;Sul;Choque c/ Objeto Fixo;1;0;0;0;0;1;0;0;0;0;1;0;0;0;0
12/01/2021;07:42:00;131;Acidente com Vítimas;544,99;BR-040/MG;Norte;Colisão transversal;1;0;0;1;0;0;0;0;0;0;1;0;0;0;0
12/01/2021;14:03:00;203;Acidente sem Vítimas;590;BR-040/MG;Norte;Choque c/ Objeto Fixo;1;0;0;0;0;0;0;0;0;0;0;0;0;0;0
12/01/2021;14:08:00;204;Acidente com Vítimas;7,8;BR-040/DF;Norte;Colisão traseira;0;0;0;1;0;1;0;0;0;0;2;0;0;1;0
12/01/2021;17:36:00;239;Acidente sem Vítimas;717,2;BR-040/MG;Norte;Choque com objeto;0;0;0;0;0;2;0;0;0;0;2;0;0;0;0
12/01/2021;19:21:00;265;Acidente sem Vítimas;615,45;BR-040/MG;Norte;Colisão frontal;0;0;1;0;0;1;0;0;0;0;2;0;0;0;0
12/01/2021;20:04:00;276;Acidente sem Vítimas;1,8;BR-040/GO;Sul;Colisão traseira;2;0;0;0;0;0;0;0;0;0;2;1;0;0;0
12/01/2021;20:30:00;282;Acidente com Vítimas;100,4;BR-040/MG;Norte;Colisão lateral;2;0;0;0;0;1;0;0;0;0;2;1;0;0;0
12/01/2021;21:31:00;293;Acidente com Vítimas;5,55;BR-040/GO;Sul;Engavetamento;6;0;0;2;0;0;0;0;0;0;2;2;0;0;0
13/01/2021;06:11:00;101;Acidente com Vítimas;510,2;BR-040/MG;Sul;Colisão traseira;1;0;0;1;0;0;0;0;0;0;1;1;0;0;0
13/01/2021;07:05:00;113;Acidente sem Vítimas;497,1;BR-040/MG;Norte;Colisão traseira;0;0;2;0;1;1;0;0;0;0;2;0;0;0;0
13/01/2021;07:57:00;126;Acidente sem Vítimas;39,1;BR-040/MG;Sul;Colisão transversal;2;0;0;0;0;0;0;0;0;0;2;0;0;0;0
13/01/2021;08:28:00;139;Acidente sem Vítimas;546,1;BR-040/MG;Sul;Capotamento;1;0;0;0;0;0;0;0;0;0;1;0;0;0;0
13/01/2021;08:51:00;148;Acidente com Vítimas;273,9;BR-040/MG;Sul;Colisão traseira;1;0;1;0;0;0;0;0;0;0;2;2;0;0;0
13/01/2021;09:02:00;152;Acidente com Vítimas;612;BR-040/MG;Norte;Colisão lateral;2;1;0;0;0;0;0;0;0;0;0;1;0;0;0
13/01/2021;10:00:00;162;Acidente sem Vítimas;246,2;BR-040/MG;Sul;Choque c/ Objeto Fixo;1;0;0;0;0;0;0;0;0;0;1;0;0;0;0
13/01/2021;11:31:00;184;Acidente sem Vítimas;532,3;BR-040/MG;Norte;Colisão traseira;1;0;0;0;0;1;0;0;0;0;2;0;0;0;0
13/01/2021;14:36:00;218;Acidente sem Vítimas;725;BR-040/MG;Sul;Colisão traseira;2;0;0;0;0;0;0;0;0;0;0;0;0;0;0
13/01/2021;17:38:00;277;Acidente com Vítimas;143,54;BR-040/GO;Norte;Colisão transversal;1;0;0;0;0;1;0;0;0;0;2;1;0;0;0
13/01/2021;17:41:00;278;Acidente sem Vítimas;273,86;BR-040/MG;Norte;Colisão traseira;0;0;0;1;2;0;0;0;0;0;2;0;0;0;0
13/01/2021;18:16:00;288;Acidente sem Vítimas;739;BR-040/MG;Norte;Capotamento;0;0;1;0;0;0;0;0;0;0;1;0;0;0;0
13/01/2021;18:19:00;289;Acidente com Vítimas;538,5;BR-040/MG;Norte;Engavetamento;2;0;0;1;0;0;0;0;0;0;2;0;1;0;0
13/01/2021;19:21:00;309;Acidente sem Vítimas;549,2;BR-040/MG;Sul;Choque c/ Objeto Fixo;0;0;1;0;1;0;0;0;0;0;1;0;0;0;0
13/01/2021;19:52:00;317;Acidente com Vítimas;506,8;BR-040/MG;Norte;Colisão lateral;1;0;0;0;0;1;0;0;0;0;3;1;0;0;0
13/01/2021;20:04:00;320;Acidente sem Vítimas;606;BR-040/MG;Norte;Choque com objeto;1;0;0;0;0;0;0;0;0;0;1;0;0;0;0
13/01/2021;20:10:00;321;Acidente sem Vítimas;181,1;BR-040/MG;Sul;Colisão lateral;0;0;0;0;2;1;0;0;0;0;2;0;0;0;0
14/01/2021;06:46:00;144;Acidente sem Vítimas;514,25;BR-040/MG;Sul;Colisão traseira;0;0;1;0;1;0;0;0;0;0;2;0;0;0;0
14/01/2021;06:55:00;143;Acidente com Vítimas;542,25;BR-040/MG;Sul;Colisão traseira;0;0;0;4;0;0;0;0;0;0;2;1;0;0;0
14/01/2021;07:18:00;155;Acidente com Vítimas;515,15;BR-040/MG;Sul;Colisão traseira;1;0;0;1;0;0;0;0;0;0;2;0;0;0;0
14/01/2021;08:08:00;170;Acidente sem Vítimas;150,5;BR-040/GO;Norte;Capotamento;1;0;0;0;0;1;0;0;0;0;1;0;0;0;0
14/01/2021;08:48:00;188;Acidente sem Vítimas;522,34;BR-040/MG;Sul;Tombamento;0;0;0;0;0;2;0;0;0;0;1;0;0;0;0
14/01/2021;14:15:00;258;Acidente sem Vítimas;3,4;BR-040/GO;Sul;Choque c/ Objeto Fixo;2;0;0;0;0;0;0;0;0;0;2;0;0;0;0
14/01/2021;14:26:00;259;Acidente sem Vítimas;541,15;BR-040/MG;Sul;Colisão traseira;0;1;0;0;2;0;0;0;0;0;21;0;0;0;0
14/01/2021;17:52:00;303;Acidente com Vítimas;534,8;BR-040/MG;Norte;Colisão lateral;1;0;0;1;0;0;0;0;0;0;2;0;0;0;0
14/01/2021;18:59:00;316;Acidente com Vítimas;6,8;BR-040/GO;Sul;Tombamento de Moto;0;0;0;1;0;0;0;0;0;0;0;0;1;0;0
14/01/2021;19:14:00;318;Acidente com Vítimas;522,1;BR-040/MG;Sul;Capotamento;1;0;0;0;0;0;0;0;0;0;1;0;0;1;0
14/01/2021;19:51:00;328;Acidente sem Vítimas;721,5;BR-040/MG;Sul;Atropelamento de Animal;1;0;0;0;0;0;0;0;0;0;1;0;0;0;0
14/01/2021;20:20:00;337;Acidente sem Vítimas;515;BR-040/MG;Sul;Colisão traseira;0;0;2;0;0;2;0;0;0;0;2;0;0;0;0
14/01/2021;20:35:00;335;Acidente com Vítimas;12,4;BR-040/GO;Sul;Colisão transversal;0;0;0;2;0;0;0;0;0;0;1;0;1;0;0
15/01/2021;11:13:00;179;Acidente sem Vítimas;515,1;BR-040/MG;Sul;Colisão traseira;1;0;0;0;0;1;0;0;0;0;2;0;0;0;0
15/01/2021;12:26:00;191;Acidente com Vítimas;560,35;BR-040/MG;Sul;Tombamento;1;0;0;0;0;0;0;0;0;0;1;1;0;0;0
15/01/2021;12:37:00;196;Acidente sem Vítimas;560,4;BR-040/MG;Sul;Tombamento;0;1;0;0;1;0;0;0;0;0;1;0;0;0;0
15/01/2021;13:34:00;209;Acidente sem Vítimas;44;BR-040/MG;Norte;Colisão transversal;3;0;0;1;0;0;0;0;0;0;1;0;0;0;0
15/01/2021;15:48:00;254;Acidente sem Vítimas;488,12;BR-040/MG;Norte;Colisão traseira;1;0;1;0;0;0;0;0;0;0;2;0;0;0;0
15/01/2021;15:49:00;255;Acidente sem Vítimas;537,3;BR-040/MG;Norte;Choque c/ Objeto Fixo;0;0;1;0;0;0;0;0;0;0;1;0;0;0;0
15/01/2021;16:36:00;267;Acidente sem Vítimas;537,305;BR-040/MG;Sul;Colisão lateral;1;0;0;2;0;0;0;0;0;0;2;0;0;0;0
15/01/2021;16:41:00;269;Acidente sem Vítimas;247,8;BR-040/MG;Norte;Tombamento;0;0;0;0;1;0;0;0;0;0;1;0;0;0;0
15/01/2021;17:11:00;278;Acidente com Vítimas;43,3;BR-040/MG;Sul;Tombamento de Moto;0;0;0;1;0;0;0;0;0;0;0;1;0;0;0
15/01/2021;18:15:00;289;Acidente sem Vítimas;452,1;BR-040/MG;Sul;Choque c/ Objeto Fixo;0;0;2;0;0;0;0;0;0;0;1;0;0;0;0
15/01/2021;18:29:00;294;Acidente sem Vítimas;6,4;BR-040/GO;Sul;Colisão lateral;2;0;0;1;0;0;0;0;0;0;1;0;0;0;0
15/01/2021;18:32:00;297;Acidente com Vítimas;496,1;BR-040/MG;Sul;Choque c/ Objeto Fixo;0;0;0;0;0;1;0;0;0;0;1;0;1;0;0
15/01/2021;18:39:00;298;Acidente sem Vítimas;530,1;BR-040/MG;Norte;Colisão traseira;1;0;2;0;0;1;0;0;0;0;1;0;0;0;0
15/01/2021;18:44:00;299;Acidente sem Vítimas;449,3;BR-040/MG;Norte;Tombamento;0;0;1;0;0;1;0;0;0;0;1;0;0;0;0
15/01/2021;20:11:00;318;Acidente sem Vítimas;6,8;BR-040/GO;Norte;Colisão transversal;1;0;0;0;1;0;0;0;0;0;2;0;0;0;0
15/01/2021;20:59:00;328;Acidente sem Vítimas;141,4;BR-040/GO;Sul;Outros;2;0;0;0;0;1;0;0;0;0;6;0;0;0;0
15/01/2021;22:30:00;354;Acidente sem Vítimas;616,1;BR-040/MG;Norte;Colisão traseira;1;0;0;0;2;1;0;0;0;0;5;0;0;0;0
16/01/2021;00:16:00;1;Acidente sem Vítimas;2,1;BR-040/GO;Norte;Colisão traseira;0;0;0;1;0;0;0;0;0;0;1;0;0;0;0
16/01/2021;02:13:00;38;Acidente com Vítimas;413,1;BR-040/MG;Norte;Colisão traseira;0;0;0;0;1;2;0;0;0;0;3;1;0;0;0
16/01/2021;06:09:00;50;Acidente com Vítimas;46,311;BR-040/MG;Sul;Tombamento de Moto;0;0;0;1;0;0;0;0;0;0;1;0;1;0;0
16/01/2021;11:46:00;113;Acidente sem Vítimas;0,4;BR-040/GO;Sul;Engavetamento;3;0;0;0;0;0;0;0;0;0;3;0;0;0;0
16/01/2021;11:48:00;114;Acidente com Vítimas;515,2;BR-040/MG;Sul;Colisão traseira;0;0;1;1;0;0;0;0;0;0;0;1;0;0;0
16/01/2021;18:37:00;189;Acidente com Vítimas;232,15;BR-040/MG;Sul;Capotamento;2;0;0;0;0;0;0;0;0;0;5;2;0;0;0
16/01/2021;22:22:00;232;Acidente com Vítimas;607,5;BR-040/MG;Sul;Colisão transversal;0;0;1;1;0;1;0;0;0;0;1;0;0;1;0
17/01/2021;01:25:00;10;Acidente sem Vítimas;501,6;BR-040/MG;Norte;Choque c/ Objeto Fixo;2;0;0;0;0;0;0;0;0;0;1;0;0;0;0
17/01/2021;01:50:00;13;Acidente com Vítimas;523,4;BR-040/MG;Sul;Choque c/ Objeto Fixo;1;0;0;0;0;0;0;0;0;0;1;0;0;0;0
17/01/2021;07:51:00;47;Acidente sem Vítimas;534,1;BR-040/MG;Norte;Choque c/ Objeto Fixo;1;0;0;0;0;0;0;0;0;0;1;0;0;0;0
17/01/2021;10:17:00;64;Acidente sem Vítimas;523,12;BR-040/MG;Sul;Colisão lateral;1;0;0;1;0;0;0;0;0;0;1;0;0;0;0
17/01/2021;11:53:00;79;Acidente com Vítimas;597,2;BR-040/MG;Norte;Colisão traseira;1;0;0;2;0;0;0;0;0;0;0;1;0;0;0
17/01/2021;12:17:00;86;Acidente com Vítimas;540,25;BR-040/MG;Sul;Tombamento de Moto;0;0;0;0;0;1;0;0;0;0;0;1;0;0;0
17/01/2021;14:53:00;108;Acidente sem Vítimas;465,1;BR-040/MG;Norte;Capotamento;2;0;1;0;0;0;0;0;0;0;2;0;0;0;0
17/01/2021;19:20:00;153;Acidente com Vítimas;515,3;BR-040/MG;Sul;Colisão lateral;0;0;0;1;1;0;0;0;0;0;1;1;0;0;0
18/01/2021;06:18:00;99;Acidente sem Vítimas;521,9;BR-040/MG;Sul;Colisão traseira;1;0;0;0;0;1;0;0;0;0;0;0;0;0;0
18/01/2021;06:27:00;105;Acidente com Vítimas;6,4;BR-040/GO;Norte;Engavetamento;4;0;0;2;0;1;0;0;0;0;8;1;0;0;0
18/01/2021;07:19:00;124;Acidente com Vítimas;523,7;BR-040/MG;Sul;Colisão lateral;3;0;0;0;0;0;0;0;0;0;0;1;0;0;0
18/01/2021;07:40:00;131;Acidente sem Vítimas;707,6;BR-040/MG;Norte;Colisão traseira;0;0;2;0;0;0;0;0;0;0;2;0;0;0;0
18/01/2021;12:35:00;221;Acidente sem Vítimas;519,1;BR-040/MG;Sul;Engavetamento;2;0;0;0;0;1;0;0;0;0;0;0;0;0;0
18/01/2021;13:43:00;231;Acidente sem Vítimas;0,4;BR-040/GO;Norte;Colisão lateral;2;0;0;0;1;0;0;0;0;0;2;0;0;0;0
18/01/2021;17:37:00;289;Acidente sem Vítimas;38,8;BR-040/MG;Norte;Choque c/ Objeto Fixo;0;0;0;0;0;1;0;0;0;0;0;1;1;0;0
18/01/2021;17:54:00;296;Acidente com Vítimas;0,5;BR-040/DF;Sul;Colisão lateral;0;0;0;3;0;1;0;0;0;0;2;1;0;0;0
18/01/2021;18:22:00;299;Acidente sem Vítimas;274,3;BR-040/MG;Sul;Choque c/ Objeto Fixo;0;0;0;0;0;1;0;0;0;0;1;0;0;0;0
18/01/2021;19:01:00;311;Acidente com Vítimas;56,5;BR-040/MG;Norte;Capotamento;1;0;0;0;0;0;0;0;0;0;2;1;0;0;0
18/01/2021;20:16:00;326;Acidente sem Vítimas;634,15;BR-040/MG;Sul;Colisão lateral;1;0;0;0;0;2;0;0;0;0;2;0;0;0;0
18/01/2021;22:08:00;349;Acidente sem Vítimas;617,2;BR-040/MG;Norte;Colisão traseira;0;0;1;0;0;0;0;0;0;0;1;0;0;0;0
19/01/2021;02:04:00;58;Acidente sem Vítimas;699,3;BR-040/MG;Norte;Choque c/ Objeto Fixo;2;0;0;0;0;0;0;0;0;0;1;0;0;0;0
19/01/2021;06:18:00;87;Acidente com Vítimas;511,1;BR-040/MG;Sul;Colisão lateral;1;0;0;1;0;0;0;0;0;0;2;1;0;0;0
19/01/2021;06:51:00;90;Acidente com Vítimas;515,1;BR-040/MG;Sul;Colisão lateral;1;0;0;2;0;0;0;0;0;0;1;1;0;0;0
19/01/2021;07:11:00;101;Acidente sem Vítimas;10,97;BR-040/GO;Sul;Colisão transversal;2;0;0;0;0;0;0;0;0;0;2;0;0;0;0
19/01/2021;07:23:00;106;Acidente com Vítimas;516,12;BR-040/MG;Sul;Atropelamento de Pedestre;0;0;0;1;0;0;0;0;0;0;1;0;1;0;0
19/01/2021;08:25:00;125;Acidente com Vítimas;505;BR-040/MG;Sul;Colisão lateral;1;0;0;1;0;0;0;0;0;0;1;0;1;0;0
19/01/2021;08:42:00;128;Acidente com Vítimas;509,5;BR-040/MG;Sul;Colisão lateral;1;0;0;1;0;0;0;0;0;0;2;1;0;0;0
19/01/2021;13:25:00;178;Acidente sem Vítimas;459,3;BR-040/MG;Norte;Colisão traseira;0;0;0;0;1;1;0;0;0;0;2;0;0;0;0
19/01/2021;15:41:00;206;Acidente sem Vítimas;515,12;BR-040/MG;Sul;Capotamento;2;0;0;0;0;0;0;0;0;0;1;0;0;0;0
19/01/2021;16:26:00;213;Acidente com Vítimas;515,12;BR-040/MG;Sul;Choque c/ Veículo Parado;0;0;0;1;0;0;0;0;0;0;1;1;0;0;0
19/01/2021;18:01:00;232;Acidente sem Vítimas;135,4;BR-040/GO;Norte;Capotamento;2;0;0;0;0;0;0;0;0;0;1;0;0;0;0
20/01/2021;12:06:00;209;Acidente sem Vítimas;608,53;BR-040/MG;Norte;Colisão traseira;2;0;0;0;0;0;0;0;0;0;0;0;0;0;0
20/01/2021;12:52:00;222;Acidente com Vítimas;79,9;BR-040/MG;Sul;Capotamento;2;0;0;0;0;3;0;0;0;0;2;1;1;0;0
21/01/2021;05:34:00;102;Acidente com Vítimas;528,6;BR-040/MG;Norte;Colisão traseira;1;0;0;0;1;1;0;0;0;0;2;0;1;0;0
21/01/2021;05:55:00;103;Acidente com Vítimas;12,6;BR-040/GO;Norte;Colisão traseira;1;0;0;2;0;0;0;0;0;0;1;0;1;0;0
21/01/2021;05:57:00;104;Acidente sem Vítimas;528,7;BR-040/MG;Norte;Colisão lateral;1;0;0;0;0;0;0;0;0;1;2;0;0;0;0
21/01/2021;06:34:00;118;Acidente sem Vítimas;587,3;BR-040/MG;Sul;Tombamento;0;0;2;0;1;0;0;0;0;0;1;0;0;0;0
21/01/2021;07:03:00;123;Acidente com Vítimas;540,3;BR-040/MG;Sul;Colisão lateral;2;0;0;3;1;0;0;0;0;0;3;0;1;0;0
21/01/2021;07:41:00;129;Acidente sem Vítimas;727,53;BR-040/MG;Norte;Atropelamento de Animal;2;0;0;0;0;0;0;0;0;0;1;0;0;0;0
21/01/2021;12:05:00;199;Acidente sem Vítimas;513,3;BR-040/MG;Norte;Atropelamento de Animal;0;0;2;0;0;0;0;0;0;0;1;0;0;0;0
21/01/2021;16:21:00;262;Acidente com Vítimas;514,15;BR-040/MG;Norte;Tombamento de Moto;0;0;0;2;0;1;0;0;0;0;0;1;0;0;0
21/01/2021;18:40:00;300;Acidente com Vítimas;709,1;BR-040/MG;Sul;Tombamento de Moto;0;0;0;1;0;0;0;0;0;0;1;0;1;0;0
21/01/2021;19:36:00;311;Acidente com Vítimas;525,5;BR-040/MG;Sul;Colisão traseira;1;0;0;0;1;0;0;0;0;0;2;0;0;0;0
21/01/2021;22:27:00;345;Acidente com Vítimas;533,1;BR-040/MG;Sul;Tombamento de Moto;0;0;0;0;0;1;0;0;0;0;0;0;1;0;0
21/01/2021;23:07:00;350;Acidente sem Vítimas;604,45;BR-040/MG;Sul;Choque c/ Objeto Fixo;0;0;1;1;0;0;0;0;0;0;1;0;0;0;0
21/01/2021;23:48:00;356;Acidente com Vítimas;603,5;BR-040/MG;Norte;Colisão traseira;1;0;1;0;0;0;0;0;0;0;2;0;1;0;0
22/01/2021;06:49:00;121;Acidente com Vítimas;533,2;BR-040/MG;Sul;Colisão traseira;1;0;0;1;0;0;0;0;0;0;1;1;0;0;0
22/01/2021;07:04:00;125;Acidente com Vítimas;6,4;BR-040/DF;Norte;Colisão lateral;1;0;0;1;0;0;0;0;0;0;1;1;0;0;0
22/01/2021;07:31:00;135;Acidente com Vítimas;82,3;BR-040/MG;Sul;Capotamento;1;0;0;0;0;0;0;0;0;0;0;4;0;0;0
22/01/2021;10:39:00;193;Acidente sem Vítimas;486,12;BR-040/MG;Norte;Capotamento;1;0;0;0;0;1;0;0;0;0;1;0;0;0;0
22/01/2021;11:18:00;197;Acidente sem Vítimas;533,5;BR-040/MG;Norte;Engavetamento;3;0;0;0;0;0;0;0;0;0;3;0;0;0;0
22/01/2021;12:11:00;209;Acidente sem Vítimas;487,12;BR-040/MG;Sul;Colisão traseira;1;0;0;0;1;0;0;0;0;0;0;0;0;0;0
22/01/2021;12:51:00;219;Acidente sem Vítimas;521,4;BR-040/MG;Norte;Colisão traseira;2;0;0;0;0;0;0;0;0;0;2;0;0;0;0
22/01/2021;13:41:00;227;Acidente sem Vítimas;511,5;BR-040/MG;Sul;Colisão traseira;1;0;0;0;0;0;0;0;0;0;1;0;0;0;0
22/01/2021;14:09:00;233;Acidente sem Vítimas;597,6;BR-040/MG;Norte;Colisão traseira;0;0;2;0;0;2;0;0;0;0;3;0;0;0;0
22/01/2021;14:44:00;242;Acidente com Vítimas;0,1;BR-040/GO;Sul;Colisão traseira;1;0;0;1;0;0;0;0;0;0;1;1;0;0;0
22/01/2021;14:53:00;245;Acidente sem Vítimas;667,89;BR-040/MG;Norte;Colisão lateral;1;0;0;0;0;0;0;0;0;1;2;0;0;0;0
22/01/2021;17:10:00;275;Acidente sem Vítimas;545,4;BR-040/MG;Norte;Colisão traseira;2;0;0;0;0;0;0;0;0;0;2;0;0;0;0
22/01/2021;19:38:00;315;Acidente sem Vítimas;524,1;BR-040/MG;Norte;Engavetamento;2;0;0;0;0;1;0;0;0;0;6;0;0;0;0
22/01/2021;19:40:00;317;Acidente sem Vítimas;616;BR-040/MG;Sul;Colisão traseira;2;0;0;0;0;2;0;0;0;0;2;0;0;0;0
22/01/2021;22:43:00;352;Acidente com Vítimas;716,1;BR-040/MG;Norte;Colisão frontal;3;0;0;0;0;0;0;0;0;0;0;1;2;0;0
22/01/2021;23:32:00;364;Acidente sem Vítimas;663;BR-040/MG;Sul;Tombamento de Moto;0;0;0;1;0;1;0;0;0;0;2;0;0;0;0
23/01/2021;02:07:00;30;Acidente sem Vítimas;538,4;BR-040/MG;Norte;Tombamento;0;0;0;0;1;0;0;0;0;0;1;0;0;0;0
23/01/2021;04:28:00;43;Acidente sem Vítimas;95,5;BR-040/MG;Norte;Colisão traseira;0;0;0;0;0;2;0;0;0;0;2;0;0;0;0
23/01/2021;04:36:00;45;Acidente com Vítimas;507,5;BR-040/MG;Norte;Atropelamento de Animal;0;0;0;0;1;0;0;0;0;0;18;1;0;0;0
23/01/2021;09:37:00;112;Acidente sem Vítimas;507,12;BR-040/MG;Norte;Colisão traseira;3;0;0;0;0;0;0;0;0;0;2;0;0;0;0
23/01/2021;17:34:00;190;Acidente com Vítimas;513,1;BR-040/MG;Sul;Atropelamento de Pedestre;1;0;0;1;0;0;0;0;0;0;1;1;0;0;0
23/01/2021;17:42:00;194;Acidente com Vítimas;639,15;BR-040/MG;Norte;Queda Veículo;0;0;0;0;0;0;0;0;0;0;0;1;0;0;0
23/01/2021;18:24:00;204;Acidente com Vítimas;708,3;BR-040/MG;Norte;Colisão traseira;1;0;0;2;0;1;0;0;0;0;2;2;0;0;0
23/01/2021;19:24:00;216;Acidente Fatal;280,9;BR-040/MG;Norte;Colisão transversal;0;0;0;2;1;0;0;0;0;0;42;0;0;0;1
23/01/2021;23:00:00;273;Acidente sem Vítimas;2,7;BR-040/GO;Sul;Choque c/ Objeto Fixo;2;0;0;0;0;2;0;0;0;0;2;0;0;0;0
23/01/2021;23:18:00;275;Acidente com Vítimas;525,1;BR-040/MG;Norte;Tombamento de Moto;0;0;0;1;0;0;0;0;0;0;0;0;1;0;0
24/01/2021;00:10:00;1;Acidente com Vítimas;541,5;BR-040/MG;Norte;Choque c/ Objeto Fixo;1;0;0;0;0;0;0;0;0;0;0;1;0;0;0
24/01/2021;03:07:00;26;Acidente sem Vítimas;660,9;BR-040/MG;Norte;Capotamento;2;0;0;0;0;0;0;0;0;0;2;1;0;0;0
24/01/2021;12:09:00;103;Acidente sem Vítimas;508,1;BR-040/MG;Sul;Engavetamento;3;0;0;0;0;0;0;0;0;0;0;0;0;0;0
24/01/2021;14:01:00;124;Acidente sem Vítimas;121,2;BR-040/GO;Norte;Choque c/ Objeto Fixo;1;0;0;0;0;0;0;0;0;0;2;0;0;0;0
24/01/2021;17:15:00;163;Acidente com Vítimas;534,1;BR-040/MG;Norte;Atropelamento de Pedestre;1;0;0;1;0;0;0;0;0;0;1;1;0;0;0
24/01/2021;17:54:00;170;Acidente sem Vítimas;521;BR-040/MG;Norte;Colisão lateral;3;0;0;0;0;0;0;0;0;0;2;0;0;0;0
24/01/2021;18:16:00;182;Acidente sem Vítimas;477;BR-040/MG;Norte;Choque c/ Objeto Fixo;0;0;0;1;0;0;0;0;0;0;1;0;0;0;0
24/01/2021;19:03:00;198;Acidente Fatal;0,5;BR-040/GO;Norte;Colisão traseira;0;0;0;1;0;1;0;0;0;0;1;0;0;0;1
24/01/2021;19:40:00;204;Acidente com Vítimas;12,15;BR-040/GO;Sul;Atropelamento de Pedestre;1;0;0;0;0;0;0;0;0;0;1;0;0;0;0
24/01/2021;20:42:00;214;Acidente com Vítimas;512;BR-040/MG;Norte;Capotamento;0;0;0;1;0;1;0;0;0;0;0;2;0;0;0
24/01/2021;21:43:00;223;Acidente com Vítimas;92,3;BR-040/GO;Norte;Colisão lateral;1;0;0;0;1;0;0;0;0;0;4;1;1;0;0