data;horario;n_da_ocorrencia;tipo_de_ocorrencia;km;trecho;sentido;tipo_de_acidente;automovel;bicicleta;caminhao;moto;onibus;outros;tracao_animal;transporte_de_cargas_especiais;trator_maquinas;utilitarios;ilesos;levemente_feridos;moderadamente_feridos;gravemente_feridos;mortos
24/01/2021;22:31:00;234;Acidente sem Vítimas;511,15;BR-040/MG;Norte;Choque c/ Objeto Fixo;1;0;0;0;0;0;0;0;0;0;1;0;0;0;0
25/01/2021;00:33:00;24;Acidente sem Vítimas;655,4;BR-040/MG;Sul;Choque c/ Objeto Fixo;2;0;0;0;0;0;0;0;0;0;2;0;0;0;0
25/01/2021;00:42:00;29;Acidente com Vítimas;3,2;BR-040/GO;Sul;Capotamento;1;0;0;0;0;0;0;0;0;0;2;1;1;0;0
25/01/2021;06:44:00;109;Acidente sem Vítimas;457,3;BR-040/MG;Sul;Capotamento;1;0;0;0;0;0;0;0;0;0;1;0;0;0;0
25/01/2021;08:23:00;131;Acidente sem Vítimas;513,15;BR-040/MG;Sul;Colisão traseira;2;0;0;0;0;0;0;0;0;0;1;0;0;0;0
25/01/2021;09:52:00;147;Acidente sem Vítimas;10,4;BR-040/GO;Sul;Colisão traseira;2;0;0;0;1;0;0;0;0;0;3;0;0;0;0
25/01/2021;10:49:00;159;Acidente sem Vítimas;517,7;BR-040/MG;Sul;Colisão traseira;2;0;0;0;0;1;0;0;0;0;1;0;0;0;0
25/01/2021;12:05:00;179;Acidente sem Vítimas;709,5;BR-040/MG;Sul;Capotamento;1;0;0;0;0;0;0;0;0;0;0;0;0;0;0
25/01/2021;12:13:00;181;Acidente sem Vítimas;761;BR-040/MG;Sul;Choque c/ Objeto Fixo;0;0;0;0;1;0;0;0;0;0;0;0;0;0;0
25/01/2021;13:39:00;196;Acidente com Vítimas;585;BR-040/MG;Sul;Capotamento;0;0;0;0;0;0;0;0;0;1;0;0;0;0;0
25/01/2021;14:17:00;205;Acidente com Vítimas;196,3;BR-040/MG;Sul;Tombamento;0;0;0;0;1;0;0;0;0;0;1;0;1;0;0
25/01/2021;16:29:00;227;Acidente sem Vítimas;678,3;BR-040/MG;Sul;Tombamento;0;0;0;0;1;0;0;0;0;0;0;0;0;0;0
25/01/2021;17:00:00;234;Acidente sem Vítimas;174,3;BR-040/MG;Norte;Tombamento;0;0;0;0;1;0;0;0;0;0;1;0;0;0;0
25/01/2021;17:24:00;237;Acidente com Vítimas;280,2;BR-040/MG;Norte;Choque c/ Objeto Fixo;1;0;0;0;0;0;0;0;0;0;1;1;0;0;0
25/01/2021;18:03:00;240;Acidente sem Vítimas;680,15;BR-040/MG;Norte;Choque c/ Objeto Fixo;1;0;0;0;0;0;0;0;0;0;4;0;0;0;0
26/01/2021;03:06:00;68;Acidente sem Vítimas;506,2;BR-040/MG;Norte;Atropelamento de Animal;1;0;0;0;0;0;0;0;0;0;2;0;0;0;0
26/01/2021;06:29:00;105;Acidente com Vítimas;4,7;BR-040/DF;Norte;Colisão traseira;0;0;2;3;0;0;0;0;1;0;1;0;0;0;0
26/01/2021;06:29:00;107;Acidente com Vítimas;94,9;BR-040/GO;Norte;Colisão transversal;1;0;0;1;0;0;0;0;0;0;3;1;0;0;0
26/01/2021;06:31:00;106;Acidente com Vítimas;575,1;BR-040/MG;Norte;Colisão transversal;0;0;0;1;0;1;0;0;0;0;0;1;0;0;0
26/01/2021;09:56:00;172;Acidente com Vítimas;145,175;BR-040/MG;Sul;Colisão transversal;2;0;0;0;0;0;0;0;0;0;0;0;0;0;0
26/01/2021;14:37:00;220;Acidente com Vítimas;539,12;BR-040/MG;Norte;Tombamento;1;0;1;0;0;2;0;0;0;0;1;1;0;0;0
26/01/2021;15:46:00;233;Acidente com Vítimas;5,5;BR-040/DF;Norte;Tombamento de Moto;0;0;0;1;0;0;0;0;0;0;1;1;0;0;0
26/01/2021;19:36:00;275;Acidente sem Vítimas;3,1;BR-040/GO;Sul;Colisão traseira;2;0;0;0;0;1;0;0;0;0;2;0;0;0;0
26/01/2021;21:27:00;295;Acidente com Vítimas;92,4;BR-040/GO;Norte;Colisão traseira;2;0;1;0;0;0;0;0;0;0;2;1;0;0;0
27/01/2021;05:58:00;88;Acidente sem Vítimas;615;BR-040/MG;Sul;Colisão lateral;2;0;0;0;1;1;0;0;0;0;1;0;0;0;0
27/01/2021;07:48:00;137;Acidente sem Vítimas;538,2;BR-040/MG;Norte;Choque c/ Objeto Fixo;1;0;1;0;0;1;0;0;0;0;1;0;0;0;0
27/01/2021;07:59:00;142;Acidente com Vítimas;527,1;BR-040/MG;Sul;Tombamento de Moto;1;0;0;0;0;1;0;0;0;0;2;0;0;0;0
27/01/2021;11:40:00;205;Acidente com Vítimas;66,4;BR-040/GO;Sul;Capotamento;1;0;0;0;0;0;0;0;0;0;0;3;2;0;0
27/01/2021;13:36:00;229;Acidente sem Vítimas;129,87;BR-040/MG;Norte;Outros;1;0;0;0;0;0;0;0;0;0;0;0;0;0;0
27/01/2021;13:39:00;230;Acidente sem Vítimas;533,5;BR-040/MG;Norte;Colisão lateral;0;0;1;1;0;0;0;0;0;0;1;0;1;0;0
27/01/2021;16:32:00;261;Acidente sem Vítimas;430,12;BR-040/MG;Sul;Colisão traseira;2;0;1;0;0;0;0;0;0;0;7;0;0;0;0
27/01/2021;17:38:00;273;Acidente sem Vítimas;520,3;BR-040/MG;Norte;Colisão lateral;1;0;0;0;1;0;0;0;0;0;2;0;0;0;0
27/01/2021;20:17:00;332;Acidente sem Vítimas;2,8;BR-040/DF;Sul;Engavetamento;4;0;0;0;0;1;0;0;0;0;4;0;0;0;0
28/01/2021;01:18:00;12;Acidente com Vítimas;249,4;BR-040/MG;Sul;Tombamento;0;0;1;0;0;0;0;0;0;0;1;1;0;0;0
28/01/2021;04:05:00;94;Acidente sem Vítimas;523,8;BR-040/MG;Sul;Capotamento;1;0;0;0;0;0;0;0;0;0;1;0;0;0;0
28/01/2021;07:21:00;144;Acidente com Vítimas;512,1;BR-040/MG;Sul;Tombamento de Moto;0;0;0;1;0;0;0;0;0;0;0;1;1;0;0
28/01/2021;08:23:00;163;Acidente sem Vítimas;628;BR-040/MG;Sul;Outros;1;0;0;1;0;0;0;0;0;0;0;1;0;0;0
28/01/2021;09:56:00;184;Acidente sem Vítimas;464,1;BR-040/MG;Sul;Colisão traseira;3;0;0;0;0;0;0;0;0;0;5;0;0;0;0
28/01/2021;10:16:00;189;Acidente sem Vítimas;96,5;BR-040/GO;Norte;Colisão transversal;2;0;0;0;0;0;0;0;0;0;2;0;0;0;0
28/01/2021;12:46:00;220;Acidente com Vítimas;307,3;BR-040/MG;Norte;Tombamento de Moto;2;0;0;0;0;0;0;0;0;0;0;0;1;0;0
28/01/2021;14:43:00;246;Acidente sem Vítimas;465,8;BR-040/MG;Sul;Colisão traseira;2;0;0;3;0;0;0;0;0;0;2;0;0;0;0
28/01/2021;15:22:00;256;Acidente sem Vítimas;4,5;BR-040/DF;Norte;Engavetamento;3;0;0;0;0;0;0;0;0;0;3;0;0;0;0
28/01/2021;15:36:00;259;Acidente sem Vítimas;465,7;BR-040/MG;Norte;Capotamento;1;0;0;0;0;0;0;0;0;0;1;0;0;0;0
28/01/2021;15:43:00;262;Acidente sem Vítimas;127;BR-040/MG;Sul;Colisão traseira;1;0;1;0;0;0;0;0;0;0;1;0;0;0;0
28/01/2021;15:43:00;263;Acidente sem Vítimas;604,15;BR-040/MG;Norte;Outros;0;0;0;1;0;0;0;0;0;0;0;0;0;0;0
28/01/2021;16:52:00;273;Acidente com Vítimas;6,5;BR-040/GO;Norte;Engavetamento;5;0;0;2;0;0;0;0;0;0;2;1;0;0;0
28/01/2021;19:36:00;303;Acidente sem Vítimas;458,7;BR-040/MG;Sul;Capotamento;1;0;0;1;0;0;0;0;0;0;2;0;0;0;0
28/01/2021;22:17:00;331;Acidente com Vítimas;543,3;BR-040/MG;Norte;Tombamento de Moto;0;0;0;0;0;1;0;0;0;0;1;0;0;0;0
29/01/2021;01:09:00;7;Acidente sem Vítimas;7,6;BR-040/GO;Sul;Choque c/ Objeto Fixo;2;0;0;0;0;1;0;0;0;0;2;0;0;0;0
29/01/2021;06:20:00;83;Acidente com Vítimas;6,1;BR-040/DF;Norte;Colisão traseira;1;0;0;1;0;0;0;0;0;0;1;0;1;0;0
29/01/2021;06:33:00;89;Acidente com Vítimas;148,2;BR-040/GO;Norte;Outros;0;0;0;0;0;4;0;0;0;0;4;2;3;0;0
29/01/2021;07:05:00;99;Acidente sem Vítimas;541,95;BR-040/MG;Sul;Colisão traseira;1;0;0;0;0;1;0;0;0;0;2;0;0;0;0
29/01/2021;07:24:00;110;Acidente sem Vítimas;541,1;BR-040/MG;Sul;Colisão traseira;1;0;0;1;0;0;0;0;0;0;2;0;0;0;0
29/01/2021;07:27:00;111;Acidente com Vítimas;293,1;BR-040/MG;Norte;Tombamento;0;0;1;0;1;0;0;0;0;0;1;0;1;0;0
29/01/2021;07:40:00;113;Acidente com Vítimas;27,3;BR-040/GO;Norte;Colisão lateral;0;0;0;0;1;2;0;0;0;0;2;1;1;0;0
29/01/2021;07:40:00;117;Acidente sem Vítimas;507,3;BR-040/MG;Sul;Choque c/ Objeto Fixo;2;0;0;0;0;0;0;0;0;0;1;0;0;0;0
29/01/2021;08:21:00;130;Acidente sem Vítimas;5,5;BR-040/DF;Norte;Colisão traseira;3;0;0;0;0;0;0;0;0;0;2;0;0;0;0
29/01/2021;08:44:00;135;Acidente sem Vítimas;543,5;BR-040/MG;Norte;Colisão traseira;1;0;2;0;0;0;0;0;0;0;2;0;0;0;0
29/01/2021;10:16:00;153;Acidente sem Vítimas;10,2;BR-040/GO;Sul;Colisão traseira;2;0;0;0;0;0;0;0;0;0;3;0;0;0;0
29/01/2021;10:41:00;159;Acidente sem Vítimas;535,1;BR-040/MG;Norte;Engavetamento;3;0;3;0;0;0;0;0;0;0;3;0;0;0;0
29/01/2021;13:26:00;204;Acidente com Vítimas;10,9;BR-040/GO;Norte;Atropelamento de Animal;0;0;0;0;0;2;0;0;0;0;0;1;0;0;0
29/01/2021;13:55:00;211;Acidente sem Vítimas;663,12;BR-040/MG;Sul;Colisão lateral;0;0;1;0;0;2;0;0;0;0;0;0;0;0;0
29/01/2021;13:57:00;212;Acidente sem Vítimas;518,2;BR-040/MG;Sul;Colisão traseira;1;0;0;0;1;0;0;0;0;0;2;0;0;0;0
29/01/2021;16:35:00;247;Acidente sem Vítimas;521,3;BR-040/MG;Norte;Colisão traseira;4;0;0;0;0;0;0;0;0;0;3;0;0;0;0
29/01/2021;17:02:00;256;Acidente com Vítimas;533,5;BR-040/MG;Norte;Colisão traseira;0;0;0;1;0;1;0;0;0;0;0;1;0;0;0
29/01/2021;17:25:00;261;Acidente com Vítimas;574,25;BR-040/MG;Sul;Colisão traseira;3;0;0;0;0;2;0;0;0;1;4;1;0;0;0
29/01/2021;18:35:00;280;Acidente sem Vítimas;3;BR-040/GO;Sul;Colisão lateral;0;0;0;1;0;2;0;0;0;0;1;0;0;0;0
29/01/2021;19:33:00;289;Acidente com Vítimas;705,5;BR-040/MG;Sul;Tombamento de Moto;0;0;0;1;0;0;0;0;0;0;0;1;0;0;0
29/01/2021;20:07:00;296;Acidente sem Vítimas;440,3;BR-040/MG;Norte;Colisão lateral;2;0;0;1;0;0;0;0;0;0;4;0;0;0;0
29/01/2021;20:20:00;302;Acidente Fatal;466,3;BR-040/MG;Norte;Atropelamento de Andarilho;0;0;0;0;0;2;0;0;0;0;1;0;0;0;1
29/01/2021;23:11:00;335;Acidente com Vítimas;536,8;BR-040/MG;Norte;Colisão traseira;2;0;0;0;0;0;0;0;0;0;1;0;0;0;0
30/01/2021;00:13:00;2;Acidente sem Vítimas;703,8;BR-040/MG;Sul;Outros;1;0;0;0;0;0;0;0;0;0;1;0;0;0;0
30/01/2021;01:21:00;8;Acidente com Vítimas;470,15;BR-040/MG;Norte;Choque com objeto;1;0;0;0;0;0;0;0;0;0;1;0;0;0;0
30/01/2021;06:22:00;49;Acidente com Vítimas;520,3;BR-040/MG;Sul;Colisão traseira;1;0;0;1;0;0;0;0;0;0;2;0;1;0;0
30/01/2021;10:28:00;90;Acidente sem Vítimas;480,1;BR-040/MG;Sul;Colisão lateral;1;0;0;0;1;0;0;0;0;0;2;0;0;0;0
30/01/2021;10:50:00;100;Acidente com Vítimas;653,1;BR-040/MG;Sul;Queda Veículo;0;0;0;1;0;2;0;0;0;0;0;2;0;0;0
30/01/2021;12:33:00;117;Acidente sem Vítimas;568,3;BR-040/MG;Norte;Colisão traseira;1;0;0;0;0;0;0;0;0;0;1;0;0;0;0
30/01/2021;14:07:00;135;Acidente com Vítimas;569,95;BR-040/MG;Norte;Colisão transversal;3;0;0;0;0;0;0;0;0;0;1;0;1;0;0
30/01/2021;16:41:00;164;Acidente sem Vítimas;510,12;BR-040/MG;Sul;Engavetamento;3;0;0;0;0;0;0;0;0;0;3;0;0;0;0
30/01/2021;17:28:00;173;Acidente com Vítimas;268,2;BR-040/MG;Norte;Capotamento;2;0;0;0;0;0;0;0;0;0;0;0;0;1;0
30/01/2021;20:07:00;203;Acidente com Vítimas;546,15;BR-040/MG;Norte;Choque c/ Objeto Fixo;0;0;0;0;0;2;0;0;0;0;2;1;0;0;0
30/01/2021;20:14:00;204;Acidente Fatal;82,2;BR-040/GO;Sul;Colisão traseira;1;0;0;1;0;1;0;0;0;0;4;0;0;0;1
30/01/2021;21:59:00;221;Acidente com Vítimas;8,5;BR-040/GO;Norte;Colisão lateral;2;0;0;0;0;0;0;0;0;0;1;1;0;0;0
30/01/2021;23:51:00;235;Acidente sem Vítimas;279,4;BR-040/MG;Norte;Choque c/ Objeto Fixo;1;0;0;0;0;0;0;0;0;0;1;0;0;0;0
01/02/2021;07:03:00;115;Acidente sem Vítimas;0;BR-040/GO;Norte;Outros;0;0;0;2;0;0;0;0;0;0;0;0;0;0;0
01/02/2021;07:43:00;121;Acidente com Vítimas;506,8;BR-040/MG;Sul;Tombamento de Moto;0;0;0;0;0;1;0;0;0;0;0;2;0;0;0
01/02/2021;07:51:00;127;Acidente sem Vítimas;3,5;BR-040/DF;Norte;Atropelamento de Pedestre;0;0;0;1;0;1;0;0;0;0;0;0;0;0;0
01/02/2021;10:30:00;160;Acidente com Vítimas;360,2;BR-040/MG;Sul;Tombamento de Moto;0;0;0;1;0;0;0;0;0;0;0;1;0;0;0
01/02/2021;14:13:00;202;Acidente sem Vítimas;524,6;BR-040/MG;Sul;Colisão traseira;0;0;0;0;1;1;0;0;0;0;0;0;0;0;0
01/02/2021;17:21:00;237;Acidente com Vítimas;556,35;BR-040/MG;Norte;Engavetamento;6;0;0;0;0;0;0;0;0;0;1;1;0;0;0
01/02/2021;19:37:00;272;Acidente com Vítimas;532,5;BR-040/MG;Norte;Engavetamento;2;0;0;1;0;0;0;0;0;0;2;1;0;0;0
01/02/2021;22:34:00;309;Acidente com Vítimas;567,3;BR-040/MG;Norte;Choque c/ Objeto Fixo;2;0;0;0;0;1;0;0;0;0;1;0;0;0;0
02/02/2021;04:10:00;74;Acidente com Vítimas;445,5;BR-040/MG;Sul;Colisão traseira;0;0;2;0;0;0;0;0;0;0;2;0;0;0;0
02/02/2021;06:52:00;96;Acidente com Vítimas;538,5;BR-040/MG;Norte;Tombamento de Moto;0;0;0;1;0;0;0;0;0;0;0;1;0;0;0
02/02/2021;11:15:00;161;Acidente sem Vítimas;22;BR-040/GO;Sul;Capotamento;1;0;0;0;0;1;0;0;0;0;0;0;0;0;0
02/02/2021;15:47:00;210;Acidente com Vítimas;497,185;BR-040/MG;Norte;Colisão traseira;1;0;0;0;0;1;0;0;0;0;1;2;0;0;0
02/02/2021;16:20:00;218;Acidente com Vítimas;701,2;BR-040/MG;Sul;Tombamento de Moto;2;0;0;2;0;0;0;0;0;0;1;1;0;0;0
02/02/2021;16:45:00;220;Acidente sem Vítimas;65,1;BR-040/GO;Sul;Outros;0;0;0;0;0;1;0;0;0;0;0;0;0;0;0
02/02/2021;17:58:00;235;Acidente com Vítimas;4,2;BR-040/DF;Sul;Colisão lateral;1;0;0;1;0;0;0;0;0;0;3;1;0;0;0
02/02/2021;19:05:00;249;Acidente sem Vítimas;656,151;BR-040/MG;Norte;Colisão traseira;1;0;0;0;0;0;0;0;0;0;1;0;0;0;0
02/02/2021;21:08:00;273;Acidente com Vítimas;35,9;BR-040/MG;Norte;Tombamento;0;0;0;0;1;0;0;0;0;0;0;1;0;0;0
02/02/2021;22:35:00;294;Acidente com Vítimas;614,15;BR-040/MG;Sul;Atropelamento de Pedestre;0;0;0;1;0;0;0;0;0;0;1;0;0;0;0
03/02/2021;06:16:00;87;Acidente com Vítimas;505,3;BR-040/MG;Sul;Capotamento;1;0;0;0;0;1;0;0;0;0;0;1;2;0;0
03/02/2021;06:27:00;89;Acidente com Vítimas;531,8;BR-040/MG;Sul;Colisão traseira;0;0;0;2;0;0;0;0;0;0;0;1;0;0;0
03/02/2021;06:52:00;96;Acidente sem Vítimas;541,2;BR-040/MG;Sul;Colisão traseira;2;0;0;0;0;0;0;0;0;0;1;0;0;0;0
03/02/2021;07:11:00;110;Acidente sem Vítimas;513,5;BR-040/MG;Sul;Colisão lateral;1;0;1;1;0;1;0;0;0;0;2;0;0;0;0
03/02/2021;07:39:00;114;Acidente sem Vítimas;513,45;BR-040/MG;Norte;Colisão lateral;1;0;0;2;0;0;0;0;0;0;1;0;0;0;0
03/02/2021;17:22:00;230;Acidente sem Vítimas;606,2;BR-040/MG;Norte;Engavetamento;4;0;1;1;0;0;0;0;0;0;7;0;0;0;0
03/02/2021;22:24:00;299;Acidente com Vítimas;432,1;BR-040/MG;Norte;Colisão traseira;0;0;2;0;1;1;0;0;0;0;1;1;0;0;0
04/02/2021;01:36:00;25;Acidente sem Vítimas;535,1;BR-040/MG;Sul;Choque c/ Objeto Fixo;0;0;3;0;0;0;0;0;0;0;1;0;0;0;0
04/02/2021;03:28:00;85;Acidente com Vítimas;129,902;BR-040/MG;Sul;Tombamento;0;0;1;0;0;0;0;0;0;0;1;1;0;0;0
04/02/2021;06:24:00;111;Acidente sem Vítimas;510,3;BR-040/MG;Sul;Engavetamento;0;0;0;5;0;1;0;0;0;0;3;0;0;0;0
04/02/2021;06:31:00;106;Acidente sem Vítimas;542,5;BR-040/MG;Norte;Colisão traseira;1;0;1;0;0;0;0;0;0;0;2;0;0;0;0
04/02/2021;06:54:00;118;Acidente sem Vítimas;475,8;BR-040/MG;Norte;Colisão lateral;1;0;1;0;0;0;0;0;0;0;2;0;0;0;0
04/02/2021;08:18:00;139;Acidente com Vítimas;572,9;BR-040/MG;Norte;Tombamento de Moto;0;0;0;1;0;0;0;0;0;0;1;1;0;0;0
04/02/2021;09:42:00;154;Acidente sem Vítimas;578,1;BR-040/MG;Sul;Choque c/ Objeto Fixo;0;0;0;0;1;1;0;0;0;0;1;0;0;0;0
04/02/2021;14:21:00;209;Acidente sem Vítimas;7,5;BR-040/DF;Norte;Colisão traseira;2;0;0;0;0;0;0;0;0;0;0;0;0;0;0
04/02/2021;17:43:00;250;Acidente sem Vítimas;751,1;BR-040/MG;Sul;Choque com objeto;1;0;0;0;0;0;0;0;0;0;3;0;0;0;0
04/02/2021;17:43:00;251;Acidente sem Vítimas;539,9;BR-040/MG;Norte;Engavetamento;4;0;0;0;0;0;0;0;0;0;5;0;0;0;0
04/02/2021;18:42:00;263;Acidente sem Vítimas;731,6;BR-040/MG;Sul;Choque c/ Objeto Fixo;1;0;0;0;0;0;0;0;0;0;1;0;0;0;0
04/02/2021;22:33:00;309;Acidente com Vítimas;2,9;BR-040/GO;Sul;Tombamento de Moto;0;0;0;1;0;1;0;0;0;0;2;1;0;0;0
05/02/2021;00:56:00;47;Acidente sem Vítimas;511,1;BR-040/MG;Norte;Colisão traseira;1;0;0;0;1;0;0;0;0;0;10;0;0;0;0
05/02/2021;05:28:00;103;Acidente com Vítimas;16,5;BR-040/GO;Sul;Atropelamento de Pedestre;0;0;0;2;0;0;0;0;0;0;1;0;0;0;0
05/02/2021;07:59:00;139;Acidente sem Vítimas;555,6;BR-040/MG;Sul;Choque c/ Objeto Fixo;2;0;0;0;0;0;0;0;0;0;1;0;0;0;0
05/02/2021;08:54:00;154;Acidente sem Vítimas;749,9;BR-040/MG;Norte;Choque c/ Objeto Fixo;1;0;0;0;0;0;0;0;0;0;3;0;0;0;0
05/02/2021;11:28:00;200;Acidente sem Vítimas;556,6;BR-040/MG;Sul;Choque c/ Objeto Fixo;0;0;1;0;0;1;0;0;0;0;1;0;0;0;0
05/02/2021;11:56:00;207;Acidente com Vítimas;537,92;BR-040/MG;Norte;Engavetamento;2;0;1;3;1;0;0;0;0;0;6;1;0;0;0
05/02/2021;12:07:00;210;Acidente sem Vítimas;558,6;BR-040/MG;Norte;Choque c/ Objeto Fixo;1;0;0;0;0;2;0;0;0;0;2;0;0;0;0
05/02/2021;14:33:00;241;Acidente sem Vítimas;512,9;BR-040/MG;Norte;Engavetamento;3;0;0;0;1;1;0;0;0;0;5;0;0;0;0
05/02/2021;14:41:00;242;Acidente sem Vítimas;24,2;BR-040/GO;Sul;Colisão traseira;1;0;1;0;0;0;0;0;0;0;2;0;0;0;0
05/02/2021;15:23:00;253;Acidente com Vítimas;461,3;BR-040/MG;Sul;Engavetamento;1;0;0;0;1;1;0;0;0;0;2;0;1;0;0
05/02/2021;15:25:00;254;Acidente sem Vítimas;460,3;BR-040/MG;Sul;Engavetamento;1;0;0;0;1;0;0;0;0;0;2;0;0;0;0
05/02/2021;15:38:00;259;Acidente com Vítimas;638,1;BR-040/MG;Norte;Tombamento de Moto;0;0;0;1;0;0;0;0;0;0;0;1;0;0;0
05/02/2021;16:10:00;269;Acidente com Vítimas;465,8;BR-040/MG;Norte;Capotamento;2;0;0;0;0;1;0;0;0;0;1;1;0;1;0
05/02/2021;16:30:00;275;Acidente sem Vítimas;8,5;BR-040/GO;Sul;Colisão lateral;2;0;0;0;0;0;0;0;0;0;2;0;0;0;0
05/02/2021;17:37:00;287;Acidente sem Vítimas;5,1;BR-040/GO;Sul;Colisão traseira;2;0;0;1;0;0;0;0;0;0;3;0;0;0;0
05/02/2021;18:33:00;304;Acidente sem Vítimas;128,95;BR-040/MG;Norte;Choque c/ Objeto Fixo;1;0;0;0;0;0;0;0;0;0;1;0;0;0;0
05/02/2021;20:02:00;321;Acidente sem Vítimas;537,98;BR-040/MG;Norte;Colisão traseira;1;0;0;0;1;0;0;0;0;0;3;0;0;0;0
05/02/2021;20:39:00;333;Acidente sem Vítimas;535,8;BR-040/MG;Norte;Colisão traseira;2;0;0;0;0;0;0;0;0;0;0;0;0;0;0
05/02/2021;21:40:00;348;Acidente sem Vítimas;62,15;BR-040/MG;Sul;Choque c/ Objeto Fixo;1;0;0;0;0;0;0;0;0;0;3;0;0;0;0
05/02/2021;22:36:00;356;Acidente com Vítimas;444,2;BR-040/MG;Sul;Tombamento;0;0;1;0;0;0;0;0;0;0;0;1;0;0;0
06/02/2021;02:15:00;21;Acidente sem Vítimas;4,9;BR-040/GO;Norte;Capotamento;1;0;0;0;0;1;0;0;0;0;0;0;0;0;0
06/02/2021;05:45:00;37;Acidente com Vítimas;517,95;BR-040/MG;Sul;Tombamento de Moto;0;0;0;1;0;0;0;0;0;0;0;1;0;0;0
06/02/2021;07:30:00;49;Acidente sem Vítimas;768,3;BR-040/MG;Sul;Choque c/ Objeto Fixo;1;0;0;0;0;1;0;0;0;0;1;0;0;0;0
06/02/2021;08:31:00;56;Acidente sem Vítimas;352,809;BR-040/MG;Norte;Colisão lateral;3;0;0;0;0;0;0;0;0;0;2;0;0;0;0
06/02/2021;13:28:00;110;Acidente sem Vítimas;733,8;BR-040/MG;Sul;Choque c/ Objeto Fixo;1;0;0;0;0;1;0;0;0;0;0;1;0;0;0
06/02/2021;14:54:00;122;Acidente sem Vítimas;439,2;BR-040/MG;Norte;Choque c/ Objeto Fixo;1;0;0;0;0;0;0;0;0;0;1;0;0;0;0
06/02/2021;15:19:00;131;Acidente com Vítimas;517,8;BR-040/MG;Norte;Tombamento de Moto;0;0;0;1;0;0;0;0;0;0;0;0;1;0;0
06/02/2021;17:44:00;152;Acidente com Vítimas;751,9;BR-040/MG;Norte;Capotamento;1;0;0;0;0;0;0;0;0;0;3;1;0;0;0
06/02/2021;18:37:00;168;Acidente sem Vítimas;514,3;BR-040/MG;Norte;Choque c/ Objeto Fixo;1;0;0;0;0;1;0;0;0;0;0;0;0;0;0
06/02/2021;18:42:00;171;Acidente sem Vítimas;69,9;BR-040/MG;Norte;Choque c/ Objeto Fixo;0;0;0;1;0;0;0;0;0;0;1;0;0;0;0
06/02/2021;18:44:00;173;Acidente sem Vítimas;457,3;BR-040/MG;Sul;Colisão traseira;1;0;0;0;0;1;0;0;0;0;0;0;0;0;0
06/02/2021;19:11:00;180;Acidente com Vítimas;616,2;BR-040/MG;Norte;Tombamento de Moto;0;0;0;1;0;0;0;0;0;0;0;2;0;0;0
06/02/2021;19:43:00;188;Acidente sem Vítimas;129,8;BR-040/MG;Norte;Tombamento;0;0;1;0;1;0;0;0;0;0;2;0;0;0;0
06/02/2021;21:34:00;201;Acidente com Vítimas;1,6;BR-040/GO;Sul;Colisão traseira;2;0;0;1;0;1;0;0;0;0;3;1;0;0;0
06/02/2021;22:50:00;211;Acidente com Vítimas;444,8;BR-040/MG;Sul;Tombamento;0;0;1;0;0;0;0;0;0;0;0;1;0;0;0
07/02/2021;02:43:00;23;Acidente sem Vítimas;278,35;BR-040/MG;Norte;Tombamento;0;0;2;0;0;1;0;0;0;0;1;0;0;0;0
07/02/2021;05:26:00;30;Acidente sem Vítimas;7,2;BR-040/GO;Sul;Colisão traseira;1;0;0;1;0;0;0;0;0;0;2;1;0;0;0
07/02/2021;07:12:00;38;Acidente sem Vítimas;465;BR-040/MG;Norte;Choque c/ Objeto Fixo;2;0;0;0;0;0;0;0;0;0;1;0;0;0;0
07/02/2021;10:00:00;73;Acidente sem Vítimas;551,3;BR-040/MG;Norte;Choque c/ Objeto Fixo;3;0;0;0;0;0;0;0;0;0;1;0;0;0;0
07/02/2021;11:03:00;87;Acidente sem Vítimas;698,12;BR-040/MG;Sul;Choque c/ Objeto Fixo;1;0;0;0;0;0;0;0;0;0;1;0;0;0;0
07/02/2021;12:01:00;97;Acidente com Vítimas;12,4;BR-040/GO;Norte;Atropelamento de Ciclista;1;0;0;0;0;1;0;0;0;0;0;1;0;0;0
07/02/2021;12:40:00;104;Acidente sem Vítimas;506;BR-040/MG;Sul;Choque c/ Objeto Fixo;0;0;0;0;0;2;0;0;0;0;1;0;0;0;0
07/02/2021;12:50:00;106;Acidente sem Vítimas;512,2;BR-040/MG;Norte;Outros;1;0;0;0;0;0;0;0;0;0;1;0;0;0;0
07/02/2021;13:39:00;115;Acidente sem Vítimas;512,2;BR-040/MG;Norte;Colisão traseira;2;0;0;0;0;0;0;0;0;0;2;0;0;0;0
07/02/2021;14:09:00;121;Acidente sem Vítimas;592,2;BR-040/MG;Norte;Choque c/ Objeto Fixo;1;0;0;0;0;1;0;0;0;0;1;0;0;0;0
07/02/2021;14:38:00;124;Acidente sem Vítimas;517,6;BR-040/MG;Sul;Colisão traseira;3;0;0;0;1;0;0;0;0;0;16;0;0;0;0
07/02/2021;15:13:00;126;Acidente com Vítimas;492,1;BR-040/MG;Norte;Outros;1;0;0;0;0;0;0;0;0;0;0;2;0;0;0
07/02/2021;15:33:00;129;Acidente sem Vítimas;730,41;BR-040/MG;Norte;Choque c/ Objeto Fixo;3;0;0;0;0;0;0;0;0;0;1;0;0;0;0
07/02/2021;15:45:00;131;Acidente com Vítimas;511,5;BR-040/MG;Sul;Colisão traseira;1;0;0;0;0;1;0;0;0;0;0;0;0;0;0
07/02/2021;15:54:00;135;Acidente sem Vítimas;558,1;BR-040/MG;Sul;Choque c/ Objeto Fixo;0;0;0;0;1;1;0;0;0;0;1;0;0;0;0
07/02/2021;15:55:00;134;Acidente com Vítimas;563,12;BR-040/MG;Norte;Colisão traseira;2;0;0;1;1;0;0;0;0;0;1;1;0;0;0
07/02/2021;17:21:00;152;Acidente com Vítimas;457,2;BR-040/MG;Norte;Capotamento;1;0;0;0;0;0;0;0;0;0;0;1;1;0;0