data;horario;n_da_ocorrencia;tipo_de_ocorrencia;km;trecho;sentido;tipo_de_acidente;automovel;bicicleta;caminhao;moto;onibus;outros;tracao_animal;transporte_de_cargas_especiais;trator_maquinas;utilitarios;ilesos;levemente_feridos;moderadamente_feridos;gravemente_feridos;mortos
18/02/2021;12:35:00;170;Acidente sem Vítimas;473,6;BR-040/MG;Sul;Colisão traseira;1;0;1;0;0;0;0;0;0;0;2;0;0;0;0
18/02/2021;13:05:00;177;Acidente sem Vítimas;731,1;BR-040/MG;Norte;Choque c/ Objeto Fixo;1;0;0;0;0;1;0;0;0;0;4;0;0;0;0
18/02/2021;13:36:00;187;Acidente sem Vítimas;540,5;BR-040/MG;Norte;Colisão traseira;2;0;0;0;0;1;0;0;0;0;2;0;0;0;0
18/02/2021;13:48:00;194;Acidente sem Vítimas;735,3;BR-040/MG;Norte;Choque c/ Objeto Fixo;2;0;0;0;0;0;0;0;0;0;2;0;0;0;0
18/02/2021;13:54:00;192;Acidente sem Vítimas;731,3;BR-040/MG;Norte;Choque c/ Objeto Fixo;0;0;0;0;0;1;0;0;0;0;2;0;0;0;0
18/02/2021;14:04:00;197;Acidente sem Vítimas;546,2;BR-040/MG;Sul;Choque c/ Objeto Fixo;1;0;0;0;0;2;0;0;0;0;2;0;0;0;0
18/02/2021;14:42:00;207;Acidente sem Vítimas;588,2;BR-040/MG;Sul;Colisão frontal;1;0;0;0;0;2;0;0;0;0;2;0;0;0;0
18/02/2021;17:03:00;240;Acidente com Vítimas;479,2;BR-040/MG;Norte;Capotamento;0;0;0;0;0;1;0;0;0;1;0;2;1;0;0
18/02/2021;17:25:00;244;Acidente sem Vítimas;547,3;BR-040/MG;Norte;Choque c/ Objeto Fixo;1;0;0;0;0;0;0;0;0;0;1;0;0;0;0
18/02/2021;18:52:00;260;Acidente sem Vítimas;493,2;BR-040/MG;Sul;Choque c/ Objeto Fixo;1;0;0;0;0;0;0;0;0;0;0;0;0;0;0
19/02/2021;08:21:00;106;Acidente com Vítimas;62,1;BR-040/GO;Sul;Tombamento de Moto;0;0;0;0;0;3;0;0;0;0;0;2;0;0;0
19/02/2021;08:24:00;110;Acidente sem Vítimas;541,9;BR-040/MG;Sul;Engavetamento;3;0;0;1;0;0;0;0;0;0;3;0;0;0;0
19/02/2021;08:48:00;120;Acidente sem Vítimas;538,16;BR-040/MG;Norte;Capotamento;0;0;1;0;0;0;0;0;0;0;1;0;0;0;0
19/02/2021;08:55:00;125;Acidente sem Vítimas;459,9;BR-040/MG;Sul;Choque c/ Objeto Fixo;2;0;0;0;0;0;0;0;0;0;1;0;0;0;0
19/02/2021;09:18:00;129;Acidente com Vítimas;750,12;BR-040/MG;Norte;Choque c/ Objeto Fixo;1;0;0;0;0;0;0;0;0;0;1;1;0;0;0
19/02/2021;11:52:00;157;Acidente sem Vítimas;512,6;BR-040/MG;Norte;Choque c/ Objeto Fixo;0;0;2;0;0;0;0;0;0;0;1;0;0;0;0
19/02/2021;14:29:00;198;Acidente sem Vítimas;19,1;BR-040/MG;Sul;Capotamento;1;0;0;0;0;0;0;0;0;0;0;2;0;0;0
19/02/2021;16:03:00;220;Acidente sem Vítimas;749,1;BR-040/MG;Norte;Tombamento;0;0;0;0;1;0;0;0;0;0;1;0;0;0;0
19/02/2021;16:09:00;222;Acidente sem Vítimas;557,1;BR-040/MG;Norte;Capotamento;2;0;0;0;0;1;0;0;0;0;1;0;0;0;0
19/02/2021;16:19:00;223;Acidente com Vítimas;44;BR-040/MG;Sul;Colisão transversal;1;0;0;1;0;1;0;0;0;0;2;1;0;0;0
19/02/2021;16:33:00;225;Acidente sem Vítimas;509,8;BR-040/MG;Norte;Engavetamento;3;0;0;0;0;0;0;0;0;0;3;0;0;0;0
19/02/2021;16:47:00;229;Acidente sem Vítimas;677,7;BR-040/MG;Norte;Colisão traseira;3;0;0;0;0;1;0;0;0;0;2;0;0;0;0
19/02/2021;17:04:00;234;Acidente com Vítimas;543,7;BR-040/MG;Norte;Tombamento de Moto;0;0;0;1;0;0;0;0;0;0;0;1;0;0;0
19/02/2021;18:34:00;249;Acidente com Vítimas;538,2;BR-040/MG;Sul;Tombamento de Moto;0;0;0;1;1;0;0;0;0;0;2;1;0;0;0
19/02/2021;19:34:00;267;Acidente com Vítimas;632,4;BR-040/MG;Norte;Colisão traseira;1;0;2;0;0;1;0;0;0;0;2;1;0;0;0
19/02/2021;21:22:00;290;Acidente sem Vítimas;42,1;BR-040/MG;Norte;Colisão transversal;2;0;0;0;0;0;0;0;0;0;2;0;0;0;0
20/02/2021;04:05:00;32;Acidente sem Vítimas;525,5;BR-040/MG;Norte;Colisão traseira;1;0;1;0;1;0;0;0;0;0;2;0;0;0;0
20/02/2021;04:27:00;36;Acidente sem Vítimas;145,1;BR-040/MG;Sul;Choque c/ Objeto Fixo;1;0;0;0;0;0;0;0;0;0;1;0;0;0;0
20/02/2021;05:44:00;48;Acidente com Vítimas;57,3;BR-040/MG;Norte;Capotamento;1;0;0;0;0;0;0;0;0;0;0;2;0;0;0
20/02/2021;06:26:00;54;Acidente com Vítimas;186,1;BR-040/MG;Sul;Outros;2;0;0;0;0;1;0;0;0;0;0;1;0;0;0
20/02/2021;08:51:00;78;Acidente com Vítimas;631,13;BR-040/MG;Sul;Capotamento;1;0;1;0;0;1;0;0;0;0;2;0;0;0;0
20/02/2021;10:01:00;90;Acidente sem Vítimas;32,15;BR-040/MG;Norte;Colisão lateral;0;0;3;0;0;1;0;0;0;0;3;0;0;0;0
20/02/2021;10:40:00;98;Acidente com Vítimas;561,9;BR-040/MG;Sul;Tombamento de Moto;0;0;0;2;0;0;0;0;0;0;0;0;1;0;0
20/02/2021;10:53:00;100;Acidente com Vítimas;541,75;BR-040/MG;Sul;Capotamento;3;0;0;0;0;0;0;0;0;0;1;0;0;0;0
20/02/2021;12:08:00;113;Acidente sem Vítimas;463,1;BR-040/MG;Sul;Choque c/ Objeto Fixo;2;0;0;0;0;0;0;0;0;0;1;0;0;0;0
20/02/2021;12:29:00;120;Acidente sem Vítimas;656,12;BR-040/MG;Norte;Choque c/ Objeto Fixo;3;0;0;0;0;0;0;0;0;0;1;0;0;0;0
20/02/2021;12:35:00;117;Acidente com Vítimas;256,9;BR-040/MG;Sul;Choque c/ Objeto Fixo;1;0;0;0;0;0;0;0;0;0;0;1;0;0;0
20/02/2021;12:41:00;121;Acidente com Vítimas;297,9;BR-040/MG;Sul;Choque com objeto;0;0;0;1;0;0;0;0;0;0;0;0;1;0;0
20/02/2021;12:51:00;123;Acidente sem Vítimas;704,1;BR-040/MG;Sul;Choque c/ Objeto Fixo;1;0;0;0;0;0;0;0;0;0;1;0;0;0;0
20/02/2021;13:46:00;137;Acidente sem Vítimas;78,1;BR-040/GO;Sul;Choque c/ Objeto Fixo;1;0;0;0;0;0;0;0;0;0;1;0;0;0;0
20/02/2021;13:50:00;141;Acidente sem Vítimas;461,6;BR-040/MG;Sul;Choque c/ Objeto Fixo;2;0;0;0;0;0;0;0;0;0;1;0;0;0;0
20/02/2021;14:38:00;149;Acidente sem Vítimas;41,7;BR-040/MG;Norte;Colisão transversal;0;0;0;1;0;1;0;0;0;0;1;0;0;0;0
20/02/2021;17:20:00;173;Acidente com Vítimas;505,6;BR-040/MG;Norte;Atropelamento de Animal;1;0;0;0;0;0;0;0;0;0;1;0;0;0;0
20/02/2021;22:26:00;232;Acidente com Vítimas;2,1;BR-040/GO;Sul;Engavetamento;2;0;0;1;0;0;0;0;0;0;5;0;0;1;0
20/02/2021;23:31:00;242;Acidente com Vítimas;553,1;BR-040/MG;Norte;Colisão traseira;1;0;3;0;0;1;0;0;0;0;2;0;1;0;0
21/02/2021;04:00:00;31;Acidente com Vítimas;510,15;BR-040/MG;Norte;Atropelamento de Animal;5;0;0;0;0;1;0;0;0;0;3;0;0;0;0
21/02/2021;04:48:00;34;Acidente sem Vítimas;541,1;BR-040/MG;Norte;Capotamento;1;0;0;0;0;0;0;0;0;0;1;0;0;0;0
21/02/2021;06:48:00;47;Acidente sem Vítimas;2,5;BR-040/GO;Norte;Outros;1;0;0;0;0;0;0;0;0;0;0;0;0;0;0
21/02/2021;06:53:00;49;Acidente sem Vítimas;29,5;BR-040/MG;Sul;Outros;1;0;0;0;0;0;0;0;0;0;0;0;0;0;0
21/02/2021;07:53:00;59;Acidente sem Vítimas;512,416;BR-040/MG;Norte;Choque c/ Objeto Fixo;3;0;0;0;0;0;0;0;0;0;1;0;0;0;0
21/02/2021;08:23:00;64;Acidente sem Vítimas;464,2;BR-040/MG;Sul;Capotamento;1;0;0;0;0;1;0;0;0;0;1;0;0;0;0
21/02/2021;08:51:00;67;Acidente com Vítimas;464,2;BR-040/MG;Sul;Colisão traseira;1;0;0;0;1;0;0;0;0;0;1;2;0;0;0
21/02/2021;08:56:00;68;Acidente com Vítimas;516,522;BR-040/MG;Norte;Choque c/ Objeto Fixo;0;0;0;1;0;0;0;0;0;0;0;1;0;0;0
21/02/2021;13:05:00;107;Acidente com Vítimas;687,2;BR-040/MG;Norte;Choque c/ Objeto Fixo;1;0;0;0;0;0;0;0;0;0;0;0;0;2;0
21/02/2021;15:24:00;131;Acidente com Vítimas;764,4;BR-040/MG;Norte;Choque c/ Objeto Fixo;1;0;0;0;0;1;0;0;0;0;1;2;0;0;0
21/02/2021;16:29:00;143;Acidente sem Vítimas;705,2;BR-040/MG;Norte;Capotamento;2;0;0;0;0;0;0;0;0;0;0;0;0;0;0
21/02/2021;16:51:00;145;Acidente com Vítimas;716,5;BR-040/MG;Norte;Choque c/ Objeto Fixo;2;0;0;0;0;1;0;0;0;0;1;3;0;0;0
21/02/2021;17:24:00;154;Acidente com Vítimas;36,9;BR-040/GO;Sul;Outros;0;0;1;0;0;1;0;0;0;0;2;0;0;0;0
21/02/2021;18:08:00;163;Acidente sem Vítimas;601,15;BR-040/MG;Norte;Colisão lateral;2;0;0;0;1;0;0;0;0;0;4;0;0;0;0
21/02/2021;18:31:00;168;Acidente Fatal;520,122;BR-040/MG;Norte;Choque c/ Objeto Fixo;0;0;0;0;0;3;0;0;0;0;0;0;0;1;1
21/02/2021;18:32:00;169;Acidente sem Vítimas;151,95;BR-040/MG;Sul;Colisão frontal;1;0;3;0;0;0;0;0;0;0;3;0;0;0;0
21/02/2021;19:26:00;178;Acidente sem Vítimas;727,4;BR-040/MG;Norte;Choque c/ Objeto Fixo;0;0;0;0;0;2;0;0;0;0;1;0;0;0;0
21/02/2021;21:08:00;204;Acidente sem Vítimas;2,3;BR-040/GO;Norte;Choque com objeto;1;0;0;1;0;0;0;0;0;0;2;0;0;0;0
21/02/2021;21:40:00;208;Acidente com Vítimas;5,2;BR-040/DF;Norte;Colisão traseira;3;0;1;0;0;0;0;0;0;0;1;1;0;0;0
21/02/2021;22:05:00;213;Acidente sem Vítimas;632,3;BR-040/MG;Sul;Colisão lateral;0;0;0;0;1;1;0;0;0;0;1;0;0;0;0
21/02/2021;22:31:00;217;Acidente sem Vítimas;521,8;BR-040/MG;Norte;Capotamento;2;0;0;0;0;0;0;0;0;0;0;0;0;0;0
21/02/2021;22:54:00;221;Acidente sem Vítimas;627,1;BR-040/MG;Norte;Choque c/ Objeto Fixo;1;0;0;0;0;0;0;0;0;0;1;0;0;0;0
22/02/2021;05:48:00;80;Acidente sem Vítimas;505,2;BR-040/MG;Norte;Choque c/ Objeto Fixo;2;0;0;0;0;0;0;0;0;0;1;0;0;0;0
22/02/2021;06:50:00;91;Acidente sem Vítimas;500,4;BR-040/MG;Norte;Choque c/ Objeto Fixo;2;0;2;0;0;0;0;0;0;0;2;0;0;0;0
22/02/2021;07:03:00;93;Acidente sem Vítimas;766,1;BR-040/MG;Sul;Colisão traseira;2;0;1;1;0;0;0;0;0;0;2;0;0;0;0
22/02/2021;08:01:00;104;Acidente sem Vítimas;509,5;BR-040/MG;Sul;Colisão lateral;2;0;0;0;0;0;0;0;0;0;2;0;0;0;0
22/02/2021;08:53:00;115;Acidente com Vítimas;149,8;BR-040/GO;Sul;Capotamento;1;0;0;0;0;0;0;0;0;0;0;1;2;0;0
22/02/2021;11:27:00;152;Acidente sem Vítimas;549,2;BR-040/MG;Norte;Colisão traseira;0;0;0;1;0;1;0;0;0;0;2;0;0;0;0
22/02/2021;12:18:00;159;Acidente sem Vítimas;727,6;BR-040/MG;Sul;Choque c/ Objeto Fixo;2;0;0;0;0;0;0;0;0;0;1;0;0;0;0
22/02/2021;12:44:00;164;Acidente com Vítimas;699,1;BR-040/MG;Norte;Tombamento de Moto;0;0;0;1;0;0;0;0;0;0;0;1;0;0;0
22/02/2021;14:35:00;184;Acidente com Vítimas;648,1;BR-040/MG;Sul;Colisão traseira;2;0;2;0;0;0;0;0;0;0;1;1;0;0;0
22/02/2021;15:32:00;194;Acidente com Vítimas;750,15;BR-040/MG;Norte;Colisão frontal;1;0;0;1;0;0;0;0;0;0;1;0;1;0;0
22/02/2021;15:49:00;201;Acidente sem Vítimas;460,2;BR-040/MG;Sul;Choque c/ Objeto Fixo;0;0;0;0;0;2;0;0;0;0;1;0;0;0;0
22/02/2021;15:54:00;202;Acidente sem Vítimas;507,3;BR-040/MG;Norte;Choque c/ Objeto Fixo;2;0;0;0;0;0;0;0;0;0;1;0;0;0;0
22/02/2021;16:14:00;208;Acidente sem Vítimas;42,94;BR-040/MG;Norte;Colisão lateral;1;0;0;0;0;1;0;0;0;0;0;0;0;0;0
22/02/2021;17:33:00;217;Acidente sem Vítimas;751,8;BR-040/MG;Sul;Choque c/ Objeto Fixo;2;0;0;0;0;0;0;0;0;0;3;0;0;0;0
22/02/2021;22:10:00;268;Acidente sem Vítimas;707,7;BR-040/MG;Sul;Colisão traseira;0;0;2;0;0;0;0;0;0;0;2;0;0;0;0
22/02/2021;22:13:00;269;Acidente sem Vítimas;2,8;BR-040/DF;Norte;Colisão traseira;1;0;0;0;0;1;0;0;0;0;3;0;0;0;0
22/02/2021;23:00:00;277;Acidente com Vítimas;479,2;BR-040/MG;Norte;Choque com objeto;0;0;0;3;0;0;0;0;0;0;1;1;0;0;0
22/02/2021;23:07:00;280;Acidente sem Vítimas;517,2;BR-040/MG;Sul;Choque c/ Objeto Fixo;1;0;0;0;0;0;0;0;0;0;1;0;0;0;0
23/02/2021;07:28:00;88;Acidente com Vítimas;8,1;BR-040/GO;Sul;Colisão lateral;0;0;0;1;0;1;0;0;0;0;2;1;0;0;0
23/02/2021;08:34:00;101;Acidente com Vítimas;4,4;BR-040/DF;Sul;Colisão lateral;0;0;0;2;0;0;0;0;0;0;2;2;0;0;0
23/02/2021;09:18:00;109;Acidente sem Vítimas;6,15;BR-040/DF;Norte;Colisão lateral;0;0;0;0;0;2;0;0;0;0;0;0;0;0;0
23/02/2021;09:38:00;115;Acidente com Vítimas;5,9;BR-040/DF;Norte;Colisão lateral;1;0;0;1;0;0;0;0;0;0;2;0;1;0;0
23/02/2021;09:59:00;118;Acidente sem Vítimas;7,5;BR-040/DF;Norte;Colisão traseira;1;0;0;0;0;1;0;0;0;0;0;0;0;0;0
23/02/2021;10:49:00;131;Acidente com Vítimas;467,1;BR-040/MG;Sul;Capotamento;1;0;0;0;0;1;0;0;0;0;0;1;0;0;0
23/02/2021;13:14:00;157;Acidente sem Vítimas;503,496;BR-040/MG;Sul;Capotamento;1;0;0;0;0;1;0;0;0;0;1;0;0;0;0
23/02/2021;13:34:00;163;Acidente sem Vítimas;464,196;BR-040/MG;Norte;Colisão traseira;0;0;1;0;1;2;0;0;0;0;2;0;0;0;0
23/02/2021;13:52:00;167;Acidente com Vítimas;607,2;BR-040/MG;Norte;Colisão lateral;0;0;0;1;0;0;0;0;0;0;1;0;1;0;0
23/02/2021;13:58:00;172;Acidente sem Vítimas;518;BR-040/MG;Sul;Colisão traseira;0;0;1;0;0;2;0;0;0;0;2;0;0;0;0
23/02/2021;15:15:00;183;Acidente com Vítimas;310,5;BR-040/MG;Sul;Colisão transversal;4;0;0;0;0;0;0;0;0;0;77;0;1;1;0
23/02/2021;15:34:00;193;Acidente sem Vítimas;516,4;BR-040/MG;Norte;Colisão transversal;3;0;0;0;0;0;0;0;0;0;1;0;0;0;0
23/02/2021;21:38:00;260;Acidente Fatal;16,1;BR-040/GO;Norte;Atropelamento de Pedestre;0;0;0;1;0;0;0;0;0;0;0;0;1;0;1
23/02/2021;23:49:00;272;Acidente sem Vítimas;490,3;BR-040/MG;Norte;Atropelamento de Animal;0;0;0;0;1;0;0;0;0;0;2;0;0;0;0
24/02/2021;01:53:00;62;Acidente Fatal;482,5;BR-040/MG;Norte;Atropelamento de Pedestre;0;0;0;0;0;1;0;0;0;0;0;0;0;0;0
24/02/2021;13:46:00;197;Acidente com Vítimas;553,18;BR-040/MG;Sul;Colisão traseira;0;0;1;1;0;0;0;0;0;0;1;0;0;1;0
24/02/2021;16:20:00;228;Acidente Fatal;446,82;BR-040/MG;Norte;Colisão transversal;0;0;0;0;0;1;0;0;0;0;1;0;0;0;1
24/02/2021;21:38:00;303;Acidente sem Vítimas;705,1;BR-040/MG;Sul;Queda Veículo;1;0;0;0;0;0;0;0;0;0;2;0;0;0;0
24/02/2021;22:32:00;309;Acidente sem Vítimas;506,15;BR-040/MG;Sul;Atropelamento de Animal;1;0;0;0;0;0;0;0;0;0;1;0;0;0;0
24/02/2021;22:54:00;312;Acidente sem Vítimas;111,3;BR-040/MG;Sul;Colisão traseira;0;0;0;0;2;1;0;0;0;0;2;0;0;0;0
25/02/2021;05:23:00;97;Acidente sem Vítimas;549,3;BR-040/MG;Norte;Colisão traseira;0;0;2;0;0;0;0;0;0;0;2;0;0;0;0
25/02/2021;05:47:00;98;Acidente sem Vítimas;588,9;BR-040/MG;Sul;Atropelamento de Animal;1;0;0;0;0;0;0;0;0;0;4;0;0;0;0
25/02/2021;06:42:00;116;Acidente sem Vítimas;2,5;BR-040/GO;Norte;Colisão traseira;1;0;0;0;0;2;0;0;0;0;0;0;0;0;0
25/02/2021;06:49:00;117;Acidente sem Vítimas;462,9;BR-040/MG;Sul;Choque c/ Objeto Fixo;0;0;0;0;0;1;0;0;0;0;1;0;0;0;0
25/02/2021;07:36:00;139;Acidente sem Vítimas;588,4;BR-040/MG;Norte;Choque c/ Objeto Fixo;0;0;0;0;0;1;0;0;0;0;1;0;0;0;0
25/02/2021;08:10:00;138;Acidente com Vítimas;518,76;BR-040/MG;Norte;Capotamento;2;0;1;0;0;0;0;0;0;0;1;0;3;0;0
25/02/2021;16:37:00;241;Acidente sem Vítimas;208,3;BR-040/MG;Sul;Outros;1;0;0;0;0;0;0;0;0;0;4;0;0;0;0
26/02/2021;05:23:00;89;Acidente sem Vítimas;13,5;BR-040/GO;Sul;Capotamento;1;0;0;0;0;0;0;0;0;0;0;0;0;0;0
26/02/2021;05:59:00;95;Acidente sem Vítimas;681,95;BR-040/MG;Norte;Colisão traseira;2;0;0;0;0;2;0;0;0;0;1;0;0;0;0
26/02/2021;06:36:00;106;Acidente com Vítimas;4,1;BR-040/DF;Norte;Colisão lateral;0;0;0;1;0;0;0;0;0;0;0;0;0;0;0
26/02/2021;07:14:00;121;Acidente com Vítimas;34;BR-040/GO;Norte;Outros;0;0;0;0;0;0;0;0;0;0;0;1;0;0;0
26/02/2021;08:11:00;135;Acidente sem Vítimas;764,1;BR-040/MG;Sul;Choque c/ Objeto Fixo;1;0;0;0;0;0;0;0;0;0;2;0;0;0;0
26/02/2021;08:27:00;140;Acidente sem Vítimas;518,5;BR-040/MG;Sul;Colisão traseira;1;0;0;0;0;1;0;0;0;0;2;0;0;0;0
26/02/2021;09:17:00;146;Acidente com Vítimas;543,99;BR-040/MG;Norte;Colisão traseira;1;0;0;0;1;0;0;0;0;0;2;0;0;0;0
26/02/2021;13:04:00;194;Acidente sem Vítimas;494,963;BR-040/MG;Sul;Choque c/ Objeto Fixo;1;0;0;0;0;0;0;0;0;0;1;0;0;0;0
26/02/2021;13:49:00;202;Acidente com Vítimas;635,5;BR-040/MG;Norte;Outros;7;0;1;0;0;1;0;0;0;0;4;1;1;0;0
26/02/2021;14:01:00;207;Acidente com Vítimas;750,5;BR-040/MG;Norte;Capotamento;1;0;0;0;0;0;0;0;0;0;1;1;0;0;0
26/02/2021;14:10:00;211;Acidente sem Vítimas;442,3;BR-040/MG;Sul;Choque c/ Objeto Fixo;0;0;0;0;0;1;0;0;0;0;1;0;0;0;0
26/02/2021;14:25:00;217;Acidente sem Vítimas;501,3;BR-040/MG;Norte;Choque c/ Objeto Fixo;2;0;0;0;0;0;0;0;0;0;1;0;0;0;0
26/02/2021;14:35:00;219;Acidente sem Vítimas;570,15;BR-040/MG;Norte;Colisão traseira;2;0;0;0;0;0;0;0;0;0;3;0;0;0;0
26/02/2021;14:42:00;221;Acidente sem Vítimas;586,1;BR-040/MG;Sul;Colisão traseira;1;0;0;0;0;1;0;0;0;0;0;0;0;0;0
26/02/2021;15:38:00;226;Acidente sem Vítimas;506,5;BR-040/MG;Norte;Colisão traseira;1;0;1;0;0;1;0;0;0;0;2;0;0;0;0
26/02/2021;16:14:00;231;Acidente sem Vítimas;234,5;BR-040/MG;Norte;Outros;1;0;0;0;0;0;0;0;0;0;0;0;0;0;0
26/02/2021;16:31:00;238;Acidente com Vítimas;517,1;BR-040/MG;Sul;Colisão lateral;0;0;0;0;1;2;0;0;0;0;2;1;0;0;0
26/02/2021;16:34:00;240;Acidente sem Vítimas;716,2;BR-040/MG;Norte;Choque c/ Objeto Fixo;3;0;0;0;0;0;0;0;0;0;4;0;0;0;0
26/02/2021;16:49:00;245;Acidente sem Vítimas;735,2;BR-040/MG;Norte;Capotamento;0;0;0;0;0;2;0;0;0;0;1;0;0;0;0
26/02/2021;17:00:00;247;Acidente sem Vítimas;447,8;BR-040/MG;Norte;Choque c/ Objeto Fixo;1;0;0;0;0;1;0;0;0;0;1;0;0;0;0
26/02/2021;17:01:00;246;Acidente sem Vítimas;615,1;BR-040/MG;Sul;Choque c/ Objeto Fixo;0;0;0;0;0;0;0;0;0;1;1;0;0;0;0
26/02/2021;17:45:00;254;Acidente sem Vítimas;551,5;BR-040/MG;Norte;Colisão traseira;1;0;0;0;0;0;0;0;0;0;1;0;0;0;0
26/02/2021;18:10:00;260;Acidente sem Vítimas;767,7;BR-040/MG;Sul;Capotamento;1;0;0;0;0;1;0;0;0;0;2;0;0;0;0
26/02/2021;18:13:00;261;Acidente com Vítimas;465,3;BR-040/MG;Norte;Engavetamento;4;0;0;0;1;0;0;0;0;0;18;1;0;0;0
26/02/2021;18:31:00;271;Acidente sem Vítimas;752,5;BR-040/MG;Sul;Capotamento;1;0;0;0;0;0;0;0;0;0;1;0;0;0;0
26/02/2021;18:40:00;274;Acidente sem Vítimas;632,5;BR-040/MG;Sul;Colisão transversal;2;0;0;0;0;0;0;0;0;0;2;0;0;0;0
26/02/2021;18:49:00;278;Acidente sem Vítimas;534,15;BR-040/MG;Sul;Engavetamento;1;0;0;0;0;2;0;0;0;0;3;0;0;0;0
26/02/2021;19:01:00;280;Acidente sem Vítimas;76,5;BR-040/MG;Norte;Choque c/ Objeto Fixo;0;0;0;0;0;3;0;0;0;0;0;0;0;0;0
26/02/2021;20:07:00;296;Acidente sem Vítimas;583,5;BR-040/MG;Norte;Choque c/ Objeto Fixo;1;0;0;0;0;1;0;0;0;0;1;0;0;0;0
26/02/2021;21:15:00;313;Acidente sem Vítimas;680,3;BR-040/MG;Sul;Choque c/ Objeto Fixo;1;0;0;0;0;0;0;0;0;0;1;0;0;0;0
26/02/2021;21:40:00;318;Acidente sem Vítimas;466,15;BR-040/MG;Norte;Choque c/ Objeto Fixo;2;0;0;0;0;0;0;0;0;0;1;0;0;0;0
26/02/2021;21:44:00;317;Acidente sem Vítimas;748,5;BR-040/MG;Sul;Colisão traseira;3;0;0;0;0;0;0;0;0;0;2;0;0;0;0
26/02/2021;22:33:00;327;Acidente sem Vítimas;15,4;BR-040/GO;Norte;Atropelamento de Animal;0;0;1;0;0;1;0;0;0;0;0;0;0;0;0
26/02/2021;23:46:00;343;Acidente sem Vítimas;405,15;BR-040/MG;Norte;Colisão traseira;1;0;1;0;0;0;0;0;0;0;3;0;0;0;0
27/02/2021;00:38:00;2;Acidente sem Vítimas;440,15;BR-040/MG;Norte;Choque c/ Objeto Fixo;1;0;0;0;0;0;0;0;0;0;1;0;0;0;0
27/02/2021;02:31:00;15;Acidente com Vítimas;552,25;BR-040/MG;Sul;Capotamento;2;0;0;0;0;0;0;0;0;0;0;2;2;0;0
27/02/2021;03:52:00;18;Acidente sem Vítimas;749,5;BR-040/MG;Sul;Capotamento;1;0;0;0;0;0;0;0;0;0;2;0;0;0;0
27/02/2021;07:03:00;26;Acidente sem Vítimas;130,1;BR-040/MG;Sul;Colisão lateral;1;0;0;1;0;0;0;0;0;0;0;0;0;0;0
27/02/2021;07:13:00;29;Acidente com Vítimas;544,11;BR-040/MG;Norte;Tombamento de Moto;0;0;0;2;0;0;0;0;0;0;0;1;0;0;0
27/02/2021;07:18:00;31;Acidente sem Vítimas;130,1;BR-040/MG;Sul;Colisão traseira;1;0;0;0;0;1;0;0;0;0;0;0;0;0;0
27/02/2021;07:51:00;36;Acidente sem Vítimas;143,9;BR-040/GO;Norte;Outros;0;0;0;0;0;1;0;0;0;0;0;0;0;0;0
27/02/2021;07:59:00;37;Acidente com Vítimas;122,5;BR-040/MG;Norte;Choque c/ Objeto Fixo;1;0;0;0;0;0;0;0;0;0;0;0;1;0;0
27/02/2021;08:00:00;38;Acidente com Vítimas;572,75;BR-040/MG;Sul;Colisão transversal;2;0;0;0;0;0;0;0;0;0;0;3;2;0;0
27/02/2021;09:56:00;56;Acidente com Vítimas;5,4;BR-040/DF;Norte;Colisão lateral;0;0;0;0;0;2;0;0;0;0;0;0;0;0;0
27/02/2021;10:24:00;65;Acidente sem Vítimas;413,6;BR-040/MG;Norte;Colisão transversal;3;0;0;0;0;0;0;0;0;0;2;0;0;0;0
27/02/2021;15:34:00;102;Acidente com Vítimas;449,35;BR-040/MG;Norte;Tombamento de Moto;0;0;0;1;0;0;0;0;0;0;0;1;0;0;0
27/02/2021;17:56:00;124;Acidente com Vítimas;611,4;BR-040/MG;Norte;Colisão frontal;4;0;0;0;0;0;0;0;0;0;4;1;1;1;0
27/02/2021;19:41:00;159;Acidente sem Vítimas;589,9;BR-040/MG;Sul;Capotamento;1;0;0;0;0;1;0;0;0;0;1;0;0;0;0
27/02/2021;23:52:00;200;Acidente sem Vítimas;9,6;BR-040/GO;Sul;Choque com objeto;3;0;0;1;0;0;0;0;0;0;2;0;0;0;0
01/03/2021;00:39:00;31;Acidente com Vítimas;523,1;BR-040/MG;Sul;Capotamento;1;0;0;0;0;0;0;0;0;0;1;1;0;0;0
01/03/2021;05:38:00;98;Acidente com Vítimas;511,3;BR-040/MG;Sul;Tombamento de Moto;0;0;0;2;0;0;0;0;0;0;0;0;0;0;0
01/03/2021;06:46:00;114;Acidente sem Vítimas;746,36;BR-040/MG;Sul;Colisão traseira;0;0;0;0;0;5;0;0;0;0;2;0;0;0;0
01/03/2021;09:18:00;157;Acidente com Vítimas;5,9;BR-040/DF;Norte;Colisão lateral;2;0;0;1;0;0;0;0;0;0;1;1;0;0;0
01/03/2021;09:59:00;166;Acidente sem Vítimas;583,1;BR-040/MG;Norte;Colisão lateral;4;0;2;0;0;0;0;0;0;0;4;0;0;0;0
01/03/2021;11:49:00;183;Acidente com Vítimas;2,3;BR-040/GO;Norte;Tombamento de Moto;1;0;0;1;0;1;0;0;0;0;0;1;0;0;0
01/03/2021;12:21:00;189;Acidente com Vítimas;50,6;BR-040/GO;Sul;Colisão lateral;2;0;0;0;0;1;0;0;0;0;2;1;0;0;0
01/03/2021;14:11:00;217;Acidente com Vítimas;149,2;BR-040/MG;Sul;Capotamento;2;0;0;0;0;0;0;0;0;0;2;1;0;0;0
01/03/2021;14:38:00;221;Acidente sem Vítimas;635,125;BR-040/MG;Sul;Engavetamento;3;0;0;0;0;1;0;0;0;0;3;0;0;0;0
01/03/2021;16:58:00;248;Acidente sem Vítimas;12,5;BR-040/GO;Norte;Colisão transversal;3;0;0;0;0;0;0;0;0;0;2;0;0;0;0
01/03/2021;19:15:00;275;Acidente com Vítimas;669,5;BR-040/MG;Norte;Colisão transversal;2;0;0;1;0;0;0;0;0;0;3;0;2;0;0