data;horario;n_da_ocorrencia;tipo_de_ocorrencia;km;trecho;sentido;tipo_de_acidente;automovel;bicicleta;caminhao;moto;onibus;outros;tracao_animal;transporte_de_cargas_especiais;trator_maquinas;utilitarios;ilesos;levemente_feridos;moderadamente_feridos;gravemente_feridos;mortos
02/03/2021;06:14:00;99;Acidente sem Vítimas;706,6;BR-040/MG;Norte;Choque c/ Objeto Fixo;1;0;0;0;0;0;0;0;0;0;1;0;0;0;0
02/03/2021;07:07:00;117;Acidente com Vítimas;527;BR-040/MG;Sul;Outros;1;0;0;1;0;1;0;0;0;0;0;0;0;0;0
02/03/2021;12:00:00;182;Acidente sem Vítimas;3,3;BR-040/GO;Norte;Choque c/ Objeto Fixo;1;0;0;0;0;0;0;0;0;0;1;0;0;0;0
02/03/2021;13:18:00;191;Acidente sem Vítimas;534,15;BR-040/MG;Sul;Colisão traseira;0;0;0;1;0;0;0;0;0;0;0;0;1;0;0
02/03/2021;13:56:00;199;Acidente sem Vítimas;508,8;BR-040/MG;Sul;Colisão lateral;2;0;0;0;1;1;0;0;0;0;4;0;0;0;0
02/03/2021;14:43:00;208;Acidente sem Vítimas;17,1;BR-040/GO;Norte;Capotamento;2;0;0;0;0;0;0;0;0;0;0;1;0;0;0
02/03/2021;16:35:00;227;Acidente com Vítimas;576,9;BR-040/MG;Sul;Choque c/ Objeto Fixo;0;0;0;0;0;4;0;0;0;0;0;0;1;0;0
02/03/2021;18:18:00;248;Acidente sem Vítimas;535,8;BR-040/MG;Norte;Engavetamento;3;0;0;0;0;2;0;0;0;0;3;0;0;0;0
02/03/2021;23:53:00;323;Acidente sem Vítimas;518,1;BR-040/MG;Sul;Choque c/ Objeto Fixo;0;0;3;0;0;0;0;0;0;0;1;0;0;0;0
03/03/2021;07:33:00;134;Acidente Fatal;436,6;BR-040/MG;Norte;Colisão transversal;2;0;1;1;0;0;0;0;0;0;0;0;0;0;1
03/03/2021;08:28:00;148;Acidente sem Vítimas;540,2;BR-040/MG;Sul;Colisão lateral;1;0;0;0;1;0;0;0;0;0;0;0;0;0;0
03/03/2021;10:27:00;184;Acidente sem Vítimas;649,5;BR-040/MG;Norte;Colisão transversal;2;0;0;0;0;0;0;0;0;0;2;0;0;0;0
03/03/2021;12:18:00;200;Acidente sem Vítimas;617,1;BR-040/MG;Sul;Colisão lateral;0;0;0;0;2;0;0;0;0;0;0;0;0;0;0
03/03/2021;14:12:00;216;Acidente com Vítimas;511,8;BR-040/MG;Norte;Colisão traseira;0;0;0;1;0;0;0;0;0;1;1;0;1;0;0
03/03/2021;14:43:00;226;Acidente com Vítimas;522,2;BR-040/MG;Sul;Tombamento de Moto;0;0;0;1;0;0;0;0;0;0;0;0;1;0;0
03/03/2021;17:14:00;255;Acidente com Vítimas;315,9;BR-040/MG;Norte;Colisão lateral;3;0;0;0;0;0;0;0;0;0;2;1;1;0;0
03/03/2021;19:06:00;289;Acidente com Vítimas;141,7;BR-040/MG;Sul;Atropelamento de Pedestre;0;0;0;1;0;0;0;0;0;0;1;0;2;0;0
04/03/2021;06:23:00;99;Acidente sem Vítimas;282,5;BR-040/MG;Sul;Colisão lateral;2;0;0;0;0;0;0;0;0;0;1;0;0;0;0
04/03/2021;07:14:00;117;Acidente com Vítimas;561,8;BR-040/MG;Norte;Colisão traseira;1;1;1;0;0;0;0;0;0;0;0;0;1;0;0
04/03/2021;07:58:00;126;Acidente com Vítimas;5,1;BR-040/DF;Sul;Colisão traseira;1;0;2;0;0;1;0;0;0;0;2;1;0;0;0
04/03/2021;08:06:00;129;Acidente sem Vítimas;4,8;BR-040/DF;Norte;Queda Veículo;2;0;0;1;0;0;0;0;0;0;2;1;0;0;0
04/03/2021;11:01:00;163;Acidente sem Vítimas;534,5;BR-040/MG;Sul;Colisão traseira;2;0;0;1;0;0;0;0;0;0;1;0;0;0;0
04/03/2021;15:08:00;198;Acidente com Vítimas;623,6;BR-040/MG;Sul;Tombamento de Moto;0;0;0;2;0;0;0;0;0;0;1;1;0;0;0
04/03/2021;15:35:00;205;Acidente com Vítimas;476,2;BR-040/MG;Norte;Choque c/ Objeto Fixo;2;0;0;0;0;0;0;0;0;0;0;0;1;0;0
04/03/2021;17:15:00;221;Acidente sem Vítimas;511,2;BR-040/MG;Sul;Tombamento de Moto;0;0;0;1;0;1;0;0;0;0;0;0;0;0;0
04/03/2021;19:57:00;270;Acidente sem Vítimas;466,25;BR-040/MG;Norte;Queda Veículo;2;0;0;0;0;0;0;0;0;0;1;0;0;0;0
04/03/2021;21:25:00;293;Acidente sem Vítimas;405,15;BR-040/MG;Norte;Outros;1;0;0;0;1;0;0;0;0;0;5;0;0;0;0
04/03/2021;23:17:00;315;Acidente sem Vítimas;621,4;BR-040/MG;Sul;Choque c/ Objeto Fixo;1;0;0;0;0;1;0;0;0;0;0;0;0;0;0
05/03/2021;00:07:00;1;Acidente com Vítimas;9,1;BR-040/GO;Sul;Colisão traseira;2;0;2;0;0;0;0;0;0;0;2;0;1;0;0
05/03/2021;08:49:00;161;Acidente sem Vítimas;532;BR-040/MG;Sul;Colisão traseira;0;0;2;0;0;1;0;0;0;0;1;0;0;0;0
05/03/2021;09:11:00;165;Acidente sem Vítimas;542,3;BR-040/MG;Sul;Engavetamento;2;0;4;0;0;1;0;0;0;0;4;1;0;0;0
05/03/2021;10:04:00;184;Acidente sem Vítimas;532,88;BR-040/MG;Sul;Colisão traseira;3;0;0;0;0;0;0;0;0;0;2;0;0;0;0
05/03/2021;11:03:00;192;Acidente sem Vítimas;508,3;BR-040/MG;Sul;Capotamento;1;0;0;0;0;1;0;0;0;0;2;0;0;0;0
05/03/2021;14:24:00;236;Acidente com Vítimas;506,5;BR-040/MG;Norte;Engavetamento;2;0;0;2;0;0;0;0;0;0;3;1;0;0;0
05/03/2021;17:54:00;286;Acidente sem Vítimas;505,1;BR-040/MG;Norte;Colisão traseira;0;0;1;1;0;1;0;0;0;0;1;0;0;0;0
05/03/2021;20:35:00;331;Acidente sem Vítimas;448,15;BR-040/MG;Norte;Colisão lateral;2;0;1;0;0;0;0;0;0;0;5;0;0;0;0
05/03/2021;20:39:00;330;Acidente com Vítimas;262,2;BR-040/MG;Sul;Colisão frontal;2;0;0;0;0;0;0;0;0;0;2;1;3;1;0
05/03/2021;21:30:00;340;Acidente sem Vítimas;93,1;BR-040/GO;Sul;Choque c/ Objeto Fixo;0;0;0;0;1;0;0;0;0;0;1;0;0;0;0
05/03/2021;22:02:00;347;Acidente sem Vítimas;444,15;BR-040/MG;Norte;Choque c/ Objeto Fixo;0;0;0;1;0;0;0;0;0;0;1;0;0;0;0
05/03/2021;23:35:00;365;Acidente sem Vítimas;718,2;BR-040/MG;Norte;Capotamento;1;0;0;0;0;0;0;0;0;0;2;0;0;0;0
06/03/2021;05:00:00;33;Acidente com Vítimas;459,9;BR-040/MG;Sul;Colisão traseira;1;0;2;0;0;2;0;0;0;0;1;1;0;2;0
06/03/2021;06:54:00;56;Acidente sem Vítimas;469,5;BR-040/MG;Norte;Choque c/ Objeto Fixo;2;0;0;0;0;0;0;0;0;0;1;0;0;0;0
06/03/2021;09:28:00;95;Acidente com Vítimas;0,6;BR-040/GO;Sul;Tombamento de Moto;0;0;0;2;0;0;0;0;0;0;0;1;0;0;0
06/03/2021;09:41:00;98;Acidente sem Vítimas;621,2;BR-040/MG;Sul;Choque c/ Objeto Fixo;0;0;0;0;0;2;0;0;0;0;1;0;0;0;0
06/03/2021;11:22:00;118;Acidente sem Vítimas;91,295;BR-040/MG;Sul;Choque c/ Objeto Fixo;0;0;2;0;0;0;0;0;0;0;1;0;0;0;0
06/03/2021;11:51:00;123;Acidente sem Vítimas;5,5;BR-040/DF;Norte;Colisão traseira;4;0;0;0;0;0;0;0;0;0;3;0;0;0;0
06/03/2021;12:22:00;130;Acidente com Vítimas;533,3;BR-040/MG;Norte;Colisão traseira;1;0;0;1;0;1;0;0;0;0;1;1;0;0;0
06/03/2021;12:39:00;135;Acidente sem Vítimas;3,2;BR-040/GO;Norte;Colisão traseira;2;0;0;0;0;0;0;0;0;0;1;0;0;0;0
06/03/2021;13:24:00;144;Acidente com Vítimas;543,7;BR-040/MG;Sul;Tombamento de Moto;0;0;0;1;0;1;0;0;0;0;1;1;1;0;0
06/03/2021;14:03:00;154;Acidente com Vítimas;215,5;BR-040/MG;Norte;Choque c/ Objeto Fixo;4;0;0;0;0;0;0;0;0;0;0;1;0;0;0
06/03/2021;14:58:00;167;Acidente com Vítimas;543,26;BR-040/MG;Norte;Colisão traseira;2;0;0;0;1;0;0;0;0;0;1;1;1;0;0
06/03/2021;16:12:00;192;Acidente sem Vítimas;77,2;BR-040/MG;Norte;Choque c/ Objeto Fixo;1;0;0;0;0;0;0;0;0;0;1;0;0;0;0
06/03/2021;18:11:00;223;Acidente sem Vítimas;178,5;BR-040/MG;Sul;Choque com objeto;1;0;0;0;0;1;0;0;0;0;1;0;0;0;0
06/03/2021;18:21:00;224;Acidente sem Vítimas;122,1;BR-040/MG;Sul;Choque com objeto;0;0;0;0;0;1;0;0;0;0;1;0;0;0;0
06/03/2021;19:04:00;238;Acidente sem Vítimas;504,2;BR-040/MG;Norte;Choque c/ Objeto Fixo;1;0;1;0;0;0;0;0;0;0;3;0;0;0;0
06/03/2021;20:04:00;257;Acidente sem Vítimas;510,5;BR-040/MG;Sul;Choque c/ Objeto Fixo;1;0;0;0;0;0;0;0;0;0;1;0;0;0;0
06/03/2021;20:47:00;267;Acidente sem Vítimas;527,3;BR-040/MG;Sul;Colisão traseira;1;0;0;1;0;1;0;0;0;0;7;0;0;0;0
06/03/2021;22:47:00;288;Acidente sem Vítimas;741,6;BR-040/MG;Sul;Outros;1;0;0;0;0;1;0;0;0;0;1;0;0;0;0
07/03/2021;02:33:00;19;Acidente sem Vítimas;503,8;BR-040/MG;Norte;Choque c/ Objeto Fixo;0;0;0;0;0;1;0;0;0;0;1;0;0;0;0
07/03/2021;02:45:00;21;Acidente sem Vítimas;510,1;BR-040/MG;Sul;Choque c/ Objeto Fixo;2;0;0;0;0;0;0;0;0;0;4;0;0;0;0
07/03/2021;03:33:00;25;Acidente com Vítimas;464,12;BR-040/MG;Sul;Capotamento;1;0;0;0;0;1;0;0;0;0;1;0;2;0;0
07/03/2021;05:33:00;39;Acidente Fatal;524,55;BR-040/MG;Norte;Atropelamento de Pedestre;0;0;0;0;2;0;0;0;0;0;0;0;0;0;1
07/03/2021;14:14:00;116;Acidente com Vítimas;70,3;BR-040/MG;Norte;Capotamento;2;0;0;0;0;2;0;0;0;0;0;1;0;0;0
07/03/2021;15:25:00;132;Acidente sem Vítimas;651,12;BR-040/MG;Sul;Choque c/ Objeto Fixo;1;0;0;0;0;1;0;0;0;0;1;0;0;0;0
07/03/2021;15:54:00;136;Acidente sem Vítimas;736,9;BR-040/MG;Sul;Choque c/ Objeto Fixo;2;0;0;0;0;0;0;0;0;0;1;0;0;0;0
07/03/2021;16:05:00;137;Acidente sem Vítimas;47,1;BR-040/MG;Norte;Choque com objeto;0;0;0;0;2;0;0;0;0;0;1;0;0;0;0
07/03/2021;16:05:00;215;Acidente sem Vítimas;47,1;BR-040/MG;Norte;Choque com objeto;0;0;0;0;1;0;0;0;0;0;1;0;0;0;0
07/03/2021;16:08:00;138;Acidente com Vítimas;639,1;BR-040/MG;Sul;Capotamento;2;0;0;0;0;0;0;0;0;0;0;2;0;0;0
07/03/2021;16:32:00;144;Acidente sem Vítimas;643,1;BR-040/MG;Norte;Choque c/ Objeto Fixo;1;0;0;0;0;0;0;0;0;0;1;0;0;0;0
07/03/2021;17:36:00;157;Acidente sem Vítimas;354,7;BR-040/MG;Norte;Choque com objeto;1;1;0;0;0;0;0;0;0;0;2;0;0;0;0
07/03/2021;18:09:00;166;Acidente sem Vítimas;515,15;BR-040/MG;Sul;Colisão traseira;3;0;0;0;0;0;0;0;0;0;5;0;0;0;0
07/03/2021;18:37:00;172;Acidente sem Vítimas;740,6;BR-040/MG;Norte;Choque c/ Objeto Fixo;1;0;0;0;0;0;0;0;0;0;4;0;0;0;0
07/03/2021;19:41:00;191;Acidente com Vítimas;57,95;BR-040/MG;Sul;Colisão traseira;1;1;0;0;0;0;0;0;0;0;1;1;0;0;0
07/03/2021;23:07:00;232;Acidente sem Vítimas;728,5;BR-040/MG;Sul;Colisão traseira;1;0;0;0;0;1;0;0;0;0;5;0;0;0;0
07/03/2021;23:34:00;236;Acidente sem Vítimas;10,6;BR-040/GO;Norte;Colisão traseira;3;0;0;0;0;0;0;0;0;0;5;0;0;0;0
08/03/2021;06:02:00;116;Acidente sem Vítimas;570,2;BR-040/MG;Sul;Tombamento;0;0;1;0;0;1;0;0;0;0;1;0;0;0;0
08/03/2021;06:45:00;124;Acidente sem Vítimas;716,5;BR-040/MG;Norte;Choque c/ Objeto Fixo;3;0;0;0;0;0;0;0;0;0;2;0;0;0;0
08/03/2021;07:13:00;133;Acidente sem Vítimas;528,1;BR-040/MG;Sul;Engavetamento;0;0;0;0;1;4;0;0;0;0;5;0;0;0;0
08/03/2021;07:26:00;137;Acidente sem Vítimas;96,15;BR-040/MG;Sul;Colisão transversal;1;0;0;0;0;1;0;0;0;0;0;0;0;0;0
08/03/2021;07:28:00;139;Acidente sem Vítimas;736,2;BR-040/MG;Norte;Choque c/ Objeto Fixo;1;0;0;0;0;0;0;0;0;0;2;0;0;0;0
08/03/2021;07:46:00;149;Acidente sem Vítimas;622,22;BR-040/MG;Norte;Colisão traseira;2;0;0;0;0;0;0;0;0;0;1;0;0;0;0
08/03/2021;11:16:00;201;Acidente com Vítimas;632,2;BR-040/MG;Sul;Colisão transversal;1;0;0;1;0;0;0;0;0;0;1;0;1;0;0
08/03/2021;12:31:00;215;Acidente sem Vítimas;587,8;BR-040/MG;Norte;Choque c/ Objeto Fixo;2;0;0;0;0;1;0;0;0;0;0;0;0;0;0
08/03/2021;13:56:00;235;Acidente com Vítimas;537,2;BR-040/MG;Sul;Colisão frontal;1;0;0;1;0;1;0;0;0;0;1;1;0;0;0
08/03/2021;14:01:00;243;Acidente sem Vítimas;513,2;BR-040/MG;Sul;Colisão lateral;1;0;0;0;0;2;0;0;0;0;2;0;0;0;0
08/03/2021;14:12:00;244;Acidente sem Vítimas;581,8;BR-040/MG;Norte;Colisão traseira;0;0;2;0;0;0;0;0;0;0;1;0;0;0;0
08/03/2021;14:13:00;242;Acidente sem Vítimas;740,5;BR-040/MG;Norte;Colisão transversal;0;0;0;0;0;0;0;0;0;0;0;0;0;0;0
08/03/2021;15:32:00;256;Acidente sem Vítimas;542,2;BR-040/MG;Sul;Colisão traseira;0;0;0;1;1;0;0;0;0;0;1;0;0;0;0
08/03/2021;15:45:00;262;Acidente sem Vítimas;534,2;BR-040/MG;Sul;Colisão traseira;0;0;0;0;1;2;0;0;0;0;1;0;0;0;0
08/03/2021;15:52:00;281;Acidente sem Vítimas;534,2;BR-040/MG;Sul;Choque c/ Objeto Fixo;1;0;0;0;0;0;0;0;0;0;1;0;0;0;0
08/03/2021;15:57:00;267;Acidente sem Vítimas;738,5;BR-040/MG;Sul;Choque c/ Objeto Fixo;1;0;0;0;0;0;0;0;0;0;2;0;0;0;0
08/03/2021;16:09:00;271;Acidente sem Vítimas;752,2;BR-040/MG;Norte;Colisão traseira;0;0;0;0;1;0;0;0;0;1;4;0;0;0;0
08/03/2021;16:27:00;278;Acidente com Vítimas;743,12;BR-040/MG;Norte;Capotamento;2;0;0;0;0;1;0;0;0;0;1;2;3;0;0
08/03/2021;18:44:00;314;Acidente com Vítimas;522,3;BR-040/MG;Norte;Colisão traseira;1;0;0;0;1;1;0;0;0;0;4;2;1;0;0
08/03/2021;19:02:00;319;Acidente com Vítimas;628,4;BR-040/MG;Norte;Atropelamento de Pedestre;0;0;0;0;0;1;0;0;0;0;1;0;1;0;0
08/03/2021;20:16:00;332;Acidente com Vítimas;672,4;BR-040/MG;Sul;Tombamento;0;0;1;0;2;1;0;0;0;0;1;1;0;0;0
08/03/2021;20:39:00;338;Acidente com Vítimas;577,4;BR-040/MG;Norte;Choque c/ Objeto Fixo;0;0;1;0;0;1;0;0;0;0;1;0;1;0;0
08/03/2021;22:26:00;353;Acidente sem Vítimas;0,3;BR-040/DF;Norte;Colisão transversal;4;0;0;0;0;0;0;0;0;0;4;0;0;0;0
09/03/2021;03:35:00;88;Acidente sem Vítimas;271,1;BR-040/MG;Norte;Atropelamento de Animal;0;0;0;0;2;0;0;0;0;0;34;0;0;0;0
09/03/2021;05:59:00;109;Acidente com Vítimas;535,1;BR-040/MG;Sul;Choque c/ Objeto Fixo;1;0;0;0;1;0;0;0;0;0;1;0;0;0;0
09/03/2021;06:54:00;111;Acidente sem Vítimas;6,3;BR-040/DF;Norte;Colisão traseira;1;0;0;1;0;0;0;0;0;0;2;0;0;0;0
09/03/2021;06:55:00;112;Acidente sem Vítimas;718,4;BR-040/MG;Norte;Choque c/ Objeto Fixo;0;0;0;0;0;0;0;0;0;0;0;0;0;0;0
09/03/2021;09:04:00;153;Acidente com Vítimas;533,3;BR-040/MG;Norte;Colisão traseira;1;0;0;1;0;1;0;0;0;0;1;1;0;0;0
09/03/2021;10:03:00;169;Acidente com Vítimas;471,7;BR-040/MG;Sul;Colisão traseira;1;0;0;0;0;2;0;0;0;0;2;1;0;0;0
09/03/2021;14:00:00;228;Acidente sem Vítimas;647,11;BR-040/MG;Sul;Choque c/ Objeto Fixo;2;0;0;0;0;0;0;0;0;0;1;0;0;0;0
09/03/2021;14:52:00;239;Acidente com Vítimas;749,95;BR-040/MG;Norte;Tombamento;0;0;0;1;0;1;0;0;0;0;1;1;0;0;0
09/03/2021;15:21:00;244;Acidente com Vítimas;4,1;BR-040/GO;Sul;Capotamento;1;0;0;0;0;0;0;0;0;0;2;1;0;0;0
09/03/2021;17:23:00;276;Acidente com Vítimas;737,8;BR-040/MG;Norte;Capotamento;1;0;0;0;0;1;0;0;0;0;0;0;1;0;0
09/03/2021;18:23:00;284;Acidente sem Vítimas;460;BR-040/MG;Sul;Colisão traseira;1;0;0;0;0;2;0;0;0;0;2;0;0;0;0
10/03/2021;03:50:00;68;Acidente sem Vítimas;521,2;BR-040/MG;Sul;Atropelamento de Animal;0;0;0;0;0;3;0;0;0;0;2;0;0;0;0
10/03/2021;04:26:00;72;Acidente com Vítimas;521,21;BR-040/MG;Sul;Atropelamento de Animal;3;0;0;0;0;0;0;0;0;0;2;1;1;0;0
10/03/2021;05:49:00;78;Acidente sem Vítimas;463,12;BR-040/MG;Sul;Capotamento;3;0;0;0;0;0;0;0;0;0;1;0;0;0;0
10/03/2021;06:41:00;90;Acidente sem Vítimas;468;BR-040/MG;Norte;Tombamento de Moto;0;0;0;1;0;0;0;0;0;0;1;0;0;0;0
10/03/2021;07:22:00;101;Acidente sem Vítimas;599,8;BR-040/MG;Norte;Colisão traseira;0;0;0;0;2;0;0;0;0;0;2;0;0;0;0
10/03/2021;07:24:00;103;Acidente sem Vítimas;546,1;BR-040/MG;Sul;Choque c/ Objeto Fixo;2;0;0;0;0;0;0;0;0;0;1;0;0;0;0
10/03/2021;10:36:00;164;Acidente sem Vítimas;544,3;BR-040/MG;Sul;Colisão transversal;1;0;1;0;0;0;0;0;0;0;1;0;0;0;0
10/03/2021;10:45:00;166;Acidente com Vítimas;626,6;BR-040/MG;Sul;Colisão transversal;0;0;1;1;0;0;0;0;0;0;1;1;0;0;0
10/03/2021;11:26:00;173;Acidente sem Vítimas;527,752;BR-040/MG;Norte;Colisão traseira;1;0;0;1;1;2;0;0;0;0;3;0;0;0;0
10/03/2021;14:08:00;201;Acidente com Vítimas;543,45;BR-040/MG;Norte;Colisão lateral;2;0;0;0;0;0;0;0;0;0;0;1;0;0;0
10/03/2021;16:49:00;236;Acidente com Vítimas;380,2;BR-040/MG;Norte;Colisão transversal;0;0;1;1;1;0;0;0;0;0;1;0;0;1;0
11/03/2021;05:55:00;96;Acidente com Vítimas;26,1;BR-040/GO;Norte;Colisão frontal;1;0;0;2;0;0;0;0;0;0;1;1;0;0;0
11/03/2021;13:26:00;162;Acidente sem Vítimas;19,105;BR-040/MG;Sul;Choque c/ Objeto Fixo;2;0;0;0;0;0;0;0;0;0;3;0;0;0;0
11/03/2021;14:09:00;169;Acidente Fatal;562,15;BR-040/MG;Norte;Choque c/ Veículo Parado;1;0;0;1;0;1;0;0;0;0;1;1;0;0;1
11/03/2021;15:10:00;180;Acidente com Vítimas;634,12;BR-040/MG;Sul;Tombamento;0;0;0;0;0;1;0;0;0;1;2;1;0;0;0
11/03/2021;16:25:00;197;Acidente Fatal;199,5;BR-040/MG;Sul;Colisão frontal;3;0;1;0;2;1;0;0;0;0;4;0;0;0;3
11/03/2021;19:18:00;230;Acidente com Vítimas;469,15;BR-040/MG;Sul;Colisão frontal;2;0;0;0;0;1;0;0;0;0;2;1;1;1;0
11/03/2021;21:38:00;253;Acidente sem Vítimas;485,15;BR-040/MG;Norte;Tombamento de Moto;0;0;0;2;0;0;0;0;0;0;2;0;0;0;0
11/03/2021;21:54:00;256;Acidente com Vítimas;682,1;BR-040/MG;Sul;Colisão transversal;1;0;0;1;0;0;0;0;0;0;1;1;0;0;0
12/03/2021;07:27:00;136;Acidente sem Vítimas;717,3;BR-040/MG;Norte;Choque c/ Objeto Fixo;2;0;0;0;0;0;0;0;0;0;1;0;0;0;0
12/03/2021;07:49:00;148;Acidente com Vítimas;41,2;BR-040/MG;Norte;Choque c/ Objeto Fixo;4;0;2;0;0;2;0;0;0;0;0;1;0;1;0
12/03/2021;13:37:00;227;Acidente com Vítimas;42,2;BR-040/GO;Sul;Queda de Ribanceira;0;0;0;0;0;1;0;0;0;0;0;1;0;0;0
12/03/2021;14:51:00;237;Acidente Fatal;544,9;BR-040/MG;Sul;Atropelamento de Pedestre;0;0;0;0;0;2;0;0;0;0;2;0;0;0;1
12/03/2021;15:57:00;244;Acidente sem Vítimas;541,2;BR-040/MG;Norte;Colisão traseira;1;0;1;0;0;0;0;0;0;0;1;0;0;0;0
12/03/2021;16:43:00;253;Acidente com Vítimas;544,8;BR-040/MG;Norte;Tombamento de Moto;0;0;0;2;0;1;0;0;0;0;1;0;1;0;0
12/03/2021;17:09:00;259;Acidente sem Vítimas;728,12;BR-040/MG;Sul;Choque com objeto;2;0;0;0;0;0;0;0;0;0;1;0;0;0;0
12/03/2021;20:04:00;298;Acidente sem Vítimas;729,15;BR-040/MG;Norte;Choque c/ Objeto Fixo;1;0;0;0;0;0;0;0;0;0;1;0;0;0;0
12/03/2021;20:20:00;310;Acidente sem Vítimas;502,4;BR-040/MG;Norte;Capotamento;2;0;0;0;0;0;0;0;0;0;1;0;0;0;0
12/03/2021;20:25:00;307;Acidente com Vítimas;538,1;BR-040/MG;Norte;Colisão traseira;1;0;0;1;0;0;0;0;0;0;2;0;1;0;0
12/03/2021;22:31:00;333;Acidente com Vítimas;527,8;BR-040/MG;Sul;Engavetamento;3;0;0;1;0;0;0;0;0;0;4;1;0;0;0
13/03/2021;06:01:00;69;Acidente sem Vítimas;650,31;BR-040/MG;Sul;Choque c/ Objeto Fixo;0;0;0;0;0;2;0;0;0;0;2;0;0;0;0
13/03/2021;10:13:00;125;Acidente com Vítimas;213,55;BR-040/MG;Sul;Colisão lateral;0;0;1;0;0;4;0;0;0;0;6;0;1;0;0
13/03/2021;11:09:00;140;Acidente com Vítimas;565,16;BR-040/MG;Sul;Colisão frontal;3;0;0;0;0;0;0;0;0;0;1;1;1;1;0
13/03/2021;12:45:00;152;Acidente com Vítimas;511,5;BR-040/MG;Norte;Colisão traseira;1;0;0;1;0;1;0;0;0;0;1;1;0;0;0
13/03/2021;13:12:00;156;Acidente sem Vítimas;3,5;BR-040/GO;Sul;Colisão traseira;2;0;0;0;0;2;0;0;0;0;2;0;0;0;0
13/03/2021;13:36:00;161;Acidente sem Vítimas;0,3;BR-040/GO;Sul;Colisão traseira;0;0;1;0;1;1;0;0;0;0;11;0;0;0;0
13/03/2021;13:42:00;163;Acidente sem Vítimas;575,75;BR-040/MG;Sul;Choque c/ Objeto Fixo;2;0;0;0;0;0;0;0;0;0;1;0;0;0;0
13/03/2021;13:50:00;164;Acidente sem Vítimas;115,2;BR-040/GO;Sul;Capotamento;1;0;0;0;0;0;0;0;0;0;1;0;0;0;0
13/03/2021;19:11:00;229;Acidente sem Vítimas;537,3;BR-040/MG;Sul;Tombamento de Moto;0;0;0;2;0;1;0;0;0;0;0;0;0;0;0
13/03/2021;20:48:00;245;Acidente sem Vítimas;510,8;BR-040/MG;Norte;Engavetamento;4;0;0;0;0;0;0;0;0;0;2;0;0;0;0
13/03/2021;21:15:00;249;Acidente sem Vítimas;511,2;BR-040/MG;Norte;Colisão traseira;3;0;0;0;0;0;0;0;0;0;4;0;0;0;0
14/03/2021;07:06:00;37;Acidente sem Vítimas;471,35;BR-040/MG;Norte;Choque c/ Objeto Fixo;1;0;0;0;0;0;0;0;0;0;0;0;0;0;0
14/03/2021;07:54:00;49;Acidente com Vítimas;512,95;BR-040/MG;Norte;Capotamento;5;0;0;0;0;0;0;0;0;0;0;2;0;0;0
14/03/2021;11:13:00;85;Acidente sem Vítimas;448,9;BR-040/MG;Norte;Colisão traseira;0;0;3;0;0;0;0;0;0;0;2;0;0;0;0
14/03/2021;12:12:00;92;Acidente com Vítimas;455,5;BR-040/MG;Sul;Tombamento de Moto;0;0;0;1;0;0;0;0;0;0;0;1;0;0;0
14/03/2021;15:22:00;118;Acidente com Vítimas;649,12;BR-040/MG;Norte;Colisão lateral;1;0;0;0;0;2;0;0;0;0;2;1;0;0;0
14/03/2021;18:57:00;165;Acidente sem Vítimas;11,5;BR-040/GO;Norte;Choque c/ Objeto Fixo;1;0;0;0;0;1;0;0;0;0;1;0;0;0;0
14/03/2021;20:20:00;179;Acidente sem Vítimas;14,2;BR-040/GO;Norte;Choque c/ Objeto Fixo;1;0;0;0;0;0;0;0;0;0;4;0;0;0;0
14/03/2021;21:42:00;196;Acidente com Vítimas;87,1;BR-040/GO;Norte;Tombamento;0;0;0;0;3;1;0;0;0;0;0;0;1;0;0
15/03/2021;00:58:00;37;Acidente com Vítimas;525,8;BR-040/MG;Norte;Tombamento de Moto;0;0;0;1;0;0;0;0;0;0;1;0;1;0;0
15/03/2021;01:45:00;46;Acidente com Vítimas;494,8;BR-040/MG;Sul;Colisão traseira;0;0;2;0;1;1;0;0;0;0;1;0;0;1;0
15/03/2021;05:58:00;92;Acidente com Vítimas;123;BR-040/MG;Sul;Capotamento;1;0;0;0;0;1;0;0;0;0;0;0;1;0;0
15/03/2021;08:12:00;134;Acidente com Vítimas;747,3;BR-040/MG;Sul;Tombamento;0;0;0;0;2;0;0;0;0;0;1;1;0;0;0
15/03/2021;08:47:00;147;Acidente sem Vítimas;475,5;BR-040/MG;Norte;Choque c/ Objeto Fixo;0;0;1;0;0;0;0;0;0;0;1;0;0;0;0
15/03/2021;11:39:00;188;Acidente Fatal;624,55;BR-040/MG;Norte;Colisão traseira;0;0;1;1;0;1;0;0;0;0;0;0;0;0;1
15/03/2021;12:00:00;191;Acidente com Vítimas;28,18;BR-040/GO;Norte;Queda Veículo;0;0;0;1;0;1;0;0;0;0;0;1;0;0;0
15/03/2021;14:12:00;209;Acidente sem Vítimas;618,2;BR-040/MG;Norte;Engavetamento;2;0;0;0;0;0;0;0;0;0;2;0;0;0;0
15/03/2021;16:51:00;227;Acidente com Vítimas;525,7;BR-040/MG;Sul;Colisão transversal;0;0;0;0;2;1;0;0;0;0;15;1;0;0;0
15/03/2021;17:26:00;236;Acidente com Vítimas;544,8;BR-040/MG;Norte;Colisão traseira;2;0;0;1;0;0;0;0;0;0;3;1;0;0;0
15/03/2021;17:36:00;241;Acidente com Vítimas;512,7;BR-040/MG;Norte;Colisão lateral;0;0;0;1;0;2;0;0;0;0;1;1;0;0;0
15/03/2021;17:38:00;239;Acidente Fatal;6,5;BR-040/GO;Norte;Colisão traseira;2;0;1;1;1;0;0;0;0;0;3;0;0;0;1
15/03/2021;18:24:00;249;Acidente sem Vítimas;546,8;BR-040/MG;Norte;Engavetamento;4;0;0;0;0;0;0;0;0;0;4;0;0;0;0