data;horario;n_da_ocorrencia;tipo_de_ocorrencia;km;trecho;sentido;tipo_de_acidente;automovel;bicicleta;caminhao;moto;onibus;outros;tracao_animal;transporte_de_cargas_especiais;trator_maquinas;utilitarios;ilesos;levemente_feridos;moderadamente_feridos;gravemente_feridos;mortos
16/04/2021;19:37:00;261;Acidente sem Vítimas;459,1;BR-040/MG;Norte;Choque com objeto;2;0;0;0;0;1;0;0;0;0;1;0;0;0;0
16/04/2021;20:11:00;276;Acidente sem Vítimas;2,2;BR-040/GO;Sul;Colisão lateral;1;0;0;1;0;0;0;0;0;0;2;0;0;0;0
16/04/2021;22:17:00;305;Acidente com Vítimas;656,3;BR-040/MG;Sul;Capotamento;2;0;0;0;0;0;0;0;0;0;0;0;0;0;0
16/04/2021;22:40:00;308;Acidente sem Vítimas;656,29;BR-040/MG;Norte;Colisão traseira;2;0;0;0;0;1;0;0;0;0;1;0;0;0;0
17/04/2021;16:20:00;162;Acidente sem Vítimas;511,1;BR-040/MG;Sul;Colisão traseira;1;0;0;1;0;0;0;0;0;0;2;0;0;0;0
17/04/2021;20:31:00;229;Acidente com Vítimas;511,5;BR-040/MG;Norte;Queda Veículo;0;0;0;2;0;1;0;0;0;0;1;1;0;0;0
17/04/2021;21:00:00;236;Acidente com Vítimas;537;BR-040/MG;Norte;Atropelamento de Ciclista;1;0;0;0;0;0;0;0;0;0;1;0;1;0;0
17/04/2021;22:04:00;244;Acidente sem Vítimas;52,9;BR-040/MG;Norte;Capotamento;1;0;0;0;0;0;0;0;0;0;1;0;0;0;0
17/04/2021;22:44:00;247;Acidente com Vítimas;3,15;BR-040/GO;Sul;Choque c/ Objeto Fixo;1;0;0;0;0;0;0;0;0;0;2;1;0;0;0
18/04/2021;05:40:00;51;Acidente Fatal;729,81;BR-040/MG;Sul;Colisão traseira;0;0;2;0;0;0;0;0;0;0;1;0;0;0;1
18/04/2021;17:01:00;154;Acidente sem Vítimas;538;BR-040/MG;Norte;Choque c/ Objeto Fixo;2;0;0;0;0;0;0;0;0;0;1;0;0;0;0
18/04/2021;20:13:00;203;Acidente sem Vítimas;751,3;BR-040/MG;Norte;Choque c/ Objeto Fixo;1;0;0;0;0;0;0;0;0;0;1;0;0;0;0
18/04/2021;21:14:00;216;Acidente com Vítimas;458,85;BR-040/MG;Norte;Choque c/ Objeto Fixo;1;0;0;0;0;0;0;0;0;0;1;0;1;0;0
19/04/2021;03:44:00;49;Acidente Fatal;634,12;BR-040/MG;Norte;Choque c/ Objeto Fixo;1;0;0;0;0;1;0;0;0;0;0;0;0;0;2
19/04/2021;07:23:00;108;Acidente com Vítimas;535,3;BR-040/MG;Norte;Tombamento de Moto;0;0;0;1;0;0;0;0;0;0;1;1;0;0;0
19/04/2021;08:38:00;130;Acidente sem Vítimas;515,15;BR-040/MG;Sul;Engavetamento;1;0;0;2;0;1;0;0;0;0;3;0;0;0;0
19/04/2021;08:59:00;137;Acidente com Vítimas;534,205;BR-040/MG;Sul;Colisão traseira;0;0;0;1;0;1;0;0;0;0;2;0;1;0;0
19/04/2021;12:34:00;172;Acidente sem Vítimas;7,9;BR-040/GO;Sul;Colisão traseira;1;0;0;0;0;1;0;0;0;0;2;0;0;0;0
19/04/2021;14:46:00;199;Acidente com Vítimas;538,82;BR-040/MG;Norte;Colisão lateral;1;0;0;2;0;0;0;0;0;0;2;1;0;0;0
19/04/2021;15:18:00;209;Acidente com Vítimas;698,95;BR-040/MG;Norte;Colisão transversal;1;0;0;0;1;1;0;0;0;0;2;1;0;0;0
19/04/2021;16:05:00;215;Acidente com Vítimas;434,5;BR-040/MG;Sul;Colisão traseira;1;0;2;0;1;1;0;0;0;0;2;0;0;1;0
19/04/2021;16:51:00;225;Acidente com Vítimas;510,5;BR-040/MG;Norte;Tombamento de Moto;0;0;0;1;0;0;0;0;0;0;1;0;1;0;0
19/04/2021;17:06:00;226;Acidente com Vítimas;523,6;BR-040/MG;Norte;Colisão lateral;0;0;0;1;1;0;0;0;0;0;2;1;0;0;0
19/04/2021;17:12:00;229;Acidente sem Vítimas;548,15;BR-040/MG;Norte;Colisão traseira;1;0;0;0;1;0;0;0;0;0;2;0;0;0;0
19/04/2021;17:18:00;230;Acidente sem Vítimas;25,602;BR-040/GO;Sul;Tombamento de Moto;0;0;0;0;0;3;0;0;0;0;0;0;0;0;0
19/04/2021;17:25:00;232;Acidente sem Vítimas;718,3;BR-040/MG;Norte;Choque c/ Objeto Fixo;1;0;0;0;0;0;0;0;0;0;1;0;0;0;0
19/04/2021;17:59:00;238;Acidente com Vítimas;758,48;BR-040/MG;Norte;Colisão traseira;1;0;0;2;0;0;0;0;0;0;2;1;0;0;0
19/04/2021;18:24:00;241;Acidente com Vítimas;4,5;BR-040/DF;Sul;Colisão traseira;1;0;0;1;0;0;0;0;0;0;3;0;0;0;0
19/04/2021;19:10:00;250;Acidente sem Vítimas;498,25;BR-040/MG;Norte;Colisão lateral;1;0;1;0;0;1;0;0;0;0;2;0;0;0;0
19/04/2021;21:47:00;281;Acidente com Vítimas;550,6;BR-040/MG;Sul;Colisão traseira;0;0;3;0;2;0;0;0;0;0;2;0;1;0;0
19/04/2021;22:15:00;286;Acidente sem Vítimas;358,3;BR-040/MG;Sul;Colisão traseira;2;0;0;0;0;0;0;0;0;0;0;0;0;0;0
20/04/2021;00:40:00;12;Acidente Fatal;730,15;BR-040/MG;Sul;Capotamento;0;0;3;0;0;0;0;0;0;0;0;0;0;0;1
20/04/2021;04:29:00;69;Acidente Fatal;599,26;BR-040/MG;Sul;Colisão frontal;0;0;1;0;1;2;0;0;0;0;0;0;0;1;1
20/04/2021;06:57:00;102;Acidente com Vítimas;550,8;BR-040/MG;Sul;Colisão traseira;3;0;0;0;0;0;0;0;0;0;2;0;1;0;0
20/04/2021;07:44:00;116;Acidente com Vítimas;432,6;BR-040/MG;Sul;Colisão lateral;0;0;0;2;2;0;0;0;0;0;2;0;1;0;0
20/04/2021;08:01:00;118;Acidente sem Vítimas;6,2;BR-040/GO;Norte;Engavetamento;4;0;0;0;0;0;0;0;0;0;3;0;0;0;0
20/04/2021;08:22:00;123;Acidente sem Vítimas;541,15;BR-040/MG;Sul;Engavetamento;4;0;0;0;0;0;0;0;0;0;4;0;0;0;0
20/04/2021;11:33:00;160;Acidente sem Vítimas;530,8;BR-040/MG;Norte;Colisão lateral;1;0;0;1;0;0;0;0;0;0;2;0;0;0;0
20/04/2021;15:04:00;194;Acidente sem Vítimas;1,5;BR-040/GO;Norte;Colisão traseira;2;0;0;0;0;0;0;0;0;0;2;0;0;0;0
20/04/2021;15:25:00;197;Acidente sem Vítimas;534,1;BR-040/MG;Sul;Colisão lateral;0;0;1;0;0;1;0;0;0;0;2;0;0;0;0
20/04/2021;16:19:00;209;Acidente sem Vítimas;553,6;BR-040/MG;Norte;Colisão traseira;2;0;0;0;0;0;0;0;0;0;0;0;0;0;0
20/04/2021;17:08:00;219;Acidente com Vítimas;534,2;BR-040/MG;Norte;Engavetamento;0;0;0;2;1;0;0;0;0;0;4;2;0;0;0
20/04/2021;17:16:00;221;Acidente com Vítimas;573,3;BR-040/MG;Norte;Colisão transversal;1;0;0;1;0;0;0;0;0;0;4;0;1;0;0
21/04/2021;07:10:00;78;Acidente sem Vítimas;374,5;BR-040/MG;Sul;Colisão traseira;0;0;1;1;0;0;0;0;0;0;2;0;0;0;0
21/04/2021;11:08:00;124;Acidente sem Vítimas;738,8;BR-040/MG;Norte;Colisão traseira;0;0;0;0;2;0;0;0;0;0;2;0;0;0;0
21/04/2021;13:22:00;147;Acidente com Vítimas;1,5;BR-040/DF;Norte;Colisão traseira;1;0;0;2;0;1;0;0;0;0;2;1;0;0;0
21/04/2021;16:29:00;174;Acidente sem Vítimas;545,15;BR-040/MG;Norte;Colisão traseira;3;0;0;0;0;0;0;0;0;0;2;0;0;0;0
21/04/2021;18:50:00;198;Acidente com Vítimas;518,95;BR-040/MG;Sul;Colisão transversal;2;1;0;1;0;2;0;0;0;0;3;3;0;0;0
21/04/2021;18:56:00;199;Acidente sem Vítimas;652,1;BR-040/MG;Norte;Atropelamento de Animal;1;0;0;0;0;0;0;0;0;0;1;0;0;0;0
21/04/2021;20:16:00;210;Acidente Fatal;678,4;BR-040/MG;Sul;Colisão frontal;3;0;0;0;0;0;0;0;0;0;0;1;1;0;1
21/04/2021;23:36:00;249;Acidente sem Vítimas;358,15;BR-040/MG;Sul;Colisão transversal;0;0;1;0;0;1;0;0;0;0;2;0;0;0;0
21/04/2021;23:51:00;252;Acidente sem Vítimas;622,8;BR-040/MG;Norte;Capotamento;2;0;0;0;0;0;0;0;0;0;1;0;0;0;0
22/04/2021;01:21:00;43;Acidente sem Vítimas;58,1;BR-040/GO;Sul;Atropelamento de Animal;0;0;1;0;0;0;0;0;0;0;1;0;0;0;0
22/04/2021;07:35:00;160;Acidente com Vítimas;521,5;BR-040/MG;Sul;Colisão lateral;1;0;0;1;0;1;0;0;0;0;2;1;0;0;0
22/04/2021;12:21:00;230;Acidente com Vítimas;532,1;BR-040/MG;Sul;Engavetamento;2;0;0;0;0;1;0;0;0;0;2;1;0;0;0
22/04/2021;16:27:00;275;Acidente sem Vítimas;58,4;BR-040/GO;Sul;Colisão traseira;2;0;2;0;0;0;0;0;0;0;2;0;0;0;0
22/04/2021;17:11:00;285;Acidente Fatal;564,1;BR-040/MG;Sul;Colisão frontal;6;0;0;0;0;4;0;0;0;0;2;0;0;0;2
22/04/2021;18:06:00;296;Acidente sem Vítimas;530,1;BR-040/MG;Sul;Colisão lateral;1;0;1;0;0;0;0;0;0;0;2;0;0;0;0
22/04/2021;18:09:00;299;Acidente com Vítimas;2,35;BR-040/GO;Sul;Colisão traseira;2;0;0;2;0;1;0;0;0;0;3;1;0;0;0
22/04/2021;20:52:00;322;Acidente sem Vítimas;556,2;BR-040/MG;Sul;Colisão traseira;1;0;0;0;4;0;0;0;0;0;24;0;0;0;0
23/04/2021;05:07:00;79;Acidente sem Vítimas;588,4;BR-040/MG;Sul;Tombamento;0;0;0;1;1;1;0;0;0;0;0;0;0;0;0
23/04/2021;05:19:00;80;Acidente sem Vítimas;570,1;BR-040/MG;Sul;Colisão traseira;1;0;1;0;0;2;0;0;0;0;3;0;0;0;0
23/04/2021;06:43:00;97;Acidente sem Vítimas;524,3;BR-040/MG;Sul;Colisão traseira;0;0;2;0;0;1;0;0;0;0;2;0;0;0;0
23/04/2021;08:21:00;118;Acidente com Vítimas;699,89;BR-040/MG;Sul;Colisão lateral;2;0;0;1;0;0;0;0;0;0;1;1;0;0;0
23/04/2021;10:21:00;146;Acidente sem Vítimas;316,7;BR-040/MG;Norte;Choque c/ Objeto Fixo;1;0;0;0;0;0;0;0;0;0;3;0;0;0;0
23/04/2021;10:40:00;149;Acidente sem Vítimas;533,2;BR-040/MG;Sul;Colisão traseira;2;0;0;1;0;0;0;0;0;0;3;0;0;0;0
23/04/2021;12:20:00;166;Acidente com Vítimas;446,4;BR-040/MG;Sul;Tombamento de Moto;0;0;0;1;0;0;0;0;0;0;0;1;0;0;0
23/04/2021;13:22:00;178;Acidente com Vítimas;580,75;BR-040/MG;Sul;Capotamento;1;0;0;0;0;0;0;0;0;0;0;0;1;0;0
23/04/2021;14:44:00;197;Acidente sem Vítimas;503;BR-040/MG;Sul;Colisão traseira;1;0;0;0;0;2;0;0;0;0;2;0;0;0;0
23/04/2021;15:45:00;212;Acidente sem Vítimas;511;BR-040/MG;Sul;Colisão traseira;1;0;0;0;1;1;0;0;0;0;2;0;0;0;0
23/04/2021;17:22:00;234;Acidente sem Vítimas;748,1;BR-040/MG;Sul;Colisão lateral;2;0;0;2;2;0;0;0;0;0;2;0;0;0;0
23/04/2021;18:11:00;248;Acidente com Vítimas;627,3;BR-040/MG;Norte;Colisão traseira;1;0;0;1;0;2;0;0;0;0;2;1;0;0;0
23/04/2021;18:26:00;253;Acidente com Vítimas;50,6;BR-040/MG;Norte;Colisão lateral;1;0;1;0;0;0;0;0;0;0;0;1;0;0;0
23/04/2021;19:09:00;265;Acidente com Vítimas;12,3;BR-040/GO;Norte;Colisão traseira;2;0;0;0;0;0;0;0;0;0;1;0;1;0;0
24/04/2021;04:05:00;26;Acidente sem Vítimas;510,3;BR-040/MG;Norte;Choque c/ Objeto Fixo;2;0;0;0;0;0;0;0;0;0;1;0;0;0;0
24/04/2021;07:31:00;63;Acidente sem Vítimas;717,8;BR-040/MG;Sul;Choque c/ Objeto Fixo;0;0;2;1;0;0;0;0;0;0;1;0;0;0;0
24/04/2021;08:46:00;75;Acidente com Vítimas;770,1;BR-040/MG;Norte;Tombamento de Moto;0;0;0;1;0;0;0;0;0;0;0;1;0;0;0
24/04/2021;11:29:00;110;Acidente sem Vítimas;1,4;BR-040/GO;Norte;Colisão traseira;3;0;0;0;0;0;0;0;0;0;2;0;0;0;0
24/04/2021;14:08:00;140;Acidente sem Vítimas;513,85;BR-040/MG;Norte;Choque c/ Objeto Fixo;1;1;0;0;0;0;0;0;0;0;0;0;0;0;0
24/04/2021;15:10:00;148;Acidente com Vítimas;108,5;BR-040/GO;Norte;Colisão traseira;0;0;1;1;0;1;0;0;0;0;1;0;1;0;0
24/04/2021;20:27:00;206;Acidente sem Vítimas;609,15;BR-040/MG;Sul;Outros;2;0;0;0;0;1;0;0;0;0;2;0;0;0;0
24/04/2021;22:01:00;214;Acidente Fatal;497,69;BR-040/MG;Sul;Atropelamento de Pedestre;4;0;0;0;0;1;0;0;0;0;2;0;0;0;1
24/04/2021;22:37:00;216;Acidente sem Vítimas;700,3;BR-040/MG;Sul;Colisão frontal;1;0;0;1;0;1;0;0;0;0;2;0;2;0;0
25/04/2021;02:05:00;17;Acidente sem Vítimas;448,1;BR-040/MG;Sul;Choque c/ Objeto Fixo;1;0;0;0;0;0;0;0;0;0;1;0;0;0;0
25/04/2021;02:18:00;20;Acidente sem Vítimas;8,1;BR-040/GO;Norte;Colisão traseira;2;0;0;0;0;1;0;0;0;0;3;0;0;0;0
25/04/2021;10:23:00;78;Acidente com Vítimas;745,3;BR-040/MG;Sul;Colisão traseira;0;0;0;3;0;0;0;0;0;0;0;1;1;0;0
25/04/2021;12:26:00;101;Acidente com Vítimas;22,45;BR-040/GO;Sul;Colisão traseira;1;0;0;1;0;0;0;0;0;0;2;0;1;0;0
25/04/2021;17:20:00;172;Acidente com Vítimas;567,8;BR-040/MG;Sul;Colisão transversal;3;0;0;0;0;0;0;0;0;0;0;0;1;0;0
25/04/2021;17:25:00;171;Acidente com Vítimas;499,5;BR-040/MG;Sul;Colisão traseira;2;0;0;0;0;0;0;0;0;0;6;2;0;0;0
25/04/2021;18:05:00;181;Acidente com Vítimas;5,5;BR-040/GO;Sul;Capotamento;2;0;0;0;0;0;0;0;0;0;5;0;0;5;0
25/04/2021;18:11:00;183;Acidente sem Vítimas;509,9;BR-040/MG;Sul;Engavetamento;3;0;0;0;0;1;0;0;0;0;6;0;0;0;0
25/04/2021;18:22:00;187;Acidente com Vítimas;551;BR-040/MG;Norte;Colisão traseira;3;0;0;2;0;0;0;0;0;0;3;1;0;0;0
26/04/2021;03:14:00;90;Acidente com Vítimas;576,7;BR-040/MG;Norte;Colisão lateral;0;0;0;0;1;2;0;0;0;0;4;0;1;0;0
26/04/2021;07:56:00;141;Acidente com Vítimas;28,5;BR-040/MG;Sul;Colisão transversal;1;0;0;0;0;2;0;0;0;0;2;1;0;0;0
26/04/2021;08:17:00;153;Acidente sem Vítimas;3,156;BR-040/GO;Norte;Colisão traseira;3;0;0;0;0;0;0;0;0;0;2;0;0;0;0
26/04/2021;08:45:00;162;Acidente com Vítimas;463,2;BR-040/MG;Sul;Colisão traseira;1;0;0;0;0;1;0;0;0;0;2;2;0;0;0
26/04/2021;09:22:00;166;Acidente sem Vítimas;462,2;BR-040/MG;Sul;Choque c/ Objeto Fixo;1;0;0;0;0;0;0;0;0;0;1;0;0;0;0
26/04/2021;09:54:00;175;Acidente com Vítimas;1,99;BR-040/GO;Sul;Colisão traseira;1;0;0;1;0;0;0;0;0;0;2;0;1;0;0
26/04/2021;11:27:00;195;Acidente sem Vítimas;639,5;BR-040/MG;Sul;Colisão traseira;2;0;0;0;0;0;0;0;0;0;2;0;0;0;0
26/04/2021;12:13:00;206;Acidente com Vítimas;523,6;BR-040/MG;Norte;Colisão lateral;0;0;0;2;0;1;0;0;0;0;1;1;1;0;0
26/04/2021;14:44:00;241;Acidente sem Vítimas;520,1;BR-040/MG;Norte;Colisão traseira;0;0;0;0;0;2;0;0;0;0;2;0;0;0;0
26/04/2021;15:58:00;256;Acidente sem Vítimas;534,5;BR-040/MG;Sul;Colisão lateral;1;0;0;0;1;0;0;0;0;0;2;0;0;0;0
26/04/2021;17:02:00;269;Acidente sem Vítimas;542,8;BR-040/MG;Sul;Engavetamento;1;0;0;0;0;1;0;0;0;0;2;0;0;0;0
26/04/2021;17:52:00;279;Acidente com Vítimas;563,3;BR-040/MG;Norte;Colisão traseira;2;0;0;2;0;0;0;0;0;0;5;1;0;0;0
26/04/2021;18:14:00;287;Acidente sem Vítimas;2,5;BR-040/GO;Norte;Colisão traseira;1;0;0;1;0;0;0;0;0;0;2;0;0;0;0
26/04/2021;18:43:00;296;Acidente com Vítimas;126,9;BR-040/GO;Norte;Colisão traseira;0;0;1;0;1;0;0;0;0;0;0;2;0;0;0
27/04/2021;07:15:00;90;Acidente sem Vítimas;2,3;BR-040/GO;Norte;Engavetamento;2;0;0;0;0;2;0;0;0;0;3;0;0;0;0
27/04/2021;07:20:00;91;Acidente sem Vítimas;541,1;BR-040/MG;Sul;Colisão traseira;1;0;0;0;0;1;0;0;0;0;2;0;0;0;0
27/04/2021;10:03:00;130;Acidente sem Vítimas;534,15;BR-040/MG;Sul;Tombamento;0;0;0;0;1;0;0;0;0;0;1;0;0;0;0
27/04/2021;10:40:00;140;Acidente sem Vítimas;467;BR-040/MG;Sul;Choque c/ Objeto Fixo;2;0;0;0;0;0;0;0;0;0;1;0;0;0;0
27/04/2021;11:15:00;144;Acidente sem Vítimas;470,15;BR-040/MG;Sul;Choque c/ Objeto Fixo;1;0;0;0;0;0;0;0;0;0;1;0;0;0;0
27/04/2021;11:18:00;146;Acidente com Vítimas;470;BR-040/MG;Norte;Colisão transversal;0;0;0;0;0;3;0;0;0;0;2;1;0;0;0
27/04/2021;12:13:00;155;Acidente sem Vítimas;433,3;BR-040/MG;Norte;Choque c/ Objeto Fixo;2;0;0;0;0;0;0;0;0;0;2;0;0;0;0
27/04/2021;12:21:00;154;Acidente sem Vítimas;469,8;BR-040/MG;Norte;Tombamento;1;0;0;0;0;0;0;0;0;0;1;0;0;0;0
27/04/2021;12:34:00;156;Acidente com Vítimas;479,32;BR-040/MG;Sul;Tombamento;0;0;0;1;0;1;0;0;0;0;1;1;1;0;0
27/04/2021;14:51:00;183;Acidente com Vítimas;507;BR-040/MG;Norte;Colisão traseira;2;0;1;0;0;0;0;0;0;0;1;1;0;0;0
27/04/2021;15:17:00;186;Acidente sem Vítimas;728,1;BR-040/MG;Norte;Colisão traseira;1;0;0;0;0;1;0;0;0;0;1;0;0;0;0
27/04/2021;15:35:00;189;Acidente com Vítimas;517,8;BR-040/MG;Norte;Colisão traseira;0;0;1;0;0;1;0;0;0;0;2;1;0;0;0
27/04/2021;16:18:00;195;Acidente sem Vítimas;538,6;BR-040/MG;Norte;Engavetamento;3;0;0;0;0;0;0;0;0;0;3;0;0;0;0
27/04/2021;16:47:00;198;Acidente sem Vítimas;438;BR-040/MG;Sul;Capotamento;1;0;0;0;0;1;0;0;0;0;1;0;0;0;0
27/04/2021;18:38:00;216;Acidente com Vítimas;518,2;BR-040/MG;Norte;Colisão lateral;0;0;0;1;0;0;0;0;0;2;1;1;0;0;0
27/04/2021;21:17:00;257;Acidente com Vítimas;248,7;BR-040/MG;Norte;Choque c/ Objeto Fixo;0;0;1;0;0;0;0;0;0;0;0;0;0;1;0
27/04/2021;22:09:00;264;Acidente Fatal;149,5;BR-040/MG;Norte;Colisão traseira;0;0;2;0;3;1;0;0;0;0;2;0;0;0;1
28/04/2021;04:02:00;78;Acidente sem Vítimas;626,1;BR-040/MG;Sul;Colisão lateral;2;0;0;1;0;0;0;0;0;0;2;0;0;0;0
28/04/2021;09:39:00;153;Acidente sem Vítimas;732,5;BR-040/MG;Sul;Choque c/ Objeto Fixo;1;0;0;0;0;1;0;0;0;0;1;0;0;0;0
28/04/2021;09:44:00;154;Acidente sem Vítimas;512,2;BR-040/MG;Norte;Colisão lateral;0;0;0;1;0;0;0;0;0;0;1;1;0;0;0
28/04/2021;11:05:00;170;Acidente com Vítimas;40,95;BR-040/MG;Norte;Colisão transversal;0;0;0;2;0;1;0;0;0;0;2;0;0;1;0
28/04/2021;11:41:00;177;Acidente sem Vítimas;24,12;BR-040/GO;Sul;Colisão traseira;1;0;1;0;0;0;0;0;0;0;0;0;0;0;0
28/04/2021;12:06:00;180;Acidente com Vítimas;528,6;BR-040/MG;Sul;Colisão traseira;2;0;2;0;1;0;0;0;0;0;1;0;2;0;0
28/04/2021;12:26:00;184;Acidente sem Vítimas;504,7;BR-040/MG;Sul;Engavetamento;1;0;1;0;1;3;0;0;0;0;4;0;0;0;0
28/04/2021;14:50:00;211;Acidente sem Vítimas;550,1;BR-040/MG;Sul;Colisão lateral;2;0;1;1;0;0;0;0;0;0;1;0;0;0;0
28/04/2021;17:55:00;243;Acidente sem Vítimas;21,2;BR-040/GO;Sul;Colisão lateral;1;0;0;1;0;1;0;0;0;0;3;1;0;1;0
28/04/2021;22:40:00;303;Acidente sem Vítimas;741,1;BR-040/MG;Norte;Choque c/ Objeto Fixo;1;0;0;0;0;0;0;0;0;0;3;0;0;0;0
29/04/2021;07:36:00;140;Acidente sem Vítimas;521,2;BR-040/MG;Sul;Colisão traseira;3;0;0;0;0;1;0;0;0;0;3;0;0;0;0
29/04/2021;08:56:00;153;Acidente sem Vítimas;608,3;BR-040/MG;Sul;Choque c/ Objeto Fixo;0;0;2;0;0;0;0;0;0;0;1;0;0;0;0
29/04/2021;13:01:00;199;Acidente sem Vítimas;121,2;BR-040/MG;Sul;Colisão traseira;1;0;0;0;0;1;0;0;0;0;2;0;0;0;0
29/04/2021;16:25:00;248;Acidente sem Vítimas;512,2;BR-040/MG;Sul;Colisão traseira;2;0;0;1;0;0;0;0;0;0;2;0;0;0;0
29/04/2021;17:04:00;254;Acidente com Vítimas;0,8;BR-040/GO;Norte;Colisão lateral;0;0;0;0;1;1;0;0;0;0;2;1;0;0;0
29/04/2021;18:33:00;263;Acidente com Vítimas;547;BR-040/MG;Norte;Colisão lateral;1;0;0;2;0;1;0;0;0;0;1;0;0;0;0
29/04/2021;18:48:00;266;Acidente sem Vítimas;534,1;BR-040/MG;Norte;Engavetamento;4;0;0;0;0;0;0;0;0;0;8;0;0;0;0
01/05/2021;05:36:00;36;Acidente sem Vítimas;492,15;BR-040/MG;Norte;Choque c/ Objeto Fixo;1;0;0;0;0;0;0;0;0;0;4;0;0;0;0
01/05/2021;10:36:00;97;Acidente sem Vítimas;502,15;BR-040/MG;Norte;Colisão traseira;2;0;0;2;0;0;0;0;0;0;2;0;0;0;0
01/05/2021;14:06:00;137;Acidente com Vítimas;24,15;BR-040/GO;Sul;Colisão transversal;1;0;0;1;0;0;0;0;0;0;1;1;0;0;0
01/05/2021;15:45:00;154;Acidente com Vítimas;129,83;BR-040/MG;Norte;Colisão traseira;1;0;0;1;0;0;0;0;0;0;2;0;1;0;0
01/05/2021;17:15:00;163;Acidente sem Vítimas;94,1;BR-040/MG;Norte;Capotamento;3;0;0;0;0;0;0;0;0;0;2;0;0;0;0
01/05/2021;17:26:00;164;Acidente sem Vítimas;709,6;BR-040/MG;Norte;Choque c/ Objeto Fixo;1;0;0;0;0;0;0;0;0;0;1;0;0;0;0
01/05/2021;19:02:00;174;Acidente sem Vítimas;511,32;BR-040/MG;Norte;Colisão traseira;2;0;0;0;0;0;0;0;0;0;0;0;0;0;0
01/05/2021;19:18:00;177;Acidente com Vítimas;524,5;BR-040/MG;Sul;Atropelamento de Pedestre;1;0;0;0;0;0;0;0;0;0;0;0;1;0;0
01/05/2021;23:36:00;212;Acidente sem Vítimas;442,15;BR-040/MG;Sul;Atropelamento de Animal;0;0;2;0;0;0;0;0;0;0;0;0;0;0;0
02/05/2021;01:34:00;11;Acidente sem Vítimas;508;BR-040/MG;Sul;Choque c/ Objeto Fixo;2;0;0;0;0;0;0;0;0;0;1;0;0;0;0
02/05/2021;04:17:00;26;Acidente sem Vítimas;720,5;BR-040/MG;Sul;Choque c/ Objeto Fixo;2;0;0;0;0;0;0;0;0;0;0;0;0;0;0
02/05/2021;07:07:00;38;Acidente com Vítimas;566,2;BR-040/MG;Sul;Tombamento de Moto;2;0;0;1;0;0;0;0;0;0;2;0;1;0;0
02/05/2021;11:12:00;66;Acidente sem Vítimas;5,3;BR-040/MG;Norte;Choque c/ Objeto Fixo;1;0;0;0;0;0;0;0;0;0;1;0;0;0;0
02/05/2021;16:17:00;113;Acidente com Vítimas;617,5;BR-040/MG;Norte;Atropelamento de Pedestre;1;0;0;0;0;0;0;0;0;0;2;0;1;0;0
02/05/2021;16:46:00;119;Acidente com Vítimas;473,2;BR-040/MG;Sul;Choque c/ Objeto Fixo;1;0;0;0;0;0;0;0;0;0;1;0;2;0;0
02/05/2021;18:31:00;139;Acidente sem Vítimas;616,15;BR-040/MG;Norte;Colisão lateral;1;0;0;1;0;0;0;0;0;0;3;0;0;0;0
02/05/2021;21:22:00;180;Acidente sem Vítimas;510,12;BR-040/MG;Norte;Colisão lateral;2;0;0;0;1;0;0;0;0;0;2;0;0;0;0
02/05/2021;22:21:00;209;Acidente sem Vítimas;476,1;BR-040/MG;Sul;Choque com objeto;2;0;0;0;0;0;0;0;0;0;2;0;0;0;0
02/05/2021;23:38:00;216;Acidente com Vítimas;12,5;BR-040/GO;Sul;Choque c/ Objeto Fixo;1;0;0;0;0;0;0;0;0;0;2;1;0;1;0
03/05/2021;02:53:00;83;Acidente sem Vítimas;730,3;BR-040/MG;Norte;Choque com objeto;1;0;0;0;0;0;0;0;0;0;3;0;0;0;0
03/05/2021;04:08:00;87;Acidente sem Vítimas;194,1;BR-040/MG;Norte;Atropelamento de Animal;0;0;0;0;1;0;0;0;0;0;1;0;0;0;0
03/05/2021;05:43:00;102;Acidente com Vítimas;290,1;BR-040/MG;Sul;Queda Veículo;1;0;0;1;0;0;0;0;0;0;0;0;1;0;0
03/05/2021;06:09:00;105;Acidente sem Vítimas;448,1;BR-040/MG;Sul;Choque c/ Objeto Fixo;1;0;0;0;0;0;0;0;0;0;4;0;0;0;0
03/05/2021;06:48:00;125;Acidente sem Vítimas;727,5;BR-040/MG;Sul;Choque c/ Objeto Fixo;1;0;0;0;0;0;0;0;0;0;1;0;0;0;0
03/05/2021;07:00:00;128;Acidente com Vítimas;41,2;BR-040/MG;Sul;Tombamento de Moto;0;0;0;0;0;0;0;0;0;0;0;0;1;0;0
03/05/2021;07:57:00;140;Acidente sem Vítimas;112,2;BR-040/MG;Sul;Choque c/ Objeto Fixo;0;0;0;0;1;0;0;0;0;0;1;0;0;0;0
03/05/2021;08:22:00;149;Acidente sem Vítimas;506,12;BR-040/MG;Norte;Atropelamento de Animal;0;0;0;1;0;0;0;0;0;0;1;0;0;0;0
03/05/2021;08:31:00;153;Acidente sem Vítimas;625,3;BR-040/MG;Sul;Choque c/ Objeto Fixo;1;0;0;0;0;0;0;0;0;0;1;0;0;0;0
03/05/2021;08:32:00;154;Acidente com Vítimas;3,6;BR-040/GO;Sul;Colisão traseira;1;0;0;1;0;1;0;0;0;0;1;0;1;0;0
03/05/2021;08:43:00;161;Acidente com Vítimas;510,12;BR-040/MG;Sul;Colisão traseira;1;0;0;2;0;0;0;0;0;0;1;1;0;0;0
03/05/2021;09:57:00;185;Acidente sem Vítimas;545,3;BR-040/MG;Norte;Colisão traseira;3;0;0;0;0;0;0;0;0;0;2;0;0;0;0
03/05/2021;10:03:00;186;Acidente com Vítimas;517,65;BR-040/MG;Sul;Engavetamento;0;0;2;0;1;1;0;0;0;0;2;0;0;0;0