data;horario;n_da_ocorrencia;tipo_de_ocorrencia;km;trecho;sentido;tipo_de_acidente;automovel;bicicleta;caminhao;moto;onibus;outros;tracao_animal;transporte_de_cargas_especiais;trator_maquinas;utilitarios;ilesos;levemente_feridos;moderadamente_feridos;gravemente_feridos;mortos
03/05/2021;10:58:00;191;Acidente sem Vítimas;143,1;BR-040/GO;Norte;Colisão transversal;2;0;0;0;0;0;0;0;0;0;0;0;0;0;0
03/05/2021;11:50:00;201;Acidente sem Vítimas;541,1;BR-040/MG;Norte;Colisão traseira;2;0;0;0;0;0;0;0;0;0;2;0;0;0;0
03/05/2021;12:32:00;215;Acidente com Vítimas;571,1;BR-040/MG;Norte;Tombamento;0;0;0;0;0;2;0;0;0;0;1;0;0;0;0
03/05/2021;15:16:00;250;Acidente sem Vítimas;611,6;BR-040/MG;Sul;Colisão traseira;1;0;1;0;0;0;0;0;0;0;2;0;0;0;0
03/05/2021;18:41:00;283;Acidente sem Vítimas;1,8;BR-040/DF;Sul;Colisão frontal;0;0;0;1;0;1;0;0;0;0;1;0;0;0;0
03/05/2021;19:40:00;296;Acidente com Vítimas;23,9;BR-040/GO;Sul;Colisão lateral;1;1;0;0;0;0;0;0;0;0;2;0;0;1;0
03/05/2021;20:50:00;309;Acidente sem Vítimas;436,8;BR-040/MG;Sul;Colisão lateral;0;0;1;0;1;1;0;0;0;0;2;0;0;0;0
03/05/2021;21:18:00;316;Acidente sem Vítimas;501,5;BR-040/MG;Sul;Colisão traseira;1;0;1;0;1;1;0;0;0;0;2;1;0;0;0
04/05/2021;04:05:00;78;Acidente com Vítimas;437,3;BR-040/MG;Sul;Choque c/ Objeto Fixo;0;0;2;0;0;1;0;0;0;0;0;0;2;0;0
04/05/2021;06:16:00;94;Acidente com Vítimas;541,5;BR-040/MG;Sul;Colisão lateral;2;0;0;0;0;1;0;0;0;0;2;1;0;0;0
04/05/2021;11:40:00;165;Acidente com Vítimas;543,99;BR-040/MG;Sul;Colisão lateral;1;0;1;1;0;1;0;0;0;0;4;2;0;0;0
04/05/2021;12:59:00;173;Acidente com Vítimas;43,3;BR-040/MG;Sul;Colisão transversal;0;1;0;2;0;0;0;0;0;0;0;1;0;0;0
04/05/2021;18:43:00;233;Acidente sem Vítimas;2,1;BR-040/GO;Sul;Colisão lateral;1;0;2;0;0;0;0;0;0;0;2;0;0;0;0
04/05/2021;18:55:00;240;Acidente com Vítimas;496,3;BR-040/MG;Norte;Colisão traseira;1;0;0;0;0;1;0;0;0;0;0;1;0;0;0
05/05/2021;00:19:00;7;Acidente sem Vítimas;729,1;BR-040/MG;Norte;Choque c/ Objeto Fixo;1;0;0;0;0;0;0;0;0;0;1;0;0;0;0
05/05/2021;04:13:00;53;Acidente sem Vítimas;543,895;BR-040/MG;Sul;Choque c/ Objeto Fixo;2;0;0;0;0;0;0;0;0;0;2;0;0;0;0
05/05/2021;05:26:00;56;Acidente sem Vítimas;656,46;BR-040/MG;Norte;Atropelamento de Animal;0;0;0;0;2;0;0;0;0;0;1;0;0;0;0
05/05/2021;07:57:00;97;Acidente sem Vítimas;610,3;BR-040/MG;Sul;Colisão transversal;2;0;0;0;0;1;0;0;0;0;3;0;0;0;0
05/05/2021;08:58:00;110;Acidente sem Vítimas;11,84;BR-040/GO;Sul;Colisão transversal;2;0;0;0;0;0;0;0;0;0;2;0;0;0;0
05/05/2021;12:28:00;153;Acidente com Vítimas;5,1;BR-040/DF;Sul;Outros;2;0;0;0;0;0;0;0;0;0;0;1;0;0;0
05/05/2021;13:32:00;164;Acidente com Vítimas;91,5;BR-040/GO;Sul;Colisão lateral;1;0;0;2;0;0;0;0;0;0;1;0;1;0;0
05/05/2021;14:11:00;169;Acidente com Vítimas;44,12;BR-040/MG;Sul;Colisão lateral;0;0;0;1;1;1;0;0;0;0;1;0;0;0;0
05/05/2021;15:15:00;183;Acidente com Vítimas;5,5;BR-040/GO;Sul;Atropelamento de Pedestre;0;0;0;0;0;0;0;0;0;0;0;0;1;0;0
05/05/2021;16:07:00;194;Acidente sem Vítimas;535,3;BR-040/MG;Norte;Colisão traseira;1;0;0;0;0;1;0;0;0;0;2;0;0;0;0
05/05/2021;18:19:00;222;Acidente com Vítimas;669,15;BR-040/MG;Norte;Colisão lateral;0;0;0;1;0;1;0;0;0;0;2;0;0;0;0
05/05/2021;19:17:00;239;Acidente sem Vítimas;19,1;BR-040/GO;Norte;Colisão traseira;3;0;0;0;0;0;0;0;0;0;0;0;0;0;0
05/05/2021;20:34:00;250;Acidente com Vítimas;570,5;BR-040/MG;Norte;Atropelamento de Pedestre;0;0;0;0;0;2;0;0;0;0;0;0;1;0;0
06/05/2021;05:25:00;74;Acidente sem Vítimas;23,9;BR-040/GO;Sul;Colisão transversal;1;0;0;1;0;0;0;0;0;0;1;0;0;0;0
06/05/2021;06:08:00;83;Acidente sem Vítimas;601,2;BR-040/MG;Sul;Colisão lateral;0;0;2;0;1;0;0;0;0;0;2;0;0;0;0
06/05/2021;06:28:00;91;Acidente com Vítimas;587,8;BR-040/MG;Sul;Colisão frontal;3;0;0;0;0;0;0;0;0;0;2;1;0;0;0
06/05/2021;09:30:00;130;Acidente sem Vítimas;509,2;BR-040/MG;Sul;Engavetamento;3;0;0;0;0;0;0;0;0;0;1;0;0;0;0
06/05/2021;13:00:00;167;Acidente com Vítimas;11,8;BR-040/GO;Norte;Colisão transversal;2;0;0;0;0;0;0;0;0;0;0;0;1;0;0
06/05/2021;16:14:00;205;Acidente sem Vítimas;536,53;BR-040/MG;Norte;Engavetamento;4;0;0;0;0;0;0;0;0;0;0;0;0;0;0
06/05/2021;17:08:00;220;Acidente sem Vítimas;538,2;BR-040/MG;Norte;Tombamento;0;0;0;0;0;0;0;3;0;0;1;0;0;0;0
06/05/2021;18:32:00;237;Acidente sem Vítimas;11,5;BR-040/GO;Sul;Tombamento;0;0;1;0;0;1;0;0;0;0;1;0;0;0;0
06/05/2021;19:51:00;263;Acidente sem Vítimas;4,1;BR-040/DF;Sul;Colisão traseira;3;0;0;0;0;0;0;0;0;0;3;0;0;0;0
07/05/2021;01:04:00;38;Acidente sem Vítimas;221,1;BR-040/MG;Norte;Queda Veículo;0;0;0;1;0;0;0;0;0;0;1;0;0;0;0
07/05/2021;03:51:00;76;Acidente sem Vítimas;524,1;BR-040/MG;Sul;Choque c/ Objeto Fixo;2;0;0;0;0;0;0;0;0;0;2;0;0;0;0
07/05/2021;06:20:00;103;Acidente sem Vítimas;539,1;BR-040/MG;Norte;Tombamento;0;0;0;0;0;1;0;0;0;0;1;0;0;0;0
07/05/2021;06:54:00;120;Acidente sem Vítimas;539,2;BR-040/MG;Norte;Engavetamento;1;0;0;0;0;0;0;0;0;0;1;0;0;0;0
07/05/2021;07:32:00;135;Acidente com Vítimas;539,3;BR-040/MG;Norte;Colisão traseira;2;0;1;0;0;0;0;0;0;0;3;1;0;0;0
07/05/2021;08:04:00;140;Acidente sem Vítimas;5,8;BR-040/GO;Norte;Colisão lateral;0;0;0;1;0;1;0;0;0;0;1;0;0;0;0
07/05/2021;08:21:00;144;Acidente sem Vítimas;6,3;BR-040/GO;Norte;Colisão traseira;4;0;0;0;0;1;0;0;0;0;4;0;0;0;0
07/05/2021;09:13:00;156;Acidente sem Vítimas;43,3;BR-040/MG;Sul;Colisão traseira;1;0;0;0;1;0;0;0;0;0;0;0;0;0;0
07/05/2021;09:57:00;169;Acidente com Vítimas;632,5;BR-040/MG;Norte;Colisão transversal;1;0;0;0;0;2;0;0;0;0;1;0;0;0;0
07/05/2021;11:39:00;189;Acidente sem Vítimas;275,2;BR-040/MG;Norte;Tombamento de Moto;0;0;0;1;0;0;0;0;0;0;0;0;1;0;0
07/05/2021;11:50:00;192;Acidente sem Vítimas;569,2;BR-040/MG;Norte;Colisão traseira;0;0;0;0;2;1;0;0;0;0;2;0;0;0;0
07/05/2021;14:04:00;219;Acidente Fatal;4,4;BR-040/GO;Sul;Colisão transversal;0;2;0;0;0;2;0;0;0;0;2;0;0;0;1
07/05/2021;17:22:00;266;Acidente com Vítimas;523,9;BR-040/MG;Norte;Colisão lateral;1;0;0;1;0;0;0;0;0;0;2;1;0;0;0
07/05/2021;17:33:00;274;Acidente com Vítimas;1,2;BR-040/DF;Sul;Colisão traseira;1;0;0;0;0;3;0;0;0;0;2;1;0;0;0
07/05/2021;17:43:00;276;Acidente com Vítimas;1,5;BR-040/DF;Sul;Colisão lateral;1;0;0;1;0;0;0;0;0;0;1;1;0;0;0
07/05/2021;19:50:00;310;Acidente Fatal;12,6;BR-040/GO;Sul;Atropelamento de Pedestre;1;3;0;0;0;0;0;0;0;0;2;0;0;0;1
07/05/2021;20:05:00;315;Acidente com Vítimas;494,5;BR-040/MG;Sul;Tombamento;0;0;0;1;0;0;0;0;0;0;1;1;0;0;0
07/05/2021;20:35:00;322;Acidente com Vítimas;696,15;BR-040/MG;Norte;Capotamento;1;0;0;0;0;0;0;0;0;0;1;0;1;0;0
07/05/2021;22:07:00;353;Acidente sem Vítimas;384,5;BR-040/MG;Norte;Atropelamento de Animal;2;0;0;0;0;0;0;0;0;0;1;0;0;0;0
07/05/2021;22:52:00;362;Acidente sem Vítimas;729,15;BR-040/MG;Sul;Choque c/ Objeto Fixo;0;0;1;0;0;1;0;0;0;0;2;0;0;0;0
07/05/2021;23:01:00;363;Acidente sem Vítimas;505,3;BR-040/MG;Norte;Capotamento;1;0;3;0;0;0;0;0;0;0;5;0;0;0;0
08/05/2021;00:02:00;1;Acidente sem Vítimas;662,35;BR-040/MG;Sul;Choque c/ Objeto Fixo;1;0;0;0;0;0;0;0;0;0;1;0;0;0;0
08/05/2021;05:59:00;60;Acidente com Vítimas;535,202;BR-040/MG;Sul;Tombamento de Moto;0;0;0;1;0;0;0;0;0;0;1;1;0;0;0
08/05/2021;08:34:00;86;Acidente com Vítimas;12,2;BR-040/GO;Norte;Atropelamento de Pedestre;3;0;0;0;0;0;0;0;0;0;1;0;1;0;0
08/05/2021;10:23:00;106;Acidente com Vítimas;534,99;BR-040/MG;Sul;Colisão traseira;0;0;0;2;0;0;0;0;0;0;1;1;0;0;0
08/05/2021;11:26:00;129;Acidente sem Vítimas;512,7;BR-040/MG;Sul;Colisão traseira;2;0;0;0;0;0;0;0;0;0;1;0;0;0;0
08/05/2021;13:38:00;153;Acidente sem Vítimas;457,5;BR-040/MG;Norte;Choque c/ Objeto Fixo;2;0;0;0;0;0;0;0;0;0;1;0;0;0;0
08/05/2021;16:23:00;199;Acidente com Vítimas;8,75;BR-040/DF;Norte;Colisão lateral;0;0;0;2;0;1;0;0;0;0;0;1;0;0;0
08/05/2021;17:17:00;214;Acidente com Vítimas;1,1;BR-040/GO;Sul;Atropelamento de Pedestre;0;0;0;1;0;0;0;0;0;0;1;0;0;0;0
08/05/2021;19:10:00;238;Acidente com Vítimas;88,5;BR-040/GO;Sul;Colisão frontal;4;0;0;0;0;0;0;0;0;0;1;1;0;0;0
08/05/2021;19:27:00;240;Acidente sem Vítimas;656,2;BR-040/MG;Norte;Choque c/ Objeto Fixo;1;0;0;0;0;0;0;0;0;0;0;0;0;0;0
08/05/2021;22:06:00;273;Acidente com Vítimas;537,3;BR-040/MG;Sul;Capotamento;1;0;0;0;0;2;0;0;0;0;1;0;1;0;0
08/05/2021;23:27:00;287;Acidente com Vítimas;538,3;BR-040/MG;Sul;Choque c/ Objeto Fixo;1;0;0;0;0;0;0;0;0;0;1;0;0;0;0
09/05/2021;02:39:00;19;Acidente sem Vítimas;699,8;BR-040/MG;Norte;Outros;2;0;0;0;0;0;0;0;0;0;0;0;0;0;0
09/05/2021;02:44:00;20;Acidente com Vítimas;79,1;BR-040/GO;Sul;Tombamento;0;0;1;0;0;1;0;0;0;0;1;1;0;0;0
09/05/2021;06:39:00;41;Acidente sem Vítimas;732,1;BR-040/MG;Sul;Choque com objeto;1;0;0;0;0;0;0;0;0;0;1;0;0;0;0
09/05/2021;07:16:00;46;Acidente sem Vítimas;533,7;BR-040/MG;Norte;Tombamento de Moto;0;0;0;1;0;0;0;0;0;0;1;0;0;0;0
09/05/2021;09:05:00;68;Acidente sem Vítimas;716,1;BR-040/MG;Norte;Choque com objeto;1;0;0;0;0;0;0;0;0;0;1;0;0;0;0
09/05/2021;12:03:00;100;Acidente sem Vítimas;530,11;BR-040/MG;Sul;Engavetamento;1;0;0;0;0;2;0;0;0;0;3;0;0;0;0
09/05/2021;18:02:00;180;Acidente Fatal;507,3;BR-040/MG;Sul;Colisão traseira;2;0;0;2;0;0;0;0;0;0;0;0;0;0;1
09/05/2021;18:13:00;183;Acidente sem Vítimas;525,25;BR-040/MG;Norte;Colisão traseira;1;0;0;0;0;1;0;0;0;0;0;0;0;0;0
09/05/2021;19:02:00;194;Acidente sem Vítimas;555,2;BR-040/MG;Norte;Engavetamento;3;0;0;0;0;0;0;0;0;0;0;0;0;0;0
09/05/2021;20:33:00;216;Acidente sem Vítimas;577,2;BR-040/MG;Norte;Choque c/ Objeto Fixo;0;0;0;1;0;0;0;0;0;0;0;0;0;0;0
09/05/2021;20:55:00;222;Acidente sem Vítimas;504,3;BR-040/MG;Sul;Colisão traseira;2;0;0;0;0;0;0;0;0;0;0;0;0;0;0
09/05/2021;20:56:00;224;Acidente sem Vítimas;466,32;BR-040/MG;Sul;Choque c/ Objeto Fixo;1;0;0;0;0;1;0;0;0;0;0;0;0;0;0
09/05/2021;21:22:00;232;Acidente sem Vítimas;630,2;BR-040/MG;Norte;Colisão lateral;2;0;0;0;0;0;0;0;0;0;1;0;0;0;0
09/05/2021;23:58:00;258;Acidente com Vítimas;678,2;BR-040/MG;Norte;Choque c/ Objeto Fixo;0;0;1;0;0;0;0;0;0;0;0;0;1;0;0
10/05/2021;00:16:00;5;Acidente sem Vítimas;87,4;BR-040/GO;Norte;Atropelamento de Animal;0;0;2;0;0;0;0;0;0;0;0;0;0;0;0
10/05/2021;05:29:00;58;Acidente com Vítimas;506,1;BR-040/MG;Sul;Colisão transversal;0;1;0;1;0;0;0;0;0;0;1;0;1;0;0
10/05/2021;07:24:00;87;Acidente com Vítimas;535,12;BR-040/MG;Sul;Colisão traseira;0;0;0;1;0;0;0;0;0;0;1;0;1;0;0
10/05/2021;08:24:00;100;Acidente com Vítimas;536,1;BR-040/MG;Sul;Colisão lateral;1;0;0;1;0;0;0;0;0;0;2;0;0;0;0
10/05/2021;09:10:00;110;Acidente com Vítimas;627,5;BR-040/MG;Norte;Colisão transversal;1;0;0;0;0;1;0;0;0;0;2;0;0;0;0
10/05/2021;11:54:00;144;Acidente sem Vítimas;12,1;BR-040/GO;Sul;Colisão traseira;1;0;1;0;0;0;0;0;0;0;1;0;0;0;0
10/05/2021;15:56:00;177;Acidente sem Vítimas;544,12;BR-040/MG;Sul;Tombamento de Moto;0;0;0;1;0;0;0;0;0;0;0;0;0;0;0
10/05/2021;17:01:00;187;Acidente sem Vítimas;683,5;BR-040/MG;Sul;Colisão lateral;4;0;0;0;0;0;0;0;0;0;6;0;0;0;0
10/05/2021;17:43:00;192;Acidente sem Vítimas;549,52;BR-040/MG;Norte;Colisão traseira;2;0;0;0;0;1;0;0;0;0;2;0;0;0;0
10/05/2021;19:00:00;214;Acidente sem Vítimas;9,5;BR-040/MG;Sul;Atropelamento de Animal;2;0;0;0;0;1;0;0;0;0;2;0;0;0;0
10/05/2021;20:09:00;227;Acidente sem Vítimas;537,1;Fora_Rota;Norte;Choque com objeto;0;0;2;0;0;0;0;0;0;0;1;0;0;0;0
10/05/2021;23:12:00;262;Acidente com Vítimas;552,7;BR-040/MG;Norte;Tombamento de Moto;0;0;0;1;0;0;0;0;0;0;0;0;2;0;0
11/05/2021;01:07:00;54;Acidente sem Vítimas;99,2;BR-040/GO;Sul;Atropelamento de Animal;0;0;2;0;0;0;0;0;0;0;1;0;0;0;0
11/05/2021;02:04:00;62;Acidente sem Vítimas;648,9;BR-040/MG;Sul;Atropelamento de Animal;0;0;0;0;2;1;0;0;0;0;1;0;0;0;0
11/05/2021;05:58:00;84;Acidente sem Vítimas;2,2;BR-040/GO;Norte;Choque com objeto;2;0;0;0;0;0;0;0;0;0;2;0;0;0;0
11/05/2021;09:54:00;146;Acidente sem Vítimas;541,1;BR-040/MG;Norte;Colisão lateral;1;0;0;0;1;0;0;0;0;0;2;0;0;0;0
11/05/2021;09:56:00;147;Acidente sem Vítimas;665,3;BR-040/MG;Sul;Colisão lateral;2;0;0;0;0;0;0;0;0;0;2;0;0;0;0
11/05/2021;12:12:00;166;Acidente sem Vítimas;175,3;BR-040/MG;Norte;Choque c/ Objeto Fixo;0;0;0;0;0;2;0;0;0;0;0;1;0;0;0
11/05/2021;13:28:00;176;Acidente com Vítimas;663,2;BR-040/MG;Sul;Choque c/ Objeto Fixo;0;0;3;0;0;0;0;0;0;0;1;2;0;0;0
11/05/2021;13:30:00;177;Acidente sem Vítimas;535,2;BR-040/MG;Norte;Colisão traseira;0;0;1;0;0;1;0;0;0;0;2;0;0;0;0
11/05/2021;14:40:00;187;Acidente com Vítimas;446,23;BR-040/MG;Sul;Tombamento de Moto;1;0;0;0;0;0;0;0;0;0;0;1;0;0;0
11/05/2021;16:37:00;205;Acidente com Vítimas;12,5;BR-040/GO;Norte;Colisão lateral;0;0;1;1;0;0;0;0;0;0;2;0;1;0;0
11/05/2021;17:41:00;212;Acidente com Vítimas;522,5;BR-040/MG;Norte;Colisão traseira;0;0;0;1;0;0;0;0;0;0;0;0;2;0;0
11/05/2021;18:11:00;217;Acidente com Vítimas;535,5;BR-040/MG;Norte;Colisão traseira;5;0;0;0;0;0;0;0;0;0;0;0;1;0;0
11/05/2021;18:26:00;225;Acidente com Vítimas;649,15;BR-040/MG;Sul;Colisão transversal;2;0;0;1;0;1;0;0;0;0;2;1;0;0;0
11/05/2021;19:07:00;239;Acidente com Vítimas;3,1;BR-040/DF;Sul;Colisão traseira;2;0;0;1;0;0;0;0;0;0;3;0;1;0;0
11/05/2021;19:43:00;248;Acidente sem Vítimas;545;BR-040/MG;Sul;Choque com objeto;1;0;0;1;0;0;0;0;0;0;0;0;0;0;0
11/05/2021;22:47:00;285;Acidente sem Vítimas;2,6;BR-040/GO;Sul;Atropelamento de Animal;0;0;0;0;0;1;0;0;0;0;1;0;0;0;0
11/05/2021;23:35:00;291;Acidente sem Vítimas;67,1;BR-040/GO;Sul;Atropelamento de Animal;2;0;0;0;0;0;0;0;0;0;2;0;0;0;0
12/05/2021;01:20:00;18;Acidente sem Vítimas;8,2;BR-040/GO;Norte;Choque com objeto;1;0;0;0;0;0;0;0;0;0;1;0;0;0;0
12/05/2021;06:44:00;87;Acidente sem Vítimas;3,2;BR-040/DF;Norte;Colisão lateral;1;0;0;0;0;2;0;0;0;0;1;1;0;0;0
12/05/2021;07:11:00;95;Acidente sem Vítimas;509,6;BR-040/MG;Norte;Choque c/ Objeto Fixo;1;0;0;0;0;0;0;0;0;0;1;0;0;0;0
12/05/2021;08:06:00;112;Acidente com Vítimas;4,5;BR-040/GO;Norte;Colisão lateral;1;0;0;1;0;0;0;0;0;0;2;1;0;0;0
12/05/2021;09:14:00;129;Acidente com Vítimas;440,5;BR-040/MG;Sul;Capotamento;1;0;0;0;0;1;0;0;0;0;1;0;0;0;0
12/05/2021;09:48:00;136;Acidente com Vítimas;577,2;BR-040/MG;Sul;Colisão traseira;1;0;0;0;0;1;0;0;0;0;2;1;0;0;0
12/05/2021;14:55:00;196;Acidente sem Vítimas;610,3;BR-040/MG;Norte;Colisão frontal;2;0;0;0;0;0;0;0;0;0;2;0;0;0;0
12/05/2021;15:19:00;206;Acidente sem Vítimas;749,9;BR-040/MG;Norte;Colisão lateral;1;0;0;0;0;1;0;0;0;0;2;0;0;0;0
12/05/2021;17:30:00;245;Acidente sem Vítimas;538,6;BR-040/MG;Norte;Engavetamento;3;0;0;0;0;1;0;0;0;0;0;0;0;0;0
12/05/2021;18:21:00;257;Acidente sem Vítimas;445,3;BR-040/MG;Sul;Choque c/ Objeto Fixo;1;0;0;0;0;1;0;0;0;0;1;0;0;0;0
12/05/2021;20:17:00;280;Acidente sem Vítimas;517,6;BR-040/MG;Norte;Choque c/ Objeto Fixo;0;0;2;0;0;2;0;0;0;0;0;0;0;0;0
12/05/2021;21:14:00;287;Acidente sem Vítimas;3,1;BR-040/GO;Sul;Colisão traseira;2;0;0;2;0;0;0;0;0;0;2;0;0;0;0
13/05/2021;00:18:00;5;Acidente com Vítimas;547,8;BR-040/MG;Norte;Colisão traseira;1;0;0;2;0;0;0;0;0;0;0;0;1;2;0
13/05/2021;01:10:00;13;Acidente com Vítimas;522,5;BR-040/MG;Norte;Tombamento de Moto;0;0;0;2;0;0;0;0;0;0;2;1;0;0;0
13/05/2021;02:25:00;42;Acidente sem Vítimas;511,3;BR-040/MG;Norte;Colisão traseira;1;0;0;0;0;2;0;0;0;0;4;0;0;0;0
13/05/2021;04:18:00;55;Acidente sem Vítimas;510,5;BR-040/MG;Norte;Atropelamento de Animal;1;0;0;0;0;0;0;0;0;0;3;0;0;0;0
13/05/2021;07:42:00;120;Acidente sem Vítimas;533,1;BR-040/MG;Norte;Engavetamento;4;0;2;0;0;1;0;0;0;0;5;0;0;0;0
13/05/2021;07:45:00;119;Acidente sem Vítimas;4,2;BR-040/DF;Norte;Colisão traseira;0;0;0;1;0;2;0;0;0;0;1;0;0;0;0
13/05/2021;08:04:00;124;Acidente com Vítimas;749,5;BR-040/MG;Sul;Capotamento;1;0;0;0;0;0;0;0;0;0;1;1;0;0;0
13/05/2021;09:08:00;138;Acidente com Vítimas;499,2;BR-040/MG;Sul;Colisão lateral;1;0;0;2;0;0;0;0;0;0;2;0;0;0;0
13/05/2021;09:58:00;149;Acidente com Vítimas;521,2;BR-040/MG;Sul;Colisão lateral;0;0;1;1;0;0;0;0;0;0;1;0;2;0;0
13/05/2021;11:50:00;168;Acidente sem Vítimas;497,543;BR-040/MG;Norte;Colisão lateral;1;1;0;0;1;0;0;0;0;0;2;0;0;0;0
13/05/2021;12:03:00;173;Acidente sem Vítimas;674;BR-040/MG;Norte;Choque c/ Objeto Fixo;2;0;0;0;0;0;0;0;0;0;1;0;0;0;0
13/05/2021;12:53:00;181;Acidente com Vítimas;730,3;BR-040/MG;Sul;Choque c/ Objeto Fixo;1;0;0;0;0;1;0;0;0;0;1;1;0;0;0
13/05/2021;15:09:00;211;Acidente sem Vítimas;717,7;BR-040/MG;Sul;Choque c/ Objeto Fixo;2;0;0;0;0;0;0;0;0;0;1;0;0;0;0
13/05/2021;17:06:00;228;Acidente sem Vítimas;525,5;BR-040/MG;Sul;Colisão traseira;1;0;0;0;1;0;0;0;0;0;3;0;0;0;0
13/05/2021;18:17:00;248;Acidente sem Vítimas;548,3;BR-040/MG;Norte;Tombamento de Moto;0;0;0;1;0;0;0;0;0;0;1;0;0;0;0
13/05/2021;19:49:00;269;Acidente sem Vítimas;16,5;BR-040/GO;Norte;Queda Veículo;0;1;0;0;0;0;0;0;0;0;0;1;0;0;0
13/05/2021;21:03:00;285;Acidente com Vítimas;24,2;BR-040/GO;Sul;Colisão transversal;1;0;0;1;0;0;0;0;0;0;3;1;0;0;0
13/05/2021;23:10:00;310;Acidente sem Vítimas;2,5;BR-040/GO;Sul;Colisão frontal;1;0;0;0;0;0;0;0;0;0;1;0;0;0;0
13/05/2021;23:32:00;315;Acidente sem Vítimas;509,5;BR-040/MG;Sul;Atropelamento de Animal;0;0;1;0;0;1;0;0;0;0;0;0;0;0;0
14/05/2021;02:46:00;40;Acidente sem Vítimas;51,475;BR-040/GO;Sul;Choque com veículo da concessionária estacionado;0;0;0;0;0;0;0;0;0;0;0;0;0;0;0
14/05/2021;06:56:00;86;Acidente Fatal;569,75;BR-040/MG;Sul;Colisão transversal;2;0;0;0;2;0;0;0;0;0;1;0;0;0;1
14/05/2021;07:02:00;88;Acidente com Vítimas;600,3;BR-040/MG;Norte;Engavetamento;1;0;0;3;1;0;0;0;0;0;12;1;0;0;0
14/05/2021;07:52:00;97;Acidente com Vítimas;521,1;BR-040/MG;Sul;Colisão lateral;2;0;0;1;0;0;0;0;0;0;0;1;0;0;0
14/05/2021;07:59:00;104;Acidente com Vítimas;41,9;BR-040/MG;Sul;Colisão frontal;2;1;0;0;0;0;0;0;0;0;0;1;0;0;0
14/05/2021;09:05:00;114;Acidente com Vítimas;541,2;BR-040/MG;Sul;Tombamento de Moto;0;0;0;1;0;0;0;0;0;0;0;1;0;0;0
14/05/2021;09:33:00;118;Acidente sem Vítimas;6,5;BR-040/GO;Norte;Colisão traseira;4;0;0;0;0;0;0;0;0;0;2;0;0;0;0
14/05/2021;12:30:00;156;Acidente sem Vítimas;405,3;BR-040/MG;Sul;Colisão traseira;0;0;0;0;0;2;0;0;0;0;2;0;0;0;0
14/05/2021;12:47:00;162;Acidente sem Vítimas;637,8;BR-040/MG;Sul;Tombamento;0;0;1;0;0;1;0;0;0;0;0;0;0;0;0
14/05/2021;12:58:00;160;Acidente com Vítimas;515,1;BR-040/MG;Sul;Colisão traseira;0;0;0;1;0;1;0;0;0;0;1;0;1;0;0
14/05/2021;12:58:00;161;Acidente com Vítimas;590,3;BR-040/MG;Norte;Tombamento de Moto;0;0;0;1;0;1;0;0;0;0;1;1;0;0;0
14/05/2021;14:39:00;179;Acidente com Vítimas;38,9;BR-040/MG;Sul;Colisão transversal;1;0;0;0;0;1;0;0;0;0;2;1;0;0;0
14/05/2021;14:53:00;184;Acidente sem Vítimas;553,23;BR-040/MG;Sul;Colisão traseira;2;0;0;0;0;0;0;0;0;0;1;0;0;0;0
14/05/2021;17:18:00;220;Acidente com Vítimas;556,2;BR-040/MG;Norte;Engavetamento;3;0;0;0;0;1;0;0;0;0;4;2;0;0;0
14/05/2021;18:21:00;233;Acidente Fatal;447,21;BR-040/MG;Norte;Colisão traseira;2;1;0;0;0;0;0;0;0;0;0;0;0;0;1
14/05/2021;18:43:00;239;Acidente Fatal;510,2;BR-040/MG;Norte;Colisão lateral;2;0;0;1;0;1;0;0;0;0;0;0;0;1;1
14/05/2021;20:39:00;280;Acidente sem Vítimas;413,5;BR-040/MG;Norte;Capotamento;1;0;0;0;0;0;0;0;0;0;0;0;0;0;0
14/05/2021;20:46:00;283;Acidente com Vítimas;143,1;BR-040/MG;Norte;Colisão transversal;0;0;0;2;0;1;0;0;0;0;3;0;0;0;0
14/05/2021;21:00:00;292;Acidente sem Vítimas;147,1;BR-040/MG;Norte;Atropelamento de Animal;2;0;0;0;0;0;0;0;0;0;2;0;0;0;0
14/05/2021;21:19:00;294;Acidente sem Vítimas;555,1;BR-040/MG;Norte;Choque c/ Objeto Fixo;2;0;0;0;0;0;0;0;0;0;1;0;0;0;0
15/05/2021;00:12:00;2;Acidente com Vítimas;514,3;BR-040/MG;Norte;Atropelamento de Pedestre;0;0;0;1;0;1;0;0;0;0;0;0;3;0;0
15/05/2021;01:48:00;27;Acidente Fatal;636,12;BR-040/MG;Norte;Capotamento;1;0;0;0;0;1;0;0;0;0;0;0;0;1;1
15/05/2021;05:52:00;58;Acidente com Vítimas;73;BR-040/GO;Norte;Choque c/ Objeto Fixo;1;0;0;0;0;1;0;0;0;0;1;1;0;0;0
15/05/2021;07:46:00;75;Acidente com Vítimas;703,3;BR-040/MG;Sul;Choque c/ Objeto Fixo;0;0;0;0;0;1;0;0;0;0;0;0;0;1;0
15/05/2021;10:31:00;105;Acidente sem Vítimas;70,15;BR-040/MG;Norte;Colisão traseira;1;0;0;0;0;1;0;0;0;0;2;0;0;0;0
15/05/2021;11:24:00;116;Acidente sem Vítimas;305,85;BR-040/MG;Norte;Tombamento;1;0;0;0;0;0;0;0;0;0;1;0;0;0;0
15/05/2021;11:35:00;118;Acidente sem Vítimas;509,12;BR-040/MG;Norte;Engavetamento;2;0;0;0;0;1;0;0;0;0;0;0;0;0;0
15/05/2021;12:55:00;125;Acidente sem Vítimas;522,34;BR-040/MG;Norte;Colisão lateral;2;0;0;1;0;0;0;0;0;0;1;0;0;0;0
15/05/2021;17:47:00;171;Acidente sem Vítimas;2,5;BR-040/GO;Sul;Colisão traseira;2;0;0;0;1;0;0;0;0;0;3;0;0;0;0