data;horario;n_da_ocorrencia;tipo_de_ocorrencia;km;trecho;sentido;tipo_de_acidente;automovel;bicicleta;caminhao;moto;onibus;outros;tracao_animal;transporte_de_cargas_especiais;trator_maquinas;utilitarios;ilesos;levemente_feridos;moderadamente_feridos;gravemente_feridos;mortos
15/05/2021;19:16:00;194;Acidente sem Vítimas;4,8;BR-040/GO;Norte;Colisão traseira;3;0;0;0;0;0;0;0;0;0;3;0;0;0;0
15/05/2021;19:17:00;195;Acidente sem Vítimas;552,2;BR-040/MG;Norte;Colisão traseira;3;0;0;0;0;0;0;0;0;0;2;0;0;0;0
15/05/2021;21:21:00;220;Acidente com Vítimas;4,1;BR-040/DF;Norte;Capotamento;1;0;0;0;0;0;0;0;0;0;2;0;0;0;0
15/05/2021;22:54:00;238;Acidente com Vítimas;499,75;BR-040/MG;Norte;Atropelamento de Animal;2;0;0;0;0;0;0;0;0;0;0;0;2;0;0
16/05/2021;01:04:00;13;Acidente sem Vítimas;563,15;BR-040/MG;Sul;Choque c/ Objeto Fixo;2;0;0;0;0;0;0;0;0;0;1;0;0;0;0
16/05/2021;07:08:00;60;Acidente sem Vítimas;590,2;BR-040/MG;Sul;Engavetamento;0;0;3;0;2;2;0;0;0;0;4;0;0;0;0
16/05/2021;11:14:00;112;Acidente com Vítimas;2,8;BR-040/GO;Sul;Colisão lateral;1;0;0;2;0;0;0;0;0;0;1;1;0;0;0
16/05/2021;15:37:00;153;Acidente sem Vítimas;596,15;BR-040/MG;Norte;Colisão frontal;0;0;1;0;0;1;0;0;0;0;2;0;0;0;0
16/05/2021;18:50:00;194;Acidente sem Vítimas;557,4;BR-040/MG;Sul;Choque c/ Objeto Fixo;1;0;0;0;0;1;0;0;0;0;1;0;0;0;0
16/05/2021;18:51:00;193;Acidente sem Vítimas;542,9;BR-040/MG;Sul;Choque c/ Objeto Fixo;1;0;0;0;0;0;0;0;0;0;0;0;0;0;0
16/05/2021;19:18:00;200;Acidente sem Vítimas;534,4;BR-040/MG;Sul;Choque c/ Objeto Fixo;1;0;0;0;0;0;0;0;0;0;0;0;0;0;0
16/05/2021;19:32:00;207;Acidente sem Vítimas;514,5;BR-040/MG;Norte;Colisão transversal;2;0;0;0;0;1;0;0;0;0;3;0;0;0;0
17/05/2021;02:17:00;49;Acidente sem Vítimas;0,3;BR-040/GO;Norte;Queda Veículo;2;0;0;0;0;0;0;0;0;0;1;0;0;0;0
17/05/2021;02:22:00;50;Acidente sem Vítimas;427,1;BR-040/MG;Sul;Choque c/ Objeto Fixo;1;0;0;0;0;1;0;0;0;0;3;2;0;0;0
17/05/2021;06:23:00;77;Acidente sem Vítimas;629,3;BR-040/MG;Sul;Choque c/ Objeto Fixo;0;0;0;0;0;1;0;0;0;0;1;0;0;0;0
17/05/2021;07:57:00;100;Acidente sem Vítimas;369,3;BR-040/MG;Sul;Colisão lateral;3;0;2;0;0;0;0;0;0;0;2;0;0;0;0
17/05/2021;09:58:00;126;Acidente Fatal;689,6;BR-040/MG;Sul;Colisão traseira;2;0;1;0;1;0;0;0;0;0;3;0;0;1;1
17/05/2021;10:50:00;138;Acidente sem Vítimas;563,4;BR-040/MG;Sul;Colisão traseira;1;0;0;1;0;1;0;0;0;0;2;0;0;0;0
17/05/2021;11:16:00;144;Acidente com Vítimas;145,2;BR-040/MG;Norte;Outros;1;0;0;0;0;2;0;0;0;0;1;1;0;0;0
17/05/2021;11:31:00;147;Acidente sem Vítimas;534,2;BR-040/MG;Sul;Colisão traseira;1;0;0;0;0;1;0;0;0;0;2;0;0;0;0
17/05/2021;16:16:00;206;Acidente sem Vítimas;16,24;BR-040/GO;Norte;Choque c/ Objeto Fixo;1;0;0;2;0;1;0;0;0;0;2;0;0;0;0
17/05/2021;17:09:00;215;Acidente sem Vítimas;533,2;BR-040/MG;Norte;Colisão lateral;1;0;0;0;1;0;0;0;0;0;2;0;0;0;0
17/05/2021;17:35:00;218;Acidente sem Vítimas;566,3;BR-040/MG;Norte;Choque c/ Objeto Fixo;2;0;0;0;1;0;0;0;0;0;2;0;0;0;0
17/05/2021;17:41:00;221;Acidente com Vítimas;526,3;BR-040/MG;Norte;Atropelamento de Animal;0;0;0;1;0;0;0;0;0;0;0;1;0;0;0
17/05/2021;18:32:00;232;Acidente com Vítimas;413,5;BR-040/MG;Norte;Colisão traseira;2;0;0;1;0;1;0;0;0;0;1;1;0;0;0
17/05/2021;20:51:00;249;Acidente Fatal;588,3;BR-040/MG;Sul;Colisão lateral;0;0;2;0;1;1;0;0;0;0;5;0;2;1;1
18/05/2021;00:49:00;5;Acidente com Vítimas;11,9;BR-040/GO;Sul;Colisão transversal;1;0;2;2;0;0;0;0;0;0;3;0;0;2;0
18/05/2021;05:16:00;59;Acidente com Vítimas;502,48;BR-040/MG;Sul;Atropelamento de Animal;0;0;0;1;0;0;0;0;0;0;1;1;0;0;0
18/05/2021;07:05:00;86;Acidente sem Vítimas;502,48;BR-040/MG;Sul;Atropelamento de Animal;1;0;0;0;0;0;0;0;0;0;2;0;0;0;0
18/05/2021;07:41:00;96;Acidente com Vítimas;522,5;BR-040/MG;Sul;Colisão lateral;1;0;0;1;0;0;0;0;0;0;1;1;0;0;0
18/05/2021;07:55:00;101;Acidente sem Vítimas;583,1;BR-040/MG;Sul;Capotamento;2;0;0;0;0;0;0;0;0;0;1;0;0;0;0
18/05/2021;08:30:00;108;Acidente com Vítimas;2,9;BR-040/GO;Sul;Colisão lateral;1;0;0;1;0;0;0;0;0;0;2;1;0;0;0
18/05/2021;15:46:00;187;Acidente sem Vítimas;623,6;BR-040/MG;Sul;Colisão traseira;2;0;0;0;0;0;0;0;0;0;2;0;0;0;0
18/05/2021;16:20:00;199;Acidente sem Vítimas;519,13;BR-040/MG;Sul;Choque c/ Objeto Fixo;2;0;0;0;0;0;0;0;0;0;1;0;0;0;0
18/05/2021;20:32:00;267;Acidente sem Vítimas;9,95;BR-040/GO;Norte;Capotamento;2;0;0;0;0;0;0;0;0;0;1;0;0;0;0
19/05/2021;06:34:00;79;Acidente com Vítimas;483,5;BR-040/MG;Sul;Colisão lateral;0;0;0;2;0;0;0;0;0;0;0;0;1;0;0
19/05/2021;08:15:00;101;Acidente com Vítimas;533,6;BR-040/MG;Norte;Colisão traseira;1;0;0;1;0;0;0;0;0;0;1;1;0;0;0
19/05/2021;09:38:00;126;Acidente sem Vítimas;552,5;BR-040/MG;Norte;Colisão traseira;1;0;0;0;0;0;0;0;0;0;1;0;0;0;0
19/05/2021;12:43:00;165;Acidente sem Vítimas;2,2;BR-040/GO;Norte;Choque c/ Objeto Fixo;0;0;0;0;0;1;0;0;0;0;1;0;0;0;0
19/05/2021;13:43:00;178;Acidente sem Vítimas;471,23;BR-040/MG;Norte;Capotamento;2;0;1;0;0;0;0;0;0;0;2;0;1;0;0
19/05/2021;14:41:00;193;Acidente com Vítimas;144,7;BR-040/MG;Norte;Tombamento;0;0;1;0;1;0;0;0;0;0;1;1;0;0;0
19/05/2021;15:05:00;199;Acidente sem Vítimas;593,15;BR-040/MG;Sul;Choque com objeto;0;0;0;0;1;1;0;0;0;0;1;0;0;0;0
19/05/2021;15:58:00;208;Acidente sem Vítimas;700,7;BR-040/MG;Sul;Colisão transversal;0;0;0;0;0;2;0;0;0;0;2;0;0;0;0
19/05/2021;17:43:00;235;Acidente sem Vítimas;533,2;BR-040/MG;Sul;Engavetamento;3;0;0;3;0;0;0;0;0;0;1;0;0;0;0
19/05/2021;18:38:00;246;Acidente sem Vítimas;703,1;BR-040/MG;Sul;Colisão traseira;2;0;2;0;0;1;0;0;0;0;2;0;0;0;0
19/05/2021;21:16:00;278;Acidente sem Vítimas;521,21;BR-040/MG;Norte;Capotamento;1;0;0;0;0;0;0;0;0;0;0;0;0;0;0
20/05/2021;00:53:00;30;Acidente com Vítimas;616,1;BR-040/MG;Norte;Choque c/ Objeto Fixo;3;0;0;0;0;1;0;0;0;0;0;0;2;0;0
20/05/2021;02:19:00;51;Acidente sem Vítimas;62,9;BR-040/GO;Norte;Queda de Ribanceira;1;0;0;0;0;2;0;0;0;0;3;2;1;0;0
20/05/2021;04:17:00;60;Acidente sem Vítimas;510,61;BR-040/MG;Sul;Colisão traseira;2;0;0;0;0;1;0;0;0;0;0;0;0;0;0
20/05/2021;06:50:00;86;Acidente com Vítimas;740,9;BR-040/MG;Norte;Tombamento;1;0;1;0;0;1;0;0;0;0;2;0;0;0;0
20/05/2021;07:19:00;96;Acidente sem Vítimas;656;BR-040/MG;Norte;Choque c/ Objeto Fixo;1;0;0;0;0;1;0;0;0;0;2;0;0;0;0
20/05/2021;07:50:00;110;Acidente sem Vítimas;656,15;BR-040/MG;Norte;Capotamento;1;0;0;0;0;0;0;0;0;0;3;0;0;0;0
20/05/2021;09:28:00;129;Acidente com Vítimas;535,6;BR-040/MG;Sul;Tombamento de Moto;0;0;0;1;0;0;0;0;0;0;1;0;1;0;0
20/05/2021;14:53:00;180;Acidente sem Vítimas;5,5;BR-040/GO;Sul;Colisão transversal;2;0;0;0;0;0;0;0;0;0;2;0;0;0;0
20/05/2021;15:41:00;193;Acidente sem Vítimas;597,9;BR-040/MG;Norte;Tombamento;0;0;0;2;0;1;0;0;0;0;1;0;0;0;0
20/05/2021;16:13:00;197;Acidente com Vítimas;639,15;BR-040/MG;Norte;Capotamento;1;0;0;0;0;0;0;0;0;0;1;1;0;0;0
20/05/2021;17:54:00;224;Acidente com Vítimas;667,2;BR-040/MG;Sul;Colisão lateral;1;0;0;1;0;1;0;0;0;0;5;0;1;0;0
20/05/2021;18:13:00;230;Acidente com Vítimas;533,5;BR-040/MG;Sul;Tombamento de Moto;0;0;0;2;0;0;0;0;0;0;2;0;0;0;0
21/05/2021;04:45:00;62;Acidente sem Vítimas;758,15;BR-040/MG;Sul;Tombamento;0;0;2;0;0;0;0;0;0;0;1;0;0;0;0
21/05/2021;08:06:00;115;Acidente com Vítimas;569,3;BR-040/MG;Norte;Colisão lateral;1;0;2;0;2;0;0;0;0;0;4;0;2;0;0
21/05/2021;08:14:00;120;Acidente sem Vítimas;301,6;BR-040/MG;Sul;Outros;1;0;0;0;0;0;0;0;0;0;1;0;0;0;0
21/05/2021;09:10:00;132;Acidente sem Vítimas;103,1;BR-040/GO;Norte;Colisão traseira;1;0;0;0;0;1;0;0;0;0;2;0;0;0;0
21/05/2021;13:19:00;175;Acidente sem Vítimas;533,9;BR-040/MG;Sul;Capotamento;1;0;0;0;0;0;0;0;0;0;1;0;0;0;0
21/05/2021;16:06:00;207;Acidente sem Vítimas;649,3;BR-040/MG;Norte;Colisão lateral;2;0;0;0;0;0;0;0;0;0;2;0;0;0;0
21/05/2021;18:12:00;235;Acidente com Vítimas;736,5;BR-040/MG;Sul;Atropelamento de Pedestre;0;0;0;0;0;2;0;0;0;0;0;1;0;0;0
21/05/2021;18:22:00;238;Acidente com Vítimas;531,2;BR-040/MG;Norte;Choque com objeto;0;1;0;1;0;0;0;0;0;0;1;1;0;0;0
21/05/2021;20:18:00;264;Acidente sem Vítimas;669,15;BR-040/MG;Sul;Tombamento de Moto;0;0;0;1;0;0;0;0;0;0;1;0;0;0;0
21/05/2021;21:36:00;285;Acidente com Vítimas;524,5;BR-040/MG;Sul;Atropelamento de Pedestre;0;0;0;1;0;0;0;0;0;0;0;1;1;0;0
22/05/2021;00:06:00;3;Acidente sem Vítimas;356,6;BR-040/MG;Sul;Colisão traseira;0;0;0;0;3;0;0;0;0;0;1;0;0;0;0
22/05/2021;00:57:00;18;Acidente sem Vítimas;487,2;BR-040/MG;Norte;Colisão traseira;1;0;1;0;0;0;0;0;0;0;0;0;0;0;0
22/05/2021;01:24:00;21;Acidente sem Vítimas;611,15;BR-040/MG;Sul;Choque c/ Objeto Fixo;1;0;0;0;0;0;0;0;0;0;1;0;0;0;0
22/05/2021;04:15:00;34;Acidente sem Vítimas;638,8;BR-040/MG;Sul;Colisão lateral;1;0;0;1;0;1;0;0;0;0;2;0;0;0;0
22/05/2021;07:17:00;50;Acidente com Vítimas;92,6;BR-040/GO;Sul;Colisão lateral;0;0;0;1;0;1;0;0;0;0;0;1;0;0;0
22/05/2021;08:04:00;54;Acidente sem Vítimas;615,5;BR-040/MG;Sul;Colisão traseira;3;0;0;0;0;0;0;0;0;0;2;0;0;0;0
22/05/2021;11:24:00;91;Acidente sem Vítimas;474,15;BR-040/MG;Norte;Tombamento;0;0;0;0;2;1;0;0;0;0;0;0;0;0;0
22/05/2021;14:25:00;119;Acidente sem Vítimas;141,2;BR-040/MG;Sul;Colisão lateral;2;0;0;0;0;0;0;0;0;0;2;0;0;0;0
22/05/2021;16:07:00;126;Acidente sem Vítimas;703,5;BR-040/MG;Sul;Capotamento;1;0;0;0;0;0;0;0;0;0;1;0;0;0;0
22/05/2021;17:31:00;147;Acidente com Vítimas;549,5;BR-040/MG;Norte;Capotamento;1;0;0;0;0;0;0;0;0;0;2;0;1;0;0
22/05/2021;18:46:00;167;Acidente com Vítimas;6,8;BR-040/GO;Sul;Colisão lateral;1;1;0;0;0;0;0;0;0;0;1;1;0;0;0
22/05/2021;20:12:00;186;Acidente sem Vítimas;2,9;BR-040/GO;Sul;Atropelamento de Ciclista;2;2;0;0;0;0;0;0;0;0;2;0;0;0;0
22/05/2021;20:45:00;192;Acidente com Vítimas;4,15;BR-040/GO;Norte;Capotamento;1;0;0;0;0;0;0;0;0;0;1;0;0;1;0
22/05/2021;21:21:00;196;Acidente com Vítimas;10,15;BR-040/GO;Sul;Colisão transversal;1;0;0;2;0;1;0;0;0;0;2;1;0;0;0
22/05/2021;22:17:00;208;Acidente sem Vítimas;656,27;BR-040/MG;Norte;Choque c/ Objeto Fixo;3;0;0;0;0;1;0;0;0;0;3;0;0;0;0
22/05/2021;22:58:00;213;Acidente sem Vítimas;466,5;BR-040/MG;Norte;Colisão traseira;2;0;0;0;0;1;0;0;0;0;0;0;0;0;0
23/05/2021;03:08:00;26;Acidente com Vítimas;462,5;BR-040/MG;Norte;Capotamento;2;0;0;0;0;0;0;0;0;0;0;0;1;0;0
23/05/2021;07:34:00;44;Acidente com Vítimas;11,5;BR-040/GO;Norte;Capotamento;1;0;0;0;0;0;0;0;0;0;0;3;2;0;0
23/05/2021;10:16:00;64;Acidente Fatal;224,5;BR-040/MG;Norte;Tombamento;0;0;0;0;1;0;0;0;0;0;0;0;0;0;1
23/05/2021;19:31:00;176;Acidente sem Vítimas;709,1;BR-040/MG;Sul;Choque c/ Objeto Fixo;3;0;0;0;0;0;0;0;0;0;1;0;0;0;0
23/05/2021;19:49:00;183;Acidente sem Vítimas;738,5;BR-040/MG;Norte;Atropelamento de Animal;1;0;0;0;0;0;0;0;0;0;3;0;0;0;0
23/05/2021;21:58:00;203;Acidente com Vítimas;3,1;BR-040/GO;Norte;Colisão traseira;2;0;0;0;0;1;0;0;0;0;1;0;1;0;0
23/05/2021;22:50:00;214;Acidente sem Vítimas;5,1;BR-040/GO;Norte;Choque c/ Objeto Fixo;1;0;0;0;0;0;0;0;0;0;1;0;0;0;0
23/05/2021;22:52:00;215;Acidente sem Vítimas;595,1;BR-040/MG;Sul;Colisão traseira;0;0;2;0;2;0;0;0;0;0;2;0;0;0;0
24/05/2021;01:58:00;53;Acidente com Vítimas;512,27;BR-040/MG;Norte;Colisão traseira;0;0;0;2;1;0;0;0;0;0;1;0;0;1;0
24/05/2021;07:20:00;145;Acidente sem Vítimas;687,45;BR-040/MG;Sul;Colisão frontal;0;0;1;0;0;2;0;0;0;0;2;2;0;0;0
24/05/2021;13:03:00;230;Acidente com Vítimas;510,6;BR-040/MG;Norte;Tombamento de Moto;1;0;0;1;0;0;0;0;0;0;0;2;0;0;0
24/05/2021;14:03:00;242;Acidente sem Vítimas;559,5;BR-040/MG;Sul;Tombamento de Moto;0;0;0;0;0;1;0;0;0;0;1;0;0;0;0
24/05/2021;14:42:00;249;Acidente com Vítimas;544,4;BR-040/MG;Sul;Colisão lateral;1;0;0;1;0;0;0;0;0;0;2;1;0;0;0
24/05/2021;17:53:00;287;Acidente sem Vítimas;533,9;BR-040/MG;Sul;Engavetamento;4;0;0;0;0;1;0;0;0;0;0;0;0;0;0
24/05/2021;17:56:00;288;Acidente com Vítimas;632,15;BR-040/MG;Norte;Colisão transversal;2;0;0;0;0;1;0;0;0;0;3;0;0;0;0
24/05/2021;21:27:00;330;Acidente com Vítimas;506,3;BR-040/MG;Sul;Tombamento de Moto;0;0;0;1;0;1;0;0;0;0;1;0;1;0;0
25/05/2021;08:02:00;124;Acidente sem Vítimas;427,44;BR-040/MG;Norte;Tombamento de Moto;0;0;0;1;0;0;0;0;0;0;1;0;0;0;0
25/05/2021;08:47:00;139;Acidente Fatal;473,777;BR-040/MG;Sul;Colisão traseira;0;0;1;1;0;0;0;0;0;0;1;0;0;0;1
25/05/2021;15:42:00;227;Acidente com Vítimas;509,5;BR-040/MG;Norte;Tombamento de Moto;0;0;0;1;0;0;0;0;0;0;1;1;0;0;0
25/05/2021;15:45:00;229;Acidente com Vítimas;547,5;BR-040/MG;Sul;Colisão lateral;2;0;2;0;0;2;0;0;0;0;3;2;0;0;0
25/05/2021;16:13:00;237;Acidente sem Vítimas;614,2;BR-040/MG;Norte;Engavetamento;2;0;0;0;1;1;0;0;0;0;4;0;0;0;0
25/05/2021;17:01:00;248;Acidente sem Vítimas;545,2;BR-040/MG;Sul;Engavetamento;3;0;0;0;0;0;0;0;0;0;0;0;0;0;0
25/05/2021;17:35:00;252;Acidente com Vítimas;506;BR-040/MG;Sul;Colisão frontal;0;1;0;2;0;0;0;0;0;0;1;2;0;0;0
25/05/2021;19:55:00;274;Acidente com Vítimas;619,8;BR-040/MG;Sul;Atropelamento de Pedestre;0;0;0;0;0;1;0;0;0;0;0;0;1;0;0
26/05/2021;01:13:00;25;Acidente sem Vítimas;524,25;BR-040/MG;Norte;Choque c/ Objeto Fixo;0;0;0;0;0;1;0;0;0;0;0;0;0;0;0
26/05/2021;01:53:00;43;Acidente Fatal;524,5;BR-040/MG;Sul;Atropelamento de Pedestre;0;0;0;0;0;1;0;0;0;0;0;0;0;0;1
26/05/2021;07:53:00;113;Acidente com Vítimas;531,12;BR-040/MG;Sul;Colisão lateral;0;0;0;0;0;2;0;0;0;0;0;0;0;1;0
26/05/2021;08:03:00;114;Acidente sem Vítimas;139,2;BR-040/MG;Norte;Capotamento;1;0;0;0;0;0;0;0;0;0;0;0;0;0;0
26/05/2021;08:21:00;120;Acidente sem Vítimas;6,8;BR-040/GO;Sul;Capotamento;1;0;0;0;0;0;0;0;0;0;0;0;0;0;0
26/05/2021;09:27:00;132;Acidente com Vítimas;505,12;BR-040/MG;Norte;Atropelamento de Pedestre;1;0;0;0;0;1;0;0;0;0;1;0;1;0;0
26/05/2021;09:39:00;133;Acidente sem Vítimas;2,8;BR-040/GO;Sul;Colisão traseira;2;0;0;0;0;0;0;0;0;0;0;0;0;0;0
26/05/2021;10:10:00;139;Acidente sem Vítimas;680,1;BR-040/MG;Sul;Colisão lateral;0;0;4;0;1;0;0;0;0;0;5;0;0;0;0
26/05/2021;13:17:00;177;Acidente com Vítimas;6,5;BR-040/GO;Norte;Colisão traseira;1;0;0;1;0;2;0;0;0;0;0;0;1;0;0
26/05/2021;15:09:00;208;Acidente sem Vítimas;593,5;BR-040/MG;Norte;Choque c/ Objeto Fixo;1;0;0;0;0;1;0;0;0;0;1;0;0;0;0
26/05/2021;18:48:00;250;Acidente sem Vítimas;538,21;BR-040/MG;Norte;Engavetamento;3;0;0;0;0;0;0;0;0;0;0;0;0;0;0
26/05/2021;21:13:00;284;Acidente sem Vítimas;10,1;BR-040/GO;Norte;Colisão traseira;1;0;0;1;0;0;0;0;0;0;1;0;0;0;0
26/05/2021;22:34:00;303;Acidente sem Vítimas;2,5;BR-040/GO;Sul;Colisão transversal;0;0;0;0;0;2;0;0;0;0;1;0;0;0;0
26/05/2021;22:54:00;311;Acidente sem Vítimas;446,21;BR-040/MG;Norte;Choque c/ Objeto Fixo;2;0;0;0;0;0;0;0;0;0;0;0;0;0;0
27/05/2021;04:27:00;88;Acidente sem Vítimas;92,5;BR-040/GO;Sul;Choque com objeto;0;0;0;0;1;0;0;0;0;0;2;0;0;0;0
27/05/2021;07:03:00;113;Acidente sem Vítimas;514,1;BR-040/MG;Sul;Colisão traseira;1;0;0;0;1;0;0;0;0;0;0;0;0;0;0
27/05/2021;07:51:00;131;Acidente sem Vítimas;2,5;BR-040/DF;Norte;Engavetamento;3;0;0;0;0;1;0;0;0;0;2;0;0;0;0
27/05/2021;08:54:00;148;Acidente com Vítimas;7,8;BR-040/DF;Norte;Colisão lateral;1;0;0;1;0;0;0;0;0;0;1;1;0;0;0
27/05/2021;17:55:00;257;Acidente sem Vítimas;5,8;BR-040/GO;Sul;Engavetamento;9;0;0;0;0;1;0;0;0;0;3;0;0;0;0
27/05/2021;18:06:00;258;Acidente com Vítimas;552,21;BR-040/MG;Sul;Colisão transversal;1;0;0;1;0;0;0;0;0;0;0;1;0;0;0
27/05/2021;18:42:00;268;Acidente sem Vítimas;99,1;BR-040/GO;Sul;Atropelamento de Animal;1;0;0;0;0;0;0;0;0;0;1;0;0;0;0
27/05/2021;19:36:00;281;Acidente com Vítimas;529,3;BR-040/MG;Norte;Colisão transversal;0;0;0;2;0;0;0;0;0;0;0;1;0;0;0
28/05/2021;00:25:00;15;Acidente sem Vítimas;534,5;BR-040/MG;Sul;Colisão traseira;1;0;0;0;0;1;0;0;0;0;0;0;0;0;0
28/05/2021;03:57:00;75;Acidente com Vítimas;563,8;BR-040/MG;Sul;Tombamento de Moto;0;0;0;1;0;0;0;0;0;0;0;1;0;0;0
28/05/2021;06:17:00;101;Acidente com Vítimas;510,5;BR-040/MG;Sul;Colisão traseira;0;0;0;1;1;1;0;0;0;0;2;0;0;0;0
28/05/2021;06:32:00;108;Acidente sem Vítimas;477,4;BR-040/MG;Norte;Colisão traseira;0;0;0;1;0;0;0;0;0;0;1;0;0;0;0
28/05/2021;09:00:00;157;Acidente com Vítimas;628,3;BR-040/MG;Norte;Tombamento de Moto;0;0;0;1;0;0;0;0;0;0;1;1;0;0;0
28/05/2021;10:33:00;181;Acidente sem Vítimas;616,3;BR-040/MG;Norte;Colisão traseira;0;0;0;1;0;0;0;0;0;0;1;0;0;0;0
28/05/2021;10:57:00;189;Acidente sem Vítimas;545,1;BR-040/MG;Norte;Engavetamento;2;0;0;0;0;7;0;0;0;0;5;0;0;0;0
28/05/2021;12:08:00;205;Acidente sem Vítimas;535,2;BR-040/MG;Norte;Colisão traseira;0;0;0;1;0;3;0;0;0;0;3;0;0;0;0
28/05/2021;13:39:00;218;Acidente sem Vítimas;311,1;BR-040/MG;Sul;Capotamento;2;0;0;0;0;0;0;0;0;0;2;0;0;0;0
28/05/2021;15:56:00;260;Acidente com Vítimas;607,15;BR-040/MG;Sul;Engavetamento;1;0;0;0;0;2;0;0;0;0;3;2;0;0;0
28/05/2021;16:54:00;278;Acidente sem Vítimas;547,2;BR-040/MG;Norte;Colisão traseira;0;0;2;1;0;0;0;0;0;0;2;0;0;0;0
28/05/2021;18:16:00;300;Acidente com Vítimas;360,8;BR-040/MG;Sul;Tombamento de Moto;0;0;0;0;0;1;0;0;0;0;1;1;0;0;0
28/05/2021;18:28:00;302;Acidente sem Vítimas;703,5;BR-040/MG;Sul;Atropelamento de Animal;0;0;0;0;1;0;0;0;0;0;24;0;0;0;0
28/05/2021;20:13:00;330;Acidente com Vítimas;7,1;BR-040/GO;Sul;Atropelamento de Pedestre;0;0;0;1;0;0;0;0;0;0;0;1;0;0;0
28/05/2021;21:04:00;342;Acidente sem Vítimas;2,8;BR-040/DF;Sul;Atropelamento de Pedestre;1;0;0;0;0;1;0;0;0;0;1;0;0;0;0
28/05/2021;21:20:00;345;Acidente Fatal;187,9;BR-040/MG;Norte;Colisão transversal;2;0;0;0;0;2;0;0;0;0;2;0;0;0;1
28/05/2021;21:53:00;354;Acidente com Vítimas;477,1;BR-040/MG;Sul;Choque c/ Objeto Fixo;4;0;0;0;0;0;0;0;0;0;0;0;0;0;0
28/05/2021;21:59:00;355;Acidente sem Vítimas;23,1;BR-040/GO;Norte;Colisão traseira;1;0;1;0;0;1;0;0;0;0;1;0;0;0;0
29/05/2021;01:41:00;8;Acidente com Vítimas;618,3;Fora_Rota;Sul;Choque c/ Objeto Fixo;1;0;0;0;0;0;0;0;0;0;2;1;0;0;0
29/05/2021;08:54:00;69;Acidente sem Vítimas;623;BR-040/MG;Sul;Colisão lateral;5;0;0;0;0;0;0;0;0;0;4;0;0;0;0
29/05/2021;09:05:00;71;Acidente com Vítimas;747,5;BR-040/MG;Norte;Colisão lateral;3;0;1;0;0;0;0;0;0;0;4;1;1;0;0
29/05/2021;09:55:00;83;Acidente com Vítimas;532,1;BR-040/MG;Norte;Colisão traseira;1;0;0;1;0;1;0;0;0;0;2;1;0;0;0
29/05/2021;10:38:00;92;Acidente com Vítimas;619,733;BR-040/MG;Sul;Capotamento;1;0;0;0;0;1;0;0;0;0;1;0;1;0;0
29/05/2021;18:06:00;190;Acidente sem Vítimas;0,3;BR-040/GO;Norte;Tombamento;0;1;0;0;0;0;0;0;0;0;0;0;1;0;0
29/05/2021;19:38:00;203;Acidente sem Vítimas;646,1;BR-040/MG;Norte;Choque com objeto;1;0;0;0;0;0;0;0;0;0;4;0;0;0;0
29/05/2021;20:02:00;210;Acidente sem Vítimas;5,5;BR-040/GO;Norte;Colisão traseira;2;0;0;0;0;0;0;0;0;0;2;0;0;0;0
29/05/2021;21:14:00;223;Acidente sem Vítimas;2,7;BR-040/GO;Norte;Colisão traseira;2;0;0;0;0;0;0;0;0;0;0;0;0;0;0
30/05/2021;00:56:00;6;Acidente com Vítimas;717,1;BR-040/MG;Sul;Capotamento;1;0;0;0;0;0;0;0;0;0;2;2;0;0;0
30/05/2021;04:52:00;31;Acidente com Vítimas;5,1;BR-040/GO;Sul;Capotamento;1;0;0;0;0;0;0;0;0;0;1;2;0;0;0
30/05/2021;13:42:00;87;Acidente sem Vítimas;479,34;BR-040/MG;Norte;Capotamento;0;0;0;0;0;1;0;0;0;0;0;0;0;0;0
30/05/2021;14:12:00;94;Acidente sem Vítimas;479,34;BR-040/MG;Sul;Colisão traseira;0;0;0;0;0;0;0;0;0;0;0;0;0;0;0
30/05/2021;14:31:00;98;Acidente sem Vítimas;694,6;BR-040/MG;Sul;Colisão traseira;3;0;0;0;0;0;0;0;0;0;2;0;0;0;0
30/05/2021;16:01:00;108;Acidente sem Vítimas;686,3;BR-040/MG;Norte;Choque c/ Objeto Fixo;1;0;0;0;0;0;0;0;0;0;1;0;0;0;0
30/05/2021;16:21:00;113;Acidente com Vítimas;696,3;BR-040/MG;Sul;Atropelamento de Ciclista;1;0;0;0;0;0;0;0;0;0;4;0;1;1;0
30/05/2021;16:45:00;121;Acidente sem Vítimas;730,15;BR-040/MG;Sul;Choque c/ Objeto Fixo;2;0;0;0;0;0;0;0;0;0;1;0;0;0;0
30/05/2021;17:08:00;123;Acidente sem Vítimas;555,22;BR-040/MG;Norte;Engavetamento;4;0;0;0;0;1;0;0;0;0;0;0;0;0;0
30/05/2021;18:03:00;129;Acidente sem Vítimas;7,1;BR-040/GO;Norte;Engavetamento;5;0;0;0;0;1;0;0;0;0;7;0;0;0;0
30/05/2021;19:00:00;145;Acidente sem Vítimas;510,12;BR-040/MG;Sul;Colisão traseira;1;0;0;0;0;1;0;0;0;0;0;0;0;0;0
30/05/2021;21:45:00;179;Acidente com Vítimas;78,5;BR-040/MG;Sul;Atropelamento de Animal;2;0;0;0;0;0;0;0;0;0;2;1;1;0;0
30/05/2021;21:51:00;183;Acidente com Vítimas;567,1;BR-040/MG;Norte;Capotamento;1;0;0;0;0;0;0;0;0;0;0;0;1;0;0
01/06/2021;07:34:00;118;Acidente com Vítimas;11,2;BR-040/GO;Norte;Tombamento de Moto;0;0;0;2;0;0;0;0;0;0;1;0;1;0;0
01/06/2021;07:59:00;125;Acidente com Vítimas;11,5;BR-040/GO;Norte;Colisão traseira;1;0;0;1;0;0;0;0;0;0;2;0;1;0;0
01/06/2021;12:38:00;220;Acidente com Vítimas;528,351;BR-040/MG;Sul;Colisão lateral;1;0;1;1;0;1;0;0;0;0;2;2;0;0;0