data;horario;n_da_ocorrencia;tipo_de_ocorrencia;km;trecho;sentido;tipo_de_acidente;automovel;bicicleta;caminhao;moto;onibus;outros;tracao_animal;transporte_de_cargas_especiais;trator_maquinas;utilitarios;ilesos;levemente_feridos;moderadamente_feridos;gravemente_feridos;mortos
01/06/2021;13:18:00;225;Acidente com Vítimas;648,4;BR-040/MG;Norte;Colisão traseira;2;0;0;0;1;0;0;0;0;0;2;1;0;0;0
01/06/2021;14:13:00;241;Acidente sem Vítimas;542,6;BR-040/MG;Sul;Colisão lateral;1;0;0;0;2;0;0;0;0;0;2;0;0;0;0
01/06/2021;15:49:00;267;Acidente com Vítimas;2,24;BR-040/GO;Norte;Colisão lateral;0;0;0;1;0;0;0;0;0;0;0;1;0;0;0
01/06/2021;17:31:00;294;Acidente com Vítimas;545,2;BR-040/MG;Norte;Colisão lateral;2;0;0;1;0;0;0;0;0;0;3;1;0;0;0
01/06/2021;17:39:00;295;Acidente sem Vítimas;6,5;BR-040/GO;Sul;Engavetamento;4;0;0;0;0;2;0;0;0;0;3;0;0;0;0
01/06/2021;17:42:00;296;Acidente com Vítimas;12;BR-040/GO;Sul;Colisão traseira;2;0;0;1;0;1;0;0;0;0;2;1;0;0;0
01/06/2021;18:08:00;300;Acidente com Vítimas;529,3;BR-040/MG;Norte;Colisão lateral;1;0;0;1;0;0;0;0;0;0;3;2;0;0;0
02/06/2021;06:45:00;73;Acidente sem Vítimas;16,4;BR-040/GO;Norte;Colisão traseira;2;0;0;0;0;0;0;0;0;0;2;0;0;0;0
02/06/2021;07:19:00;81;Acidente sem Vítimas;523,2;BR-040/MG;Sul;Colisão traseira;1;0;0;1;0;0;0;0;0;0;2;0;0;0;0
02/06/2021;08:30:00;109;Acidente com Vítimas;523,1;BR-040/MG;Norte;Tombamento de Moto;0;0;0;0;0;1;0;0;0;0;1;0;1;0;0
02/06/2021;10:17:00;139;Acidente sem Vítimas;132,5;BR-040/MG;Norte;Capotamento;1;0;0;0;0;0;0;0;0;0;1;0;0;0;0
02/06/2021;11:59:00;155;Acidente com Vítimas;540,2;BR-040/MG;Sul;Colisão traseira;1;0;0;0;0;1;0;0;0;0;2;0;0;0;0
02/06/2021;12:47:00;171;Acidente sem Vítimas;501,165;BR-040/MG;Norte;Choque c/ Objeto Fixo;1;0;0;0;0;1;0;0;0;0;1;0;0;0;0
02/06/2021;13:45:00;180;Acidente sem Vítimas;561,3;BR-040/MG;Sul;Capotamento;1;0;1;0;0;0;0;0;0;0;2;0;0;0;0
02/06/2021;16:30:00;213;Acidente com Vítimas;599,35;BR-040/MG;Norte;Colisão traseira;0;0;2;0;0;2;0;0;0;0;2;1;0;0;0
02/06/2021;16:36:00;215;Acidente com Vítimas;118,65;BR-040/MG;Sul;Tombamento de Moto;0;0;0;1;0;0;0;0;0;0;0;1;0;0;0
02/06/2021;17:12:00;226;Acidente sem Vítimas;551,2;BR-040/MG;Norte;Engavetamento;2;0;0;0;0;1;0;0;0;0;3;0;0;0;0
02/06/2021;17:21:00;229;Acidente com Vítimas;519,2;BR-040/MG;Norte;Colisão lateral;0;0;0;1;0;1;0;0;0;0;2;0;0;0;0
02/06/2021;17:54:00;236;Acidente sem Vítimas;519,5;BR-040/MG;Norte;Colisão lateral;2;0;0;1;0;0;0;0;0;0;2;0;0;0;0
02/06/2021;22:29:00;309;Acidente com Vítimas;526,32;BR-040/MG;Norte;Colisão traseira;2;0;0;0;0;0;0;0;0;0;0;1;0;0;0
02/06/2021;23:59:00;317;Acidente sem Vítimas;728,3;BR-040/MG;Norte;Choque c/ Objeto Fixo;0;0;1;0;0;0;0;0;0;0;1;0;0;0;0
03/06/2021;01:08:00;15;Acidente com Vítimas;507,3;BR-040/MG;Norte;Colisão traseira;1;0;1;0;0;0;0;0;0;0;3;1;0;0;0
03/06/2021;06:54:00;52;Acidente sem Vítimas;148,7;BR-040/GO;Norte;Colisão transversal;2;0;0;0;0;0;0;0;0;0;5;0;0;0;0
03/06/2021;09:45:00;102;Acidente sem Vítimas;130,8;BR-040/MG;Sul;Colisão traseira;3;0;0;0;0;0;0;0;0;0;4;0;0;0;0
03/06/2021;09:57:00;106;Acidente sem Vítimas;567,8;BR-040/MG;Sul;Engavetamento;2;0;0;0;0;2;0;0;0;0;4;0;0;0;0
03/06/2021;11:39:00;146;Acidente sem Vítimas;519,5;BR-040/MG;Norte;Colisão traseira;2;0;0;0;0;0;0;0;0;0;0;0;0;0;0
03/06/2021;12:11:00;153;Acidente sem Vítimas;669,8;BR-040/MG;Norte;Colisão transversal;2;0;0;0;0;0;0;0;0;0;4;0;0;0;0
03/06/2021;13:00:00;167;Acidente sem Vítimas;605,2;BR-040/MG;Norte;Engavetamento;2;0;0;0;1;1;0;0;0;0;3;0;0;0;0
03/06/2021;13:50:00;182;Acidente sem Vítimas;696,5;BR-040/MG;Norte;Colisão lateral;1;0;0;0;0;2;0;0;0;0;3;0;0;0;0
03/06/2021;13:54:00;183;Acidente com Vítimas;518,21;BR-040/MG;Norte;Colisão traseira;2;0;0;0;0;0;0;0;0;0;0;0;0;0;0
03/06/2021;14:44:00;199;Acidente com Vítimas;612,2;BR-040/MG;Norte;Atropelamento de Ciclista;0;0;0;1;1;0;0;0;0;0;2;0;1;0;0
03/06/2021;15:12:00;208;Acidente com Vítimas;537,9;BR-040/MG;Sul;Colisão lateral;0;0;0;3;0;0;0;0;0;0;0;1;0;0;0
03/06/2021;15:47:00;216;Acidente sem Vítimas;753,3;BR-040/MG;Sul;Tombamento de Moto;0;0;0;2;0;0;0;0;0;0;1;0;0;0;0
03/06/2021;19:08:00;262;Acidente com Vítimas;4,9;BR-040/GO;Sul;Colisão traseira;2;0;0;1;0;0;0;0;0;0;2;1;0;0;0
03/06/2021;21:44:00;288;Acidente com Vítimas;518,65;BR-040/MG;Norte;Atropelamento de Animal;0;0;0;2;0;1;0;0;0;0;0;0;0;1;0
03/06/2021;22:54:00;297;Acidente com Vítimas;737,1;BR-040/MG;Sul;Tombamento;0;0;1;0;2;0;0;0;0;0;1;0;0;1;0
03/06/2021;23:25:00;299;Acidente sem Vítimas;3,8;BR-040/DF;Sul;Capotamento;2;0;0;0;0;1;0;0;0;0;1;0;0;0;0
04/06/2021;03:13:00;37;Acidente sem Vítimas;300,1;BR-040/MG;Norte;Choque c/ Objeto Fixo;0;0;0;0;1;0;0;0;0;0;1;0;0;0;0
04/06/2021;04:21:00;41;Acidente sem Vítimas;462,16;BR-040/MG;Norte;Colisão traseira;0;0;3;0;1;0;0;0;0;0;2;0;0;0;0
04/06/2021;07:37:00;70;Acidente com Vítimas;6,8;BR-040/GO;Norte;Colisão traseira;0;0;1;1;0;1;0;0;0;0;2;0;2;0;0
04/06/2021;07:46:00;74;Acidente sem Vítimas;517,3;BR-040/MG;Sul;Colisão traseira;2;0;0;0;0;0;0;0;0;0;0;0;0;0;0
04/06/2021;08:03:00;78;Acidente sem Vítimas;550,21;BR-040/MG;Sul;Engavetamento;3;0;0;0;0;1;0;0;0;0;0;0;0;0;0
04/06/2021;08:42:00;90;Acidente sem Vítimas;668,1;BR-040/MG;Norte;Choque c/ Objeto Fixo;1;0;0;0;0;0;0;0;0;0;1;0;0;0;0
04/06/2021;09:37:00;103;Acidente sem Vítimas;5,1;BR-040/GO;Norte;Engavetamento;4;0;0;0;0;0;0;0;0;0;3;0;0;0;0
04/06/2021;10:43:00;117;Acidente sem Vítimas;632,6;BR-040/MG;Norte;Colisão transversal;3;0;0;0;0;1;0;0;0;0;2;0;0;0;0
04/06/2021;16:23:00;183;Acidente com Vítimas;97,1;BR-040/GO;Norte;Capotamento;3;0;0;0;0;0;0;0;0;0;1;0;0;1;0
04/06/2021;16:56:00;189;Acidente sem Vítimas;523,25;BR-040/MG;Norte;Engavetamento;2;0;0;0;0;2;0;0;0;0;0;0;0;0;0
04/06/2021;17:17:00;199;Acidente sem Vítimas;611,31;BR-040/MG;Sul;Colisão transversal;2;0;1;2;0;0;0;0;0;0;2;0;0;0;0
04/06/2021;18:27:00;207;Acidente com Vítimas;0,12;BR-040/DF;Norte;Tombamento de Moto;0;0;0;2;0;0;0;0;0;0;0;1;0;0;0
04/06/2021;19:17:00;222;Acidente com Vítimas;42,1;BR-040/MG;Norte;Atropelamento de Ciclista;0;1;0;1;0;0;0;0;0;0;1;1;0;0;0
04/06/2021;20:40:00;247;Acidente com Vítimas;446,5;BR-040/MG;Sul;Tombamento de Moto;0;0;0;2;0;0;0;0;0;0;0;0;2;0;0
04/06/2021;22:49:00;273;Acidente com Vítimas;507,3;BR-040/MG;Sul;Capotamento;1;0;0;0;0;1;0;0;0;0;0;4;0;0;0
05/06/2021;03:23:00;37;Acidente sem Vítimas;510,8;BR-040/MG;Sul;Atropelamento de Animal;2;0;0;0;0;0;0;0;0;0;1;0;0;0;0
05/06/2021;05:54:00;45;Acidente sem Vítimas;699,3;BR-040/MG;Sul;Tombamento;0;0;1;0;0;0;0;0;0;0;1;0;0;0;0
05/06/2021;06:01:00;46;Acidente sem Vítimas;480,7;BR-040/MG;Sul;Choque c/ Objeto Fixo;2;0;0;0;0;0;0;0;0;0;1;0;0;0;0
05/06/2021;06:24:00;48;Acidente com Vítimas;41,5;BR-040/MG;Sul;Colisão transversal;1;0;0;1;0;1;0;0;0;0;1;1;0;0;0
05/06/2021;06:42:00;52;Acidente sem Vítimas;12,9;BR-040/MG;Sul;Choque c/ Objeto Fixo;1;0;0;0;0;0;0;0;0;0;1;0;0;0;0
05/06/2021;10:50:00;102;Acidente sem Vítimas;3,25;BR-040/GO;Norte;Engavetamento;3;1;0;0;0;0;0;0;0;0;2;0;0;0;0
05/06/2021;10:56:00;103;Acidente sem Vítimas;568,6;BR-040/MG;Sul;Colisão traseira;0;0;0;0;0;2;0;0;0;0;2;0;0;0;0
05/06/2021;12:48:00;113;Acidente sem Vítimas;517,5;BR-040/MG;Norte;Capotamento;0;0;0;0;0;3;0;0;0;0;2;0;0;0;0
05/06/2021;14:37:00;133;Acidente com Vítimas;700;BR-040/MG;Norte;Tombamento de Moto;0;0;0;1;0;0;0;0;0;0;1;0;1;0;0
05/06/2021;14:42:00;134;Acidente sem Vítimas;633,55;BR-040/MG;Norte;Colisão traseira;2;0;0;0;0;1;0;0;0;0;2;0;0;0;0
05/06/2021;18:38:00;175;Acidente com Vítimas;43,3;BR-040/MG;Sul;Colisão lateral;0;0;0;1;0;2;0;0;0;0;2;1;0;0;0
05/06/2021;19:17:00;187;Acidente com Vítimas;532,2;BR-040/MG;Norte;Colisão lateral;2;0;0;0;0;2;0;0;0;0;3;1;0;0;0
05/06/2021;20:54:00;205;Acidente com Vítimas;339,98;BR-040/MG;Norte;Colisão traseira;2;0;0;0;0;1;0;0;0;0;3;3;0;0;0
05/06/2021;21:29:00;209;Acidente sem Vítimas;678,2;BR-040/MG;Sul;Queda de Ribanceira;1;0;0;0;0;2;0;0;0;0;0;0;0;0;0
05/06/2021;21:42:00;210;Acidente sem Vítimas;437,5;BR-040/MG;Sul;Capotamento;1;0;0;0;0;0;0;0;0;0;1;0;0;0;0
05/06/2021;23:12:00;218;Acidente sem Vítimas;9,9;BR-040/GO;Norte;Colisão traseira;2;0;0;0;0;0;0;0;0;0;1;0;0;0;0
06/06/2021;00:52:00;8;Acidente com Vítimas;0,1;BR-040/GO;Norte;Colisão traseira;1;0;0;0;0;1;0;0;0;0;2;1;0;0;0
06/06/2021;00:54:00;9;Acidente sem Vítimas;1,4;BR-040/GO;Norte;Choque c/ Objeto Fixo;2;0;0;0;0;2;0;0;0;0;1;0;0;0;0
06/06/2021;03:06:00;20;Acidente Fatal;498,33;BR-040/MG;Sul;Atropelamento de Andarilho;0;0;0;0;0;2;0;0;0;0;0;0;0;0;1
06/06/2021;06:26:00;32;Acidente com Vítimas;6,28;BR-040/GO;Sul;Choque c/ Objeto Fixo;3;0;0;0;0;0;0;0;0;0;0;0;1;0;0
06/06/2021;06:57:00;37;Acidente sem Vítimas;524,2;BR-040/MG;Sul;Choque c/ Objeto Fixo;1;0;0;0;0;0;0;0;0;0;1;0;0;0;0
06/06/2021;07:35:00;44;Acidente sem Vítimas;194,5;BR-040/MG;Norte;Outros;1;0;0;0;0;1;0;0;0;0;1;0;0;0;0
06/06/2021;07:36:00;43;Acidente sem Vítimas;525,5;BR-040/MG;Norte;Choque c/ Objeto Fixo;1;0;0;0;0;0;0;0;0;0;1;0;0;0;0
06/06/2021;09:38:00;56;Acidente com Vítimas;571,3;BR-040/MG;Norte;Colisão traseira;1;0;0;3;0;0;0;0;0;0;2;1;0;0;0
06/06/2021;13:56:00;111;Acidente sem Vítimas;716,3;BR-040/MG;Sul;Atropelamento de Animal;1;0;0;0;0;0;0;0;0;0;1;0;0;0;0
06/06/2021;16:05:00;137;Acidente sem Vítimas;557,2;BR-040/MG;Norte;Colisão traseira;2;0;0;0;0;0;0;0;0;0;4;0;0;0;0
06/06/2021;16:25:00;141;Acidente sem Vítimas;407,5;BR-040/MG;Sul;Atropelamento de Animal;1;0;0;0;0;0;0;0;0;0;3;0;0;0;0
06/06/2021;16:42:00;148;Acidente sem Vítimas;508,1;BR-040/MG;Sul;Engavetamento;1;0;0;0;0;2;0;0;0;0;3;0;0;0;0
06/06/2021;16:58:00;149;Acidente sem Vítimas;645,5;BR-040/MG;Norte;Colisão transversal;2;0;0;0;0;0;0;0;0;0;4;0;0;0;0
06/06/2021;17:12:00;153;Acidente sem Vítimas;508,9;BR-040/MG;Sul;Colisão traseira;2;0;0;0;0;0;0;0;0;0;2;0;0;0;0
06/06/2021;20:56:00;173;Acidente com Vítimas;6,9;BR-040/DF;Sul;Colisão traseira;2;0;0;0;0;0;0;0;0;0;2;1;0;0;0
06/06/2021;21:01:00;176;Acidente com Vítimas;7,1;BR-040/DF;Sul;Colisão traseira;0;0;1;1;0;0;0;0;0;0;2;0;1;0;0
06/06/2021;22:33:00;188;Acidente sem Vítimas;507,1;BR-040/MG;Sul;Colisão traseira;2;0;0;0;0;0;0;0;0;0;5;0;0;0;0
06/06/2021;23:15:00;195;Acidente sem Vítimas;486,5;BR-040/MG;Norte;Colisão lateral;0;0;0;0;0;2;0;0;0;0;0;0;0;0;0
06/06/2021;23:49:00;199;Acidente Fatal;439,49;BR-040/MG;Sul;Colisão traseira;1;0;1;0;0;1;0;0;0;0;0;0;0;0;1
07/06/2021;06:30:00;69;Acidente sem Vítimas;726,3;BR-040/MG;Sul;Choque c/ Objeto Fixo;1;0;0;0;0;0;0;0;0;0;1;0;0;0;0
07/06/2021;06:59:00;82;Acidente sem Vítimas;733,56;BR-040/MG;Norte;Choque c/ Objeto Fixo;2;0;0;0;0;0;0;0;0;0;1;0;0;0;0
07/06/2021;08:35:00;109;Acidente sem Vítimas;544,5;BR-040/MG;Sul;Tombamento de Moto;0;0;0;2;0;0;0;0;0;0;0;0;0;0;0
07/06/2021;09:05:00;122;Acidente sem Vítimas;522,21;BR-040/MG;Norte;Engavetamento;3;0;0;0;0;0;0;0;0;0;0;0;0;0;0
07/06/2021;10:49:00;147;Acidente com Vítimas;556,5;BR-040/MG;Norte;Capotamento;1;0;0;0;2;0;0;0;0;0;0;1;0;1;0
07/06/2021;14:17:00;192;Acidente sem Vítimas;711,1;BR-040/MG;Sul;Choque c/ Objeto Fixo;1;0;0;0;0;0;0;0;0;0;1;0;0;0;0
07/06/2021;14:55:00;206;Acidente sem Vítimas;650,3;BR-040/MG;Sul;Colisão transversal;2;0;0;0;0;0;0;0;0;0;3;0;0;0;0
07/06/2021;15:06:00;211;Acidente com Vítimas;469,5;BR-040/MG;Sul;Colisão lateral;2;0;0;0;0;0;0;0;0;0;0;1;0;0;0
07/06/2021;16:33:00;228;Acidente sem Vítimas;718,6;BR-040/MG;Sul;Tombamento;0;0;0;1;0;0;0;0;0;0;1;0;0;0;0
07/06/2021;17:52:00;252;Acidente sem Vítimas;494,4;BR-040/MG;Norte;Capotamento;1;0;0;0;0;0;0;0;0;0;1;0;0;0;0
07/06/2021;18:09:00;259;Acidente com Vítimas;13,1;BR-040/GO;Sul;Atropelamento de Animal;0;0;0;0;0;1;0;0;0;0;1;0;1;0;0
07/06/2021;18:35:00;265;Acidente com Vítimas;423,2;BR-040/MG;Sul;Atropelamento de Animal;0;0;0;0;0;1;0;0;0;0;1;0;0;0;0
07/06/2021;19:17:00;274;Acidente sem Vítimas;661,15;BR-040/MG;Norte;Choque c/ Objeto Fixo;1;0;0;0;0;0;0;0;0;0;4;0;0;0;0
07/06/2021;22:07:00;299;Acidente sem Vítimas;11,8;BR-040/GO;Sul;Choque c/ Objeto Fixo;1;0;0;0;0;0;0;0;0;0;1;0;0;0;0
08/06/2021;05:39:00;66;Acidente sem Vítimas;354,5;BR-040/MG;Sul;Choque c/ Objeto Fixo;0;0;2;0;0;0;0;0;0;0;1;0;0;0;0
08/06/2021;06:28:00;80;Acidente com Vítimas;1,8;BR-040/GO;Norte;Colisão traseira;1;0;0;1;0;0;0;0;0;0;2;1;0;0;0
08/06/2021;11:23:00;146;Acidente sem Vítimas;254,1;BR-040/MG;Norte;Colisão traseira;0;1;0;0;0;1;0;0;0;0;2;0;0;0;0
08/06/2021;11:53:00;148;Acidente com Vítimas;94,3;BR-040/GO;Sul;Tombamento de Moto;0;0;0;1;0;0;0;0;0;0;1;1;0;0;0
08/06/2021;16:21:00;211;Acidente sem Vítimas;540,1;BR-040/MG;Sul;Colisão traseira;1;0;0;0;0;0;0;0;0;0;0;0;0;0;0
08/06/2021;19:18:00;265;Acidente sem Vítimas;3,1;BR-040/GO;Norte;Engavetamento;4;0;0;0;0;0;0;0;0;0;3;0;0;0;0
08/06/2021;19:37:00;267;Acidente sem Vítimas;535,5;BR-040/MG;Norte;Colisão traseira;2;0;0;0;1;1;0;0;0;0;2;0;0;0;0
09/06/2021;08:28:00;124;Acidente com Vítimas;553,7;BR-040/MG;Sul;Colisão frontal;0;1;0;0;0;0;0;0;0;0;1;0;0;0;0
09/06/2021;08:43:00;127;Acidente sem Vítimas;504,7;BR-040/MG;Norte;Choque c/ Objeto Fixo;1;0;0;0;0;0;0;0;0;0;1;0;0;0;0
09/06/2021;10:47:00;162;Acidente com Vítimas;44,3;BR-040/MG;Norte;Colisão frontal;1;0;1;0;0;1;0;0;0;0;2;0;1;0;0
09/06/2021;11:18:00;164;Acidente com Vítimas;41,9;BR-040/MG;Norte;Colisão traseira;3;0;0;0;0;0;0;0;0;0;2;0;0;0;0
09/06/2021;13:21:00;187;Acidente sem Vítimas;533,5;BR-040/MG;Sul;Colisão traseira;1;0;1;0;0;0;0;0;0;0;2;0;0;0;0
09/06/2021;14:32:00;207;Acidente sem Vítimas;511,6;BR-040/MG;Norte;Tombamento de Moto;0;0;0;1;0;0;0;0;0;0;1;0;0;0;0
09/06/2021;15:55:00;224;Acidente sem Vítimas;516,48;BR-040/MG;Norte;Choque c/ Objeto Fixo;3;0;0;0;0;0;0;0;0;0;1;0;0;0;0
09/06/2021;16:07:00;229;Acidente sem Vítimas;1,6;BR-040/GO;Sul;Engavetamento;4;0;0;0;0;0;0;0;0;0;4;0;0;0;0
09/06/2021;16:25:00;238;Acidente com Vítimas;588;BR-040/MG;Norte;Capotamento;0;0;1;0;0;1;0;0;0;0;1;0;0;1;0
09/06/2021;17:55:00;261;Acidente sem Vítimas;513,3;BR-040/MG;Norte;Colisão traseira;2;0;0;0;0;1;0;0;0;0;3;0;0;0;0
09/06/2021;18:44:00;268;Acidente com Vítimas;513,5;BR-040/MG;Norte;Colisão traseira;2;0;0;1;0;0;0;0;0;0;6;2;0;0;0
09/06/2021;23:33:00;315;Acidente sem Vítimas;563,5;BR-040/MG;Sul;Capotamento;2;0;0;0;0;1;0;0;0;0;1;0;0;0;0
10/06/2021;01:08:00;40;Acidente sem Vítimas;582,7;BR-040/MG;Sul;Colisão traseira;0;0;2;1;0;2;0;0;0;0;2;0;0;0;0
10/06/2021;03:39:00;49;Acidente sem Vítimas;466,3;BR-040/MG;Norte;Choque c/ Objeto Fixo;1;0;0;0;0;0;0;0;0;0;5;0;0;0;0
10/06/2021;08:07:00;114;Acidente com Vítimas;3,5;BR-040/GO;Norte;Colisão lateral;1;0;0;1;0;0;0;0;0;0;2;1;0;0;0
10/06/2021;11:02:00;165;Acidente com Vítimas;24,3;BR-040/GO;Sul;Colisão lateral;1;0;0;1;0;1;0;0;0;0;2;0;0;0;0
10/06/2021;11:30:00;171;Acidente sem Vítimas;533,2;BR-040/MG;Norte;Colisão lateral;1;0;1;0;0;0;0;0;0;0;2;0;0;0;0
10/06/2021;12:54:00;188;Acidente sem Vítimas;131,1;BR-040/MG;Norte;Choque c/ Objeto Fixo;1;0;0;0;0;0;0;0;0;0;2;0;0;0;0
10/06/2021;13:38:00;198;Acidente sem Vítimas;516,458;BR-040/MG;Sul;Choque c/ Objeto Fixo;0;0;2;0;0;0;0;0;0;0;1;0;0;0;0
10/06/2021;16:03:00;223;Acidente sem Vítimas;1,38;BR-040/GO;Sul;Choque c/ Objeto Fixo;3;0;0;0;0;0;0;0;0;0;1;0;0;0;0
10/06/2021;16:26:00;226;Acidente sem Vítimas;1,38;BR-040/GO;Sul;Colisão lateral;1;0;0;1;0;0;0;0;0;0;2;0;0;0;0
10/06/2021;16:42:00;233;Acidente sem Vítimas;2,8;BR-040/GO;Norte;Capotamento;6;0;0;0;0;0;0;0;0;0;2;1;0;0;0
10/06/2021;17:23:00;241;Acidente sem Vítimas;523,3;BR-040/MG;Norte;Colisão lateral;4;0;0;0;1;0;0;0;0;0;36;0;0;0;0
10/06/2021;17:32:00;244;Acidente com Vítimas;594,2;BR-040/MG;Sul;Colisão traseira;1;0;1;0;0;1;0;0;0;0;3;2;0;0;0
10/06/2021;18:07:00;253;Acidente sem Vítimas;16,3;BR-040/GO;Sul;Atropelamento de Andarilho;3;0;0;0;0;0;0;0;0;0;1;0;0;0;0
10/06/2021;18:12:00;254;Acidente com Vítimas;39,5;BR-040/MG;Norte;Colisão transversal;2;0;1;0;0;1;0;0;0;0;2;1;0;0;0
10/06/2021;18:18:00;255;Acidente sem Vítimas;702,15;BR-040/MG;Norte;Colisão traseira;2;0;1;0;0;0;0;0;0;0;2;0;0;0;0
10/06/2021;23:39:00;311;Acidente com Vítimas;4,5;BR-040/GO;Norte;Colisão traseira;1;0;0;0;0;2;0;0;0;0;2;0;1;0;0
11/06/2021;02:41:00;26;Acidente sem Vítimas;587,3;BR-040/MG;Norte;Colisão lateral;0;0;2;0;0;1;0;0;0;0;1;0;0;0;0
11/06/2021;06:20:00;75;Acidente com Vítimas;530,2;BR-040/MG;Norte;Choque c/ Objeto Fixo;0;0;0;1;0;1;0;0;0;0;0;0;1;0;0
11/06/2021;07:10:00;91;Acidente Fatal;569,983;BR-040/MG;Sul;Choque c/ Objeto Fixo;0;0;0;0;0;1;0;0;0;0;0;0;0;0;1
11/06/2021;07:12:00;94;Acidente com Vítimas;3,6;BR-040/DF;Norte;Colisão lateral;3;0;0;2;0;0;0;0;0;0;2;0;0;0;0
11/06/2021;08:05:00;108;Acidente sem Vítimas;4,1;BR-040/DF;Norte;Colisão traseira;2;0;0;0;0;1;0;0;0;0;2;0;0;0;0
11/06/2021;09:57:00;131;Acidente com Vítimas;22,1;BR-040/GO;Sul;Colisão transversal;2;0;0;2;0;0;0;0;0;0;3;0;1;0;0
11/06/2021;11:56:00;165;Acidente sem Vítimas;487,341;BR-040/MG;Sul;Colisão traseira;1;0;0;0;0;1;0;0;0;0;0;0;0;0;0
11/06/2021;14:41:00;203;Acidente sem Vítimas;582,1;BR-040/MG;Norte;Colisão traseira;0;0;1;0;2;0;0;0;0;0;2;0;0;0;0
11/06/2021;16:07:00;225;Acidente sem Vítimas;43,2;BR-040/MG;Norte;Queda Veículo;0;0;0;1;0;0;0;0;0;0;1;0;0;0;0
11/06/2021;17:24:00;249;Acidente com Vítimas;525,7;BR-040/MG;Norte;Colisão lateral;0;0;0;1;0;1;0;0;0;0;0;1;0;0;0
11/06/2021;18:35:00;268;Acidente sem Vítimas;4,7;BR-040/GO;Norte;Colisão traseira;2;0;0;0;0;0;0;0;0;0;3;0;0;0;0
11/06/2021;19:27:00;281;Acidente sem Vítimas;510,5;BR-040/MG;Norte;Colisão traseira;2;0;0;3;0;0;0;0;0;0;2;0;0;0;0
11/06/2021;19:50:00;287;Acidente sem Vítimas;522,5;BR-040/MG;Norte;Colisão traseira;0;0;0;1;0;1;0;0;0;0;1;0;0;0;0
11/06/2021;20:36:00;300;Acidente sem Vítimas;703;BR-040/MG;Norte;Capotamento;2;0;0;0;0;0;0;0;0;0;1;0;0;0;0
11/06/2021;21:00:00;307;Acidente com Vítimas;92,275;BR-040/GO;Norte;Colisão transversal;1;0;1;0;1;0;0;0;0;0;1;0;1;0;0
11/06/2021;22:14:00;331;Acidente sem Vítimas;519;BR-040/MG;Sul;Colisão traseira;2;0;0;0;0;1;0;0;0;0;1;0;0;0;0
11/06/2021;23:44:00;346;Acidente sem Vítimas;5,8;Fora_Rota;Norte;Tombamento de Moto;0;0;0;1;0;0;0;0;0;0;1;0;0;0;0
12/06/2021;01:21:00;19;Acidente com Vítimas;5,9;BR-040/GO;Sul;Colisão traseira;1;0;0;1;0;2;0;0;0;0;2;1;0;1;0
12/06/2021;07:30:00;73;Acidente com Vítimas;755,136;BR-040/MG;Norte;Colisão transversal;0;0;0;0;0;2;0;0;0;0;2;2;0;0;0
12/06/2021;08:22:00;85;Acidente sem Vítimas;50,3;BR-040/MG;Sul;Colisão traseira;1;0;0;0;1;0;0;0;0;0;4;0;0;0;0
12/06/2021;10:03:00;113;Acidente sem Vítimas;533,35;BR-040/MG;Norte;Colisão traseira;1;0;0;1;0;0;0;0;0;0;2;0;0;0;0
12/06/2021;10:47:00;126;Acidente com Vítimas;768,2;BR-040/MG;Norte;Tombamento;0;0;0;0;1;1;0;0;0;0;1;1;0;0;0
12/06/2021;11:23:00;137;Acidente com Vítimas;510,3;BR-040/MG;Norte;Capotamento;2;0;0;1;0;0;0;0;0;0;1;0;1;0;0
12/06/2021;12:13:00;154;Acidente sem Vítimas;511,5;BR-040/MG;Norte;Colisão traseira;1;0;0;1;0;0;0;0;0;0;2;0;0;0;0
12/06/2021;13:31:00;168;Acidente sem Vítimas;512,25;BR-040/MG;Sul;Engavetamento;4;0;0;0;0;0;0;0;0;0;4;0;0;0;0
12/06/2021;14:16:00;185;Acidente sem Vítimas;4,2;BR-040/GO;Norte;Capotamento;1;0;0;0;0;1;0;0;0;0;2;0;0;0;0
12/06/2021;14:47:00;191;Acidente sem Vítimas;559,4;BR-040/MG;Sul;Colisão traseira;1;0;0;2;0;0;0;0;0;0;2;0;0;0;0
12/06/2021;16:36:00;217;Acidente sem Vítimas;8,5;BR-040/GO;Norte;Capotamento;1;0;0;0;0;0;0;0;0;0;1;0;0;0;0
12/06/2021;18:31:00;237;Acidente sem Vítimas;536,15;BR-040/MG;Norte;Colisão traseira;0;0;0;1;0;1;0;0;0;0;1;1;0;0;0
13/06/2021;03:06:00;60;Acidente sem Vítimas;34,2;BR-040/GO;Sul;Choque c/ Objeto Fixo;2;0;0;0;0;0;0;0;0;0;1;0;0;0;0
13/06/2021;08:58:00;114;Acidente com Vítimas;547,8;BR-040/MG;Norte;Choque c/ Objeto Fixo;0;1;1;0;0;0;0;0;0;0;1;0;1;0;0
13/06/2021;12:18:00;159;Acidente com Vítimas;551,561;BR-040/MG;Norte;Colisão traseira;2;0;0;1;0;0;0;0;0;0;1;2;0;0;0
13/06/2021;12:56:00;167;Acidente com Vítimas;636,8;BR-040/MG;Norte;Capotamento;1;0;0;0;0;1;0;0;0;0;1;1;0;0;0
13/06/2021;15:41:00;196;Acidente sem Vítimas;12,5;BR-040/GO;Norte;Colisão lateral;1;0;0;2;0;1;0;0;0;0;2;1;0;0;0
13/06/2021;17:24:00;218;Acidente sem Vítimas;504,9;BR-040/MG;Sul;Colisão traseira;2;0;0;0;0;0;0;0;0;0;5;0;0;0;0
13/06/2021;17:56:00;227;Acidente sem Vítimas;337;BR-040/MG;Sul;Choque c/ Objeto Fixo;3;0;0;0;0;1;0;0;0;0;1;1;0;0;0