data;horario;n_da_ocorrencia;tipo_de_ocorrencia;km;trecho;sentido;tipo_de_acidente;automovel;bicicleta;caminhao;moto;onibus;outros;tracao_animal;transporte_de_cargas_especiais;trator_maquinas;utilitarios;ilesos;levemente_feridos;moderadamente_feridos;gravemente_feridos;mortos
13/06/2021;19:18:00;247;Acidente sem Vítimas;4,8;BR-040/GO;Norte;Colisão traseira;2;0;0;0;0;0;0;0;0;0;2;0;0;0;0
13/06/2021;19:43:00;256;Acidente sem Vítimas;679,2;BR-040/MG;Sul;Choque c/ Objeto Fixo;1;0;0;0;0;0;0;0;0;0;1;0;0;0;0
13/06/2021;20:15:00;262;Acidente sem Vítimas;523,3;BR-040/MG;Sul;Choque c/ Objeto Fixo;2;0;0;0;0;1;0;0;0;0;2;0;0;0;0
13/06/2021;20:32:00;270;Acidente sem Vítimas;355;BR-040/MG;Sul;Colisão transversal;1;1;0;0;0;1;0;0;0;0;1;0;0;0;0
13/06/2021;21:21:00;278;Acidente com Vítimas;5;BR-040/GO;Sul;Choque c/ Objeto Fixo;2;0;0;0;0;0;0;0;0;0;1;2;1;0;0
13/06/2021;22:26:00;295;Acidente com Vítimas;507,35;BR-040/MG;Sul;Engavetamento;1;0;0;1;0;1;0;0;0;0;3;1;0;1;0
13/06/2021;23:48:00;307;Acidente sem Vítimas;8;BR-040/GO;Sul;Colisão transversal;2;0;0;0;0;1;0;0;0;0;2;0;0;0;0
14/06/2021;02:09:00;32;Acidente com Vítimas;124,5;BR-040/GO;Norte;Capotamento;1;0;0;0;0;0;0;0;0;0;1;1;0;0;0
14/06/2021;03:42:00;42;Acidente sem Vítimas;458,62;BR-040/MG;Norte;Choque c/ Objeto Fixo;2;0;0;0;0;0;0;0;0;0;0;0;0;0;0
14/06/2021;05:44:00;62;Acidente com Vítimas;446,2;BR-040/MG;Norte;Choque c/ Objeto Fixo;0;0;0;1;0;0;0;0;0;0;0;1;0;0;0
14/06/2021;07:20:00;93;Acidente com Vítimas;542,8;BR-040/MG;Sul;Choque c/ Objeto Fixo;1;0;0;2;0;1;0;0;0;0;2;0;2;0;0
14/06/2021;08:36:00;124;Acidente sem Vítimas;534,7;BR-040/MG;Sul;Engavetamento;5;0;0;0;0;0;0;0;0;0;5;0;0;0;0
14/06/2021;08:50:00;128;Acidente com Vítimas;7,8;BR-040/DF;Norte;Tombamento de Moto;0;0;0;1;0;0;0;0;0;0;0;1;0;0;0
14/06/2021;09:50:00;149;Acidente com Vítimas;448,35;BR-040/MG;Sul;Capotamento;0;0;0;0;0;1;0;0;0;0;0;2;1;0;0
14/06/2021;10:33:00;158;Acidente sem Vítimas;121,1;BR-040/MG;Norte;Tombamento;0;0;0;0;0;0;0;0;0;1;1;0;0;0;0
14/06/2021;10:49:00;161;Acidente com Vítimas;572,2;BR-040/MG;Norte;Colisão transversal;2;0;0;0;3;1;0;0;0;0;5;1;2;0;0
14/06/2021;11:07:00;164;Acidente sem Vítimas;2,5;BR-040/DF;Norte;Colisão traseira;0;1;0;0;0;2;0;0;0;1;1;0;0;0;0
14/06/2021;16:31:00;222;Acidente sem Vítimas;487,2;BR-040/MG;Sul;Colisão traseira;1;0;1;0;0;0;0;0;0;0;2;0;0;0;0
15/06/2021;06:16:00;73;Acidente sem Vítimas;598,95;BR-040/MG;Sul;Choque c/ Objeto Fixo;2;0;0;0;0;0;0;0;0;0;1;0;0;0;0
15/06/2021;06:56:00;86;Acidente com Vítimas;524,2;BR-040/MG;Sul;Colisão traseira;1;0;0;1;0;0;0;0;0;0;0;1;0;0;0
15/06/2021;07:27:00;96;Acidente com Vítimas;518,2;BR-040/MG;Sul;Colisão traseira;0;0;1;1;0;0;0;0;0;0;0;0;1;0;0
15/06/2021;07:50:00;105;Acidente com Vítimas;7,1;BR-040/GO;Norte;Colisão lateral;2;0;0;1;0;0;0;0;0;0;2;1;0;0;0
15/06/2021;10:16:00;148;Acidente sem Vítimas;6,5;BR-040/DF;Sul;Colisão traseira;2;0;0;0;0;0;0;0;0;0;5;0;0;0;0
15/06/2021;14:07:00;202;Acidente com Vítimas;533,2;BR-040/MG;Norte;Tombamento de Moto;0;0;0;1;0;0;0;0;0;0;0;2;0;0;0
15/06/2021;17:19:00;251;Acidente sem Vítimas;519,2;BR-040/MG;Norte;Colisão traseira;3;0;0;0;0;0;0;0;0;0;2;0;0;0;0
15/06/2021;17:40:00;257;Acidente sem Vítimas;510,12;BR-040/MG;Norte;Engavetamento;3;0;0;0;0;2;0;0;0;0;4;0;0;0;0
16/06/2021;06:28:00;82;Acidente com Vítimas;528,15;BR-040/MG;Sul;Colisão lateral;0;0;0;1;0;1;0;0;0;0;0;2;0;0;0
16/06/2021;07:53:00;123;Acidente sem Vítimas;717;BR-040/MG;Norte;Choque c/ Objeto Fixo;0;0;2;0;0;0;0;0;0;0;1;0;0;0;0
16/06/2021;07:57:00;121;Acidente sem Vítimas;765,65;BR-040/MG;Sul;Choque c/ Objeto Fixo;1;0;0;0;0;0;0;0;0;0;1;0;0;0;0
16/06/2021;08:03:00;126;Acidente com Vítimas;3,3;BR-040/DF;Norte;Colisão traseira;2;0;0;2;0;1;0;0;0;0;2;0;0;0;0
16/06/2021;11:53:00;183;Acidente sem Vítimas;154,6;BR-040/MG;Sul;Capotamento;2;0;0;0;0;0;0;0;0;0;0;0;0;0;0
16/06/2021;12:25:00;189;Acidente sem Vítimas;478,2;BR-040/MG;Norte;Colisão lateral;0;0;0;1;1;0;0;0;0;0;0;0;0;0;0
16/06/2021;12:45:00;193;Acidente sem Vítimas;510,5;BR-040/MG;Norte;Colisão traseira;1;0;0;0;0;3;0;0;0;0;0;0;0;0;0
16/06/2021;14:37:00;217;Acidente com Vítimas;375,7;BR-040/MG;Norte;Colisão frontal;4;0;0;0;0;0;0;0;0;0;7;0;1;0;0
16/06/2021;17:26:00;251;Acidente com Vítimas;136,1;BR-040/MG;Norte;Colisão traseira;0;0;0;2;0;1;0;0;0;0;2;1;0;0;0
16/06/2021;18:12:00;260;Acidente sem Vítimas;215,2;BR-040/MG;Norte;Colisão traseira;0;0;2;0;0;1;0;0;0;0;1;0;0;0;0
16/06/2021;22:12:00;309;Acidente sem Vítimas;372,2;BR-040/MG;Sul;Choque c/ Objeto Fixo;0;0;3;0;0;0;0;0;0;0;1;0;0;0;0
17/06/2021;05:57:00;103;Acidente com Vítimas;431,2;BR-040/MG;Sul;Colisão traseira;1;0;0;1;0;0;0;0;0;0;5;1;0;0;0
17/06/2021;08:24:00;158;Acidente sem Vítimas;34,8;BR-040/GO;Sul;Tombamento;2;0;0;0;0;0;0;0;0;0;1;0;0;0;0
17/06/2021;09:10:00;169;Acidente sem Vítimas;576,75;BR-040/MG;Sul;Colisão traseira;1;0;1;0;0;0;0;0;0;0;2;0;0;0;0
17/06/2021;10:33:00;195;Acidente sem Vítimas;718,3;BR-040/MG;Norte;Capotamento;1;0;0;0;0;0;0;0;0;0;1;1;0;0;0
17/06/2021;11:53:00;214;Acidente com Vítimas;671,5;BR-040/MG;Sul;Colisão transversal;1;0;0;0;1;0;0;0;0;0;2;0;1;0;0
17/06/2021;12:42:00;219;Acidente sem Vítimas;524,2;BR-040/MG;Norte;Capotamento;1;0;0;0;0;0;0;0;0;0;1;0;0;0;0
17/06/2021;13:57:00;243;Acidente com Vítimas;9,99;BR-040/GO;Sul;Colisão traseira;0;1;0;1;0;1;0;0;0;0;1;1;0;0;0
17/06/2021;19:03:00;312;Acidente sem Vítimas;538,32;BR-040/MG;Norte;Engavetamento;3;0;0;0;0;0;0;0;0;0;3;0;0;0;0
17/06/2021;23:44:00;367;Acidente com Vítimas;23,22;BR-040/GO;Norte;Colisão traseira;0;2;0;2;0;0;0;0;0;0;3;0;1;1;0
18/06/2021;04:52:00;60;Acidente sem Vítimas;535,3;BR-040/MG;Sul;Tombamento;0;0;1;0;1;0;0;0;0;0;0;0;0;0;0
18/06/2021;08:26:00;116;Acidente sem Vítimas;539,2;BR-040/MG;Sul;Engavetamento;2;0;1;0;0;0;0;0;0;0;0;0;0;0;0
18/06/2021;10:17:00;145;Acidente com Vítimas;536,5;BR-040/MG;Norte;Colisão lateral;0;0;0;0;0;0;0;0;0;0;0;0;1;0;0
18/06/2021;10:53:00;158;Acidente com Vítimas;519,2;BR-040/MG;Norte;Capotamento;1;0;0;0;0;1;0;0;0;0;0;1;0;0;0
18/06/2021;11:29:00;163;Acidente com Vítimas;71,8;BR-040/MG;Sul;Tombamento;0;0;0;0;1;0;0;0;0;0;1;1;0;0;0
18/06/2021;13:16:00;186;Acidente com Vítimas;509,85;BR-040/MG;Norte;Atropelamento de Ciclista;1;0;0;0;0;0;0;0;0;0;0;0;0;0;0
18/06/2021;14:27:00;200;Acidente com Vítimas;577,4;BR-040/MG;Sul;Colisão frontal;0;0;1;0;0;1;0;0;0;0;2;2;0;0;0
18/06/2021;14:54:00;207;Acidente com Vítimas;471;BR-040/MG;Sul;Tombamento;0;0;0;0;0;2;0;0;0;0;0;1;0;0;0
18/06/2021;15:14:00;209;Acidente sem Vítimas;472,8;BR-040/MG;Norte;Colisão traseira;4;0;0;0;0;0;0;0;0;0;0;0;0;0;0
18/06/2021;15:50:00;222;Acidente com Vítimas;705,2;BR-040/MG;Norte;Tombamento;0;0;2;0;0;1;0;0;0;0;1;0;0;0;0
18/06/2021;18:17:00;265;Acidente com Vítimas;39,2;BR-040/MG;Sul;Atropelamento de Pedestre;2;0;0;0;0;1;0;0;0;0;1;0;0;0;0
18/06/2021;18:26:00;267;Acidente com Vítimas;545,9;BR-040/MG;Norte;Choque c/ Objeto Fixo;1;0;0;0;0;0;0;0;0;0;0;0;1;0;0
18/06/2021;19:20:00;281;Acidente sem Vítimas;545,3;BR-040/MG;Norte;Choque c/ Objeto Fixo;1;0;0;0;0;0;0;0;0;0;0;0;0;0;0
18/06/2021;19:28:00;285;Acidente sem Vítimas;684,15;BR-040/MG;Norte;Choque c/ Objeto Fixo;1;0;1;0;0;1;0;0;0;0;3;0;0;0;0
18/06/2021;19:44:00;286;Acidente com Vítimas;543,999;BR-040/MG;Sul;Colisão lateral;1;0;0;1;0;0;0;0;0;0;2;1;1;0;0
18/06/2021;22:37:00;321;Acidente com Vítimas;525,3;BR-040/MG;Norte;Colisão traseira;0;0;0;1;1;0;0;0;0;0;1;1;0;0;0
18/06/2021;23:05:00;322;Acidente sem Vítimas;435,5;BR-040/MG;Sul;Atropelamento de Animal;0;0;0;0;1;0;0;0;0;0;0;0;0;0;0
19/06/2021;04:00:00;19;Acidente sem Vítimas;618,2;BR-040/MG;Norte;Choque c/ Objeto Fixo;2;0;0;0;0;0;0;0;0;0;1;0;0;0;0
19/06/2021;04:36:00;21;Acidente com Vítimas;537,5;BR-040/MG;Norte;Colisão traseira;2;0;0;0;0;1;0;0;0;0;0;0;1;0;0
19/06/2021;05:36:00;25;Acidente com Vítimas;543,5;BR-040/MG;Sul;Colisão traseira;0;0;0;0;0;2;0;0;0;0;0;0;1;0;0
19/06/2021;06:14:00;34;Acidente com Vítimas;5,5;BR-040/DF;Norte;Colisão transversal;0;1;0;2;0;1;0;0;0;0;1;0;0;0;0
19/06/2021;07:07:00;46;Acidente com Vítimas;516,5;BR-040/MG;Norte;Colisão traseira;0;0;0;1;0;1;0;0;0;0;0;0;1;0;0
19/06/2021;08:02:00;57;Acidente sem Vítimas;93,2;BR-040/GO;Norte;Colisão transversal;4;0;0;0;0;0;0;0;0;0;3;0;0;0;0
19/06/2021;18:06:00;187;Acidente sem Vítimas;279,3;BR-040/MG;Norte;Colisão lateral;1;0;0;0;0;1;0;0;0;1;5;0;0;0;0
19/06/2021;18:29:00;193;Acidente Fatal;606,1;BR-040/MG;Norte;Colisão frontal;9;0;0;0;0;1;0;0;0;0;0;0;1;0;1
19/06/2021;18:35:00;200;Acidente sem Vítimas;509,2;BR-040/MG;Sul;Colisão traseira;2;0;0;0;0;2;0;0;0;0;1;0;0;0;0
19/06/2021;21:09:00;235;Acidente Fatal;442,89;BR-040/MG;Sul;Tombamento;0;0;1;0;0;0;0;0;0;0;1;1;0;0;1
20/06/2021;07:30:00;69;Acidente com Vítimas;42,3;BR-040/MG;Sul;Colisão transversal;1;0;0;1;0;0;0;0;0;0;3;0;1;0;0
20/06/2021;15:31:00;194;Acidente com Vítimas;671,12;BR-040/MG;Sul;Capotamento;1;0;0;0;0;1;0;0;0;0;0;1;0;0;0
20/06/2021;16:47:00;209;Acidente com Vítimas;765,8;BR-040/MG;Sul;Choque c/ Objeto Fixo;2;0;0;0;0;0;0;0;0;0;1;0;0;0;0
20/06/2021;17:18:00;215;Acidente com Vítimas;536,2;BR-040/MG;Norte;Colisão lateral;0;0;0;1;0;1;0;0;0;0;0;0;0;0;0
20/06/2021;17:52:00;226;Acidente com Vítimas;562,5;BR-040/MG;Norte;Colisão traseira;4;0;0;0;0;0;0;0;0;0;3;0;0;0;0
20/06/2021;21:05:00;274;Acidente com Vítimas;733,5;BR-040/MG;Norte;Atropelamento de Ciclista;0;2;0;1;0;0;0;0;0;0;0;2;0;0;0
21/06/2021;02:20:00;44;Acidente com Vítimas;16,3;BR-040/GO;Norte;Capotamento;1;0;0;0;0;1;0;0;0;0;0;0;0;1;0
21/06/2021;02:41:00;50;Acidente sem Vítimas;510,9;BR-040/MG;Norte;Capotamento;1;0;0;0;0;1;0;0;0;0;1;0;0;0;0
21/06/2021;06:39:00;83;Acidente sem Vítimas;548,18;BR-040/MG;Sul;Colisão traseira;1;0;0;0;0;2;0;0;0;0;2;0;0;0;0
21/06/2021;07:57:00;106;Acidente sem Vítimas;687,8;BR-040/MG;Sul;Tombamento;0;0;0;0;0;1;0;0;0;0;1;0;0;0;0
21/06/2021;10:10:00;152;Acidente sem Vítimas;770,3;BR-040/MG;Norte;Capotamento;4;0;0;0;0;0;0;0;0;0;1;0;0;0;0
21/06/2021;10:31:00;158;Acidente sem Vítimas;597,5;BR-040/MG;Sul;Colisão lateral;0;0;1;0;2;1;0;0;0;0;2;0;0;0;0
21/06/2021;10:47:00;163;Acidente sem Vítimas;646,3;BR-040/MG;Norte;Choque com objeto;2;0;0;0;0;0;0;0;0;0;1;0;0;0;0
21/06/2021;13:10:00;188;Acidente sem Vítimas;535,2;BR-040/MG;Norte;Colisão lateral;1;0;0;0;1;0;0;0;0;0;2;0;0;0;0
21/06/2021;13:25:00;190;Acidente com Vítimas;522,2;BR-040/MG;Sul;Tombamento de Moto;0;0;0;1;0;0;0;0;0;0;0;1;0;0;0
21/06/2021;18:16:00;253;Acidente sem Vítimas;487,5;BR-040/MG;Norte;Colisão traseira;0;0;0;0;3;0;0;0;0;0;2;0;0;0;0
21/06/2021;19:45:00;275;Acidente sem Vítimas;534,6;BR-040/MG;Norte;Engavetamento;4;0;0;0;0;0;0;0;0;0;0;1;0;0;0
21/06/2021;21:50:00;294;Acidente sem Vítimas;92,1;BR-040/GO;Norte;Colisão traseira;3;0;0;0;0;0;0;0;0;0;2;0;0;0;0
22/06/2021;07:19:00;95;Acidente sem Vítimas;517,5;BR-040/MG;Sul;Colisão traseira;1;0;0;0;1;0;0;0;0;0;2;0;0;0;0
22/06/2021;09:02:00;131;Acidente sem Vítimas;491,3;BR-040/MG;Sul;Colisão lateral;1;0;0;0;1;1;0;0;0;0;2;0;0;0;0
22/06/2021;12:27:00;155;Acidente com Vítimas;456,4;BR-040/MG;Norte;Colisão traseira;1;0;2;0;0;0;0;0;0;0;1;0;1;0;0
22/06/2021;12:44:00;160;Acidente com Vítimas;749,8;BR-040/MG;Sul;Choque c/ Objeto Fixo;1;0;0;0;0;0;0;0;0;0;3;1;0;0;0
22/06/2021;17:05:00;210;Acidente com Vítimas;96,16;BR-040/GO;Norte;Colisão transversal;2;0;0;1;0;0;0;0;0;0;1;1;0;0;0
22/06/2021;17:08:00;211;Acidente sem Vítimas;716,6;BR-040/MG;Norte;Colisão lateral;1;0;0;0;0;0;0;0;0;0;1;0;0;0;0
22/06/2021;17:11:00;212;Acidente sem Vítimas;716,8;BR-040/MG;Norte;Capotamento;1;0;0;0;0;0;0;0;0;0;1;0;0;0;0
22/06/2021;17:13:00;214;Acidente com Vítimas;756,9;BR-040/MG;Sul;Tombamento de Moto;0;0;0;1;0;0;0;0;0;0;1;0;0;0;0
22/06/2021;18:03:00;229;Acidente sem Vítimas;600,15;BR-040/MG;Sul;Choque c/ Objeto Fixo;2;0;0;0;0;1;0;0;0;0;1;0;0;0;0
22/06/2021;18:27:00;233;Acidente sem Vítimas;658,15;BR-040/MG;Norte;Colisão lateral;1;0;0;0;1;0;0;0;0;0;1;0;0;0;0
22/06/2021;18:35:00;237;Acidente com Vítimas;451,35;BR-040/MG;Norte;Tombamento de Moto;0;0;1;1;0;0;0;0;0;0;0;1;0;0;0
22/06/2021;19:53:00;249;Acidente com Vítimas;9,15;BR-040/GO;Norte;Atropelamento de Animal;0;0;0;2;0;2;0;0;0;0;1;0;1;0;0
22/06/2021;20:32:00;255;Acidente sem Vítimas;652,15;BR-040/MG;Norte;Atropelamento de Animal;0;0;1;0;1;0;0;0;0;0;1;0;0;0;0
22/06/2021;20:50:00;271;Acidente sem Vítimas;652,15;BR-040/MG;Norte;Colisão traseira;1;0;0;1;0;1;0;0;0;0;2;0;0;0;0
23/06/2021;02:49:00;6;Acidente com Vítimas;9,15;BR-040/GO;Norte;Atropelamento de Animal;0;0;0;0;0;1;0;0;0;0;0;0;1;0;0
23/06/2021;03:23:00;60;Acidente sem Vítimas;2,3;BR-040/GO;Norte;Colisão traseira;2;0;0;0;0;0;0;0;0;0;2;0;0;0;0
23/06/2021;06:42:00;98;Acidente com Vítimas;516,1;BR-040/MG;Sul;Tombamento de Moto;0;0;0;1;0;0;0;0;0;0;0;0;1;0;0
23/06/2021;13:40:00;116;Acidente com Vítimas;511,1;BR-040/MG;Norte;Tombamento de Moto;0;0;0;1;0;0;0;0;0;0;0;1;0;0;0
23/06/2021;14:36:00;132;Acidente com Vítimas;46,2;BR-040/GO;Norte;Colisão lateral;0;0;0;0;1;1;0;0;0;0;3;0;0;0;0
23/06/2021;16:28:00;158;Acidente sem Vítimas;79,8;BR-040/GO;Sul;Colisão lateral;1;0;0;2;0;0;0;0;0;0;0;0;0;0;0
23/06/2021;18:04:00;180;Acidente com Vítimas;10,9;BR-040/GO;Sul;Atropelamento de Pedestre;1;0;0;0;0;1;0;0;0;0;2;1;0;0;0
23/06/2021;18:10:00;182;Acidente com Vítimas;3,1;BR-040/GO;Sul;Tombamento de Moto;0;0;0;1;0;1;0;0;0;0;0;1;0;0;0
23/06/2021;18:12:00;185;Acidente sem Vítimas;551,7;BR-040/MG;Norte;Colisão traseira;1;0;0;0;0;3;0;0;0;0;2;0;0;0;0
23/06/2021;18:42:00;194;Acidente sem Vítimas;532,8;BR-040/MG;Norte;Engavetamento;4;0;0;0;0;1;0;0;0;0;4;0;0;0;0
23/06/2021;18:56:00;199;Acidente com Vítimas;434,5;BR-040/MG;Sul;Colisão traseira;2;0;0;1;0;0;0;0;0;0;2;1;0;0;0
23/06/2021;19:48:00;216;Acidente sem Vítimas;126,5;BR-040/MG;Sul;Colisão traseira;2;0;0;0;0;0;0;0;0;0;2;0;0;0;0
23/06/2021;21:19:00;240;Acidente sem Vítimas;555,8;BR-040/MG;Norte;Colisão transversal;0;0;1;0;1;1;0;0;0;0;1;0;0;0;0
24/06/2021;08:16:00;143;Acidente com Vítimas;143,9;BR-040/MG;Norte;Colisão lateral;0;0;0;1;0;2;0;0;0;0;3;0;0;0;0
24/06/2021;08:38:00;147;Acidente sem Vítimas;219,1;BR-040/MG;Sul;Colisão traseira;1;0;0;0;1;1;0;0;0;0;2;0;0;0;0
24/06/2021;17:38:00;296;Acidente sem Vítimas;545,9;BR-040/MG;Norte;Engavetamento;4;0;0;0;0;0;0;0;0;0;3;0;0;0;0
24/06/2021;18:01:00;300;Acidente com Vítimas;546,3;BR-040/MG;Sul;Colisão traseira;1;0;0;2;0;0;0;0;0;0;1;0;0;1;0
24/06/2021;19:13:00;309;Acidente sem Vítimas;5,6;BR-040/GO;Sul;Colisão traseira;5;0;0;0;0;0;0;0;0;0;4;0;0;0;0
24/06/2021;19:39:00;313;Acidente com Vítimas;530,2;BR-040/MG;Sul;Tombamento de Moto;0;0;0;2;0;0;0;0;0;0;0;0;1;0;0
24/06/2021;20:25:00;323;Acidente com Vítimas;494,63;BR-040/MG;Sul;Tombamento de Moto;0;0;0;1;0;0;0;0;0;0;1;0;0;0;0
24/06/2021;21:57:00;342;Acidente com Vítimas;14,1;BR-040/GO;Norte;Capotamento;1;0;0;0;0;0;0;0;0;0;1;0;0;0;0
24/06/2021;22:59:00;351;Acidente sem Vítimas;705,15;BR-040/MG;Norte;Choque c/ Objeto Fixo;2;0;0;0;0;0;0;0;0;0;1;0;0;0;0
25/06/2021;03:44:00;57;Acidente com Vítimas;5,1;BR-040/DF;Sul;Tombamento de Moto;0;0;0;1;0;0;0;0;0;0;1;0;0;1;0
25/06/2021;06:54:00;102;Acidente sem Vítimas;523,2;BR-040/MG;Sul;Engavetamento;3;0;0;0;0;0;0;0;0;0;3;0;0;0;0
25/06/2021;06:58:00;104;Acidente com Vítimas;656,7;BR-040/MG;Norte;Colisão traseira;0;0;1;0;1;0;0;0;0;0;2;1;0;0;0
25/06/2021;09:35:00;149;Acidente sem Vítimas;460,98;BR-040/MG;Norte;Colisão traseira;0;0;0;0;1;2;0;0;0;0;2;0;0;0;0
25/06/2021;11:36:00;173;Acidente sem Vítimas;475,3;BR-040/MG;Sul;Choque c/ Objeto Fixo;0;0;0;0;1;0;0;0;0;0;1;0;0;0;0
25/06/2021;13:01:00;183;Acidente com Vítimas;550,4;BR-040/MG;Sul;Colisão traseira;1;0;0;0;0;2;0;0;0;0;2;1;0;0;0
25/06/2021;13:14:00;186;Acidente com Vítimas;473,8;BR-040/MG;Sul;Tombamento de Moto;0;0;0;1;0;1;0;0;0;0;2;1;0;0;0
25/06/2021;14:25:00;203;Acidente com Vítimas;1,1;BR-040/GO;Sul;Choque c/ Objeto Fixo;1;0;0;0;0;0;0;0;0;0;1;0;0;0;0
25/06/2021;17:04:00;251;Acidente sem Vítimas;467,74;BR-040/MG;Sul;Colisão traseira;1;0;3;0;0;0;0;0;0;0;4;0;0;0;0
25/06/2021;18:24:00;271;Acidente Fatal;281,5;BR-040/MG;Norte;Colisão transversal;1;0;0;0;1;1;0;0;0;0;2;0;0;0;1
26/06/2021;10:09:00;102;Acidente com Vítimas;561,4;BR-040/MG;Sul;Colisão traseira;4;0;0;0;0;1;0;0;0;0;2;0;1;0;0
26/06/2021;10:11:00;101;Acidente sem Vítimas;561,3;BR-040/MG;Sul;Colisão traseira;1;0;0;0;1;0;0;0;0;0;3;0;0;0;0
26/06/2021;10:59:00;114;Acidente com Vítimas;617,43;BR-040/MG;Sul;Colisão traseira;1;0;0;0;0;2;0;0;0;0;2;1;0;0;0
26/06/2021;12:33:00;137;Acidente sem Vítimas;614,3;BR-040/MG;Sul;Engavetamento;0;0;0;0;0;0;0;0;0;0;0;0;0;0;0
26/06/2021;13:13:00;152;Acidente sem Vítimas;497,5;BR-040/MG;Norte;Capotamento;2;0;0;0;0;1;0;0;0;0;2;0;0;0;0
26/06/2021;13:29:00;158;Acidente com Vítimas;632,1;BR-040/MG;Norte;Colisão transversal;1;0;0;0;0;1;0;0;0;0;2;1;0;0;0
26/06/2021;14:11:00;172;Acidente com Vítimas;627,3;BR-040/MG;Norte;Colisão lateral;1;0;0;1;0;0;0;0;0;0;2;0;0;0;0
26/06/2021;14:21:00;174;Acidente sem Vítimas;661,9;BR-040/MG;Sul;Colisão transversal;2;0;0;0;0;0;0;0;0;0;2;0;0;0;0
26/06/2021;16:55:00;211;Acidente sem Vítimas;40,9;BR-040/MG;Norte;Colisão transversal;1;0;0;0;1;0;0;0;0;0;10;0;0;0;0
26/06/2021;17:50:00;222;Acidente sem Vítimas;649,5;BR-040/MG;Sul;Colisão traseira;2;0;0;0;0;0;0;0;0;0;0;0;0;0;0
26/06/2021;18:45:00;234;Acidente Fatal;551,6;BR-040/MG;Sul;Atropelamento de Pedestre;1;0;0;0;0;1;0;0;0;0;1;0;0;0;1
26/06/2021;18:55:00;245;Acidente sem Vítimas;551,6;BR-040/MG;Norte;Colisão lateral;3;0;0;0;0;0;0;0;0;0;2;0;0;0;0
26/06/2021;22:28:00;273;Acidente com Vítimas;497,5;BR-040/MG;Norte;Colisão frontal;0;1;0;0;0;2;0;0;0;0;3;2;0;0;0
26/06/2021;22:49:00;274;Acidente com Vítimas;6,1;BR-040/DF;Sul;Choque c/ Objeto Fixo;1;0;0;0;0;0;0;0;0;0;1;0;1;0;0
27/06/2021;01:08:00;9;Acidente sem Vítimas;260,1;BR-040/MG;Sul;Atropelamento de Animal;1;0;0;0;0;0;0;0;0;0;1;0;0;0;0
27/06/2021;04:38:00;32;Acidente sem Vítimas;141,1;BR-040/MG;Norte;Choque c/ Objeto Fixo;4;0;0;0;0;0;0;0;0;0;1;0;0;0;0
27/06/2021;05:45:00;36;Acidente sem Vítimas;140,2;BR-040/MG;Norte;Colisão traseira;1;0;0;0;0;1;0;0;0;0;1;0;0;0;0
27/06/2021;06:18:00;38;Acidente com Vítimas;45,15;BR-040/MG;Norte;Colisão transversal;0;0;0;1;1;1;0;0;0;0;3;1;1;0;0
27/06/2021;06:41:00;42;Acidente com Vítimas;310,1;Fora_Rota;Norte;Choque com objeto;1;0;0;0;0;0;0;0;0;0;2;0;1;0;0
27/06/2021;07:00:00;45;Acidente com Vítimas;517,5;BR-040/MG;Sul;Colisão lateral;2;0;1;0;1;0;0;0;0;0;0;1;0;0;0
27/06/2021;07:43:00;54;Acidente com Vítimas;545,8;BR-040/MG;Sul;Capotamento;1;0;0;0;0;1;0;0;0;0;0;0;0;0;0
27/06/2021;13:04:00;101;Acidente com Vítimas;181,3;BR-040/MG;Norte;Queda de Ribanceira;1;0;0;0;0;0;0;0;0;0;1;1;0;0;0
27/06/2021;14:09:00;111;Acidente com Vítimas;5,1;BR-040/GO;Sul;Colisão traseira;1;0;0;2;0;1;0;0;0;0;3;0;1;0;0
27/06/2021;15:28:00;129;Acidente sem Vítimas;93,1;BR-040/GO;Sul;Choque c/ Objeto Fixo;0;0;0;0;0;1;0;0;0;0;2;0;0;0;0
27/06/2021;18:35:00;174;Acidente sem Vítimas;4,1;BR-040/GO;Norte;Colisão lateral;2;0;0;0;0;0;0;0;0;0;2;0;0;0;0
27/06/2021;19:14:00;189;Acidente sem Vítimas;701,1;BR-040/MG;Norte;Atropelamento de Animal;4;0;0;0;0;0;0;0;0;0;4;0;0;0;0
27/06/2021;19:33:00;197;Acidente sem Vítimas;551,8;BR-040/MG;Norte;Colisão traseira;1;0;0;0;0;1;0;0;0;0;2;0;0;0;0
27/06/2021;20:37:00;214;Acidente com Vítimas;628,1;BR-040/MG;Sul;Colisão traseira;2;0;0;1;0;1;0;0;0;0;2;0;1;0;0
27/06/2021;21:50:00;220;Acidente sem Vítimas;615,1;BR-040/MG;Sul;Choque c/ Objeto Fixo;2;0;0;1;0;0;0;0;0;0;1;0;0;0;0
27/06/2021;22:06:00;225;Acidente com Vítimas;5,9;BR-040/DF;Sul;Tombamento;0;0;0;1;0;0;0;0;0;0;0;1;0;0;0
27/06/2021;23:52:00;239;Acidente com Vítimas;8,5;BR-040/GO;Sul;Tombamento de Moto;0;0;0;1;0;2;0;0;0;0;0;0;1;0;0
28/06/2021;00:43:00;22;Acidente sem Vítimas;141,8;BR-040/GO;Sul;Atropelamento de Animal;1;0;0;0;0;0;0;0;0;0;6;0;0;0;0
28/06/2021;01:26:00;38;Acidente sem Vítimas;169,5;BR-040/MG;Sul;Choque c/ Objeto Fixo;0;0;0;0;0;2;0;0;0;0;1;0;0;0;0
28/06/2021;01:51:00;46;Acidente sem Vítimas;2,7;BR-040/GO;Sul;Choque c/ Objeto Fixo;1;0;0;0;0;0;0;0;0;0;1;0;0;0;0
28/06/2021;08:26:00;142;Acidente sem Vítimas;632,3;BR-040/MG;Norte;Colisão traseira;3;0;0;0;0;1;0;0;0;0;4;0;1;0;0