data;horario;n_da_ocorrencia;tipo_de_ocorrencia;km;trecho;sentido;tipo_de_acidente;automovel;bicicleta;caminhao;moto;onibus;outros;tracao_animal;transporte_de_cargas_especiais;trator_maquinas;utilitarios;ilesos;levemente_feridos;moderadamente_feridos;gravemente_feridos;mortos
28/06/2021;10:14:00;176;Acidente sem Vítimas;542,2;BR-040/MG;Norte;Engavetamento;9;0;0;0;0;0;0;0;0;0;0;0;0;0;0
28/06/2021;10:54:00;187;Acidente sem Vítimas;571,2;BR-040/MG;Sul;Choque c/ Objeto Fixo;0;0;0;0;0;1;0;0;0;0;1;0;0;0;0
28/06/2021;11:54:00;197;Acidente com Vítimas;609,5;BR-040/MG;Sul;Colisão transversal;2;0;0;0;0;0;0;0;0;0;3;2;1;0;0
28/06/2021;13:09:00;221;Acidente sem Vítimas;527,5;BR-040/MG;Sul;Tombamento de Moto;0;0;0;1;0;0;0;0;0;0;0;0;0;0;0
28/06/2021;13:44:00;231;Acidente sem Vítimas;563,1;BR-040/MG;Norte;Colisão traseira;2;0;0;0;0;1;0;0;0;0;0;0;0;0;0
28/06/2021;15:55:00;261;Acidente com Vítimas;9,5;BR-040/GO;Sul;Colisão traseira;0;0;1;2;0;0;0;0;0;0;2;0;1;0;0
28/06/2021;18:04:00;288;Acidente sem Vítimas;1,1;BR-040/DF;Norte;Colisão traseira;2;0;0;0;0;0;0;0;0;0;2;0;0;0;0
29/06/2021;00:20:00;17;Acidente sem Vítimas;417,9;BR-040/MG;Sul;Colisão traseira;0;0;0;0;0;2;0;0;0;0;0;0;0;0;0
29/06/2021;06:03:00;95;Acidente sem Vítimas;520,3;BR-040/MG;Sul;Tombamento;0;0;1;0;0;1;0;0;0;0;2;0;0;0;0
29/06/2021;09:27:00;161;Acidente sem Vítimas;405,3;BR-040/MG;Norte;Colisão traseira;0;0;0;0;3;0;0;0;0;0;2;0;0;0;0
29/06/2021;10:43:00;183;Acidente sem Vítimas;43,5;BR-040/MG;Sul;Tombamento de Moto;0;0;0;1;0;0;0;0;0;0;1;0;0;0;0
29/06/2021;10:49:00;186;Acidente com Vítimas;559,963;BR-040/MG;Sul;Engavetamento;2;0;0;1;0;0;0;0;0;0;2;1;0;0;0
29/06/2021;10:51:00;185;Acidente sem Vítimas;65,3;BR-040/GO;Norte;Colisão transversal;2;0;0;0;0;2;0;0;0;0;2;0;0;0;0
29/06/2021;12:12:00;201;Acidente sem Vítimas;720,6;BR-040/MG;Sul;Colisão traseira;0;0;0;0;1;1;0;0;0;0;2;0;0;0;0
29/06/2021;12:28:00;206;Acidente com Vítimas;31,3;BR-040/GO;Norte;Colisão transversal;2;0;0;0;0;2;0;0;0;0;1;0;0;1;0
29/06/2021;12:48:00;211;Acidente sem Vítimas;692,8;BR-040/MG;Sul;Colisão traseira;0;0;5;0;0;1;0;0;0;0;0;0;0;0;0
29/06/2021;14:50:00;244;Acidente sem Vítimas;647,1;BR-040/MG;Sul;Colisão transversal;1;0;0;1;0;1;0;0;0;0;0;0;0;0;0
29/06/2021;15:59:00;257;Acidente sem Vítimas;582,15;BR-040/MG;Sul;Colisão transversal;4;0;0;0;0;1;0;0;0;0;1;0;0;0;0
29/06/2021;16:09:00;259;Acidente sem Vítimas;128,8;BR-040/MG;Sul;Colisão transversal;2;0;0;0;0;0;0;0;0;0;2;0;0;0;0
29/06/2021;16:09:00;261;Acidente sem Vítimas;737,6;BR-040/MG;Norte;Colisão traseira;5;0;0;0;0;1;0;0;0;0;0;0;0;0;0
29/06/2021;17:20:00;278;Acidente com Vítimas;12,1;BR-040/GO;Norte;Atropelamento de Pedestre;0;0;0;1;0;0;0;0;0;0;1;0;0;1;0
01/07/2021;05:20:00;81;Acidente com Vítimas;599,2;BR-040/MG;Sul;Tombamento de Moto;0;0;0;1;0;0;0;0;0;0;0;1;0;0;0
01/07/2021;05:28:00;82;Acidente sem Vítimas;54,5;BR-040/GO;Sul;Choque com objeto;0;0;0;0;0;3;0;0;0;0;2;0;0;0;0
01/07/2021;06:45:00;101;Acidente com Vítimas;513,2;BR-040/MG;Sul;Engavetamento;5;0;0;0;0;0;0;0;0;0;0;0;1;0;0
01/07/2021;07:36:00;119;Acidente sem Vítimas;7,1;BR-040/GO;Sul;Colisão traseira;1;0;0;0;0;1;0;0;0;0;2;0;0;0;0
01/07/2021;07:51:00;125;Acidente com Vítimas;9,1;BR-040/GO;Sul;Queda Veículo;2;0;0;1;2;1;0;0;0;0;4;0;0;0;0
01/07/2021;10:06:00;160;Acidente com Vítimas;544,1;BR-040/MG;Sul;Colisão lateral;1;0;0;1;0;0;0;0;0;0;0;0;0;0;0
01/07/2021;11:44:00;185;Acidente sem Vítimas;536,2;BR-040/MG;Norte;Colisão traseira;1;0;0;0;0;0;0;0;0;0;1;0;0;0;0
01/07/2021;12:18:00;190;Acidente com Vítimas;523,3;BR-040/MG;Norte;Capotamento;0;0;0;0;0;1;0;0;0;1;0;0;2;0;0
01/07/2021;15:09:00;235;Acidente sem Vítimas;94,1;BR-040/GO;Norte;Choque com objeto;3;0;0;0;2;1;0;0;0;0;3;0;0;0;0
01/07/2021;15:42:00;241;Acidente sem Vítimas;583,1;BR-040/MG;Sul;Capotamento;1;0;0;0;0;0;0;0;0;0;1;0;0;0;0
01/07/2021;16:38:00;254;Acidente com Vítimas;686,15;BR-040/MG;Sul;Colisão transversal;2;0;0;2;0;1;0;0;0;0;2;0;0;1;0
01/07/2021;17:10:00;267;Acidente sem Vítimas;538,5;BR-040/MG;Sul;Engavetamento;4;0;0;0;0;0;0;0;0;0;4;0;0;0;0
01/07/2021;17:26:00;272;Acidente sem Vítimas;40,9;BR-040/MG;Norte;Colisão lateral;1;0;0;0;0;1;0;0;0;0;2;0;0;0;0
01/07/2021;18:49:00;288;Acidente com Vítimas;5,5;BR-040/DF;Sul;Colisão traseira;0;0;0;1;0;2;0;0;0;0;0;1;0;0;0
01/07/2021;19:30:00;291;Acidente sem Vítimas;536,6;BR-040/MG;Norte;Colisão traseira;2;0;0;0;0;0;0;0;0;0;2;0;0;0;0
01/07/2021;20:01:00;298;Acidente com Vítimas;466,5;BR-040/MG;Norte;Tombamento;0;0;0;1;0;0;0;0;0;0;1;0;1;0;0
01/07/2021;20:02:00;299;Acidente sem Vítimas;616,12;BR-040/MG;Norte;Colisão traseira;2;0;1;0;0;1;0;0;0;0;2;0;0;0;0
01/07/2021;21:05:00;308;Acidente com Vítimas;5,3;BR-040/DF;Norte;Tombamento de Moto;0;0;0;0;0;1;0;0;0;0;0;0;0;0;0
02/07/2021;05:37:00;91;Acidente com Vítimas;257,12;BR-040/MG;Sul;Colisão frontal;1;0;0;0;0;1;0;0;0;0;9;2;0;0;0
02/07/2021;06:13:00;99;Acidente sem Vítimas;633,9;BR-040/MG;Norte;Colisão transversal;2;0;0;0;0;1;0;0;0;0;1;0;0;0;0
02/07/2021;08:44:00;152;Acidente sem Vítimas;93,1;BR-040/GO;Norte;Colisão lateral;2;0;0;1;0;0;0;0;0;0;2;0;0;0;0
02/07/2021;10:11:00;171;Acidente sem Vítimas;2,1;BR-040/DF;Norte;Colisão lateral;2;0;0;0;3;0;0;0;0;0;2;0;0;0;0
02/07/2021;14:39:00;232;Acidente com Vítimas;12,8;BR-040/GO;Sul;Colisão lateral;1;2;0;0;0;0;0;0;0;0;2;0;1;0;0
02/07/2021;16:17:00;256;Acidente sem Vítimas;588,15;BR-040/MG;Sul;Colisão traseira;3;0;0;0;1;0;0;0;0;0;2;0;0;0;0
02/07/2021;16:45:00;266;Acidente sem Vítimas;520,2;BR-040/MG;Norte;Colisão traseira;0;0;1;1;0;2;0;0;0;0;0;1;0;0;0
02/07/2021;17:13:00;275;Acidente sem Vítimas;44,1;BR-040/MG;Norte;Colisão lateral;2;0;1;0;0;0;0;0;0;0;2;0;0;0;0
02/07/2021;17:19:00;285;Acidente com Vítimas;524,9;BR-040/MG;Norte;Colisão traseira;0;0;0;0;0;3;0;0;0;0;0;0;0;0;0
02/07/2021;18:37:00;300;Acidente com Vítimas;614,5;BR-040/MG;Norte;Colisão traseira;3;0;0;0;0;0;0;0;0;0;4;0;0;0;0
02/07/2021;19:40:00;322;Acidente sem Vítimas;364,4;BR-040/MG;Norte;Atropelamento de Animal;1;0;0;0;0;0;0;0;0;0;4;0;0;0;0
02/07/2021;19:44:00;324;Acidente sem Vítimas;520,5;BR-040/MG;Norte;Colisão traseira;2;0;0;0;0;1;0;0;0;0;2;0;0;0;0
02/07/2021;19:51:00;326;Acidente com Vítimas;515,3;BR-040/MG;Norte;Colisão traseira;3;0;0;0;0;0;0;0;0;0;2;2;0;0;0
02/07/2021;19:56:00;332;Acidente sem Vítimas;4,3;BR-040/GO;Sul;Colisão traseira;0;0;0;0;0;3;0;0;0;0;1;0;0;0;0
03/07/2021;01:10:00;31;Acidente Fatal;716,25;BR-040/MG;Norte;Atropelamento de Ciclista;0;1;0;0;0;1;0;0;0;0;0;0;0;0;1
03/07/2021;01:48:00;36;Acidente sem Vítimas;2,9;BR-040/MG;Sul;Colisão traseira;1;0;0;0;0;1;0;0;0;0;1;0;0;0;0
03/07/2021;05:54:00;60;Acidente com Vítimas;479,8;BR-040/MG;Sul;Colisão lateral;0;0;1;1;0;1;0;0;0;0;1;1;0;0;0
03/07/2021;08:52:00;94;Acidente com Vítimas;60,15;BR-040/MG;Norte;Capotamento;2;0;0;0;0;1;0;0;0;0;0;2;1;0;0
03/07/2021;09:25:00;105;Acidente sem Vítimas;8,65;BR-040/GO;Norte;Colisão transversal;2;0;0;0;0;1;0;0;0;0;1;1;0;0;0
03/07/2021;09:53:00;113;Acidente com Vítimas;513,2;BR-040/MG;Norte;Tombamento;0;1;0;0;0;0;0;0;0;0;0;0;1;0;0
03/07/2021;10:17:00;116;Acidente Fatal;665,44;BR-040/MG;Norte;Colisão transversal;2;0;0;0;0;0;0;0;0;0;2;3;1;1;1
03/07/2021;13:37:00;160;Acidente com Vítimas;11,77;BR-040/GO;Sul;Colisão transversal;1;0;0;1;0;0;0;0;0;0;2;0;0;0;0
03/07/2021;13:38:00;162;Acidente com Vítimas;512,2;BR-040/MG;Sul;Colisão lateral;1;0;0;0;0;1;0;0;0;0;0;1;0;0;0
03/07/2021;15:01:00;179;Acidente sem Vítimas;615,23;BR-040/MG;Norte;Capotamento;2;0;0;0;0;0;0;0;0;0;1;0;0;0;0
03/07/2021;16:37:00;199;Acidente sem Vítimas;509,5;BR-040/MG;Norte;Colisão traseira;2;0;0;0;0;1;0;0;0;0;0;0;0;0;0
03/07/2021;18:26:00;213;Acidente com Vítimas;622,7;BR-040/MG;Norte;Tombamento de Moto;0;0;0;1;0;0;0;0;0;0;0;1;0;0;0
03/07/2021;21:52:00;247;Acidente sem Vítimas;421,305;BR-040/MG;Sul;Choque c/ Objeto Fixo;1;0;0;0;0;1;0;0;0;0;0;0;0;0;0
03/07/2021;23:02:00;257;Acidente com Vítimas;12,6;BR-040/GO;Norte;Colisão traseira;1;1;0;0;0;0;0;0;0;0;1;0;0;1;0
03/07/2021;23:09:00;259;Acidente com Vítimas;513;BR-040/MG;Norte;Atropelamento de Pedestre;2;0;0;0;0;1;0;0;0;0;0;0;0;1;0
04/07/2021;00:45:00;2;Acidente com Vítimas;2,8;BR-040/GO;Sul;Colisão transversal;2;0;0;1;0;0;0;0;0;0;2;1;0;0;0
04/07/2021;00:48:00;3;Acidente com Vítimas;128,8;BR-040/MG;Sul;Colisão traseira;1;0;0;0;0;2;0;0;0;0;2;0;0;1;0
04/07/2021;02:59:00;13;Acidente sem Vítimas;446,5;BR-040/MG;Sul;Outros;2;0;0;0;0;0;0;0;0;0;2;0;0;0;0
04/07/2021;03:02:00;12;Acidente Fatal;12,2;BR-040/GO;Norte;Atropelamento de Pedestre;0;0;0;0;0;2;0;0;0;0;2;0;0;0;1
04/07/2021;05:32:00;21;Acidente com Vítimas;769,5;BR-040/MG;Norte;Capotamento;2;0;0;0;0;0;0;0;0;0;1;1;0;0;0
04/07/2021;07:47:00;40;Acidente com Vítimas;5,4;BR-040/GO;Norte;Outros;3;0;0;0;0;0;0;0;0;0;0;1;0;0;0
04/07/2021;09:15:00;53;Acidente com Vítimas;128,7;BR-040/GO;Norte;Capotamento;1;0;0;0;0;1;0;0;0;0;0;1;4;0;0
04/07/2021;09:54:00;67;Acidente sem Vítimas;524,2;BR-040/MG;Norte;Colisão lateral;1;0;2;0;0;0;0;0;0;0;3;0;0;0;0
04/07/2021;11:38:00;87;Acidente sem Vítimas;531,25;BR-040/MG;Sul;Choque c/ Objeto Fixo;1;0;0;0;0;3;0;0;0;0;0;0;0;0;0
04/07/2021;13:13:00;99;Acidente com Vítimas;528,5;BR-040/MG;Sul;Tombamento de Moto;0;0;0;1;0;0;0;0;0;0;1;0;1;0;0
04/07/2021;18:25:00;190;Acidente sem Vítimas;705,8;BR-040/MG;Norte;Choque c/ Objeto Fixo;1;0;0;0;0;1;0;0;0;0;4;0;0;0;0
04/07/2021;18:44:00;196;Acidente com Vítimas;552,6;BR-040/MG;Norte;Engavetamento;3;0;0;0;0;2;0;0;0;0;9;0;2;0;0
04/07/2021;19:58:00;210;Acidente sem Vítimas;1,8;BR-040/GO;Norte;Colisão traseira;2;0;0;0;0;0;0;0;0;0;2;0;0;0;0
04/07/2021;20:10:00;213;Acidente com Vítimas;658,1;BR-040/MG;Sul;Tombamento de Moto;0;0;0;0;0;1;0;0;0;0;0;1;1;0;0
04/07/2021;20:34:00;219;Acidente com Vítimas;509,3;BR-040/MG;Norte;Colisão traseira;1;0;0;0;0;1;0;0;0;0;0;0;1;0;0
04/07/2021;20:50:00;222;Acidente com Vítimas;132,5;BR-040/MG;Norte;Choque c/ Objeto Fixo;1;0;0;0;0;0;0;0;0;0;1;0;1;0;0
04/07/2021;21:16:00;226;Acidente com Vítimas;537,7;BR-040/MG;Norte;Choque c/ Objeto Fixo;1;0;0;0;0;0;0;0;0;0;0;0;0;0;0
04/07/2021;22:26:00;232;Acidente sem Vítimas;42,8;BR-040/MG;Norte;Colisão traseira;2;0;0;0;0;0;0;0;0;0;2;0;0;0;0
05/07/2021;06:25:00;85;Acidente com Vítimas;560,23;BR-040/MG;Sul;Colisão traseira;3;0;0;0;0;0;0;0;0;0;0;1;0;0;0
05/07/2021;10:11:00;168;Acidente com Vítimas;579,8;BR-040/MG;Sul;Engavetamento;4;0;0;0;5;0;0;0;0;0;6;0;0;1;0
05/07/2021;16:08:00;235;Acidente sem Vítimas;551,99;BR-040/MG;Norte;Colisão traseira;2;0;0;0;0;0;0;0;0;0;0;0;0;0;0
05/07/2021;17:32:00;254;Acidente com Vítimas;526,9;BR-040/MG;Norte;Tombamento de Moto;1;0;0;1;0;0;0;0;0;0;1;0;0;0;0
05/07/2021;18:52:00;275;Acidente com Vítimas;156,5;BR-040/GO;Norte;Atropelamento de Animal;2;0;0;0;0;0;0;0;0;0;1;0;1;0;0
05/07/2021;19:05:00;276;Acidente sem Vítimas;156,5;BR-040/GO;Norte;Atropelamento de Animal;0;0;0;0;0;2;0;0;0;0;5;0;0;0;0
05/07/2021;19:42:00;282;Acidente sem Vítimas;509,6;BR-040/MG;Sul;Tombamento de Moto;0;0;0;1;0;0;0;0;0;0;1;0;0;0;0
06/07/2021;06:50:00;102;Acidente com Vítimas;515,2;BR-040/MG;Sul;Colisão lateral;0;0;0;1;0;2;0;0;0;0;0;0;1;0;0
06/07/2021;09:56:00;149;Acidente com Vítimas;534,4;BR-040/MG;Norte;Colisão traseira;1;0;0;2;0;0;0;0;0;0;0;0;1;0;0
06/07/2021;10:18:00;156;Acidente sem Vítimas;534,41;BR-040/MG;Norte;Engavetamento;3;0;0;1;0;0;0;0;0;0;0;0;0;0;0
06/07/2021;10:42:00;161;Acidente sem Vítimas;535,15;BR-040/MG;Norte;Colisão lateral;1;0;1;0;0;0;0;0;0;0;0;0;0;0;0
06/07/2021;11:11:00;167;Acidente sem Vítimas;527,2;BR-040/MG;Norte;Engavetamento;0;0;0;0;0;0;0;0;0;0;0;0;0;0;0
06/07/2021;11:51:00;180;Acidente com Vítimas;195,1;BR-040/MG;Norte;Capotamento;1;0;0;0;0;0;0;0;0;0;0;1;0;0;0
06/07/2021;14:41:00;213;Acidente com Vítimas;611,9;BR-040/MG;Norte;Colisão traseira;1;0;0;1;0;0;0;0;0;0;2;1;0;0;0
06/07/2021;15:40:00;224;Acidente com Vítimas;508,2;BR-040/MG;Sul;Colisão traseira;2;0;0;1;0;0;0;0;0;0;0;0;2;0;0
06/07/2021;18:34:00;275;Acidente sem Vítimas;12,3;BR-040/GO;Sul;Colisão lateral;1;0;0;2;0;1;0;0;0;0;2;0;0;0;0
06/07/2021;19:18:00;288;Acidente sem Vítimas;585,1;BR-040/MG;Sul;Choque c/ Objeto Fixo;2;0;0;0;0;0;0;0;0;0;1;0;0;0;0
06/07/2021;22:02:00;331;Acidente sem Vítimas;4,1;BR-040/GO;Sul;Tombamento de Moto;0;0;0;1;0;0;0;0;0;0;1;0;0;0;0
07/07/2021;05:36:00;104;Acidente sem Vítimas;283,7;BR-040/MG;Sul;Atropelamento de Animal;2;0;0;0;0;1;0;0;0;0;2;0;0;0;0
07/07/2021;07:27:00;142;Acidente com Vítimas;517,5;BR-040/MG;Sul;Colisão traseira;1;0;0;1;0;0;0;0;0;0;0;1;0;0;0
07/07/2021;08:31:00;148;Acidente sem Vítimas;534,2;BR-040/MG;Sul;Colisão lateral;1;0;0;0;1;0;0;0;0;0;0;0;0;0;0
07/07/2021;09:09:00;161;Acidente sem Vítimas;4,26;BR-040/GO;Norte;Tombamento de Moto;0;0;0;1;0;0;0;0;0;0;1;0;0;0;0
07/07/2021;09:53:00;168;Acidente sem Vítimas;462,8;BR-040/MG;Norte;Colisão traseira;3;0;0;0;0;1;0;0;0;0;0;0;0;0;0
07/07/2021;13:54:00;215;Acidente sem Vítimas;1,85;BR-040/GO;Sul;Engavetamento;4;0;0;0;0;0;0;0;0;0;3;0;0;0;0
07/07/2021;15:27:00;237;Acidente com Vítimas;44,9;BR-040/MG;Norte;Tombamento;0;0;0;0;2;0;0;0;0;0;0;0;1;0;0
07/07/2021;17:21:00;258;Acidente com Vítimas;39,1;BR-040/MG;Norte;Colisão traseira;1;0;0;1;0;1;0;0;0;0;1;1;0;0;0
07/07/2021;17:44:00;263;Acidente com Vítimas;5,1;BR-040/GO;Sul;Colisão transversal;1;0;0;1;0;0;0;0;0;0;2;2;0;0;0
07/07/2021;18:13:00;269;Acidente sem Vítimas;57,5;BR-040/MG;Sul;Choque c/ Objeto Fixo;0;0;0;0;1;0;0;0;0;0;1;0;0;0;0
07/07/2021;18:16:00;272;Acidente sem Vítimas;664,5;BR-040/MG;Norte;Choque c/ Objeto Fixo;1;0;0;0;0;0;0;0;0;0;1;0;0;0;0
07/07/2021;19:09:00;285;Acidente sem Vítimas;544,3;BR-040/MG;Norte;Colisão traseira;2;0;0;0;0;0;0;0;0;0;3;0;0;0;0
07/07/2021;22:46:00;313;Acidente com Vítimas;46,55;BR-040/MG;Norte;Colisão traseira;0;0;0;0;2;0;0;0;0;0;2;0;1;0;0
07/07/2021;23:53:00;317;Acidente Fatal;464,5;BR-040/MG;Norte;Choque c/ Objeto Fixo;1;0;0;0;0;0;0;0;0;0;3;0;2;0;1
08/07/2021;04:58:00;84;Acidente sem Vítimas;506,3;BR-040/MG;Norte;Colisão traseira;0;0;2;0;2;0;0;0;0;0;0;0;0;0;0
08/07/2021;06:45:00;104;Acidente sem Vítimas;516,2;BR-040/MG;Sul;Colisão lateral;1;0;0;1;0;1;0;0;0;0;0;1;0;0;0
08/07/2021;07:44:00;125;Acidente com Vítimas;5,85;BR-040/DF;Norte;Colisão transversal;1;0;0;1;0;0;0;0;0;0;1;0;2;0;0
08/07/2021;08:39:00;141;Acidente sem Vítimas;464,2;BR-040/MG;Sul;Outros;0;0;0;0;0;2;0;0;0;0;0;0;0;0;0
08/07/2021;10:10:00;159;Acidente sem Vítimas;490,2;BR-040/MG;Norte;Colisão lateral;1;0;1;0;0;0;0;0;0;0;0;0;0;0;0
08/07/2021;15:14:00;208;Acidente sem Vítimas;592;BR-040/MG;Sul;Colisão traseira;0;0;1;0;0;2;0;0;0;0;2;0;0;0;0
08/07/2021;15:15:00;207;Acidente sem Vítimas;376,8;BR-040/MG;Norte;Choque c/ Objeto Fixo;1;0;0;0;0;0;0;0;0;0;1;0;0;0;0
08/07/2021;18:07:00;243;Acidente sem Vítimas;457,2;BR-040/MG;Norte;Choque c/ Objeto Fixo;1;0;0;0;0;1;0;0;0;0;1;0;0;0;0
08/07/2021;18:08:00;244;Acidente com Vítimas;529,2;BR-040/MG;Sul;Atropelamento de Andarilho;0;0;0;1;0;0;0;0;0;0;1;1;0;0;0
08/07/2021;18:24:00;247;Acidente sem Vítimas;546,2;BR-040/MG;Norte;Engavetamento;3;0;0;0;0;0;0;0;0;0;0;0;0;0;0
08/07/2021;19:08:00;260;Acidente sem Vítimas;455,308;BR-040/MG;Sul;Choque c/ Objeto Fixo;0;0;1;2;0;0;0;0;0;0;1;0;0;0;0
08/07/2021;19:14:00;265;Acidente sem Vítimas;0,5;BR-040/GO;Norte;Choque c/ Objeto Fixo;2;0;0;0;0;0;0;0;0;0;1;0;0;0;0
08/07/2021;21:39:00;288;Acidente sem Vítimas;437,34;BR-040/MG;Sul;Tombamento;0;0;1;0;0;0;0;0;0;0;1;0;0;0;0
08/07/2021;23:47:00;311;Acidente sem Vítimas;66;BR-040/MG;Norte;Colisão lateral;0;0;3;0;0;1;0;0;0;0;2;0;0;0;0
09/07/2021;06:08:00;70;Acidente com Vítimas;514,4;BR-040/MG;Sul;Engavetamento;4;0;0;4;0;0;0;0;0;0;0;1;0;0;0
09/07/2021;07:01:00;93;Acidente Fatal;737,3;BR-040/MG;Sul;Tombamento;0;0;0;0;1;1;0;0;0;0;0;0;0;0;1
09/07/2021;08:44:00;123;Acidente com Vítimas;84,8;BR-040/GO;Sul;Queda Veículo;0;0;0;2;0;0;0;0;0;0;1;0;1;0;0
09/07/2021;08:58:00;126;Acidente sem Vítimas;485,25;BR-040/MG;Norte;Colisão traseira;2;0;0;0;0;1;0;0;0;0;0;0;0;0;0
09/07/2021;14:26:00;196;Acidente com Vítimas;618,936;BR-040/MG;Sul;Colisão transversal;0;0;1;1;0;1;0;0;0;0;1;0;0;0;0
09/07/2021;14:57:00;209;Acidente com Vítimas;2,1;BR-040/GO;Norte;Colisão transversal;3;0;0;1;0;0;0;0;0;0;2;0;0;0;0
09/07/2021;15:43:00;214;Acidente sem Vítimas;510,9;BR-040/MG;Norte;Outros;1;0;0;0;0;1;0;0;0;0;0;0;0;0;0
09/07/2021;17:05:00;237;Acidente sem Vítimas;524,9;BR-040/MG;Norte;Colisão traseira;1;0;1;0;0;0;0;0;0;0;0;0;0;0;0
09/07/2021;17:15:00;241;Acidente sem Vítimas;3,1;BR-040/GO;Sul;Engavetamento;4;0;0;0;0;0;0;0;0;0;4;0;0;0;0
09/07/2021;18:04:00;262;Acidente sem Vítimas;282,4;BR-040/MG;Sul;Colisão transversal;5;0;0;0;0;0;0;0;0;0;3;0;0;0;0
09/07/2021;18:05:00;261;Acidente sem Vítimas;549,3;BR-040/MG;Norte;Colisão traseira;0;0;0;0;1;1;0;0;0;0;2;0;0;0;0
09/07/2021;18:50:00;277;Acidente sem Vítimas;3,5;BR-040/GO;Norte;Engavetamento;4;0;0;0;0;0;0;0;0;0;4;0;0;0;0
09/07/2021;18:58:00;282;Acidente com Vítimas;413,15;BR-040/MG;Norte;Colisão transversal;1;0;0;0;1;1;0;0;0;0;4;3;0;0;0
09/07/2021;19:02:00;284;Acidente sem Vítimas;3,9;BR-040/GO;Norte;Engavetamento;1;0;0;0;0;3;0;0;0;0;1;0;0;0;0
09/07/2021;20:03:00;302;Acidente sem Vítimas;507,15;BR-040/MG;Norte;Colisão lateral;2;0;0;1;0;0;0;0;0;0;2;0;1;0;0
09/07/2021;20:27:00;310;Acidente sem Vítimas;3,8;BR-040/GO;Norte;Colisão traseira;1;0;0;0;0;2;0;0;0;0;4;0;0;0;0
09/07/2021;21:36:00;330;Acidente sem Vítimas;79,1;BR-040/GO;Sul;Choque c/ Objeto Fixo;2;0;0;0;0;0;0;0;0;0;1;0;0;0;0
09/07/2021;21:46:00;335;Acidente sem Vítimas;537,8;BR-040/MG;Norte;Tombamento;0;0;2;0;0;0;0;0;0;0;1;0;0;0;0
10/07/2021;02:52:00;32;Acidente com Vítimas;718,15;BR-040/MG;Sul;Capotamento;1;0;0;0;0;0;0;0;0;0;2;1;0;0;0
10/07/2021;08:06:00;91;Acidente sem Vítimas;437;BR-040/MG;Sul;Capotamento;1;0;0;0;0;1;0;0;0;0;0;0;0;0;0
10/07/2021;08:41:00;98;Acidente sem Vítimas;3,9;BR-040/GO;Norte;Colisão traseira;2;0;0;0;0;1;0;0;0;0;0;0;0;0;0
10/07/2021;11:21:00;132;Acidente sem Vítimas;510,2;BR-040/MG;Norte;Engavetamento;3;0;0;0;0;0;0;0;0;1;0;0;0;0;0
10/07/2021;11:30:00;135;Acidente com Vítimas;545,1;BR-040/MG;Norte;Tombamento de Moto;0;0;0;1;0;0;0;0;0;0;0;2;0;0;0
10/07/2021;12:31:00;147;Acidente sem Vítimas;510,2;BR-040/MG;Sul;Engavetamento;2;0;0;0;0;0;0;0;0;0;0;0;0;0;0
10/07/2021;12:32:00;148;Acidente sem Vítimas;506,9;BR-040/MG;Sul;Capotamento;3;0;0;0;0;0;0;0;0;0;0;0;0;0;0
10/07/2021;13:41:00;168;Acidente com Vítimas;508,3;BR-040/MG;Sul;Outros;1;0;0;1;0;1;0;0;0;0;0;0;0;0;0
10/07/2021;18:37:00;237;Acidente com Vítimas;2,8;BR-040/GO;Sul;Colisão traseira;1;0;0;1;0;0;0;0;0;0;2;0;0;0;0
10/07/2021;19:28:00;246;Acidente sem Vítimas;523,1;BR-040/MG;Sul;Colisão lateral;1;0;0;0;0;1;0;0;0;0;1;0;0;0;0
10/07/2021;20:24:00;256;Acidente sem Vítimas;2,6;BR-040/GO;Sul;Colisão transversal;1;0;0;1;0;0;0;0;0;0;1;1;0;0;0
10/07/2021;23:12:00;288;Acidente sem Vítimas;614,15;BR-040/MG;Norte;Colisão lateral;1;0;0;1;0;1;0;0;0;0;2;0;0;0;0
11/07/2021;07:54:00;44;Acidente sem Vítimas;524,1;BR-040/MG;Norte;Choque c/ Objeto Fixo;1;0;0;0;0;0;0;0;0;0;0;0;0;0;0
11/07/2021;08:41:00;55;Acidente com Vítimas;40,8;BR-040/MG;Sul;Colisão transversal;2;0;0;0;0;2;0;0;0;0;1;1;0;0;0
11/07/2021;09:16:00;62;Acidente sem Vítimas;523,2;BR-040/MG;Norte;Colisão lateral;0;0;0;1;0;1;0;0;0;0;3;0;0;0;0
11/07/2021;12:29:00;95;Acidente sem Vítimas;467,2;BR-040/MG;Sul;Colisão traseira;1;0;0;1;0;0;0;0;0;0;4;0;0;0;0
11/07/2021;12:41:00;98;Acidente sem Vítimas;6,2;BR-040/GO;Norte;Colisão traseira;2;0;0;0;0;1;0;0;0;0;2;0;0;0;0
11/07/2021;13:18:00;105;Acidente com Vítimas;296,5;BR-040/MG;Sul;Tombamento;0;0;0;0;2;0;0;0;0;0;0;1;0;0;0
11/07/2021;14:35:00;116;Acidente Fatal;768,98;BR-040/MG;Sul;Colisão transversal;1;0;0;1;0;0;0;0;0;0;2;1;0;1;1
11/07/2021;14:57:00;128;Acidente sem Vítimas;654,2;BR-040/MG;Sul;Choque c/ Objeto Fixo;2;0;0;0;0;0;0;0;0;0;1;0;0;0;0
11/07/2021;16:38:00;149;Acidente sem Vítimas;544,2;BR-040/MG;Sul;Colisão traseira;1;0;0;2;0;0;0;0;0;0;0;0;0;0;0
11/07/2021;17:32:00;161;Acidente sem Vítimas;551,3;BR-040/MG;Norte;Engavetamento;6;0;0;0;0;1;0;0;0;0;7;0;0;0;0
11/07/2021;18:11:00;176;Acidente com Vítimas;705,15;BR-040/MG;Norte;Atropelamento de Andarilho;2;0;0;0;0;1;0;0;0;0;3;0;0;0;0