data;horario;n_da_ocorrencia;tipo_de_ocorrencia;km;trecho;sentido;tipo_de_acidente;automovel;bicicleta;caminhao;moto;onibus;outros;tracao_animal;transporte_de_cargas_especiais;trator_maquinas;utilitarios;ilesos;levemente_feridos;moderadamente_feridos;gravemente_feridos;mortos
11/07/2021;18:17:00;177;Acidente com Vítimas;15;BR-040/GO;Norte;Atropelamento de Ciclista;0;2;0;0;0;1;0;0;0;0;3;1;1;0;0
11/07/2021;19:22:00;188;Acidente com Vítimas;568,15;BR-040/MG;Norte;Colisão traseira;1;0;0;1;0;0;0;0;0;0;2;0;1;0;0
11/07/2021;20:31:00;202;Acidente Fatal;671,2;BR-040/MG;Norte;Colisão transversal;1;0;0;1;0;1;0;0;0;0;2;0;0;0;1
11/07/2021;21:06:00;207;Acidente sem Vítimas;43,1;BR-040/GO;Norte;Colisão traseira;3;0;0;0;0;1;0;0;0;0;3;0;0;0;0
11/07/2021;22:04:00;216;Acidente com Vítimas;614,15;BR-040/MG;Sul;Choque c/ Objeto Fixo;2;0;0;0;0;0;0;0;0;0;2;1;0;0;0
11/07/2021;23:13:00;229;Acidente com Vítimas;8,6;BR-040/GO;Sul;Colisão traseira;2;0;1;0;0;0;0;0;0;0;2;2;0;0;0
11/07/2021;23:27:00;231;Acidente sem Vítimas;508,23;BR-040/MG;Sul;Choque c/ Objeto Fixo;1;0;0;0;0;1;0;0;0;0;4;0;0;0;0
12/07/2021;06:58:00;100;Acidente sem Vítimas;510,8;BR-040/MG;Sul;Engavetamento;1;0;0;1;0;1;0;0;0;0;0;0;0;0;0
12/07/2021;07:09:00;103;Acidente sem Vítimas;541,2;BR-040/MG;Norte;Colisão traseira;2;0;0;0;0;0;0;0;0;0;0;0;0;0;0
12/07/2021;07:12:00;105;Acidente com Vítimas;745,6;BR-040/MG;Sul;Choque c/ Objeto Fixo;1;0;0;0;0;1;0;0;0;0;1;1;0;0;0
12/07/2021;07:19:00;106;Acidente sem Vítimas;510,1;BR-040/MG;Sul;Colisão lateral;1;0;0;1;0;0;0;0;0;0;0;0;0;0;0
12/07/2021;08:22:00;121;Acidente com Vítimas;509,2;BR-040/MG;Sul;Tombamento de Moto;0;0;0;1;0;0;0;0;0;0;0;1;0;0;0
12/07/2021;08:57:00;133;Acidente com Vítimas;522,3;BR-040/MG;Norte;Tombamento;0;0;1;0;0;0;0;0;0;0;0;2;0;0;0
12/07/2021;10:36:00;165;Acidente sem Vítimas;747,4;BR-040/MG;Sul;Colisão lateral;1;0;1;0;0;0;0;0;0;0;2;0;0;0;0
12/07/2021;11:17:00;177;Acidente com Vítimas;276,45;BR-040/MG;Sul;Atropelamento de Pedestre;1;0;0;0;0;2;0;0;0;0;1;1;0;0;0
12/07/2021;14:17:00;209;Acidente com Vítimas;521;BR-040/MG;Sul;Outros;1;0;0;2;0;1;0;0;0;0;0;1;0;0;0
12/07/2021;15:30:00;229;Acidente sem Vítimas;96,11;BR-040/GO;Norte;Colisão lateral;0;0;0;0;0;2;0;0;0;0;1;0;0;0;0
12/07/2021;18:16:00;265;Acidente sem Vítimas;2,8;BR-040/GO;Norte;Colisão traseira;1;0;0;1;0;0;0;0;0;0;2;0;0;0;0
12/07/2021;19:27:00;284;Acidente com Vítimas;666,9;BR-040/MG;Sul;Engavetamento;2;0;2;0;0;0;0;0;0;0;6;2;0;0;0
12/07/2021;19:35:00;286;Acidente sem Vítimas;1,2;BR-040/GO;Norte;Colisão traseira;3;0;0;0;0;0;0;0;0;0;2;0;0;0;0
13/07/2021;05:02:00;64;Acidente sem Vítimas;60;BR-040/GO;Norte;Colisão traseira;2;0;0;0;1;0;0;0;0;0;2;0;0;0;0
13/07/2021;07:42:00;104;Acidente sem Vítimas;541,2;BR-040/MG;Sul;Colisão lateral;1;0;0;1;0;1;0;0;0;0;0;0;0;0;0
13/07/2021;09:09:00;124;Acidente sem Vítimas;762,1;BR-040/MG;Sul;Capotamento;0;0;0;0;0;2;0;0;0;0;1;0;0;0;0
13/07/2021;10:10:00;137;Acidente sem Vítimas;545,2;BR-040/MG;Sul;Capotamento;3;0;0;0;0;0;0;0;0;0;0;0;0;0;0
13/07/2021;10:46:00;146;Acidente com Vítimas;23;BR-040/GO;Norte;Capotamento;0;0;0;0;1;2;0;0;0;0;2;1;0;0;0
13/07/2021;14:32:00;176;Acidente Fatal;112,761;BR-040/GO;Sul;Capotamento;2;0;0;0;0;1;0;0;0;0;1;0;0;0;1
13/07/2021;15:28:00;183;Acidente com Vítimas;575,125;BR-040/MG;Sul;Colisão transversal;1;0;0;0;1;1;0;0;0;0;1;0;1;0;0
13/07/2021;16:35:00;193;Acidente sem Vítimas;541,2;BR-040/MG;Norte;Engavetamento;2;0;0;3;0;0;0;0;0;0;1;0;0;0;0
13/07/2021;18:07:00;208;Acidente com Vítimas;598,15;BR-040/MG;Norte;Outros;2;0;0;1;0;0;0;0;0;0;2;0;1;0;0
13/07/2021;18:15:00;210;Acidente com Vítimas;18,8;BR-040/GO;Sul;Colisão transversal;1;0;0;1;0;0;0;0;0;0;1;0;1;0;0
13/07/2021;18:48:00;219;Acidente sem Vítimas;715,15;BR-040/MG;Sul;Choque c/ Objeto Fixo;1;0;0;0;0;0;0;0;0;0;1;0;0;0;0
13/07/2021;20:56:00;243;Acidente sem Vítimas;556,7;BR-040/MG;Norte;Capotamento;1;0;0;0;0;0;0;0;0;0;2;0;0;0;0
14/07/2021;00:12:00;17;Acidente sem Vítimas;561,73;BR-040/MG;Sul;Tombamento;0;0;2;0;0;0;0;0;0;0;1;0;0;0;0
14/07/2021;03:04:00;71;Acidente sem Vítimas;568,633;BR-040/MG;Sul;Colisão traseira;0;0;1;0;1;0;0;0;0;0;2;0;0;0;0
14/07/2021;05:29:00;76;Acidente com Vítimas;539,6;BR-040/MG;Norte;Capotamento;2;0;0;0;0;0;0;0;0;0;0;0;1;0;0
14/07/2021;08:05:00;124;Acidente com Vítimas;542,5;BR-040/MG;Sul;Engavetamento;2;0;3;1;0;0;0;0;0;0;0;1;0;0;0
14/07/2021;10:52:00;170;Acidente com Vítimas;612,5;BR-040/MG;Sul;Colisão traseira;0;0;1;0;1;0;0;0;0;0;2;10;1;0;0
14/07/2021;11:02:00;176;Acidente com Vítimas;696,5;BR-040/MG;Norte;Tombamento de Moto;0;0;0;1;0;0;0;0;0;0;1;1;0;0;0
14/07/2021;12:57:00;204;Acidente sem Vítimas;593,2;BR-040/MG;Sul;Colisão lateral;0;0;0;1;1;0;0;0;0;0;2;0;0;0;0
14/07/2021;13:26:00;212;Acidente sem Vítimas;443,2;BR-040/MG;Sul;Colisão traseira;0;0;2;0;0;1;0;0;0;0;0;0;0;0;0
14/07/2021;17:17:00;274;Acidente com Vítimas;448,2;BR-040/MG;Norte;Colisão lateral;1;0;0;1;0;0;0;0;0;0;1;1;0;0;0
14/07/2021;17:27:00;278;Acidente sem Vítimas;522,2;BR-040/MG;Norte;Outros;2;0;0;0;0;0;0;0;0;0;0;0;0;0;0
14/07/2021;18:23:00;292;Acidente sem Vítimas;518,5;BR-040/MG;Norte;Colisão lateral;0;0;0;2;0;0;0;0;0;0;2;0;0;0;0
14/07/2021;18:53:00;302;Acidente sem Vítimas;541,15;BR-040/MG;Norte;Colisão traseira;2;0;0;1;0;0;0;0;0;0;2;0;0;0;0
14/07/2021;19:33:00;310;Acidente com Vítimas;25,3;BR-040/MG;Sul;Colisão frontal;3;0;0;1;0;1;0;0;0;0;1;0;0;1;0
14/07/2021;20:17:00;319;Acidente com Vítimas;8,1;BR-040/DF;Sul;Tombamento de Moto;0;0;0;1;0;0;0;0;0;0;0;0;0;0;0
15/07/2021;06:11:00;111;Acidente com Vítimas;450,5;BR-040/MG;Sul;Colisão traseira;1;0;1;0;0;1;0;0;0;0;2;0;1;0;0
15/07/2021;07:26:00;130;Acidente com Vítimas;523,8;BR-040/MG;Sul;Tombamento de Moto;1;0;0;1;0;0;0;0;0;0;2;0;1;0;0
15/07/2021;09:22:00;165;Acidente com Vítimas;360,45;BR-040/MG;Sul;Colisão transversal;0;0;0;2;2;0;0;0;0;0;1;0;0;1;0
15/07/2021;09:24:00;167;Acidente com Vítimas;535,4;BR-040/MG;Sul;Colisão lateral;0;0;0;3;0;0;0;0;0;0;0;0;1;0;0
15/07/2021;09:27:00;168;Acidente sem Vítimas;94,8;BR-040/GO;Sul;Outros;0;0;0;0;1;0;0;0;0;0;1;0;0;0;0
15/07/2021;17:37:00;266;Acidente sem Vítimas;541,5;BR-040/MG;Norte;Colisão lateral;1;0;0;1;0;0;0;0;0;0;4;0;0;0;0
15/07/2021;17:53:00;269;Acidente com Vítimas;524,548;BR-040/MG;Norte;Colisão traseira;1;0;0;1;0;1;0;0;0;0;1;1;0;0;0
15/07/2021;18:18:00;273;Acidente sem Vítimas;461,3;BR-040/MG;Norte;Choque c/ Objeto Fixo;1;0;0;0;0;0;0;0;0;0;0;0;0;0;0
15/07/2021;19:43:00;292;Acidente sem Vítimas;448,3;BR-040/MG;Norte;Choque c/ Objeto Fixo;1;0;0;0;0;0;0;0;0;0;0;0;0;0;0
16/07/2021;02:40:00;46;Acidente com Vítimas;538,5;BR-040/MG;Sul;Choque c/ Objeto Fixo;1;0;0;0;0;0;0;0;0;0;1;1;0;0;0
16/07/2021;06:07:00;78;Acidente sem Vítimas;68,11;BR-040/GO;Norte;Choque c/ Objeto Fixo;0;0;0;0;1;0;0;0;0;0;1;0;0;0;0
16/07/2021;06:56:00;98;Acidente sem Vítimas;552,8;BR-040/MG;Sul;Colisão lateral;2;0;1;0;0;0;0;0;0;0;0;0;0;0;0
16/07/2021;07:07:00;101;Acidente com Vítimas;274,5;BR-040/MG;Norte;Colisão traseira;0;0;0;2;0;1;0;0;0;0;0;1;0;0;0
16/07/2021;07:27:00;107;Acidente sem Vítimas;23,2;BR-040/GO;Norte;Capotamento;1;0;0;0;0;0;0;0;0;0;1;0;0;0;0
16/07/2021;08:02:00;112;Acidente sem Vítimas;548,2;BR-040/MG;Sul;Engavetamento;3;0;0;0;0;0;0;0;0;0;3;0;0;0;0
16/07/2021;09:04:00;135;Acidente sem Vítimas;544,2;BR-040/MG;Norte;Colisão traseira;1;0;1;0;0;0;0;0;0;0;1;0;0;0;0
16/07/2021;11:38:00;164;Acidente sem Vítimas;50,6;BR-040/MG;Norte;Colisão traseira;4;0;0;0;0;0;0;0;0;0;2;0;0;0;0
16/07/2021;14:54:00;209;Acidente sem Vítimas;771,2;BR-040/MG;Norte;Colisão lateral;1;0;0;1;0;0;0;0;0;0;2;0;0;0;0
16/07/2021;16:17:00;225;Acidente sem Vítimas;614,155;BR-040/MG;Sul;Colisão traseira;2;0;0;0;1;0;0;0;0;0;2;0;0;0;0
16/07/2021;16:25:00;231;Acidente sem Vítimas;485,95;BR-040/MG;Sul;Capotamento;1;0;0;0;0;3;0;0;0;0;0;0;0;0;0
16/07/2021;16:31:00;234;Acidente sem Vítimas;517,8;BR-040/MG;Sul;Colisão lateral;1;0;0;1;0;0;0;0;0;0;0;1;0;0;0
16/07/2021;17:01:00;243;Acidente sem Vítimas;471,4;BR-040/MG;Norte;Capotamento;3;0;0;0;0;0;0;0;0;0;0;0;0;0;0
16/07/2021;18:23:00;263;Acidente sem Vítimas;535,5;BR-040/MG;Sul;Colisão lateral;1;0;0;0;1;0;0;0;0;0;0;0;0;0;0
16/07/2021;19:20:00;281;Acidente sem Vítimas;143,1;BR-040/MG;Norte;Colisão lateral;1;0;0;0;0;1;0;0;0;0;1;0;0;0;0
16/07/2021;20:15:00;293;Acidente com Vítimas;745,3;BR-040/MG;Sul;Colisão traseira;2;0;0;0;0;0;0;0;0;0;3;0;2;0;0
17/07/2021;02:38:00;22;Acidente sem Vítimas;140,5;BR-040/MG;Sul;Choque c/ Objeto Fixo;1;0;0;0;0;0;0;0;0;0;1;0;0;0;0
17/07/2021;07:26:00;61;Acidente sem Vítimas;589,8;BR-040/MG;Norte;Capotamento;2;0;0;0;0;0;0;0;0;0;1;0;0;0;0
17/07/2021;07:42:00;65;Acidente com Vítimas;4,2;BR-040/DF;Norte;Capotamento;1;0;0;0;0;0;0;0;0;0;1;1;0;0;0
17/07/2021;08:45:00;75;Acidente com Vítimas;413,2;BR-040/MG;Sul;Colisão transversal;2;0;0;0;0;0;0;0;0;0;0;2;1;0;0
17/07/2021;10:32:00;98;Acidente Fatal;559,76;BR-040/MG;Sul;Choque c/ Objeto Fixo;0;0;0;2;0;1;0;0;0;0;0;0;0;0;1
17/07/2021;10:44:00;99;Acidente com Vítimas;42,1;BR-040/MG;Norte;Atropelamento de Pedestre;0;1;0;0;0;0;0;0;0;0;1;1;0;0;0
17/07/2021;12:43:00;129;Acidente sem Vítimas;447,5;BR-040/MG;Sul;Colisão lateral;1;0;1;0;0;0;0;0;0;0;0;0;0;0;0
17/07/2021;13:50:00;148;Acidente sem Vítimas;666,2;BR-040/MG;Sul;Colisão transversal;1;0;0;0;1;0;0;0;0;0;3;0;0;0;0
17/07/2021;14:19:00;151;Acidente Fatal;421,84;BR-040/MG;Sul;Atropelamento de Ciclista;1;0;0;0;0;0;0;0;0;0;0;0;0;0;1
17/07/2021;15:50:00;172;Acidente com Vítimas;371,6;BR-040/MG;Sul;Choque c/ Objeto Fixo;4;0;0;0;0;0;0;0;0;0;4;1;0;0;0
17/07/2021;18:18:00;210;Acidente com Vítimas;2,7;BR-040/GO;Sul;Colisão traseira;0;0;0;2;0;1;0;0;0;0;0;1;0;0;0
18/07/2021;02:36:00;45;Acidente com Vítimas;7,4;BR-040/DF;Sul;Colisão frontal;5;0;0;0;0;0;0;0;0;0;3;2;1;0;0
18/07/2021;09:06:00;88;Acidente sem Vítimas;4,1;BR-040/GO;Norte;Colisão lateral;0;0;0;5;0;0;0;0;0;0;2;0;0;0;0
18/07/2021;09:20:00;92;Acidente sem Vítimas;136,1;BR-040/MG;Norte;Colisão traseira;2;0;0;0;0;0;0;0;0;0;2;0;0;0;0
18/07/2021;10:32:00;103;Acidente com Vítimas;11,1;BR-040/GO;Norte;Colisão traseira;2;0;0;0;0;0;0;0;0;0;2;1;0;0;0
18/07/2021;11:39:00;123;Acidente com Vítimas;551,2;BR-040/MG;Norte;Tombamento de Moto;0;0;0;2;0;0;0;0;0;0;0;0;0;0;0
18/07/2021;12:29:00;135;Acidente sem Vítimas;750,2;BR-040/MG;Norte;Outros;1;0;0;0;0;0;0;0;0;0;2;0;0;0;0
18/07/2021;13:08:00;142;Acidente com Vítimas;552,45;BR-040/MG;Norte;Colisão traseira;4;0;0;0;0;0;0;0;0;0;0;1;0;0;0
18/07/2021;15:43:00;188;Acidente com Vítimas;705,1;BR-040/MG;Sul;Capotamento;2;0;0;0;0;1;0;0;0;0;0;1;1;0;0
18/07/2021;17:59:00;229;Acidente sem Vítimas;9,9;BR-040/GO;Norte;Capotamento;0;0;0;0;0;1;0;0;0;0;2;0;0;0;0
18/07/2021;19:59:00;266;Acidente sem Vítimas;513,1;BR-040/MG;Sul;Colisão traseira;2;0;0;0;0;0;0;0;0;0;2;0;0;0;0
18/07/2021;19:59:00;267;Acidente sem Vítimas;173,5;BR-040/MG;Norte;Colisão traseira;4;0;0;0;0;0;0;0;0;0;4;0;0;0;0
18/07/2021;22:59:00;292;Acidente com Vítimas;12,1;BR-040/GO;Sul;Colisão traseira;3;0;0;1;0;0;0;0;0;0;4;0;0;1;0
19/07/2021;06:36:00;107;Acidente sem Vítimas;729;BR-040/MG;Sul;Choque c/ Objeto Fixo;0;0;0;1;0;1;0;0;0;0;1;0;0;0;0
19/07/2021;07:56:00;126;Acidente sem Vítimas;81,65;BR-040/MG;Norte;Engavetamento;0;0;1;0;2;0;0;0;0;0;16;0;0;0;0
19/07/2021;13:23:00;195;Acidente sem Vítimas;224,5;BR-040/MG;Norte;Tombamento;0;0;0;0;2;1;0;0;0;0;1;0;0;0;0
19/07/2021;13:55:00;203;Acidente com Vítimas;30,5;BR-040/GO;Sul;Colisão traseira;1;0;0;0;0;0;0;0;0;0;0;0;0;0;0
19/07/2021;13:58:00;205;Acidente sem Vítimas;5,3;BR-040/DF;Norte;Choque c/ Objeto Fixo;2;0;0;0;0;0;0;0;0;0;1;0;0;0;0
19/07/2021;15:31:00;226;Acidente com Vítimas;431,5;BR-040/MG;Norte;Capotamento;1;0;0;0;0;1;0;0;0;0;0;2;0;0;0
19/07/2021;17:09:00;257;Acidente com Vítimas;533,2;BR-040/MG;Sul;Engavetamento;1;0;1;0;0;1;0;0;0;0;0;1;0;0;0
19/07/2021;18:04:00;269;Acidente sem Vítimas;549,5;BR-040/MG;Norte;Colisão traseira;2;0;0;0;0;0;0;0;0;0;5;0;0;0;0
19/07/2021;21:26:00;293;Acidente com Vítimas;615,4;BR-040/MG;Sul;Atropelamento de Pedestre;0;0;0;0;0;1;0;0;0;0;0;0;1;0;0
20/07/2021;06:07:00;25;Acidente sem Vítimas;489,2;BR-040/MG;Sul;Tombamento;0;0;0;0;0;2;0;0;0;0;0;0;0;0;0
20/07/2021;06:11:00;30;Acidente sem Vítimas;544,2;BR-040/MG;Sul;Engavetamento;3;0;0;1;0;2;0;0;0;0;0;0;0;0;0
20/07/2021;06:26:00;37;Acidente Fatal;528,1;BR-040/MG;Sul;Colisão lateral;0;0;1;0;1;2;0;0;0;0;0;0;0;0;1
20/07/2021;07:06:00;61;Acidente com Vítimas;446,3;BR-040/MG;Norte;Tombamento de Moto;0;1;0;0;0;2;0;0;0;0;0;1;0;0;0
20/07/2021;07:52:00;88;Acidente sem Vítimas;549,9;BR-040/MG;Sul;Colisão traseira;2;0;0;0;0;0;0;0;0;0;0;0;0;0;0
20/07/2021;08:28:00;115;Acidente sem Vítimas;544,2;BR-040/MG;Sul;Colisão traseira;2;0;0;0;0;0;0;0;0;0;0;0;0;0;0
20/07/2021;08:38:00;118;Acidente sem Vítimas;609,354;BR-040/MG;Sul;Choque c/ Objeto Fixo;1;0;0;0;0;0;0;0;0;0;1;0;0;0;0
20/07/2021;11:43:00;164;Acidente com Vítimas;149,5;BR-040/MG;Sul;Colisão transversal;2;0;0;0;0;0;0;0;0;0;2;0;0;0;0
20/07/2021;11:51:00;166;Acidente com Vítimas;18,9;BR-040/GO;Sul;Tombamento de Moto;0;0;0;1;0;0;0;0;0;0;0;1;0;0;0
20/07/2021;15:25:00;226;Acidente com Vítimas;528,5;BR-040/MG;Sul;Colisão traseira;0;0;0;1;0;2;0;0;0;0;1;1;0;0;0
20/07/2021;16:17:00;239;Acidente sem Vítimas;47,9;BR-040/GO;Sul;Colisão traseira;0;0;0;0;0;2;0;0;0;0;2;0;0;0;0
20/07/2021;16:59:00;245;Acidente sem Vítimas;536,2;BR-040/MG;Norte;Engavetamento;2;0;0;0;0;1;0;0;0;0;0;0;0;0;0
20/07/2021;19:19:00;276;Acidente sem Vítimas;417,5;BR-040/MG;Norte;Colisão traseira;2;0;0;0;0;0;0;0;0;0;0;0;0;0;0
20/07/2021;20:18:00;290;Acidente Fatal;572,15;BR-040/MG;Sul;Colisão frontal;1;0;0;0;1;0;0;0;0;0;0;1;0;1;3
20/07/2021;20:28:00;291;Acidente sem Vítimas;712,7;BR-040/MG;Sul;Tombamento;0;0;0;0;4;1;0;0;0;0;2;0;0;0;0
20/07/2021;22:03:00;313;Acidente com Vítimas;278;BR-040/MG;Sul;Colisão lateral;0;0;0;1;0;1;0;0;0;0;1;1;0;0;0
21/07/2021;06:14:00;78;Acidente sem Vítimas;518,5;BR-040/MG;Sul;Colisão traseira;4;0;0;0;0;0;0;0;0;0;0;0;0;0;0
21/07/2021;11:58:00;158;Acidente sem Vítimas;484,5;BR-040/MG;Sul;Colisão traseira;2;0;0;0;0;2;0;0;0;0;0;0;0;0;0
21/07/2021;14:33:00;193;Acidente com Vítimas;741,3;BR-040/MG;Sul;Tombamento de Moto;0;0;0;0;0;0;0;0;0;0;0;1;1;0;0
21/07/2021;18:59:00;257;Acidente sem Vítimas;524,5;BR-040/MG;Norte;Engavetamento;4;0;0;0;0;0;0;0;0;0;4;0;0;0;0
21/07/2021;19:22:00;267;Acidente com Vítimas;533,8;BR-040/MG;Norte;Tombamento;0;0;0;0;1;0;0;0;0;0;1;1;0;0;0
21/07/2021;22:19:00;301;Acidente com Vítimas;530,2;BR-040/MG;Norte;Colisão lateral;1;0;0;1;0;0;0;0;0;0;2;0;0;0;0
21/07/2021;22:26:00;302;Acidente sem Vítimas;518,3;BR-040/MG;Sul;Choque c/ Objeto Fixo;1;0;0;0;0;0;0;0;0;0;3;0;0;0;0
22/07/2021;06:22:00;103;Acidente sem Vítimas;587,6;BR-040/MG;Norte;Colisão traseira;0;0;0;1;1;1;0;0;0;0;1;0;0;0;0
22/07/2021;15:48:00;222;Acidente sem Vítimas;13,2;BR-040/GO;Norte;Colisão traseira;1;0;2;0;0;0;0;0;0;0;3;0;0;0;0
22/07/2021;17:40:00;246;Acidente com Vítimas;604,5;BR-040/MG;Sul;Colisão traseira;0;0;2;0;0;1;0;0;0;0;2;0;1;1;0
22/07/2021;19:20:00;259;Acidente sem Vítimas;712,15;BR-040/MG;Sul;Tombamento de Moto;0;0;0;1;0;0;0;0;0;0;1;0;0;0;0
22/07/2021;21:58:00;296;Acidente com Vítimas;524,6;BR-040/MG;Sul;Colisão frontal;0;1;0;1;0;0;0;0;0;0;2;1;0;0;0
23/07/2021;06:37:00;78;Acidente sem Vítimas;139,1;BR-040/GO;Sul;Colisão lateral;1;0;0;0;0;1;0;0;0;0;1;0;0;0;0
23/07/2021;09:44:00;131;Acidente sem Vítimas;623,65;BR-040/MG;Sul;Choque c/ Objeto Fixo;2;0;0;0;0;1;0;0;0;0;2;0;0;0;0
23/07/2021;09:52:00;132;Acidente com Vítimas;41,8;BR-040/MG;Sul;Tombamento de Moto;0;0;0;1;0;1;0;0;0;0;0;1;0;0;0
23/07/2021;11:28:00;156;Acidente sem Vítimas;6,3;BR-040/DF;Sul;Choque c/ Objeto Fixo;0;0;1;0;0;1;0;0;0;0;1;0;0;0;0
23/07/2021;12:05:00;165;Acidente com Vítimas;523,5;BR-040/MG;Norte;Colisão transversal;2;0;0;0;0;0;0;0;0;0;0;4;0;0;0
23/07/2021;15:28:00;209;Acidente com Vítimas;554,15;BR-040/MG;Sul;Capotamento;2;0;0;0;0;1;0;0;0;0;1;1;0;0;0
23/07/2021;16:27:00;229;Acidente com Vítimas;555,2;BR-040/MG;Norte;Colisão traseira;0;0;0;0;0;3;0;0;0;0;0;1;0;0;0
23/07/2021;16:27:00;231;Acidente com Vítimas;1,1;BR-040/GO;Sul;Atropelamento de Pedestre;1;0;0;0;0;1;0;0;0;0;1;0;1;0;0
23/07/2021;16:57:00;239;Acidente sem Vítimas;555,7;BR-040/MG;Norte;Colisão lateral;1;0;0;0;0;1;0;0;0;0;0;0;0;0;0
23/07/2021;17:03:00;243;Acidente com Vítimas;509,8;BR-040/MG;Norte;Colisão traseira;1;0;0;1;0;1;0;0;0;0;0;1;0;0;0
23/07/2021;17:40:00;255;Acidente com Vítimas;511,2;BR-040/MG;Norte;Colisão traseira;1;0;0;1;0;0;0;0;0;0;2;1;0;0;0
23/07/2021;20:56:00;303;Acidente sem Vítimas;643,5;BR-040/MG;Norte;Colisão traseira;1;0;0;0;1;0;0;0;0;0;3;0;0;0;0
24/07/2021;03:20:00;16;Acidente sem Vítimas;2,2;BR-040/GO;Norte;Choque c/ Objeto Fixo;1;0;0;0;0;0;0;0;0;0;1;0;0;0;0
24/07/2021;04:22:00;23;Acidente sem Vítimas;665,7;BR-040/MG;Sul;Colisão traseira;0;0;1;0;1;1;0;0;0;0;2;0;0;0;0
24/07/2021;04:25:00;26;Acidente sem Vítimas;665,4;BR-040/MG;Sul;Colisão traseira;4;0;0;0;0;2;0;0;0;0;2;0;0;0;0
24/07/2021;05:01:00;29;Acidente com Vítimas;349,5;BR-040/MG;Sul;Colisão traseira;2;0;0;0;3;0;0;0;0;0;2;0;2;0;0
24/07/2021;06:11:00;30;Acidente com Vítimas;546,8;BR-040/MG;Sul;Capotamento;3;0;0;0;0;2;0;0;0;0;0;2;1;0;0
24/07/2021;07:05:00;39;Acidente sem Vítimas;40,995;BR-040/GO;Sul;Choque c/ Objeto Fixo;1;0;0;0;0;1;0;0;0;0;1;0;0;0;0
24/07/2021;07:10:00;42;Acidente sem Vítimas;546,7;BR-040/MG;Sul;Colisão traseira;1;0;0;0;0;1;0;0;0;0;0;0;0;0;0
24/07/2021;09:31:00;71;Acidente sem Vítimas;506,5;BR-040/MG;Sul;Choque c/ Objeto Fixo;3;0;0;0;0;0;0;0;0;0;0;0;0;0;0
24/07/2021;12:32:00;113;Acidente com Vítimas;9,2;BR-040/GO;Norte;Choque c/ Objeto Fixo;3;0;0;0;0;1;0;0;0;0;2;1;0;0;0
24/07/2021;13:03:00;119;Acidente sem Vítimas;509,5;BR-040/MG;Norte;Choque c/ Objeto Fixo;3;0;0;0;0;0;0;0;0;0;0;0;0;0;0
24/07/2021;13:59:00;135;Acidente sem Vítimas;510,2;BR-040/MG;Sul;Engavetamento;2;1;0;0;0;0;0;0;0;0;0;0;0;0;0
24/07/2021;15:10:00;148;Acidente com Vítimas;2,45;BR-040/GO;Sul;Colisão traseira;2;0;0;1;0;0;0;0;0;0;1;1;0;0;0
24/07/2021;15:15:00;150;Acidente com Vítimas;50,5;BR-040/MG;Norte;Capotamento;1;0;0;0;0;0;0;0;0;0;3;2;0;0;0
24/07/2021;16:12:00;156;Acidente com Vítimas;706,5;BR-040/MG;Norte;Capotamento;1;0;0;0;0;1;0;0;0;0;2;1;0;0;0
24/07/2021;18:19:00;175;Acidente Fatal;136,6;BR-040/GO;Norte;Atropelamento de Pedestre;0;0;1;0;0;1;0;0;0;0;1;0;0;0;1
24/07/2021;22:20:00;217;Acidente sem Vítimas;10,1;BR-040/GO;Norte;Colisão traseira;3;0;0;0;0;1;0;0;0;0;2;0;0;0;0
25/07/2021;00:09:00;1;Acidente sem Vítimas;438,6;BR-040/MG;Norte;Choque c/ Objeto Fixo;3;0;0;0;0;0;0;0;0;0;1;0;0;0;0
25/07/2021;01:02:00;13;Acidente sem Vítimas;612,5;BR-040/MG;Sul;Choque c/ Objeto Fixo;2;0;0;0;0;0;0;0;0;0;0;0;0;0;0
25/07/2021;04:27:00;31;Acidente com Vítimas;11,1;BR-040/GO;Norte;Colisão traseira;4;0;0;0;0;0;0;0;0;0;2;0;0;0;0
25/07/2021;07:18:00;48;Acidente sem Vítimas;537;BR-040/MG;Norte;Choque c/ Objeto Fixo;2;0;0;0;0;0;0;0;0;0;1;0;0;0;0
25/07/2021;12:03:00;105;Acidente sem Vítimas;3,2;BR-040/GO;Norte;Choque com objeto;1;0;0;0;0;0;0;0;0;0;1;0;0;0;0
25/07/2021;16:16:00;154;Acidente sem Vítimas;88,1;BR-040/GO;Sul;Colisão transversal;2;0;0;2;0;0;0;0;0;0;6;0;0;0;0
25/07/2021;17:14:00;163;Acidente com Vítimas;504,5;BR-040/MG;Sul;Colisão traseira;1;0;0;0;0;3;0;0;0;0;1;0;1;0;0
25/07/2021;17:45:00;167;Acidente sem Vítimas;543,75;BR-040/MG;Norte;Choque c/ Objeto Fixo;1;0;0;0;0;0;0;0;0;0;1;0;0;0;0
25/07/2021;18:41:00;179;Acidente com Vítimas;464,7;BR-040/MG;Sul;Capotamento;1;0;0;0;0;0;0;0;0;0;4;0;1;0;0
25/07/2021;18:44:00;181;Acidente sem Vítimas;760,12;BR-040/MG;Norte;Choque c/ Objeto Fixo;1;0;0;0;0;1;0;0;0;0;1;0;0;0;0
25/07/2021;19:11:00;184;Acidente com Vítimas;23,1;BR-040/GO;Sul;Choque c/ Objeto Fixo;3;0;0;0;0;1;0;0;0;0;0;0;1;0;0
25/07/2021;19:51:00;189;Acidente com Vítimas;632,15;BR-040/MG;Norte;Colisão lateral;2;0;0;1;0;0;0;0;0;0;2;1;0;1;0
25/07/2021;21:27:00;209;Acidente sem Vítimas;8,8;BR-040/GO;Sul;Tombamento;0;0;0;0;0;1;0;0;0;0;1;0;0;0;0
25/07/2021;21:43:00;211;Acidente com Vítimas;8,1;BR-040/GO;Norte;Choque c/ Objeto Fixo;2;0;0;0;0;1;0;0;0;0;1;0;0;0;0