data;horario;n_da_ocorrencia;tipo_de_ocorrencia;km;trecho;sentido;tipo_de_acidente;automovel;bicicleta;caminhao;moto;onibus;outros;tracao_animal;transporte_de_cargas_especiais;trator_maquinas;utilitarios;ilesos;levemente_feridos;moderadamente_feridos;gravemente_feridos;mortos
25/07/2021;22:15:00;215;Acidente sem Vítimas;735,1;BR-040/MG;Norte;Tombamento de Moto;0;0;0;2;0;0;0;0;0;0;1;0;0;0;0
26/07/2021;00:57:00;22;Acidente com Vítimas;563,8;BR-040/MG;Norte;Capotamento;1;0;0;0;0;0;0;0;0;0;1;0;1;0;0
26/07/2021;06:55:00;80;Acidente Fatal;523,35;BR-040/MG;Sul;Colisão lateral;0;0;0;0;0;1;0;0;0;0;0;0;0;0;1
26/07/2021;07:08:00;85;Acidente com Vítimas;3,8;BR-040/DF;Norte;Queda Veículo;0;0;0;2;0;0;0;0;0;0;1;0;0;0;0
26/07/2021;07:30:00;88;Acidente com Vítimas;6,8;BR-040/DF;Norte;Colisão lateral;0;0;0;2;0;0;0;0;0;0;2;0;0;0;0
26/07/2021;09:26:00;119;Acidente sem Vítimas;511,5;BR-040/MG;Sul;Colisão traseira;0;0;0;0;1;0;0;0;0;0;0;0;0;0;0
26/07/2021;10:34:00;138;Acidente sem Vítimas;519,25;BR-040/MG;Sul;Choque c/ Objeto Fixo;2;0;0;0;0;0;0;0;0;0;0;0;0;0;0
26/07/2021;11:00:00;147;Acidente sem Vítimas;510,9;BR-040/MG;Sul;Engavetamento;1;0;0;0;0;3;0;0;0;0;0;0;0;0;0
26/07/2021;11:37:00;153;Acidente sem Vítimas;512,1;BR-040/MG;Sul;Engavetamento;2;0;0;0;1;1;0;0;0;0;0;0;0;0;0
26/07/2021;12:21:00;161;Acidente com Vítimas;509,5;BR-040/MG;Sul;Engavetamento;1;0;1;2;0;0;0;0;0;0;0;0;0;0;0
26/07/2021;13:05:00;174;Acidente sem Vítimas;668,2;BR-040/MG;Norte;Outros;2;0;0;0;0;0;0;0;0;0;2;0;0;0;0
26/07/2021;13:53:00;187;Acidente sem Vítimas;638,7;BR-040/MG;Sul;Colisão traseira;1;0;0;0;0;0;0;0;0;0;0;0;0;0;0
26/07/2021;16:04:00;218;Acidente sem Vítimas;664,341;BR-040/MG;Norte;Colisão traseira;0;0;0;0;2;0;0;0;0;0;2;0;0;0;0
26/07/2021;18:34:00;251;Acidente com Vítimas;608,2;BR-040/MG;Sul;Tombamento de Moto;0;0;0;1;0;0;0;0;0;0;1;1;0;0;0
26/07/2021;19:40:00;269;Acidente sem Vítimas;438,15;BR-040/MG;Sul;Atropelamento de Animal;2;0;0;0;0;0;0;0;0;0;1;0;0;0;0
26/07/2021;22:46:00;319;Acidente sem Vítimas;652,1;BR-040/MG;Norte;Choque c/ Objeto Fixo;1;0;0;0;0;0;0;0;0;0;2;0;0;0;0
27/07/2021;04:53:00;81;Acidente sem Vítimas;616,1;BR-040/MG;Norte;Colisão traseira;0;0;1;0;1;1;0;0;0;0;1;0;0;0;0
27/07/2021;06:47:00;101;Acidente sem Vítimas;531,2;BR-040/MG;Sul;Colisão transversal;1;0;0;1;0;0;0;0;0;0;3;0;1;0;0
27/07/2021;07:06:00;116;Acidente sem Vítimas;497,21;BR-040/MG;Sul;Colisão lateral;0;0;1;0;2;0;0;0;0;0;1;0;0;0;0
27/07/2021;07:37:00;122;Acidente sem Vítimas;510,2;BR-040/MG;Sul;Colisão lateral;2;0;0;0;0;0;0;0;0;0;0;0;0;0;0
27/07/2021;08:13:00;129;Acidente com Vítimas;538,2;BR-040/MG;Norte;Tombamento de Moto;0;0;0;1;0;1;0;0;0;0;0;1;0;0;0
27/07/2021;08:59:00;138;Acidente sem Vítimas;3,5;BR-040/GO;Norte;Colisão traseira;1;0;1;0;0;0;0;0;0;0;2;0;0;0;0
27/07/2021;09:49:00;157;Acidente sem Vítimas;539,2;BR-040/MG;Norte;Colisão lateral;1;0;0;1;0;1;0;0;0;0;0;0;0;0;0
27/07/2021;10:39:00;171;Acidente sem Vítimas;2,2;BR-040/DF;Norte;Engavetamento;6;0;0;0;0;0;0;0;0;0;7;0;0;0;0
27/07/2021;18:51:00;267;Acidente sem Vítimas;43,5;BR-040/MG;Norte;Colisão transversal;3;0;0;0;0;0;0;0;0;0;2;0;0;0;0
27/07/2021;19:21:00;270;Acidente sem Vítimas;5;BR-040/GO;Sul;Colisão traseira;2;0;0;0;0;0;0;0;0;0;2;0;0;0;0
27/07/2021;19:25:00;272;Acidente sem Vítimas;671,5;BR-040/MG;Norte;Outros;1;0;0;0;0;1;0;0;0;0;1;0;0;0;0
27/07/2021;19:51:00;278;Acidente com Vítimas;738,8;BR-040/MG;Norte;Capotamento;3;0;0;0;0;0;0;0;0;0;0;1;0;0;0
27/07/2021;20:16:00;284;Acidente sem Vítimas;97,5;BR-040/GO;Norte;Choque c/ Objeto Fixo;0;0;0;0;0;2;0;0;0;0;1;0;0;0;0
27/07/2021;20:27:00;286;Acidente sem Vítimas;591,5;BR-040/MG;Sul;Atropelamento de Animal;0;0;0;0;0;1;0;0;0;0;1;0;0;0;0
27/07/2021;21:14:00;296;Acidente Fatal;572,5;BR-040/MG;Norte;Atropelamento de Pedestre;0;0;1;0;1;1;0;0;0;0;1;0;0;0;1
28/07/2021;00:46:00;4;Acidente sem Vítimas;451,5;BR-040/MG;Sul;Colisão lateral;0;0;1;0;1;1;0;0;0;0;1;0;0;0;0
28/07/2021;07:17:00;112;Acidente com Vítimas;542,5;BR-040/MG;Norte;Tombamento de Moto;0;0;0;1;0;0;0;0;0;0;0;1;0;0;0
28/07/2021;08:46:00;137;Acidente com Vítimas;541,6;BR-040/MG;Sul;Colisão lateral;1;0;0;1;0;2;0;0;0;0;0;0;1;0;0
28/07/2021;09:40:00;145;Acidente com Vítimas;612,608;BR-040/MG;Norte;Atropelamento de Andarilho;1;0;0;0;0;1;0;0;0;0;2;4;0;0;0
28/07/2021;09:42:00;146;Acidente sem Vítimas;480,2;BR-040/MG;Sul;Choque c/ Objeto Fixo;1;0;0;0;0;0;0;0;0;0;0;0;0;0;0
28/07/2021;12:42:00;185;Acidente sem Vítimas;538,5;BR-040/MG;Norte;Colisão traseira;0;0;2;0;1;1;0;0;0;0;0;0;0;0;0
28/07/2021;14:50:00;215;Acidente com Vítimas;5,5;BR-040/GO;Sul;Colisão transversal;1;0;0;0;0;0;0;0;0;0;0;2;0;0;0
28/07/2021;16:22:00;236;Acidente sem Vítimas;2,1;BR-040/GO;Sul;Colisão traseira;2;0;0;0;0;0;0;0;0;0;1;0;0;0;0
28/07/2021;17:46:00;254;Acidente sem Vítimas;10,95;BR-040/GO;Sul;Colisão lateral;1;0;0;1;0;0;0;0;0;0;2;0;0;0;0
28/07/2021;18:00:00;263;Acidente com Vítimas;475,5;BR-040/MG;Norte;Colisão traseira;1;0;0;0;0;2;0;0;0;0;0;1;0;0;0
28/07/2021;18:26:00;266;Acidente com Vítimas;535,5;BR-040/MG;Sul;Atropelamento de Andarilho;0;0;0;0;1;0;0;0;0;0;0;0;0;1;0
28/07/2021;20:49:00;301;Acidente sem Vítimas;592,75;BR-040/MG;Sul;Colisão traseira;0;0;2;0;1;1;0;0;0;0;1;0;0;0;0
29/07/2021;02:20:00;65;Acidente sem Vítimas;477,3;BR-040/MG;Sul;Capotamento;2;0;0;0;0;0;0;0;0;0;1;0;0;0;0
29/07/2021;05:43:00;100;Acidente sem Vítimas;129,8;BR-040/GO;Norte;Colisão lateral;0;0;0;1;0;1;0;0;0;0;2;0;0;0;0
29/07/2021;06:54:00;120;Acidente sem Vítimas;247,1;BR-040/MG;Norte;Colisão traseira;2;0;0;0;0;1;0;0;0;0;5;0;0;0;0
29/07/2021;07:49:00;135;Acidente sem Vítimas;523,2;BR-040/MG;Sul;Colisão traseira;1;0;0;0;1;0;0;0;0;0;0;0;0;0;0
29/07/2021;08:32:00;148;Acidente com Vítimas;3,5;BR-040/GO;Norte;Tombamento de Moto;0;0;0;1;0;0;0;0;0;0;1;0;0;0;0
29/07/2021;08:51:00;154;Acidente sem Vítimas;519,2;BR-040/MG;Sul;Colisão traseira;2;0;0;0;0;0;0;0;0;0;0;0;0;0;0
29/07/2021;10:59:00;174;Acidente sem Vítimas;531,9;BR-040/MG;Sul;Tombamento de Moto;1;0;0;1;0;0;0;0;0;0;0;0;0;0;0
29/07/2021;14:55:00;231;Acidente com Vítimas;97,5;BR-040/GO;Sul;Atropelamento de Pedestre;0;0;0;0;0;2;0;0;0;2;2;1;0;0;0
29/07/2021;15:27:00;240;Acidente com Vítimas;6,8;BR-040/GO;Norte;Capotamento;2;0;0;0;0;0;0;0;0;0;1;1;0;0;0
29/07/2021;16:29:00;247;Acidente com Vítimas;541,5;BR-040/MG;Norte;Engavetamento;3;0;0;1;0;0;0;0;0;0;0;0;1;0;0
29/07/2021;16:42:00;250;Acidente sem Vítimas;531,2;BR-040/MG;Norte;Colisão traseira;1;0;0;0;0;1;0;0;0;0;0;0;0;0;0
29/07/2021;17:05:00;252;Acidente sem Vítimas;509,5;BR-040/MG;Norte;Colisão traseira;1;0;0;0;0;2;0;0;0;0;0;0;0;0;0
29/07/2021;18:06:00;263;Acidente com Vítimas;526,5;BR-040/MG;Norte;Colisão lateral;0;0;0;2;0;0;0;0;0;0;1;1;0;0;0
29/07/2021;20:20:00;292;Acidente Fatal;26,9;BR-040/GO;Norte;Colisão traseira;0;2;0;0;0;2;0;0;0;0;1;0;0;0;1
29/07/2021;20:33:00;296;Acidente com Vítimas;5,1;BR-040/GO;Sul;Colisão lateral;1;0;0;1;0;0;0;0;0;0;1;0;1;0;0
29/07/2021;23:51:00;327;Acidente com Vítimas;548,5;BR-040/MG;Norte;Engavetamento;1;0;0;3;0;0;0;0;0;0;2;0;1;1;0
30/07/2021;02:20:00;57;Acidente com Vítimas;638,5;BR-040/MG;Sul;Choque c/ Objeto Fixo;1;0;0;0;0;0;0;0;0;0;1;0;1;0;0
30/07/2021;07:27:00;112;Acidente com Vítimas;0,6;BR-040/GO;Norte;Colisão traseira;0;1;0;1;0;0;0;0;0;0;2;0;1;0;0
30/07/2021;07:59:00;116;Acidente com Vítimas;534,5;BR-040/MG;Norte;Colisão traseira;1;0;0;2;0;0;0;0;0;0;0;2;0;0;0
30/07/2021;11:39:00;166;Acidente com Vítimas;558,6;BR-040/MG;Sul;Tombamento de Moto;0;0;0;1;0;0;0;0;0;0;0;0;1;0;0
30/07/2021;12:27:00;183;Acidente sem Vítimas;577,2;BR-040/MG;Norte;Engavetamento;3;0;0;0;0;0;0;0;0;0;3;0;0;0;0
30/07/2021;14:00:00;211;Acidente sem Vítimas;91,274;BR-040/MG;Sul;Colisão traseira;0;0;2;0;2;0;0;0;0;0;2;0;0;0;0
30/07/2021;15:40:00;231;Acidente sem Vítimas;503,6;BR-040/MG;Norte;Colisão traseira;1;0;1;1;0;1;0;0;0;0;0;0;0;0;0
30/07/2021;15:45:00;233;Acidente sem Vítimas;10,1;BR-040/GO;Norte;Colisão transversal;3;0;0;0;0;0;0;0;0;0;2;0;0;0;0
30/07/2021;16:17:00;244;Acidente com Vítimas;10,8;BR-040/GO;Sul;Queda Veículo;0;0;0;2;0;0;0;0;0;0;1;0;1;0;0
30/07/2021;17:12:00;269;Acidente com Vítimas;521,9;BR-040/MG;Norte;Tombamento de Moto;0;0;0;1;0;0;0;0;0;0;1;1;0;0;0
30/07/2021;17:28:00;271;Acidente com Vítimas;455,15;BR-040/MG;Norte;Tombamento de Moto;0;0;0;0;0;2;0;0;0;0;1;0;1;0;0
30/07/2021;17:34:00;273;Acidente sem Vítimas;547,5;BR-040/MG;Sul;Colisão traseira;1;0;0;0;0;1;0;0;0;0;0;0;0;0;0
30/07/2021;18:57:00;296;Acidente sem Vítimas;3,6;BR-040/GO;Sul;Engavetamento;5;0;0;0;0;0;0;0;0;0;4;0;0;0;0
30/07/2021;23:22:00;361;Acidente sem Vítimas;527,1;BR-040/MG;Sul;Colisão traseira;3;0;0;0;0;0;0;0;0;0;2;0;0;0;0
01/08/2021;02:12:00;17;Acidente sem Vítimas;546,1;BR-040/MG;Sul;Colisão traseira;1;0;0;0;0;0;0;0;0;0;1;0;0;0;0
01/08/2021;04:11:00;22;Acidente sem Vítimas;448,3;BR-040/MG;Norte;Choque c/ Objeto Fixo;2;0;0;0;0;0;0;0;0;0;1;0;0;0;0
01/08/2021;06:22:00;26;Acidente Fatal;426,3;BR-040/MG;Norte;Capotamento;0;0;0;0;1;0;0;0;0;0;0;0;0;0;1
01/08/2021;08:30:00;45;Acidente sem Vítimas;749,9;BR-040/MG;Norte;Choque c/ Objeto Fixo;1;0;0;0;0;0;0;0;0;0;3;0;0;0;0
01/08/2021;09:06:00;51;Acidente sem Vítimas;751,8;BR-040/MG;Norte;Choque c/ Objeto Fixo;1;0;0;0;0;0;0;0;0;0;1;0;0;0;0
01/08/2021;16:16:00;125;Acidente Fatal;10,95;BR-040/MG;Norte;Colisão frontal;3;0;0;0;0;4;0;0;0;0;0;1;1;2;1
01/08/2021;17:19:00;136;Acidente com Vítimas;505,5;BR-040/MG;Sul;Colisão traseira;2;0;0;0;0;0;0;0;0;0;5;2;0;0;0
01/08/2021;18:49:00;159;Acidente sem Vítimas;515,2;BR-040/MG;Sul;Colisão traseira;4;0;0;0;0;0;0;0;0;0;2;0;0;0;0
01/08/2021;20:04:00;172;Acidente sem Vítimas;4,8;BR-040/GO;Norte;Outros;2;0;0;0;0;0;0;0;0;0;2;0;0;0;0
01/08/2021;20:20:00;177;Acidente com Vítimas;5,2;BR-040/GO;Sul;Tombamento de Moto;0;0;0;1;0;0;0;0;0;0;0;1;0;0;0
01/08/2021;20:38:00;181;Acidente sem Vítimas;605,1;BR-040/MG;Sul;Choque c/ Objeto Fixo;2;0;0;0;0;0;0;0;0;0;1;0;0;0;0
01/08/2021;21:34:00;188;Acidente sem Vítimas;551,5;BR-040/MG;Norte;Choque c/ Objeto Fixo;1;0;0;0;0;1;0;0;0;0;1;0;0;0;0
01/08/2021;22:38:00;198;Acidente com Vítimas;281,5;BR-040/MG;Norte;Atropelamento de Andarilho;0;0;0;0;0;1;0;0;0;0;0;0;1;0;0
02/08/2021;01:29:00;16;Acidente sem Vítimas;533,8;BR-040/MG;Sul;Choque c/ Objeto Fixo;1;0;0;0;0;1;0;0;0;0;1;0;0;0;0
02/08/2021;03:48:00;50;Acidente sem Vítimas;537,5;BR-040/MG;Norte;Capotamento;1;0;0;0;0;0;0;0;0;0;2;2;0;0;0
02/08/2021;03:58:00;51;Acidente sem Vítimas;619,1;BR-040/MG;Norte;Choque c/ Objeto Fixo;1;0;0;0;0;1;0;0;0;0;1;0;0;0;0
02/08/2021;07:35:00;103;Acidente sem Vítimas;521,5;BR-040/MG;Sul;Colisão traseira;1;0;0;1;0;1;0;0;0;0;0;0;0;0;0
02/08/2021;08:56:00;130;Acidente sem Vítimas;611,5;BR-040/MG;Norte;Atropelamento de Animal;0;0;0;0;1;0;0;0;0;0;1;0;0;0;0
02/08/2021;10:24:00;153;Acidente com Vítimas;671,2;BR-040/MG;Norte;Colisão transversal;1;0;0;1;0;1;0;0;0;0;2;0;1;0;0
02/08/2021;14:52:00;206;Acidente com Vítimas;692,2;BR-040/MG;Norte;Tombamento de Moto;0;0;0;1;0;0;0;0;0;0;0;1;0;0;0
02/08/2021;16:33:00;223;Acidente sem Vítimas;535,9;BR-040/MG;Norte;Colisão traseira;0;0;0;0;0;0;0;0;0;0;0;0;0;0;0
02/08/2021;16:57:00;228;Acidente sem Vítimas;43,3;BR-040/MG;Norte;Colisão frontal;3;0;0;0;0;0;0;0;0;0;2;0;0;0;0
02/08/2021;17:40:00;236;Acidente sem Vítimas;515,6;BR-040/MG;Norte;Choque c/ Objeto Fixo;1;0;0;0;1;1;0;0;0;0;2;0;0;0;0
02/08/2021;18:47:00;251;Acidente sem Vítimas;511,8;BR-040/MG;Norte;Engavetamento;3;0;0;0;0;0;0;0;0;0;3;2;0;0;0
02/08/2021;18:52:00;253;Acidente com Vítimas;12,1;BR-040/GO;Norte;Atropelamento de Pedestre;0;0;0;0;0;2;0;0;0;0;0;1;0;0;0
03/08/2021;07:29:00;115;Acidente sem Vítimas;543,2;BR-040/MG;Sul;Colisão lateral;1;0;0;0;0;0;0;0;0;0;0;0;0;0;0
03/08/2021;10:13:00;155;Acidente com Vítimas;8,2;BR-040/GO;Norte;Queda Veículo;0;0;0;1;0;0;0;0;0;0;1;1;0;0;0
03/08/2021;11:11:00;170;Acidente sem Vítimas;534,2;BR-040/MG;Sul;Colisão traseira;0;0;0;0;0;0;0;0;0;0;0;0;0;0;0
03/08/2021;11:25:00;176;Acidente sem Vítimas;224,5;BR-040/MG;Sul;Colisão traseira;1;0;2;0;0;0;0;0;0;0;3;0;0;0;0
03/08/2021;11:28:00;178;Acidente sem Vítimas;2,5;BR-040/GO;Norte;Colisão traseira;1;0;0;2;0;1;0;0;0;0;0;1;0;0;0
03/08/2021;11:32:00;179;Acidente sem Vítimas;548,8;BR-040/MG;Sul;Colisão traseira;1;0;0;0;0;3;0;0;0;0;0;0;0;0;0
03/08/2021;16:58:00;235;Acidente sem Vítimas;68,9;BR-040/GO;Sul;Colisão traseira;0;0;1;0;0;1;0;0;0;0;2;0;0;0;0
03/08/2021;18:28:00;264;Acidente com Vítimas;652,8;BR-040/MG;Sul;Tombamento de Moto;0;0;0;1;0;0;0;0;0;0;1;0;1;0;0
04/08/2021;06:23:00;111;Acidente sem Vítimas;526,4;BR-040/MG;Norte;Colisão traseira;3;0;0;0;0;0;0;0;0;0;0;0;0;0;0
04/08/2021;07:25:00;132;Acidente sem Vítimas;0,5;BR-040/GO;Norte;Colisão traseira;2;0;0;0;0;0;0;0;0;0;1;0;0;0;0
04/08/2021;07:33:00;134;Acidente sem Vítimas;512,47;BR-040/MG;Norte;Colisão traseira;3;0;0;0;0;1;0;0;0;0;0;0;0;0;0
04/08/2021;08:14:00;144;Acidente sem Vítimas;1,8;BR-040/GO;Sul;Engavetamento;3;0;0;0;0;0;0;0;0;0;3;0;0;0;0
04/08/2021;12:05:00;202;Acidente sem Vítimas;415,98;BR-040/MG;Norte;Tombamento;0;0;3;0;0;0;0;0;0;0;0;0;0;0;0
04/08/2021;12:58:00;210;Acidente sem Vítimas;1,8;BR-040/GO;Sul;Engavetamento;2;0;0;0;0;1;0;0;0;0;3;0;0;0;0
04/08/2021;13:17:00;213;Acidente sem Vítimas;602,6;BR-040/MG;Norte;Colisão traseira;0;1;2;0;0;0;0;0;0;0;2;0;0;0;0
04/08/2021;13:43:00;221;Acidente com Vítimas;534,5;Fora_Rota;Norte;Colisão traseira;0;0;0;1;0;1;0;0;0;0;2;0;0;0;0
04/08/2021;14:13:00;228;Acidente sem Vítimas;640,506;BR-040/MG;Sul;Colisão traseira;1;0;0;0;0;0;0;0;0;0;1;0;0;0;0
04/08/2021;15:11:00;248;Acidente com Vítimas;526,6;BR-040/MG;Norte;Colisão lateral;0;0;1;0;0;2;0;0;0;0;0;0;0;0;0
04/08/2021;15:59:00;256;Acidente com Vítimas;511,9;BR-040/MG;Sul;Colisão lateral;0;0;0;1;0;2;0;0;0;0;0;0;1;0;0
04/08/2021;17:28:00;277;Acidente sem Vítimas;552,8;BR-040/MG;Norte;Atropelamento de Pedestre;1;0;0;0;0;1;0;0;0;0;0;0;1;0;0
04/08/2021;17:46:00;279;Acidente sem Vítimas;15,5;BR-040/GO;Norte;Atropelamento de Pedestre;1;0;0;0;0;1;0;0;0;0;0;1;0;0;0
04/08/2021;19:09:00;295;Acidente com Vítimas;652,5;BR-040/MG;Sul;Colisão transversal;0;0;0;2;0;1;0;0;0;0;2;0;0;1;0
04/08/2021;19:20:00;302;Acidente sem Vítimas;139,5;BR-040/GO;Norte;Atropelamento de Animal;2;0;0;0;0;0;0;0;0;0;4;0;0;0;0
04/08/2021;19:56:00;304;Acidente sem Vítimas;7,5;BR-040/GO;Sul;Tombamento de Moto;0;0;0;1;0;0;0;0;0;0;1;0;0;0;0
04/08/2021;21:17:00;321;Acidente sem Vítimas;5,5;BR-040/GO;Sul;Colisão traseira;2;0;0;0;0;0;0;0;0;0;1;1;0;0;0
04/08/2021;21:22:00;323;Acidente sem Vítimas;771,1;BR-040/MG;Norte;Atropelamento de Animal;1;0;0;0;0;0;0;0;0;0;1;0;0;0;0
04/08/2021;21:42:00;327;Acidente com Vítimas;512,3;BR-040/MG;Norte;Tombamento de Moto;0;0;0;1;0;2;0;0;0;0;0;1;0;0;0
05/08/2021;04:19:00;75;Acidente sem Vítimas;544,19;BR-040/MG;Norte;Colisão traseira;0;0;1;1;1;0;0;0;0;0;2;0;0;0;0
05/08/2021;07:12:00;118;Acidente com Vítimas;96,99;BR-040/GO;Sul;Colisão traseira;0;0;0;4;0;0;0;0;0;0;1;0;1;0;0
05/08/2021;07:37:00;125;Acidente sem Vítimas;529,1;BR-040/MG;Sul;Atropelamento de Pedestre;1;0;0;0;0;1;0;0;0;0;0;1;0;0;0
05/08/2021;08:48:00;148;Acidente com Vítimas;567,3;BR-040/MG;Norte;Colisão traseira;0;0;1;0;0;1;0;0;0;0;2;0;0;0;0
05/08/2021;10:02:00;168;Acidente sem Vítimas;563,5;BR-040/MG;Sul;Colisão traseira;0;0;1;0;0;1;0;0;0;0;0;0;0;0;0
05/08/2021;10:03:00;169;Acidente Fatal;29,4;BR-040/GO;Sul;Colisão transversal;2;0;0;0;0;1;0;0;0;0;0;0;0;0;2
05/08/2021;10:08:00;172;Acidente com Vítimas;509,8;BR-040/MG;Sul;Choque c/ Objeto Fixo;1;0;0;0;0;0;0;0;0;0;0;0;1;0;0
05/08/2021;11:01:00;183;Acidente sem Vítimas;567,3;BR-040/MG;Norte;Choque c/ Objeto Fixo;0;0;0;0;1;0;0;0;0;0;1;0;0;0;0
05/08/2021;11:04:00;185;Acidente sem Vítimas;488,7;BR-040/MG;Norte;Colisão traseira;1;0;0;0;1;0;0;0;0;0;3;0;0;0;0
05/08/2021;12:47:00;198;Acidente com Vítimas;714,1;BR-040/MG;Sul;Colisão traseira;0;0;0;2;0;0;0;0;0;0;2;1;0;0;0
05/08/2021;16:51:00;252;Acidente sem Vítimas;747,3;BR-040/MG;Sul;Engavetamento;1;0;0;1;0;1;0;0;0;0;3;0;0;0;0
05/08/2021;18:23:00;270;Acidente sem Vítimas;522,3;BR-040/MG;Norte;Tombamento de Moto;0;0;0;1;0;0;0;0;0;0;1;1;0;0;0
06/08/2021;01:25:00;12;Acidente sem Vítimas;506,5;BR-040/MG;Sul;Choque c/ Objeto Fixo;1;0;0;0;0;1;0;0;0;0;2;0;0;0;0
06/08/2021;03:17:00;43;Acidente sem Vítimas;464,4;BR-040/MG;Sul;Tombamento;0;0;4;0;0;0;0;0;0;0;0;0;0;0;0
06/08/2021;05:31:00;80;Acidente Fatal;128,7;BR-040/MG;Norte;Atropelamento de Pedestre;0;0;2;0;1;0;0;0;0;0;25;0;0;0;1
06/08/2021;06:27:00;88;Acidente com Vítimas;740,3;BR-040/MG;Norte;Tombamento de Moto;0;0;0;1;0;0;0;0;0;0;1;1;0;0;0
06/08/2021;09:17:00;140;Acidente com Vítimas;533,2;BR-040/MG;Norte;Colisão lateral;2;0;0;2;0;0;0;0;0;0;0;1;0;0;0
06/08/2021;14:17:00;219;Acidente sem Vítimas;479,5;BR-040/MG;Norte;Colisão traseira;2;0;0;0;0;0;0;0;0;0;0;0;0;0;0
06/08/2021;16:17:00;252;Acidente sem Vítimas;510,2;BR-040/MG;Norte;Colisão traseira;2;0;0;0;0;0;0;0;0;0;0;0;0;0;0
06/08/2021;16:23:00;256;Acidente com Vítimas;11,9;BR-040/GO;Sul;Colisão transversal;2;0;0;2;0;0;0;0;0;0;2;0;0;0;0
06/08/2021;17:04:00;264;Acidente com Vítimas;0,2;BR-040/DF;Sul;Atropelamento de Pedestre;0;0;0;1;0;0;0;0;0;0;1;0;0;0;0
06/08/2021;17:11:00;266;Acidente sem Vítimas;523,6;BR-040/MG;Norte;Colisão traseira;1;0;0;0;0;1;0;0;0;0;0;0;0;0;0
06/08/2021;18:12:00;290;Acidente com Vítimas;437,5;BR-040/MG;Sul;Tombamento de Moto;0;0;0;1;0;0;0;0;0;0;2;1;0;0;0
06/08/2021;19:04:00;307;Acidente sem Vítimas;423,62;BR-040/MG;Norte;Choque c/ Objeto Fixo;2;0;0;0;0;0;0;0;0;0;0;0;0;0;0
06/08/2021;20:19:00;326;Acidente sem Vítimas;523,1;BR-040/MG;Norte;Colisão traseira;2;0;0;0;0;0;0;0;0;0;2;0;0;0;0
06/08/2021;22:15:00;353;Acidente com Vítimas;121,95;BR-040/MG;Sul;Choque c/ Objeto Fixo;1;0;0;0;0;0;0;0;0;0;3;0;1;0;0
07/08/2021;02:23:00;19;Acidente com Vítimas;286,1;BR-040/MG;Sul;Tombamento;0;0;0;2;0;0;0;0;0;0;1;0;1;0;0
07/08/2021;03:35:00;28;Acidente sem Vítimas;569,15;BR-040/MG;Norte;Tombamento;0;0;2;0;0;1;0;0;0;0;1;0;0;0;0
07/08/2021;04:50:00;32;Acidente com Vítimas;545,5;BR-040/MG;Norte;Atropelamento de Pedestre;1;0;0;0;0;0;0;0;0;0;0;0;1;0;0
07/08/2021;04:53:00;35;Acidente com Vítimas;552,15;BR-040/MG;Sul;Colisão traseira;0;0;0;4;0;1;0;0;0;0;0;0;0;0;0
07/08/2021;06:44:00;46;Acidente com Vítimas;463,26;BR-040/MG;Norte;Colisão traseira;0;0;3;0;0;3;0;0;0;0;0;1;0;0;0
07/08/2021;07:11:00;51;Acidente sem Vítimas;546,2;BR-040/MG;Sul;Colisão traseira;3;0;0;0;0;0;0;0;0;0;0;0;0;0;0
07/08/2021;08:38:00;68;Acidente com Vítimas;3,8;BR-040/GO;Norte;Queda Veículo;0;0;0;2;0;0;0;0;0;0;2;0;0;0;0
07/08/2021;08:56:00;77;Acidente sem Vítimas;3,2;BR-040/GO;Sul;Choque com objeto;3;0;0;0;0;0;0;0;0;0;1;0;0;0;0
07/08/2021;09:12:00;78;Acidente sem Vítimas;503,6;BR-040/MG;Norte;Colisão traseira;2;0;0;1;0;0;0;0;0;0;0;0;0;0;0
07/08/2021;10:41:00;92;Acidente com Vítimas;472,5;BR-040/MG;Norte;Engavetamento;0;0;0;0;2;1;0;0;0;0;0;0;0;0;0
07/08/2021;11:02:00;96;Acidente sem Vítimas;469,5;BR-040/MG;Sul;Colisão traseira;2;0;0;0;0;0;0;0;0;0;0;0;0;0;0
07/08/2021;11:04:00;100;Acidente sem Vítimas;5,7;BR-040/DF;Norte;Colisão traseira;3;0;0;0;0;0;0;0;0;0;2;0;0;0;0
07/08/2021;12:18:00;113;Acidente com Vítimas;9,2;BR-040/GO;Norte;Engavetamento;6;0;0;0;1;0;0;0;0;0;4;1;1;0;0
07/08/2021;12:58:00;118;Acidente sem Vítimas;705;BR-040/MG;Norte;Capotamento;1;0;0;0;0;1;0;0;0;0;1;0;0;0;0
07/08/2021;14:54:00;140;Acidente sem Vítimas;513,1;BR-040/MG;Sul;Tombamento de Moto;0;0;0;1;0;0;0;0;0;0;0;0;0;0;0
07/08/2021;15:30:00;146;Acidente com Vítimas;463,755;BR-040/MG;Sul;Colisão traseira;0;0;2;0;2;2;0;0;0;0;3;0;1;0;0
07/08/2021;15:40:00;147;Acidente sem Vítimas;1,5;BR-040/GO;Sul;Engavetamento;9;0;0;0;0;0;0;0;0;0;12;0;0;0;0
07/08/2021;16:19:00;156;Acidente sem Vítimas;533,5;BR-040/MG;Sul;Colisão traseira;0;0;0;1;0;0;0;0;0;0;0;0;0;0;0
07/08/2021;18:45:00;187;Acidente sem Vítimas;7,5;BR-040/GO;Norte;Engavetamento;8;0;0;0;0;0;0;0;0;0;9;0;0;0;0
07/08/2021;20:18:00;204;Acidente sem Vítimas;476,1;BR-040/MG;Sul;Capotamento;1;0;0;0;0;0;0;0;0;0;0;0;0;0;0
08/08/2021;00:05:00;2;Acidente com Vítimas;139,5;BR-040/MG;Sul;Choque c/ Objeto Fixo;2;0;0;0;0;0;0;0;0;0;1;2;0;1;0