data;horario;n_da_ocorrencia;tipo_de_ocorrencia;km;trecho;sentido;tipo_de_acidente;automovel;bicicleta;caminhao;moto;onibus;outros;tracao_animal;transporte_de_cargas_especiais;trator_maquinas;utilitarios;ilesos;levemente_feridos;moderadamente_feridos;gravemente_feridos;mortos
08/08/2021;01:05:00;9;Acidente com Vítimas;506,1;BR-040/MG;Sul;Colisão traseira;2;0;0;0;0;0;0;0;0;0;3;0;1;0;0
08/08/2021;04:19:00;19;Acidente sem Vítimas;10,1;BR-040/GO;Norte;Colisão lateral;1;0;0;0;0;3;0;0;0;0;2;0;0;0;0
08/08/2021;04:48:00;22;Acidente Fatal;513,1;BR-040/MG;Norte;Choque c/ Objeto Fixo;0;0;0;1;0;0;0;0;0;0;1;0;0;0;1
08/08/2021;06:20:00;27;Acidente sem Vítimas;2,1;BR-040/GO;Norte;Colisão lateral;8;0;0;0;0;0;0;0;0;0;2;0;0;0;0
08/08/2021;08:18:00;44;Acidente sem Vítimas;729,9;BR-040/MG;Sul;Tombamento;0;0;2;0;0;1;0;0;0;0;4;0;0;0;0
08/08/2021;08:45:00;49;Acidente sem Vítimas;3,5;BR-040/GO;Sul;Colisão lateral;4;0;0;0;0;0;0;0;0;0;2;0;0;0;0
08/08/2021;09:30:00;54;Acidente com Vítimas;12,3;BR-040/GO;Norte;Colisão traseira;0;0;3;1;0;0;0;0;0;0;3;0;1;0;0
08/08/2021;13:57:00;105;Acidente com Vítimas;14,5;BR-040/GO;Norte;Choque c/ Objeto Fixo;2;0;0;0;0;0;0;0;0;0;1;0;1;0;0
08/08/2021;14:32:00;112;Acidente sem Vítimas;423;BR-040/MG;Norte;Outros;3;0;0;0;0;0;0;0;0;0;0;0;0;0;0
08/08/2021;16:07:00;139;Acidente sem Vítimas;560,995;BR-040/MG;Norte;Colisão lateral;0;0;4;0;0;0;0;0;0;0;0;0;0;0;0
08/08/2021;16:09:00;140;Acidente sem Vítimas;5,1;BR-040/GO;Norte;Colisão lateral;4;0;0;0;0;0;0;0;0;0;1;0;0;0;0
08/08/2021;16:41:00;148;Acidente sem Vítimas;7,8;BR-040/GO;Norte;Colisão traseira;1;0;0;0;0;1;0;0;0;0;1;0;0;0;0
08/08/2021;16:43:00;149;Acidente com Vítimas;145,3;BR-040/MG;Norte;Tombamento;1;0;0;0;0;0;0;0;0;0;1;0;0;0;0
08/08/2021;17:40:00;160;Acidente sem Vítimas;143,6;BR-040/MG;Norte;Choque com objeto;1;0;0;0;0;0;0;0;0;0;1;0;0;0;0
08/08/2021;18:50:00;181;Acidente com Vítimas;11,2;BR-040/GO;Norte;Colisão traseira;3;0;0;0;0;0;0;0;0;0;3;0;1;0;0
08/08/2021;18:57:00;184;Acidente Fatal;673,9;BR-040/MG;Norte;Atropelamento de Pedestre;2;0;0;0;0;0;0;0;0;0;2;2;0;0;1
08/08/2021;19:01:00;186;Acidente com Vítimas;517,8;BR-040/MG;Sul;Colisão lateral;1;0;0;1;0;0;0;0;0;0;4;1;0;0;0
08/08/2021;19:29:00;192;Acidente com Vítimas;276,4;BR-040/MG;Norte;Colisão frontal;0;1;0;1;0;0;0;0;0;0;0;0;2;0;0
08/08/2021;19:30:00;197;Acidente com Vítimas;7,5;BR-040/DF;Sul;Colisão lateral;1;0;0;1;0;0;0;0;0;0;1;0;0;0;0
08/08/2021;19:40:00;198;Acidente com Vítimas;527,5;BR-040/MG;Norte;Colisão lateral;1;0;0;1;0;1;0;0;0;0;0;0;1;0;0
08/08/2021;19:50:00;200;Acidente com Vítimas;612,4;BR-040/MG;Norte;Queda Veículo;1;0;0;0;0;0;0;0;0;0;0;1;0;0;0
08/08/2021;21:15:00;212;Acidente com Vítimas;128,4;BR-040/MG;Norte;Colisão traseira;0;1;0;0;1;0;0;0;0;0;0;0;0;1;0
08/08/2021;21:56:00;217;Acidente sem Vítimas;58,5;BR-040/GO;Norte;Outros;1;0;0;0;0;1;0;0;0;0;2;0;0;0;0
08/08/2021;22:00:00;220;Acidente com Vítimas;500,5;BR-040/MG;Norte;Atropelamento de Animal;1;0;0;0;0;1;0;0;0;0;0;0;0;1;0
08/08/2021;23:05:00;228;Acidente com Vítimas;617,1;BR-040/MG;Norte;Colisão traseira;2;0;0;0;0;0;0;0;0;0;2;1;0;0;0
09/08/2021;06:38:00;68;Acidente sem Vítimas;541,1;BR-040/MG;Norte;Colisão traseira;3;0;0;0;0;0;0;0;0;0;0;0;0;0;0
09/08/2021;07:31:00;86;Acidente sem Vítimas;603;BR-040/MG;Sul;Colisão lateral;1;0;1;0;0;2;0;0;0;0;3;0;0;0;0
09/08/2021;07:46:00;89;Acidente com Vítimas;519,8;BR-040/MG;Sul;Colisão lateral;1;0;0;2;0;1;0;0;0;0;0;2;0;1;0
09/08/2021;09:00:00;106;Acidente com Vítimas;543,5;BR-040/MG;Norte;Capotamento;1;0;0;0;0;2;0;0;0;0;1;1;0;0;0
09/08/2021;09:25:00;115;Acidente sem Vítimas;444,8;BR-040/MG;Sul;Capotamento;1;0;0;0;0;1;0;0;0;0;2;0;0;0;0
09/08/2021;12:06:00;157;Acidente com Vítimas;14,2;BR-040/GO;Norte;Capotamento;1;0;0;0;0;0;0;0;0;0;1;2;0;0;0
09/08/2021;13:56:00;184;Acidente com Vítimas;2,2;BR-040/GO;Norte;Tombamento de Moto;0;0;0;1;0;1;0;0;0;0;0;1;0;0;0
09/08/2021;15:34:00;200;Acidente sem Vítimas;41,12;BR-040/MG;Sul;Colisão traseira;0;0;0;0;0;6;0;0;0;0;2;0;0;0;0
09/08/2021;17:43:00;224;Acidente sem Vítimas;717,85;BR-040/MG;Sul;Capotamento;0;0;0;0;0;1;0;0;0;0;1;0;0;0;0
09/08/2021;18:22:00;239;Acidente com Vítimas;721,2;BR-040/MG;Sul;Choque c/ Objeto Fixo;0;0;0;1;0;1;0;0;0;0;1;1;0;0;0
09/08/2021;19:00:00;248;Acidente com Vítimas;521,3;BR-040/MG;Sul;Colisão lateral;1;0;1;0;0;0;0;0;0;0;5;1;0;0;0
09/08/2021;19:51:00;255;Acidente com Vítimas;541,125;BR-040/MG;Sul;Colisão traseira;1;0;1;0;0;2;0;0;0;0;0;0;1;0;0
09/08/2021;20:52:00;265;Acidente sem Vítimas;541,5;BR-040/MG;Sul;Colisão lateral;0;0;0;0;0;2;0;0;0;0;1;0;0;0;0
09/08/2021;21:46:00;274;Acidente sem Vítimas;449,2;BR-040/MG;Sul;Colisão traseira;0;0;1;1;0;1;0;0;0;0;2;0;0;0;0
10/08/2021;00:05:00;1;Acidente sem Vítimas;444,5;BR-040/MG;Sul;Tombamento;0;0;2;0;0;1;0;0;0;0;0;0;0;0;0
10/08/2021;04:38:00;66;Acidente com Vítimas;299,9;BR-040/MG;Sul;Tombamento;0;0;1;0;2;1;0;0;0;0;1;1;0;0;0
10/08/2021;06:56:00;79;Acidente com Vítimas;544,1;BR-040/MG;Sul;Colisão lateral;0;0;0;1;0;2;0;0;0;0;0;0;1;0;0
10/08/2021;07:18:00;83;Acidente com Vítimas;610,6;BR-040/MG;Sul;Colisão transversal;2;0;0;0;0;1;0;0;0;0;2;0;1;0;0
10/08/2021;07:45:00;95;Acidente sem Vítimas;3,9;BR-040/GO;Sul;Colisão traseira;1;0;0;2;0;0;0;0;0;0;2;0;0;0;0
10/08/2021;08:00:00;100;Acidente com Vítimas;6,9;BR-040/GO;Norte;Queda Veículo;0;0;0;2;3;1;0;0;0;0;2;0;1;0;0
10/08/2021;08:28:00;104;Acidente sem Vítimas;524,2;BR-040/MG;Norte;Colisão lateral;1;0;0;1;0;0;0;0;0;0;0;0;0;0;0
10/08/2021;09:31:00;117;Acidente com Vítimas;0,2;BR-040/DF;Norte;Queda Veículo;0;0;0;2;0;0;0;0;0;0;2;0;0;0;0
10/08/2021;09:48:00;124;Acidente com Vítimas;519,6;BR-040/MG;Sul;Colisão traseira;1;0;0;1;0;1;0;0;0;0;0;0;1;0;0
10/08/2021;11:03:00;139;Acidente sem Vítimas;684,8;BR-040/MG;Norte;Colisão traseira;0;0;0;0;4;1;0;0;0;0;2;0;0;0;0
10/08/2021;11:22:00;147;Acidente com Vítimas;26,1;BR-040/MG;Sul;Colisão lateral;1;0;0;0;1;1;0;0;0;0;2;0;1;0;0
10/08/2021;14:02:00;181;Acidente com Vítimas;12,2;BR-040/GO;Sul;Capotamento;1;1;0;0;0;1;0;0;0;0;1;0;1;0;0
10/08/2021;16:38:00;210;Acidente sem Vítimas;565,52;BR-040/MG;Sul;Colisão traseira;1;0;0;0;1;0;0;0;0;0;0;0;0;0;0
11/08/2021;06:23:00;88;Acidente sem Vítimas;541,2;BR-040/MG;Sul;Colisão lateral;1;0;0;1;0;0;0;0;0;0;2;0;0;0;0
11/08/2021;06:30:00;92;Acidente com Vítimas;299,75;BR-040/MG;Norte;Tombamento;0;0;2;0;0;1;0;0;0;0;1;0;1;0;0
11/08/2021;08:12:00;119;Acidente com Vítimas;738,2;BR-040/MG;Norte;Tombamento;0;1;0;0;2;0;0;0;0;0;1;1;0;0;0
11/08/2021;10:08:00;152;Acidente com Vítimas;518;BR-040/MG;Norte;Colisão transversal;2;0;0;1;0;0;0;0;0;0;1;1;0;0;0
11/08/2021;15:17:00;200;Acidente com Vítimas;731,5;BR-040/MG;Sul;Tombamento de Moto;0;0;0;1;0;0;0;0;0;0;0;1;0;0;0
11/08/2021;21:28:00;273;Acidente com Vítimas;726,9;BR-040/MG;Sul;Tombamento de Moto;0;0;0;1;0;0;0;0;0;0;1;1;0;0;0
11/08/2021;21:51:00;279;Acidente sem Vítimas;537,2;BR-040/MG;Norte;Tombamento;0;0;0;0;2;1;0;0;0;0;1;0;0;0;0
11/08/2021;22:49:00;284;Acidente com Vítimas;7,8;BR-040/GO;Sul;Colisão lateral;1;0;0;1;0;0;0;0;0;0;1;1;0;0;0
12/08/2021;06:38:00;105;Acidente sem Vítimas;516,3;BR-040/MG;Sul;Engavetamento;4;0;0;0;0;0;0;0;0;0;3;0;0;0;0
12/08/2021;06:58:00;117;Acidente com Vítimas;512,5;BR-040/MG;Sul;Colisão traseira;1;0;0;1;0;2;0;0;0;0;1;2;0;0;0
12/08/2021;07:29:00;127;Acidente sem Vítimas;605,8;BR-040/MG;Sul;Tombamento de Moto;0;0;0;1;0;0;0;0;0;0;1;0;0;0;0
12/08/2021;10:21:00;169;Acidente sem Vítimas;510,45;BR-040/MG;Sul;Colisão traseira;3;0;0;0;0;0;0;0;0;0;1;0;0;0;0
12/08/2021;11:34:00;193;Acidente sem Vítimas;705;BR-040/MG;Norte;Choque c/ Objeto Fixo;0;0;1;0;0;2;0;0;0;0;2;0;0;0;0
12/08/2021;14:14:00;217;Acidente sem Vítimas;66,4;BR-040/MG;Norte;Atropelamento de Animal;1;0;0;0;0;0;0;0;0;0;1;0;0;0;0
12/08/2021;17:08:00;266;Acidente sem Vítimas;73,1;BR-040/GO;Norte;Atropelamento de Animal;1;0;0;0;0;1;0;0;0;0;1;0;0;0;0
12/08/2021;19:19:00;305;Acidente com Vítimas;160,2;BR-040/MG;Sul;Capotamento;2;0;0;0;0;0;0;0;0;0;1;3;0;0;0
13/08/2021;03:01:00;30;Acidente sem Vítimas;432,5;BR-040/MG;Sul;Choque c/ Objeto Fixo;2;0;0;0;0;0;0;0;0;0;1;0;0;0;0
13/08/2021;07:59:00;109;Acidente com Vítimas;577,3;BR-040/MG;Sul;Colisão traseira;0;0;1;0;0;1;0;0;0;0;2;0;1;0;0
13/08/2021;13:04:00;173;Acidente sem Vítimas;518,1;BR-040/MG;Norte;Capotamento;2;0;0;0;0;1;0;0;0;0;0;0;0;0;0
13/08/2021;14:12:00;185;Acidente sem Vítimas;519,2;BR-040/MG;Norte;Engavetamento;2;0;0;0;0;1;0;0;0;0;3;0;0;0;0
13/08/2021;15:15:00;200;Acidente com Vítimas;1,2;BR-040/GO;Sul;Tombamento de Moto;0;0;0;1;0;1;0;0;0;0;2;1;0;0;0
13/08/2021;16:43:00;225;Acidente sem Vítimas;502,2;BR-040/MG;Sul;Outros;2;0;0;0;0;0;0;0;0;0;1;0;0;0;0
13/08/2021;16:48:00;226;Acidente com Vítimas;332,3;BR-040/MG;Norte;Capotamento;2;0;0;0;0;0;0;0;0;0;2;1;0;0;0
13/08/2021;17:29:00;235;Acidente sem Vítimas;736,5;BR-040/MG;Sul;Tombamento;0;0;0;0;3;0;0;0;0;0;1;0;0;0;0
13/08/2021;17:39:00;239;Acidente sem Vítimas;533,1;BR-040/MG;Norte;Colisão lateral;1;0;2;0;0;0;0;0;0;0;0;0;0;0;0
13/08/2021;17:41:00;241;Acidente sem Vítimas;491,2;BR-040/MG;Norte;Capotamento;1;0;0;0;0;0;0;0;0;0;0;0;0;0;0
13/08/2021;20:15:00;279;Acidente com Vítimas;8,2;BR-040/GO;Sul;Colisão traseira;1;0;0;1;0;1;0;0;0;0;1;1;0;0;0
13/08/2021;20:22:00;280;Acidente com Vítimas;95,5;BR-040/GO;Norte;Capotamento;0;0;0;0;0;1;0;0;0;0;3;3;0;0;0
13/08/2021;22:12:00;310;Acidente sem Vítimas;557,1;BR-040/MG;Sul;Choque c/ Objeto Fixo;1;0;0;0;0;3;0;0;0;0;1;0;0;0;0
14/08/2021;00:30:00;4;Acidente com Vítimas;547,5;BR-040/MG;Sul;Colisão lateral;1;0;0;0;1;0;0;0;0;0;0;0;1;0;0
14/08/2021;01:50:00;18;Acidente sem Vítimas;537,1;BR-040/MG;Norte;Choque c/ Objeto Fixo;2;0;0;0;0;0;0;0;0;0;1;0;0;0;0
14/08/2021;03:21:00;32;Acidente sem Vítimas;423,5;BR-040/MG;Sul;Colisão traseira;3;0;1;0;0;0;0;0;0;0;0;0;0;0;0
14/08/2021;05:25:00;40;Acidente sem Vítimas;5,1;BR-040/GO;Sul;Colisão traseira;2;0;0;0;0;1;0;0;0;0;3;0;0;0;0
14/08/2021;12:33:00;116;Acidente com Vítimas;530,5;BR-040/MG;Sul;Colisão lateral;3;0;0;0;1;0;0;0;0;0;1;0;0;1;0
14/08/2021;13:39:00;137;Acidente com Vítimas;526,6;BR-040/MG;Norte;Engavetamento;2;0;0;1;0;0;0;0;0;0;0;0;2;0;0
14/08/2021;16:01:00;171;Acidente com Vítimas;665,5;BR-040/MG;Sul;Colisão transversal;2;0;0;0;0;1;0;0;0;0;2;1;0;0;0
14/08/2021;16:37:00;180;Acidente com Vítimas;5,1;Fora_Rota;Sul;Capotamento;3;0;0;0;0;0;0;0;0;0;2;1;0;0;0
14/08/2021;20:39:00;232;Acidente Fatal;7,4;BR-040/GO;Sul;Colisão traseira;1;0;0;0;0;1;0;0;0;0;1;1;1;0;1
14/08/2021;21:51:00;235;Acidente com Vítimas;129,8;BR-040/GO;Norte;Atropelamento de Pedestre;1;0;0;0;0;0;0;0;0;0;1;0;0;0;0
14/08/2021;22:16:00;238;Acidente sem Vítimas;519,5;BR-040/MG;Norte;Capotamento;0;0;0;0;0;2;0;0;0;0;1;0;0;0;0
14/08/2021;22:54:00;239;Acidente sem Vítimas;771;BR-040/MG;Sul;Capotamento;2;0;0;0;0;1;0;0;0;0;1;0;0;0;0
14/08/2021;23:32:00;244;Acidente sem Vítimas;542,6;BR-040/MG;Norte;Colisão traseira;2;0;0;0;0;2;0;0;0;0;3;0;0;0;0
15/08/2021;00:57:00;8;Acidente com Vítimas;750,2;BR-040/MG;Sul;Choque c/ Objeto Fixo;1;0;0;0;0;0;0;0;0;0;0;1;0;0;0
15/08/2021;06:32:00;56;Acidente sem Vítimas;153,2;BR-040/GO;Sul;Atropelamento de Animal;2;0;0;0;0;0;0;0;0;0;2;0;0;0;0
15/08/2021;07:32:00;68;Acidente sem Vítimas;716,25;BR-040/MG;Sul;Atropelamento de Andarilho;2;0;0;0;0;0;0;0;0;0;1;0;0;0;0
15/08/2021;11:47:00;123;Acidente sem Vítimas;674,8;BR-040/MG;Sul;Choque c/ Objeto Fixo;3;0;0;0;0;0;0;0;0;0;7;0;0;0;0
15/08/2021;12:27:00;129;Acidente sem Vítimas;582,12;BR-040/MG;Norte;Tombamento;0;0;0;0;1;0;0;0;0;0;1;0;0;0;0
15/08/2021;14:56:00;163;Acidente com Vítimas;96,1;BR-040/GO;Sul;Colisão lateral;2;0;0;0;0;0;0;0;0;0;2;1;0;0;0
15/08/2021;17:33:00;202;Acidente sem Vítimas;274,1;BR-040/MG;Norte;Engavetamento;1;0;2;0;0;0;0;0;0;0;5;0;0;0;0
15/08/2021;17:43:00;205;Acidente sem Vítimas;2,3;BR-040/GO;Norte;Engavetamento;1;0;0;0;0;0;0;0;0;0;0;0;0;0;0
15/08/2021;18:28:00;216;Acidente sem Vítimas;7,5;BR-040/GO;Norte;Engavetamento;2;0;0;0;0;2;0;0;0;0;3;0;0;0;0
15/08/2021;19:04:00;223;Acidente com Vítimas;581,5;BR-040/MG;Norte;Capotamento;2;0;0;0;0;0;0;0;0;0;1;0;1;0;0
15/08/2021;20:38:00;244;Acidente sem Vítimas;569,86;BR-040/MG;Norte;Colisão lateral;1;0;0;0;0;1;0;0;0;0;4;0;0;0;0
15/08/2021;21:31:00;259;Acidente sem Vítimas;515,15;BR-040/MG;Sul;Atropelamento de Pedestre;4;0;0;0;0;1;0;0;0;0;3;0;0;0;0
15/08/2021;22:31:00;267;Acidente com Vítimas;609,88;BR-040/MG;Norte;Atropelamento de Pedestre;0;0;0;0;0;1;0;0;0;0;0;0;0;1;0
15/08/2021;23:35:00;282;Acidente com Vítimas;508,8;BR-040/MG;Sul;Tombamento de Moto;0;0;0;1;0;1;0;0;0;0;1;0;0;2;0
16/08/2021;07:00:00;110;Acidente com Vítimas;105,8;BR-040/GO;Norte;Tombamento de Moto;0;0;0;1;0;0;0;0;0;0;0;1;0;0;0
16/08/2021;07:56:00;129;Acidente com Vítimas;0,38;BR-040/GO;Norte;Tombamento de Moto;0;0;0;1;0;0;0;0;0;0;0;0;1;0;0
16/08/2021;11:44:00;184;Acidente Fatal;724,9;BR-040/MG;Norte;Choque c/ Objeto Fixo;1;0;0;0;0;1;0;0;0;0;0;0;1;1;1
16/08/2021;12:37:00;196;Acidente sem Vítimas;7,83;BR-040/DF;Norte;Colisão traseira;0;0;0;0;1;1;0;0;0;0;2;0;0;0;0
16/08/2021;12:57:00;201;Acidente sem Vítimas;8,4;BR-040/DF;Norte;Colisão traseira;2;0;0;0;0;0;0;0;0;0;2;0;0;0;0
16/08/2021;13:09:00;205;Acidente sem Vítimas;133,99;BR-040/MG;Norte;Capotamento;2;0;0;0;0;0;0;0;0;0;1;0;0;0;0
16/08/2021;13:41:00;212;Acidente com Vítimas;51,1;BR-040/GO;Sul;Colisão frontal;1;0;0;0;1;0;0;0;0;0;1;0;0;1;0
16/08/2021;14:01:00;216;Acidente sem Vítimas;656,25;BR-040/MG;Norte;Choque c/ Objeto Fixo;2;0;0;0;0;0;0;0;0;0;1;0;0;0;0
16/08/2021;16:10:00;233;Acidente com Vítimas;533,8;BR-040/MG;Norte;Colisão traseira;1;0;0;1;0;0;0;0;0;0;0;1;0;0;0
16/08/2021;17:32:00;254;Acidente sem Vítimas;537,1;BR-040/MG;Norte;Colisão lateral;0;0;3;0;0;0;0;0;0;0;0;0;0;0;0
16/08/2021;17:47:00;258;Acidente sem Vítimas;440,1;BR-040/MG;Sul;Colisão traseira;3;0;0;0;0;0;0;0;0;0;0;0;0;0;0
16/08/2021;17:53:00;262;Acidente com Vítimas;526,5;BR-040/MG;Norte;Engavetamento;2;0;0;1;0;1;0;0;0;0;3;0;1;0;0
16/08/2021;18:59:00;273;Acidente com Vítimas;505,3;BR-040/MG;Sul;Colisão lateral;1;0;0;1;0;0;0;0;0;0;3;1;0;0;0
16/08/2021;19:06:00;274;Acidente com Vítimas;36,1;BR-040/MG;Norte;Colisão frontal;6;0;0;0;0;1;0;0;0;0;1;2;0;0;0
16/08/2021;19:33:00;279;Acidente com Vítimas;7,5;Fora_Rota;Sul;Colisão frontal;0;0;0;1;0;2;0;0;0;0;1;0;0;1;0
16/08/2021;19:59:00;281;Acidente sem Vítimas;501,5;BR-040/MG;Sul;Choque c/ Objeto Fixo;1;0;0;0;0;1;0;0;0;0;1;0;0;0;0
17/08/2021;03:53:00;48;Acidente sem Vítimas;524,2;BR-040/MG;Norte;Choque c/ Objeto Fixo;2;0;0;0;0;0;0;0;0;0;5;0;0;0;0
17/08/2021;06:27:00;74;Acidente com Vítimas;612;BR-040/MG;Sul;Colisão traseira;0;0;2;0;1;1;0;0;0;0;2;0;1;0;0
17/08/2021;06:47:00;80;Acidente com Vítimas;53,1;BR-040/MG;Sul;Choque c/ Objeto Fixo;1;0;0;0;0;0;0;0;0;0;0;1;0;0;0
17/08/2021;07:57:00;95;Acidente sem Vítimas;586,45;BR-040/MG;Sul;Capotamento;0;0;0;0;0;1;0;0;0;0;1;0;0;0;0
17/08/2021;08:18:00;101;Acidente com Vítimas;509,3;BR-040/MG;Sul;Choque c/ Objeto Fixo;2;0;0;0;0;0;0;0;0;0;1;1;0;0;0
17/08/2021;13:10:00;149;Acidente com Vítimas;694,1;BR-040/MG;Sul;Colisão traseira;0;0;2;0;0;0;0;0;0;0;2;0;1;0;0
17/08/2021;15:04:00;183;Acidente com Vítimas;21,72;BR-040/GO;Norte;Capotamento;1;0;0;0;0;0;0;0;0;0;0;0;0;1;0
17/08/2021;18:52:00;231;Acidente sem Vítimas;642,85;BR-040/MG;Norte;Choque c/ Objeto Fixo;0;0;0;0;1;0;0;0;0;0;1;0;0;0;0
17/08/2021;19:13:00;237;Acidente sem Vítimas;642,9;BR-040/MG;Norte;Choque com objeto;3;0;0;0;0;0;0;0;0;0;1;0;0;0;0
17/08/2021;22:49:00;278;Acidente sem Vítimas;661,1;BR-040/MG;Norte;Capotamento;0;0;0;0;0;1;0;0;0;0;1;0;0;0;0
18/08/2021;03:18:00;47;Acidente sem Vítimas;501,2;BR-040/MG;Norte;Colisão traseira;0;0;3;1;3;0;0;0;0;0;0;0;0;0;0
18/08/2021;05:45:00;88;Acidente com Vítimas;257,8;BR-040/MG;Sul;Capotamento;1;0;0;0;0;0;0;0;0;1;0;1;0;0;0
18/08/2021;07:06:00;108;Acidente com Vítimas;3,2;BR-040/GO;Norte;Colisão traseira;0;0;0;1;0;1;0;0;0;0;0;1;0;0;0
18/08/2021;07:43:00;120;Acidente sem Vítimas;432,5;BR-040/MG;Norte;Capotamento;1;0;0;0;0;1;0;0;0;0;0;0;0;0;0
18/08/2021;11:50:00;175;Acidente sem Vítimas;135,8;BR-040/MG;Sul;Colisão traseira;1;0;0;0;0;1;0;0;0;0;2;0;0;0;0
18/08/2021;12:16:00;180;Acidente sem Vítimas;436,2;BR-040/MG;Norte;Choque c/ Objeto Fixo;1;0;0;0;0;0;0;0;0;0;0;0;0;0;0
18/08/2021;12:40:00;187;Acidente sem Vítimas;539,5;BR-040/MG;Sul;Colisão lateral;1;0;1;0;0;1;0;0;0;0;0;0;0;0;0
18/08/2021;15:52:00;234;Acidente sem Vítimas;510,1;BR-040/MG;Norte;Colisão traseira;1;0;1;0;1;0;0;0;0;0;1;0;0;0;0
18/08/2021;16:35:00;241;Acidente sem Vítimas;6,5;BR-040/DF;Norte;Choque c/ Objeto Fixo;1;0;0;0;0;0;0;0;0;0;0;0;0;0;0
18/08/2021;17:04:00;249;Acidente Fatal;315,4;BR-040/MG;Sul;Colisão frontal;3;0;0;0;1;0;0;0;0;0;1;0;0;0;2
18/08/2021;17:15:00;251;Acidente Fatal;534,2;BR-040/MG;Norte;Colisão lateral;0;0;0;1;1;0;0;0;0;0;1;0;0;0;1
18/08/2021;18:49:00;267;Acidente sem Vítimas;6,1;BR-040/DF;Norte;Engavetamento;5;0;0;0;0;0;0;0;0;0;3;0;0;0;0
18/08/2021;19:21:00;275;Acidente sem Vítimas;99,1;BR-040/GO;Sul;Atropelamento de Animal;0;0;0;0;1;0;0;0;0;0;1;0;0;0;0
19/08/2021;05:24:00;83;Acidente sem Vítimas;525,3;BR-040/MG;Norte;Colisão traseira;1;0;1;1;0;0;0;0;0;0;0;0;0;0;0
19/08/2021;06:08:00;95;Acidente com Vítimas;515,4;BR-040/MG;Sul;Tombamento de Moto;0;0;0;2;0;0;0;0;0;0;0;1;0;0;0
19/08/2021;09:45:00;158;Acidente sem Vítimas;484,2;BR-040/MG;Norte;Choque c/ Objeto Fixo;1;0;0;0;0;0;0;0;0;0;0;0;0;0;0
19/08/2021;11:59:00;189;Acidente sem Vítimas;541,26;BR-040/MG;Norte;Choque c/ Objeto Fixo;0;0;1;0;0;0;0;0;0;0;0;0;0;0;0
19/08/2021;12:08:00;192;Acidente sem Vítimas;713,5;BR-040/MG;Sul;Outros;1;0;0;0;0;0;0;0;0;0;1;0;0;0;0
19/08/2021;12:45:00;200;Acidente sem Vítimas;510,1;BR-040/MG;Sul;Engavetamento;1;0;0;0;0;0;0;0;0;0;0;0;0;0;0
19/08/2021;13:54:00;212;Acidente Fatal;416,2;BR-040/MG;Norte;Engavetamento;1;0;4;1;0;1;0;0;0;0;2;0;0;0;1
19/08/2021;16:20:00;248;Acidente com Vítimas;541,26;BR-040/MG;Norte;Tombamento de Moto;1;0;0;1;1;0;0;0;0;0;0;0;0;0;0
19/08/2021;17:02:00;259;Acidente com Vítimas;0,5;BR-040/DF;Sul;Colisão lateral;0;0;0;3;0;2;0;0;0;0;0;1;0;0;0
19/08/2021;17:29:00;265;Acidente sem Vítimas;632;BR-040/MG;Sul;Colisão lateral;1;0;1;0;0;1;0;0;0;0;2;0;0;0;0
19/08/2021;18:21:00;277;Acidente sem Vítimas;740,6;BR-040/MG;Sul;Colisão lateral;1;0;0;0;0;1;0;0;0;0;2;0;0;1;0
19/08/2021;19:01:00;281;Acidente sem Vítimas;748,5;BR-040/MG;Sul;Choque com objeto;2;0;0;0;0;0;0;0;0;0;2;0;0;0;0
19/08/2021;19:49:00;296;Acidente sem Vítimas;513,6;BR-040/MG;Norte;Choque com objeto;0;0;1;0;0;0;0;0;0;0;1;0;0;0;0
19/08/2021;22:46:00;322;Acidente sem Vítimas;128,1;BR-040/MG;Sul;Outros;1;0;0;0;0;0;0;0;0;0;1;0;0;0;0
20/08/2021;04:42:00;76;Acidente sem Vítimas;2,7;BR-040/GO;Sul;Choque c/ Objeto Fixo;1;0;0;0;0;0;0;0;0;0;1;0;0;0;0
20/08/2021;04:58:00;79;Acidente sem Vítimas;582,12;BR-040/MG;Norte;Choque c/ Objeto Fixo;2;0;0;0;0;0;0;0;0;0;0;0;0;0;0
20/08/2021;06:25:00;92;Acidente com Vítimas;204,3;BR-040/MG;Sul;Tombamento;0;0;0;0;1;0;0;0;0;0;0;1;0;0;0
20/08/2021;06:43:00;96;Acidente com Vítimas;512,8;BR-040/MG;Sul;Colisão lateral;2;0;0;2;0;0;0;0;0;0;0;1;0;0;0
20/08/2021;07:46:00;119;Acidente com Vítimas;749,2;BR-040/MG;Norte;Colisão traseira;0;0;1;0;0;1;0;0;0;0;2;0;1;0;0
20/08/2021;08:01:00;132;Acidente sem Vítimas;4,35;BR-040/GO;Norte;Colisão traseira;3;0;0;0;0;1;0;0;0;0;2;0;0;0;0
20/08/2021;13:55:00;212;Acidente Fatal;459,3;BR-040/MG;Sul;Colisão traseira;0;0;1;1;0;0;0;0;0;0;0;0;0;0;1
20/08/2021;15:20:00;227;Acidente sem Vítimas;2,49;BR-040/GO;Sul;Tombamento de Moto;0;0;0;1;0;0;0;0;0;0;1;0;0;0;0
20/08/2021;15:50:00;233;Acidente sem Vítimas;8,7;BR-040/GO;Sul;Colisão transversal;2;0;0;0;0;0;0;0;0;0;2;0;0;0;0
20/08/2021;17:11:00;257;Acidente com Vítimas;1,5;BR-040/DF;Sul;Colisão transversal;2;0;0;1;0;0;0;0;0;0;1;2;0;0;0
20/08/2021;17:29:00;262;Acidente sem Vítimas;506,5;BR-040/MG;Sul;Colisão traseira;1;0;0;0;0;3;0;0;0;0;1;0;0;0;0
20/08/2021;19:09:00;285;Acidente com Vítimas;24,8;BR-040/GO;Sul;Colisão traseira;2;0;1;0;0;0;0;0;0;0;1;1;0;0;0
20/08/2021;19:09:00;286;Acidente com Vítimas;638,39;BR-040/MG;Norte;Atropelamento de Ciclista;0;0;0;0;2;0;0;0;0;0;1;0;0;0;0