data;horario;n_da_ocorrencia;tipo_de_ocorrencia;km;trecho;sentido;tipo_de_acidente;automovel;bicicleta;caminhao;moto;onibus;outros;tracao_animal;transporte_de_cargas_especiais;trator_maquinas;utilitarios;ilesos;levemente_feridos;moderadamente_feridos;gravemente_feridos;mortos
20/08/2021;19:54:00;301;Acidente sem Vítimas;665,4;BR-040/MG;Sul;Colisão transversal;2;0;0;0;0;0;0;0;0;0;2;0;0;0;0
20/08/2021;20:28:00;308;Acidente sem Vítimas;12,1;BR-040/GO;Norte;Tombamento de Moto;0;0;0;2;0;0;0;0;0;0;0;1;0;0;0
20/08/2021;22:37:00;345;Acidente sem Vítimas;505,3;BR-040/MG;Sul;Atropelamento de Animal;1;0;0;0;0;0;0;0;0;0;1;0;0;0;0
20/08/2021;23:31:00;353;Acidente sem Vítimas;577,86;BR-040/MG;Norte;Colisão traseira;2;0;0;0;0;0;0;0;0;0;1;0;0;0;0
20/08/2021;23:47:00;355;Acidente com Vítimas;6;BR-040/GO;Sul;Tombamento de Moto;1;0;0;0;0;1;0;0;0;0;1;1;0;0;0
21/08/2021;05:18:00;21;Acidente com Vítimas;82,4;BR-040/MG;Sul;Choque c/ Objeto Fixo;1;0;0;0;0;0;0;0;0;0;0;4;0;0;0
21/08/2021;06:15:00;26;Acidente com Vítimas;586,92;BR-040/MG;Norte;Colisão traseira;0;0;1;0;1;0;0;0;0;0;2;2;0;0;0
21/08/2021;07:16:00;32;Acidente com Vítimas;739,3;BR-040/MG;Norte;Tombamento;0;0;0;0;1;0;0;0;0;0;0;1;0;0;0
21/08/2021;07:46:00;34;Acidente com Vítimas;3,21;BR-040/MG;Norte;Colisão traseira;0;0;0;3;0;0;0;0;0;0;1;1;0;0;0
21/08/2021;07:56:00;40;Acidente sem Vítimas;660,4;BR-040/MG;Sul;Colisão transversal;0;0;0;1;1;0;0;0;0;0;11;0;0;0;0
21/08/2021;11:44:00;82;Acidente sem Vítimas;524,2;BR-040/MG;Norte;Engavetamento;0;0;3;0;0;6;0;0;0;0;0;0;0;0;0
21/08/2021;18:06:00;150;Acidente sem Vítimas;282,4;BR-040/MG;Norte;Choque c/ Objeto Fixo;1;0;0;0;1;0;0;0;0;0;1;0;0;0;0
21/08/2021;18:26:00;156;Acidente sem Vítimas;135,8;BR-040/MG;Norte;Colisão traseira;1;0;0;0;0;0;0;0;0;0;1;0;0;0;0
21/08/2021;19:00:00;160;Acidente com Vítimas;142,4;BR-040/MG;Norte;Atropelamento de Pedestre;0;0;0;1;0;0;0;0;0;0;0;0;0;0;0
21/08/2021;20:05:00;171;Acidente com Vítimas;519,1;BR-040/MG;Norte;Choque c/ Objeto Fixo;1;0;0;0;0;0;0;0;0;0;1;0;0;0;0
21/08/2021;23:19:00;198;Acidente com Vítimas;8,9;BR-040/GO;Sul;Colisão traseira;2;0;0;0;0;1;0;0;0;0;0;0;0;1;0
21/08/2021;23:28:00;199;Acidente sem Vítimas;1,8;BR-040/GO;Sul;Choque c/ Objeto Fixo;1;0;0;0;0;0;0;0;0;0;1;0;0;0;0
22/08/2021;00:17:00;2;Acidente com Vítimas;53,15;BR-040/GO;Norte;Capotamento;1;0;0;0;0;0;0;0;0;0;1;0;0;0;0
22/08/2021;01:55:00;11;Acidente sem Vítimas;524,3;BR-040/MG;Norte;Choque c/ Objeto Fixo;1;0;0;0;0;0;0;0;0;0;1;0;0;0;0
22/08/2021;02:56:00;18;Acidente sem Vítimas;33,5;BR-040/MG;Norte;Choque c/ Objeto Fixo;0;0;1;0;2;0;0;0;0;0;16;0;0;0;0
22/08/2021;14:40:00;109;Acidente com Vítimas;40,2;BR-040/MG;Sul;Choque com objeto;1;0;0;0;0;0;0;0;0;0;1;1;0;0;0
22/08/2021;15:16:00;116;Acidente sem Vítimas;345,1;BR-040/MG;Sul;Tombamento;0;0;0;0;2;1;0;0;0;0;1;0;0;0;0
22/08/2021;16:34:00;133;Acidente com Vítimas;2,7;BR-040/GO;Norte;Queda Veículo;0;0;0;2;0;0;0;0;0;0;1;1;0;0;0
22/08/2021;16:43:00;135;Acidente com Vítimas;517,5;BR-040/MG;Norte;Engavetamento;1;0;0;0;0;0;0;0;0;0;2;1;0;0;0
22/08/2021;16:47:00;136;Acidente com Vítimas;587,2;BR-040/MG;Norte;Choque c/ Objeto Fixo;0;0;1;0;0;2;0;0;0;0;3;1;0;0;0
22/08/2021;16:57:00;142;Acidente com Vítimas;510,96;BR-040/MG;Sul;Colisão traseira;0;0;0;0;0;2;0;0;0;0;1;1;0;0;0
22/08/2021;17:30:00;147;Acidente Fatal;363,5;BR-040/MG;Sul;Colisão frontal;0;0;0;0;0;4;0;0;0;0;0;0;1;0;1
22/08/2021;18:41:00;165;Acidente com Vítimas;503,6;BR-040/MG;Norte;Engavetamento;3;0;0;0;0;0;0;0;0;0;3;1;0;0;0
22/08/2021;19:02:00;166;Acidente sem Vítimas;499,2;BR-040/MG;Sul;Atropelamento de Animal;2;0;0;0;0;0;0;0;0;0;1;0;0;0;0
22/08/2021;21:34:00;187;Acidente sem Vítimas;76,1;BR-040/GO;Sul;Choque c/ Objeto Fixo;2;0;0;0;0;0;0;0;0;0;5;0;0;0;0
22/08/2021;23:06:00;200;Acidente com Vítimas;7,1;BR-040/GO;Sul;Atropelamento de Ciclista;2;2;0;0;0;1;0;0;0;0;1;0;0;1;0
23/08/2021;00:24:00;1;Acidente com Vítimas;615,1;BR-040/MG;Norte;Colisão frontal;1;0;0;0;1;0;0;0;0;0;2;1;0;0;0
23/08/2021;04:44:00;89;Acidente Fatal;640,7;BR-040/MG;Norte;Colisão transversal;0;0;0;1;1;0;0;0;0;0;2;0;0;0;1
23/08/2021;06:52:00;113;Acidente com Vítimas;12,5;BR-040/MG;Norte;Colisão frontal;1;0;0;0;2;0;0;0;0;0;2;1;0;0;0
23/08/2021;07:22:00;119;Acidente com Vítimas;5,1;BR-040/DF;Norte;Colisão traseira;0;0;0;2;0;0;0;0;0;0;3;0;0;0;0
23/08/2021;10:41:00;170;Acidente sem Vítimas;530,2;BR-040/MG;Sul;Outros;1;0;0;0;0;0;0;0;0;0;0;0;0;0;0
23/08/2021;15:01:00;230;Acidente sem Vítimas;476,3;BR-040/MG;Sul;Capotamento;3;0;0;1;0;0;0;0;0;0;0;0;0;0;0
23/08/2021;15:26:00;236;Acidente sem Vítimas;533,2;BR-040/MG;Norte;Outros;0;0;0;2;0;0;0;0;0;0;1;0;0;0;0
23/08/2021;16:19:00;247;Acidente sem Vítimas;462,2;BR-040/MG;Sul;Outros;1;0;0;0;0;0;0;0;0;0;0;0;0;0;0
23/08/2021;16:30:00;254;Acidente sem Vítimas;517,4;BR-040/MG;Sul;Colisão lateral;0;0;1;2;0;0;0;0;0;0;0;1;0;0;0
23/08/2021;17:28:00;264;Acidente sem Vítimas;22,1;BR-040/GO;Sul;Colisão transversal;0;1;0;2;1;0;0;0;0;0;2;0;0;0;0
23/08/2021;17:55:00;269;Acidente sem Vítimas;538,8;BR-040/MG;Norte;Colisão traseira;0;0;0;1;1;0;0;0;0;0;2;0;0;0;0
23/08/2021;18:31:00;278;Acidente com Vítimas;698;BR-040/MG;Norte;Atropelamento de Ciclista;0;1;0;0;0;1;0;0;0;0;0;0;0;1;0
23/08/2021;21:54:00;313;Acidente com Vítimas;510,1;BR-040/MG;Norte;Atropelamento de Pedestre;0;0;0;0;2;0;0;0;0;0;1;1;0;0;0
24/08/2021;06:41:00;81;Acidente com Vítimas;739,5;BR-040/MG;Norte;Tombamento;0;0;0;0;2;1;0;0;0;0;1;0;1;0;0
24/08/2021;06:45:00;83;Acidente com Vítimas;6,71;BR-040/GO;Norte;Colisão traseira;1;0;0;1;0;0;0;0;0;0;0;1;0;0;0
24/08/2021;07:03:00;85;Acidente sem Vítimas;739,2;BR-040/MG;Norte;Colisão traseira;0;0;1;0;0;1;0;0;0;0;1;0;0;0;0
24/08/2021;08:07:00;108;Acidente sem Vítimas;246,3;BR-040/MG;Norte;Colisão traseira;0;0;1;0;0;2;0;0;0;0;2;0;0;0;0
24/08/2021;14:01:00;199;Acidente sem Vítimas;617,5;BR-040/MG;Sul;Engavetamento;3;0;0;0;0;1;0;0;0;1;3;0;0;0;0
24/08/2021;20:18:00;285;Acidente sem Vítimas;17,2;BR-040/GO;Sul;Colisão traseira;3;0;0;0;0;0;0;0;0;0;1;0;0;0;0
25/08/2021;00:39:00;2;Acidente Fatal;748,3;BR-040/MG;Norte;Colisão frontal;3;0;0;0;0;0;0;0;0;0;2;0;1;0;1
25/08/2021;00:59:00;6;Acidente sem Vítimas;721,1;BR-040/MG;Sul;Colisão traseira;1;0;0;0;0;1;0;0;0;0;1;0;0;0;0
25/08/2021;05:56:00;72;Acidente sem Vítimas;27,4;BR-040/GO;Sul;Capotamento;1;0;0;0;0;0;0;0;0;0;1;0;0;0;0
25/08/2021;06:11:00;77;Acidente com Vítimas;523,8;BR-040/MG;Sul;Colisão lateral;0;0;1;1;0;0;0;0;0;0;0;1;0;0;0
25/08/2021;07:41:00;108;Acidente sem Vítimas;0,65;BR-040/DF;Sul;Capotamento;1;0;0;0;0;1;0;0;0;0;1;0;0;0;0
25/08/2021;08:53:00;127;Acidente sem Vítimas;451,2;BR-040/MG;Norte;Colisão traseira;1;0;0;0;1;0;0;0;0;0;2;0;0;0;0
25/08/2021;11:00:00;145;Acidente sem Vítimas;588;BR-040/MG;Norte;Choque c/ Objeto Fixo;2;0;0;0;0;0;0;0;0;0;1;0;0;0;0
25/08/2021;12:08:00;158;Acidente sem Vítimas;54,5;BR-040/GO;Norte;Tombamento;0;0;1;0;0;0;0;0;0;0;1;0;0;0;0
25/08/2021;18:28:00;249;Acidente com Vítimas;532,5;BR-040/MG;Norte;Colisão traseira;0;0;0;0;0;4;0;0;0;0;3;0;1;0;0
25/08/2021;19:45:00;267;Acidente sem Vítimas;448,3;BR-040/MG;Sul;Choque c/ Objeto Fixo;1;0;0;0;0;0;0;0;0;0;2;0;0;0;0
25/08/2021;21:07:00;285;Acidente sem Vítimas;473,8;BR-040/MG;Sul;Choque c/ Objeto Fixo;1;0;0;0;0;2;0;0;0;0;2;0;0;0;0
25/08/2021;21:56:00;296;Acidente com Vítimas;42,15;BR-040/GO;Sul;Tombamento;1;0;1;0;0;0;0;0;0;0;2;0;0;0;0
26/08/2021;00:24:00;2;Acidente com Vítimas;726,6;BR-040/MG;Sul;Tombamento;0;0;1;0;1;0;0;0;0;0;1;0;1;0;0
26/08/2021;01:25:00;21;Acidente sem Vítimas;0,1;BR-040/DF;Sul;Colisão transversal;1;0;0;0;0;2;0;0;0;0;1;0;0;0;0
26/08/2021;03:45:00;54;Acidente sem Vítimas;478,25;BR-040/MG;Norte;Choque c/ Objeto Fixo;2;0;0;0;0;0;0;0;0;0;1;0;0;0;0
26/08/2021;06:46:00;94;Acidente com Vítimas;512,2;BR-040/MG;Sul;Tombamento de Moto;0;0;0;2;0;0;0;0;0;0;0;0;0;0;0
26/08/2021;07:01:00;97;Acidente sem Vítimas;524,2;BR-040/MG;Sul;Outros;2;0;0;0;0;0;0;0;0;0;0;0;0;0;0
26/08/2021;07:08:00;99;Acidente com Vítimas;691,2;BR-040/MG;Norte;Atropelamento de Andarilho;1;0;0;0;0;0;0;0;0;0;1;1;0;0;0
26/08/2021;07:32:00;111;Acidente com Vítimas;5,6;BR-040/DF;Norte;Atropelamento de Pedestre;0;0;0;2;0;0;0;0;0;0;1;0;1;0;0
26/08/2021;07:47:00;116;Acidente com Vítimas;563,2;BR-040/MG;Norte;Colisão lateral;3;0;0;0;0;1;0;0;0;0;0;0;2;0;0
26/08/2021;08:19:00;129;Acidente sem Vítimas;667,78;BR-040/MG;Norte;Colisão lateral;4;0;0;0;0;0;0;0;0;0;2;0;0;0;0
26/08/2021;09:22:00;139;Acidente sem Vítimas;634,9;BR-040/MG;Sul;Capotamento;1;0;0;0;0;1;0;0;0;0;1;0;0;0;0
26/08/2021;11:42:00;163;Acidente sem Vítimas;3,1;BR-040/GO;Norte;Engavetamento;3;0;0;0;0;0;0;0;0;0;0;0;0;0;0
26/08/2021;11:50:00;165;Acidente com Vítimas;43,5;BR-040/MG;Sul;Colisão transversal;1;0;0;1;0;0;0;0;0;0;0;1;0;0;0
26/08/2021;12:43:00;173;Acidente sem Vítimas;0,5;BR-040/GO;Norte;Colisão traseira;1;0;0;0;0;1;0;0;0;0;0;0;0;0;0
26/08/2021;14:36:00;194;Acidente com Vítimas;464,8;BR-040/MG;Norte;Capotamento;1;0;1;0;0;0;0;0;0;0;0;1;0;0;0
26/08/2021;17:03:00;222;Acidente Fatal;630,8;BR-040/MG;Norte;Atropelamento de Pedestre;1;0;1;0;0;0;0;0;0;0;2;0;0;0;1
26/08/2021;22:17:00;303;Acidente sem Vítimas;451,5;BR-040/MG;Sul;Tombamento;0;0;1;0;0;0;0;0;0;0;1;0;0;0;0
27/08/2021;01:28:00;34;Acidente sem Vítimas;716,15;BR-040/MG;Norte;Choque c/ Objeto Fixo;0;0;0;0;0;1;0;0;0;0;1;0;0;0;0
27/08/2021;09:39:00;145;Acidente sem Vítimas;468,23;BR-040/MG;Norte;Colisão lateral;0;0;1;1;0;1;0;0;0;0;0;0;0;0;0
27/08/2021;12:12:00;178;Acidente sem Vítimas;432,2;BR-040/MG;Norte;Colisão lateral;1;0;0;0;1;0;0;0;0;0;0;0;0;0;0
27/08/2021;14:58:00;220;Acidente sem Vítimas;429,5;BR-040/MG;Norte;Tombamento;0;0;3;0;0;0;0;0;0;0;0;0;0;0;0
27/08/2021;18:31:00;283;Acidente sem Vítimas;521,15;BR-040/MG;Sul;Atropelamento de Animal;1;0;0;0;0;1;0;0;0;0;1;0;0;0;0
27/08/2021;19:21:00;299;Acidente sem Vítimas;118,8;BR-040/GO;Sul;Atropelamento de Animal;4;0;0;0;0;0;0;0;0;0;1;0;0;0;0
27/08/2021;23:36:00;359;Acidente sem Vítimas;644,5;BR-040/MG;Norte;Colisão traseira;3;0;0;0;0;0;0;0;0;0;2;0;0;0;0
28/08/2021;00:25:00;6;Acidente com Vítimas;602,15;BR-040/MG;Norte;Colisão traseira;1;0;0;0;2;1;0;0;0;0;2;0;0;0;0
28/08/2021;01:00:00;10;Acidente com Vítimas;770,6;BR-040/MG;Sul;Capotamento;1;0;0;0;0;0;0;0;0;0;1;1;0;0;0
28/08/2021;02:22:00;23;Acidente com Vítimas;679,8;BR-040/MG;Sul;Tombamento de Moto;0;0;0;1;0;0;0;0;0;0;1;1;0;0;0
28/08/2021;05:54:00;50;Acidente com Vítimas;633,45;BR-040/MG;Sul;Colisão transversal;2;0;0;0;0;0;0;0;0;0;2;0;0;0;0
28/08/2021;06:13:00;48;Acidente com Vítimas;2,4;BR-040/GO;Norte;Colisão traseira;1;0;0;1;0;0;0;0;0;0;1;0;1;0;0
28/08/2021;06:50:00;47;Acidente sem Vítimas;552,4;BR-040/MG;Norte;Choque c/ Objeto Fixo;1;0;0;0;0;0;0;0;0;0;0;0;0;0;0
28/08/2021;08:38:00;96;Acidente com Vítimas;634,8;BR-040/MG;Sul;Colisão transversal;1;0;0;1;0;0;0;0;0;0;2;2;0;0;0
28/08/2021;14:47:00;180;Acidente com Vítimas;716,89;BR-040/MG;Sul;Tombamento;0;0;1;0;1;0;0;0;0;0;0;1;0;0;0
28/08/2021;15:00:00;182;Acidente com Vítimas;3,6;BR-040/DF;Norte;Engavetamento;2;0;0;2;0;0;0;0;0;0;3;1;0;0;0
28/08/2021;16:44:00;199;Acidente com Vítimas;24,28;BR-040/GO;Norte;Colisão traseira;1;0;0;1;0;0;0;0;0;0;1;0;1;0;0
28/08/2021;17:14:00;211;Acidente sem Vítimas;563,2;BR-040/MG;Norte;Choque c/ Objeto Fixo;1;0;0;0;0;0;0;0;0;0;0;0;0;0;0
28/08/2021;17:45:00;222;Acidente sem Vítimas;433,8;BR-040/MG;Sul;Choque c/ Objeto Fixo;2;0;0;0;0;0;0;0;0;0;2;0;0;0;0
28/08/2021;18:01:00;224;Acidente com Vítimas;602,55;BR-040/MG;Sul;Colisão traseira;2;0;0;0;0;0;0;0;0;0;2;0;1;0;0
28/08/2021;18:35:00;232;Acidente sem Vítimas;517,1;BR-040/MG;Norte;Colisão lateral;2;0;0;0;0;0;0;0;0;0;2;0;0;0;0
28/08/2021;19:14:00;239;Acidente sem Vítimas;93,5;BR-040/MG;Sul;Choque c/ Objeto Fixo;1;0;0;0;0;0;0;0;0;0;1;0;0;0;0
28/08/2021;19:42:00;245;Acidente com Vítimas;617,5;BR-040/MG;Sul;Colisão traseira;1;0;0;0;0;1;0;0;0;0;1;0;0;0;0
28/08/2021;23:42:00;288;Acidente com Vítimas;2,5;BR-040/GO;Sul;Colisão traseira;2;0;0;2;0;0;0;0;0;0;1;0;1;0;0
29/08/2021;03:06:00;25;Acidente com Vítimas;2,2;BR-040/GO;Norte;Capotamento;1;0;0;0;0;1;0;0;0;0;1;1;0;0;0
29/08/2021;13:21:00;121;Acidente com Vítimas;12,1;BR-040/GO;Sul;Colisão lateral;1;1;0;0;0;0;0;0;0;0;1;1;0;0;0
29/08/2021;14:57:00;138;Acidente com Vítimas;10,1;BR-040/GO;Sul;Colisão transversal;2;0;0;1;0;0;0;0;0;0;1;0;1;0;0
29/08/2021;18:07:00;176;Acidente com Vítimas;635,1;BR-040/MG;Sul;Colisão traseira;3;0;0;0;0;1;0;0;0;0;2;2;2;1;0
29/08/2021;20:04:00;201;Acidente com Vítimas;38,5;BR-040/GO;Norte;Colisão traseira;0;0;2;0;0;0;0;0;0;0;0;0;0;1;0
29/08/2021;21:37:00;212;Acidente com Vítimas;415,5;BR-040/MG;Norte;Choque c/ Objeto Fixo;2;0;0;0;0;2;0;0;0;0;3;3;0;0;0
30/08/2021;06:45:00;76;Acidente com Vítimas;42,1;BR-040/MG;Norte;Atropelamento de Ciclista;0;0;0;1;0;0;0;0;0;0;2;2;0;0;0
30/08/2021;06:48:00;78;Acidente sem Vítimas;7,1;BR-040/GO;Norte;Colisão traseira;3;0;0;0;0;0;0;0;0;0;3;0;0;0;0
30/08/2021;06:54:00;80;Acidente com Vítimas;8,1;BR-040/GO;Norte;Queda Veículo;0;0;0;2;0;0;0;0;0;0;1;0;1;0;0
30/08/2021;07:09:00;81;Acidente sem Vítimas;733,2;BR-040/MG;Norte;Choque c/ Objeto Fixo;1;0;0;0;0;0;0;0;0;0;1;0;0;0;0
30/08/2021;07:29:00;88;Acidente sem Vítimas;3,1;BR-040/GO;Norte;Colisão lateral;1;0;0;1;0;0;0;0;0;0;2;0;0;0;0
30/08/2021;13:55:00;190;Acidente com Vítimas;7,5;BR-040/GO;Norte;Atropelamento de Ciclista;0;1;0;0;0;0;0;0;0;0;0;0;1;0;0
30/08/2021;14:23:00;194;Acidente com Vítimas;586,5;BR-040/MG;Norte;Choque c/ Objeto Fixo;0;0;1;0;0;1;0;0;0;0;0;1;0;0;0
30/08/2021;15:03:00;204;Acidente com Vítimas;596,1;BR-040/MG;Norte;Colisão lateral;0;0;1;0;2;0;0;0;0;0;2;1;0;0;0
30/08/2021;17:40:00;234;Acidente sem Vítimas;47,1;BR-040/MG;Sul;Colisão traseira;2;0;0;0;0;2;0;0;0;0;2;0;0;0;0
30/08/2021;17:40:00;235;Acidente com Vítimas;537,6;BR-040/MG;Norte;Colisão lateral;2;0;0;1;0;0;0;0;0;0;2;0;1;0;0
30/08/2021;20:49:00;280;Acidente com Vítimas;681,9;BR-040/MG;Sul;Atropelamento de Pedestre;0;0;0;0;0;1;0;0;0;0;0;0;1;0;0
30/08/2021;21:34:00;292;Acidente com Vítimas;18,5;BR-040/GO;Sul;Capotamento;2;0;0;0;0;0;0;0;0;0;0;0;1;0;0
01/09/2021;03:11:00;59;Acidente com Vítimas;524,3;BR-040/MG;Norte;Choque c/ Objeto Fixo;1;0;0;0;0;0;0;0;0;0;1;1;0;0;0
01/09/2021;07:02:00;115;Acidente sem Vítimas;516,8;BR-040/MG;Norte;Choque c/ Objeto Fixo;1;0;0;0;0;0;0;0;0;0;1;0;0;0;0
01/09/2021;07:08:00;117;Acidente sem Vítimas;40,55;BR-040/MG;Sul;Colisão lateral;1;0;0;1;0;0;0;0;0;0;1;1;0;0;0
01/09/2021;07:55:00;131;Acidente com Vítimas;7,8;BR-040/GO;Norte;Tombamento de Moto;0;0;0;1;0;0;0;0;0;0;0;1;1;0;0
01/09/2021;08:38:00;143;Acidente com Vítimas;553,3;BR-040/MG;Sul;Colisão lateral;1;0;0;3;0;0;0;0;0;0;1;1;0;0;0
01/09/2021;09:33:00;160;Acidente sem Vítimas;44,3;BR-040/MG;Norte;Tombamento de Moto;0;0;0;1;0;0;0;0;0;0;1;0;0;0;0
01/09/2021;10:17:00;168;Acidente sem Vítimas;3,5;BR-040/DF;Sul;Colisão lateral;1;0;2;0;0;1;0;0;0;0;3;0;0;0;0
01/09/2021;11:10:00;187;Acidente sem Vítimas;5,1;BR-040/GO;Norte;Colisão traseira;1;0;0;1;0;0;0;0;0;0;2;0;0;0;0
01/09/2021;16:02:00;262;Acidente sem Vítimas;511,5;BR-040/MG;Sul;Colisão traseira;0;0;0;2;0;1;0;0;0;0;3;0;0;0;0
01/09/2021;18:36:00;294;Acidente sem Vítimas;505,5;BR-040/MG;Sul;Atropelamento de Animal;1;0;0;0;0;1;0;0;0;0;0;0;0;0;0
01/09/2021;20:53:00;319;Acidente sem Vítimas;11,1;BR-040/GO;Sul;Choque c/ Objeto Fixo;1;0;0;0;0;0;0;0;0;0;1;0;0;0;0
02/09/2021;04:19:00;71;Acidente sem Vítimas;523,2;BR-040/MG;Sul;Outros;2;0;0;0;0;0;0;0;0;0;0;0;0;0;0
02/09/2021;04:51:00;74;Acidente sem Vítimas;511,2;BR-040/MG;Sul;Colisão traseira;0;0;0;0;0;0;0;0;0;0;0;0;0;0;0
02/09/2021;05:40:00;78;Acidente sem Vítimas;537,541;BR-040/MG;Sul;Colisão traseira;1;0;0;0;1;1;0;0;0;0;2;0;0;0;0
02/09/2021;06:48:00;93;Acidente sem Vítimas;284,1;BR-040/MG;Norte;Colisão lateral;1;0;0;0;0;0;0;0;0;0;1;0;0;0;0
02/09/2021;07:55:00;116;Acidente com Vítimas;449,45;BR-040/MG;Norte;Tombamento de Moto;0;0;0;1;0;0;0;0;0;0;1;1;0;0;0
02/09/2021;08:02:00;126;Acidente sem Vítimas;4,24;BR-040/GO;Norte;Colisão traseira;2;0;0;1;0;0;0;0;0;0;2;0;0;0;0
02/09/2021;09:23:00;144;Acidente com Vítimas;696,93;BR-040/MG;Sul;Choque c/ Objeto Fixo;2;0;0;0;0;0;0;0;0;0;0;0;0;1;0
02/09/2021;09:58:00;152;Acidente sem Vítimas;717,3;BR-040/MG;Sul;Capotamento;1;0;0;0;0;1;0;0;0;0;1;0;0;0;0
02/09/2021;10:22:00;157;Acidente sem Vítimas;507,3;BR-040/MG;Sul;Colisão traseira;1;0;1;0;0;0;0;0;0;0;2;0;0;0;0
02/09/2021;15:07:00;215;Acidente com Vítimas;5,3;BR-040/MG;Sul;Colisão frontal;0;0;0;0;1;1;0;0;0;0;2;0;0;1;0
02/09/2021;16:06:00;227;Acidente com Vítimas;487,3;BR-040/MG;Sul;Tombamento de Moto;1;0;0;1;0;0;0;0;0;0;2;0;0;0;0
02/09/2021;18:36:00;257;Acidente com Vítimas;668,5;BR-040/MG;Norte;Atropelamento de Pedestre;0;0;0;0;0;2;0;0;0;0;1;0;0;1;0
02/09/2021;18:38:00;256;Acidente com Vítimas;534,3;BR-040/MG;Norte;Colisão traseira;2;0;0;0;0;0;0;0;0;0;3;0;1;0;0
02/09/2021;19:55:00;276;Acidente sem Vítimas;5,1;BR-040/GO;Sul;Colisão traseira;4;0;0;0;0;0;0;0;0;0;2;0;0;0;0
02/09/2021;22:29:00;305;Acidente sem Vítimas;448,5;BR-040/MG;Norte;Choque c/ Objeto Fixo;1;0;0;0;0;0;0;0;0;0;0;0;0;0;0
03/09/2021;03:18:00;50;Acidente com Vítimas;718,8;BR-040/MG;Sul;Tombamento;0;0;1;0;1;1;0;0;0;0;46;1;0;0;0
03/09/2021;06:27:00;84;Acidente com Vítimas;4,2;BR-040/DF;Norte;Atropelamento de Pedestre;0;0;0;0;0;2;0;0;0;0;1;1;0;0;0
03/09/2021;08:51:00;122;Acidente com Vítimas;12,9;BR-040/GO;Norte;Tombamento de Moto;0;0;0;2;0;0;0;0;0;0;0;1;0;0;0
03/09/2021;10:42:00;150;Acidente com Vítimas;764,2;BR-040/MG;Sul;Choque c/ Objeto Fixo;1;0;0;0;0;0;0;0;0;0;1;1;0;0;0
03/09/2021;11:41:00;163;Acidente sem Vítimas;494,2;BR-040/MG;Norte;Choque c/ Objeto Fixo;0;0;0;1;0;1;0;0;0;0;0;0;0;0;0
03/09/2021;13:16:00;180;Acidente com Vítimas;0,3;BR-040/GO;Norte;Tombamento de Moto;1;0;0;2;0;0;0;0;0;0;3;1;0;0;0
03/09/2021;14:12:00;199;Acidente sem Vítimas;439,5;BR-040/MG;Norte;Capotamento;1;0;0;0;1;1;0;0;0;0;29;0;0;0;0
03/09/2021;15:42:00;227;Acidente sem Vítimas;137,8;BR-040/GO;Norte;Colisão lateral;1;0;1;0;1;0;0;0;0;0;3;0;0;0;0
03/09/2021;16:09:00;236;Acidente com Vítimas;2,9;BR-040/GO;Norte;Colisão traseira;1;0;0;1;0;0;0;0;0;0;2;1;0;0;0
03/09/2021;16:13:00;237;Acidente sem Vítimas;548,6;BR-040/MG;Sul;Engavetamento;5;0;0;0;0;0;0;0;0;0;0;0;0;0;0
03/09/2021;16:40:00;244;Acidente sem Vítimas;549,2;BR-040/MG;Sul;Outros;0;1;0;0;0;1;0;0;0;0;0;0;0;0;0
03/09/2021;16:51:00;247;Acidente sem Vítimas;466,2;BR-040/MG;Sul;Outros;1;0;0;0;0;0;0;0;0;0;0;0;0;0;0
03/09/2021;17:46:00;259;Acidente com Vítimas;547,3;BR-040/MG;Norte;Tombamento de Moto;0;0;0;1;0;0;0;0;0;0;1;0;1;0;0
03/09/2021;18:32:00;274;Acidente com Vítimas;5,5;BR-040/GO;Sul;Queda Veículo;0;0;0;1;0;0;0;0;0;0;1;1;0;0;0
03/09/2021;19:44:00;300;Acidente com Vítimas;97,1;BR-040/GO;Sul;Atropelamento de Animal;0;0;0;1;0;0;0;0;0;0;1;0;0;0;0
03/09/2021;19:53:00;302;Acidente Fatal;7,5;BR-040/DF;Sul;Colisão lateral;0;0;0;2;2;3;0;0;0;0;47;0;0;0;1
03/09/2021;21:24:00;325;Acidente sem Vítimas;590,15;BR-040/MG;Norte;Capotamento;2;0;1;0;0;0;0;0;0;0;3;0;0;0;0
03/09/2021;23:36:00;358;Acidente sem Vítimas;514,8;BR-040/MG;Sul;Colisão traseira;0;0;2;1;0;0;0;0;0;0;2;0;0;0;0
03/09/2021;23:37:00;359;Acidente sem Vítimas;523,3;BR-040/MG;Sul;Atropelamento de Animal;1;0;0;0;0;1;0;0;0;0;1;0;0;0;0
04/09/2021;00:26:00;4;Acidente sem Vítimas;747,15;BR-040/MG;Sul;Colisão lateral;2;0;0;0;0;0;0;0;0;0;8;0;0;0;0
04/09/2021;04:34:00;35;Acidente com Vítimas;90,8;BR-040/GO;Norte;Capotamento;1;0;0;0;0;0;0;0;0;0;2;1;1;0;0
04/09/2021;06:53:00;54;Acidente sem Vítimas;90,8;BR-040/GO;Sul;Colisão traseira;1;0;0;0;0;1;0;0;0;0;0;0;0;0;0
04/09/2021;08:31:00;92;Acidente sem Vítimas;658,8;BR-040/MG;Sul;Colisão transversal;1;0;0;1;1;0;0;0;0;0;5;0;0;0;0
04/09/2021;09:32:00;103;Acidente sem Vítimas;565,2;BR-040/MG;Sul;Colisão traseira;3;1;0;0;0;0;0;0;0;0;0;0;0;0;0
04/09/2021;09:35:00;105;Acidente sem Vítimas;413,2;BR-040/MG;Sul;Outros;2;0;1;0;0;0;0;0;0;0;0;0;0;0;0
04/09/2021;09:56:00;112;Acidente sem Vítimas;413,2;BR-040/MG;Sul;Outros;2;0;0;0;0;0;0;0;0;0;0;0;0;0;0
04/09/2021;09:57:00;113;Acidente sem Vítimas;513,2;BR-040/MG;Sul;Outros;3;0;0;0;0;0;0;0;0;0;0;0;0;0;0