data;horario;n_da_ocorrencia;tipo_de_ocorrencia;km;trecho;sentido;tipo_de_acidente;automovel;bicicleta;caminhao;moto;onibus;outros;tracao_animal;transporte_de_cargas_especiais;trator_maquinas;utilitarios;ilesos;levemente_feridos;moderadamente_feridos;gravemente_feridos;mortos
16/09/2021;16:48:00;261;Acidente sem Vítimas;519,5;BR-040/MG;Sul;Capotamento;1;0;0;0;0;3;0;0;0;0;0;0;0;0;0
16/09/2021;16:59:00;268;Acidente com Vítimas;527,6;BR-040/MG;Norte;Colisão traseira;2;0;0;0;0;2;0;0;0;0;0;1;0;0;0
16/09/2021;18:38:00;304;Acidente com Vítimas;469,7;BR-040/MG;Norte;Colisão traseira;2;0;1;3;0;1;0;0;0;0;1;2;0;0;0
16/09/2021;19:20:00;313;Acidente sem Vítimas;469,8;BR-040/MG;Norte;Tombamento de Moto;0;0;0;1;0;0;0;0;0;0;1;0;0;0;0
16/09/2021;20:11:00;324;Acidente sem Vítimas;14,1;BR-040/GO;Sul;Capotamento;1;0;0;0;0;0;0;0;0;0;2;0;0;0;0
17/09/2021;05:08:00;76;Acidente sem Vítimas;656,3;BR-040/MG;Sul;Tombamento;0;0;0;0;1;0;0;0;0;0;1;0;0;0;0
17/09/2021;12:33:00;218;Acidente com Vítimas;467,6;BR-040/MG;Norte;Choque c/ Objeto Fixo;1;0;0;0;0;1;0;0;0;0;1;0;0;0;0
17/09/2021;14:07:00;235;Acidente com Vítimas;10,1;BR-040/GO;Norte;Colisão transversal;0;0;0;1;0;1;0;0;0;0;0;1;0;0;0
17/09/2021;14:18:00;237;Acidente com Vítimas;632,6;BR-040/MG;Norte;Colisão transversal;4;0;0;0;0;0;0;0;0;0;2;0;1;0;0
17/09/2021;14:26:00;240;Acidente com Vítimas;532,2;BR-040/MG;Sul;Outros;4;0;0;0;0;0;0;0;0;0;0;1;0;0;0
17/09/2021;15:11:00;253;Acidente com Vítimas;17,8;BR-040/GO;Sul;Tombamento de Moto;0;0;0;1;0;0;0;0;0;0;0;0;1;0;0
17/09/2021;16:39:00;278;Acidente com Vítimas;5,5;BR-040/DF;Sul;Atropelamento de Pedestre;1;0;0;0;0;0;0;0;0;0;1;0;0;1;0
17/09/2021;19:34:00;312;Acidente com Vítimas;476,1;BR-040/MG;Norte;Colisão traseira;2;0;0;0;0;1;0;0;0;0;0;0;1;0;0
17/09/2021;19:51:00;317;Acidente sem Vítimas;653,1;BR-040/MG;Norte;Colisão traseira;1;0;0;1;0;1;0;0;0;0;3;0;0;0;0
17/09/2021;20:15:00;321;Acidente com Vítimas;75,1;BR-040/GO;Norte;Choque c/ Objeto Fixo;0;0;0;0;0;1;0;0;0;0;0;0;1;0;0
17/09/2021;20:52:00;328;Acidente sem Vítimas;27,7;BR-040/GO;Sul;Tombamento;0;0;1;0;0;0;0;0;0;0;1;0;0;0;0
17/09/2021;21:07:00;333;Acidente sem Vítimas;601,8;BR-040/MG;Sul;Atropelamento de Animal;1;0;0;0;0;0;0;0;0;0;1;0;0;0;0
17/09/2021;22:14:00;344;Acidente com Vítimas;520,9;BR-040/MG;Norte;Tombamento de Moto;0;0;0;2;0;0;0;0;0;0;0;0;0;1;0
18/09/2021;00:23:00;9;Acidente com Vítimas;403,1;BR-040/MG;Norte;Capotamento;1;0;0;0;0;0;0;0;0;0;3;1;0;0;0
18/09/2021;01:38:00;14;Acidente sem Vítimas;536,5;BR-040/MG;Norte;Colisão lateral;1;0;0;2;0;0;0;0;0;0;1;0;0;0;0
18/09/2021;02:26:00;17;Acidente com Vítimas;23,5;BR-040/MG;Sul;Colisão traseira;1;0;0;0;0;1;0;0;0;0;2;2;0;0;0
18/09/2021;05:32:00;31;Acidente sem Vítimas;131,3;BR-040/MG;Norte;Colisão traseira;1;0;1;0;1;0;0;0;0;0;2;0;0;0;0
18/09/2021;05:45:00;32;Acidente sem Vítimas;12,2;BR-040/GO;Sul;Choque c/ Objeto Fixo;1;0;0;0;0;0;0;0;0;0;0;0;0;0;0
18/09/2021;06:10:00;38;Acidente com Vítimas;61,1;BR-040/MG;Norte;Choque c/ Objeto Fixo;1;0;0;0;0;2;0;0;0;0;5;1;1;0;0
18/09/2021;08:42:00;69;Acidente sem Vítimas;91,274;BR-040/MG;Norte;Colisão traseira;0;0;0;2;2;0;0;0;0;0;2;0;0;0;0
18/09/2021;08:46:00;70;Acidente sem Vítimas;473,5;BR-040/MG;Sul;Tombamento;0;0;0;0;1;0;0;0;0;0;1;0;0;0;0
18/09/2021;10:28:00;90;Acidente com Vítimas;4,8;BR-040/GO;Norte;Queda Veículo;5;0;0;0;0;0;0;0;0;0;1;1;0;0;0
18/09/2021;16:25:00;175;Acidente sem Vítimas;1,7;BR-040/GO;Sul;Colisão traseira;3;0;0;0;0;0;0;0;0;0;2;0;0;0;0
18/09/2021;18:15:00;205;Acidente com Vítimas;5,1;BR-040/GO;Sul;Choque c/ Objeto Fixo;0;0;0;0;1;1;0;0;0;0;2;1;0;0;0
18/09/2021;19:23:00;219;Acidente sem Vítimas;7,4;BR-040/GO;Norte;Colisão traseira;2;0;0;0;0;0;0;0;0;0;5;0;0;0;0
19/09/2021;04:09:00;14;Acidente com Vítimas;41,3;BR-040/MG;Norte;Colisão frontal;3;0;0;0;0;1;0;0;0;0;0;0;0;1;0
19/09/2021;08:08:00;39;Acidente com Vítimas;617,5;BR-040/MG;Sul;Tombamento de Moto;0;0;0;1;0;0;0;0;0;0;1;1;0;0;0
19/09/2021;09:12:00;54;Acidente com Vítimas;570,3;BR-040/MG;Sul;Tombamento de Moto;0;0;0;2;0;0;0;0;0;0;1;0;0;0;0
19/09/2021;16:48:00;148;Acidente sem Vítimas;530,3;BR-040/MG;Sul;Colisão traseira;3;0;0;0;0;0;0;0;0;0;0;0;0;0;0
19/09/2021;17:04:00;157;Acidente sem Vítimas;517,5;BR-040/MG;Sul;Colisão traseira;2;0;0;0;0;0;0;0;0;0;0;0;0;0;0
19/09/2021;18:27:00;186;Acidente sem Vítimas;694,15;BR-040/MG;Norte;Colisão traseira;3;0;0;0;0;0;0;0;0;0;2;0;0;0;0
19/09/2021;18:39:00;191;Acidente Fatal;528,4;BR-040/MG;Norte;Atropelamento de Pedestre;0;0;0;1;0;0;0;0;0;0;0;0;2;0;1
19/09/2021;20:26:00;215;Acidente Fatal;145,2;BR-040/MG;Sul;Colisão transversal;1;0;1;1;1;1;0;0;0;0;2;0;0;1;1
20/09/2021;06:37:00;101;Acidente com Vítimas;2,8;BR-040/GO;Sul;Tombamento de Moto;0;0;1;1;0;0;0;0;0;0;2;0;1;0;0
20/09/2021;06:57:00;111;Acidente com Vítimas;669,933;BR-040/MG;Norte;Colisão lateral;1;0;0;0;1;1;0;0;0;0;2;1;0;0;0
20/09/2021;07:07:00;117;Acidente com Vítimas;477,5;BR-040/MG;Norte;Tombamento;0;0;0;1;0;0;0;0;0;0;0;1;0;0;0
20/09/2021;08:20:00;139;Acidente com Vítimas;533,2;BR-040/MG;Norte;Tombamento de Moto;0;0;0;1;0;0;0;0;0;0;0;1;0;0;0
20/09/2021;08:27:00;145;Acidente sem Vítimas;543,6;BR-040/MG;Norte;Colisão traseira;1;0;0;0;0;2;0;0;0;0;0;0;0;0;0
20/09/2021;09:09:00;156;Acidente Fatal;532,2;BR-040/MG;Norte;Atropelamento de Andarilho;1;0;0;0;0;1;0;0;0;0;0;0;0;0;0
20/09/2021;09:22:00;160;Acidente com Vítimas;716,9;BR-040/MG;Norte;Capotamento;1;0;0;0;0;0;0;0;0;0;1;1;0;0;0
20/09/2021;12:33:00;211;Acidente sem Vítimas;488,5;BR-040/MG;Norte;Colisão traseira;3;0;0;0;0;0;0;0;0;0;0;0;0;0;0
20/09/2021;14:06:00;225;Acidente sem Vítimas;587,9;BR-040/MG;Norte;Colisão traseira;0;0;0;0;0;0;0;0;0;0;0;0;0;0;0
20/09/2021;14:38:00;235;Acidente com Vítimas;587,7;BR-040/MG;Sul;Colisão lateral;0;0;1;0;4;2;0;0;0;0;6;1;1;0;0
20/09/2021;16:09:00;254;Acidente Fatal;60,11;BR-040/GO;Norte;Colisão frontal;3;0;3;0;0;0;0;0;0;0;3;0;0;0;1
20/09/2021;16:33:00;257;Acidente sem Vítimas;522,2;BR-040/MG;Norte;Colisão traseira;6;0;0;0;0;0;0;0;0;0;0;0;0;0;0
20/09/2021;19:26:00;293;Acidente sem Vítimas;6,5;BR-040/GO;Sul;Colisão traseira;5;0;0;0;0;0;0;0;0;0;2;0;0;0;0
20/09/2021;20:05:00;304;Acidente Fatal;281,95;BR-040/MG;Norte;Atropelamento de Pedestre;1;0;0;0;0;0;0;0;0;0;1;0;0;0;1
20/09/2021;20:22:00;306;Acidente com Vítimas;564,6;BR-040/MG;Sul;Tombamento;0;0;0;2;0;0;0;0;0;0;0;0;1;0;0
20/09/2021;23:43:00;338;Acidente sem Vítimas;494,1;BR-040/MG;Norte;Choque c/ Objeto Fixo;0;0;0;0;0;0;0;0;0;2;1;0;0;0;0
21/09/2021;00:20:00;2;Acidente sem Vítimas;661,9;BR-040/MG;Sul;Atropelamento de Animal;3;0;0;0;0;0;0;0;0;0;1;0;0;0;0
21/09/2021;07:00:00;112;Acidente sem Vítimas;540,9;BR-040/MG;Sul;Colisão traseira;2;0;0;0;0;0;0;0;0;0;2;0;0;0;0
21/09/2021;11:42:00;188;Acidente sem Vítimas;535,2;BR-040/MG;Norte;Capotamento;1;0;0;0;1;0;0;0;0;0;2;0;0;0;0
21/09/2021;15:59:00;247;Acidente Fatal;710,446;BR-040/MG;Norte;Capotamento;0;0;3;0;0;0;0;0;0;0;1;0;0;0;1
21/09/2021;17:17:00;267;Acidente com Vítimas;583,9;BR-040/MG;Norte;Colisão lateral;1;0;0;0;0;1;0;0;0;0;2;1;0;0;0
21/09/2021;20:13:00;311;Acidente sem Vítimas;484,2;BR-040/MG;Sul;Colisão lateral;2;0;0;0;0;2;0;0;0;0;2;0;0;0;0
22/09/2021;01:16:00;33;Acidente sem Vítimas;156,7;BR-040/GO;Norte;Choque c/ Objeto Fixo;0;0;0;0;0;1;0;0;0;0;1;0;0;0;0
22/09/2021;14:16:00;212;Acidente Fatal;584,56;BR-040/MG;Sul;Colisão traseira;2;0;0;0;0;2;0;0;0;0;0;0;0;1;1
23/09/2021;06:13:00;90;Acidente com Vítimas;31,25;BR-040/GO;Sul;Tombamento de Moto;1;0;0;1;0;0;0;0;0;0;1;1;0;0;0
23/09/2021;06:43:00;98;Acidente com Vítimas;6,6;BR-040/GO;Norte;Tombamento de Moto;1;0;0;1;0;0;0;0;0;0;2;1;0;0;0
23/09/2021;08:21:00;121;Acidente sem Vítimas;532,2;BR-040/MG;Sul;Colisão lateral;1;0;0;0;0;1;0;0;0;0;0;0;0;0;0
23/09/2021;10:06:00;144;Acidente sem Vítimas;2,8;BR-040/DF;Norte;Choque c/ Objeto Fixo;2;0;0;0;0;0;0;0;0;0;1;0;0;0;0
23/09/2021;10:58:00;156;Acidente sem Vítimas;640,2;BR-040/MG;Sul;Outros;1;0;0;0;0;1;0;0;0;0;2;0;0;0;0
23/09/2021;11:55:00;170;Acidente com Vítimas;468,6;BR-040/MG;Norte;Colisão traseira;1;0;1;1;0;1;0;0;0;0;0;0;0;0;0
23/09/2021;15:44:00;219;Acidente com Vítimas;31,6;BR-040/GO;Sul;Capotamento;1;0;0;0;0;1;0;0;0;0;1;0;1;0;0
23/09/2021;16:23:00;229;Acidente sem Vítimas;726,23;BR-040/MG;Norte;Queda de Ribanceira;2;0;0;0;0;0;0;0;0;0;0;0;0;0;0
23/09/2021;16:29:00;230;Acidente sem Vítimas;696,2;BR-040/MG;Sul;Outros;2;0;2;0;0;0;0;0;0;0;2;0;0;0;0
23/09/2021;20:06:00;287;Acidente sem Vítimas;741,15;BR-040/MG;Sul;Choque c/ Objeto Fixo;1;0;0;0;0;0;0;0;0;0;1;0;0;0;0
23/09/2021;21:33:00;310;Acidente com Vítimas;544,3;BR-040/MG;Norte;Tombamento;0;0;0;1;0;0;0;0;0;0;2;2;0;0;0
23/09/2021;23:18:00;328;Acidente com Vítimas;316,7;BR-040/MG;Norte;Colisão traseira;0;0;0;1;1;0;0;0;0;0;2;1;0;0;0
24/09/2021;07:16:00;119;Acidente sem Vítimas;684,2;BR-040/MG;Norte;Choque c/ Objeto Fixo;1;0;0;0;0;0;0;0;0;0;1;0;0;0;0
24/09/2021;09:45:00;177;Acidente sem Vítimas;533,2;BR-040/MG;Norte;Colisão traseira;2;0;0;0;0;0;0;0;0;0;0;0;0;0;0
24/09/2021;16:46:00;278;Acidente com Vítimas;661,2;BR-040/MG;Sul;Tombamento de Moto;0;0;0;1;0;0;0;0;0;0;0;0;1;0;0
24/09/2021;17:18:00;289;Acidente com Vítimas;569,72;BR-040/MG;Sul;Colisão transversal;2;0;0;0;0;0;0;0;0;0;2;0;0;1;0
24/09/2021;18:26:00;307;Acidente sem Vítimas;660,3;BR-040/MG;Norte;Colisão frontal;4;0;0;0;0;0;0;0;0;0;2;0;0;0;0
24/09/2021;18:44:00;314;Acidente com Vítimas;11,5;BR-040/GO;Norte;Queda Veículo;0;0;0;1;0;0;0;0;0;0;1;0;0;0;0
24/09/2021;23:21:00;384;Acidente com Vítimas;23,1;BR-040/GO;Sul;Choque c/ Objeto Fixo;3;0;0;0;0;0;0;0;0;0;0;1;0;0;0
25/09/2021;00:17:00;8;Acidente Fatal;545,1;BR-040/MG;Sul;Choque c/ Objeto Fixo;2;0;0;2;0;1;0;0;0;0;1;0;0;0;1
25/09/2021;05:39:00;52;Acidente sem Vítimas;4,1;BR-040/GO;Norte;Engavetamento;2;0;0;0;0;1;0;0;0;0;3;0;0;0;0
25/09/2021;06:50:00;66;Acidente com Vítimas;5,5;BR-040/DF;Norte;Tombamento de Moto;0;0;0;4;0;1;0;0;0;0;3;0;1;0;0
25/09/2021;07:19:00;71;Acidente sem Vítimas;25,25;BR-040/GO;Norte;Capotamento;1;0;0;0;0;0;0;0;0;0;1;0;0;0;0
25/09/2021;08:35:00;87;Acidente sem Vítimas;9,7;BR-040/GO;Norte;Choque c/ Objeto Fixo;0;0;0;0;1;0;0;0;0;0;18;0;0;0;0
25/09/2021;09:33:00;106;Acidente com Vítimas;634,5;BR-040/MG;Norte;Atropelamento de Animal;3;0;1;0;1;0;0;0;0;0;0;0;0;0;0
25/09/2021;10:11:00;111;Acidente sem Vítimas;8,23;BR-040/DF;Sul;Colisão lateral;1;0;0;0;1;0;0;0;0;0;2;0;0;0;0
25/09/2021;10:18:00;114;Acidente com Vítimas;221,7;BR-040/MG;Norte;Capotamento;0;0;0;0;0;4;0;0;0;0;3;1;2;0;0
25/09/2021;14:12:00;156;Acidente sem Vítimas;519,2;BR-040/MG;Norte;Engavetamento;1;0;0;0;0;2;0;0;0;0;3;0;0;0;0
25/09/2021;16:15:00;178;Acidente com Vítimas;623,7;BR-040/MG;Norte;Tombamento de Moto;0;0;0;2;0;0;0;0;0;0;0;0;1;0;0
25/09/2021;19:02:00;215;Acidente com Vítimas;8,15;BR-040/GO;Norte;Colisão lateral;3;0;0;2;2;0;0;0;0;0;4;0;1;0;0
26/09/2021;03:37:00;13;Acidente com Vítimas;657,95;BR-040/MG;Norte;Capotamento;2;0;0;0;0;0;0;0;0;0;1;0;0;0;0
26/09/2021;04:22:00;18;Acidente sem Vítimas;673,15;BR-040/MG;Norte;Capotamento;3;0;0;0;0;0;0;0;0;0;1;0;0;0;0
26/09/2021;06:37:00;28;Acidente sem Vítimas;2,6;BR-040/DF;Norte;Capotamento;1;0;0;0;0;1;0;0;0;0;0;0;0;0;0
26/09/2021;08:29:00;41;Acidente com Vítimas;2,78;BR-040/DF;Norte;Engavetamento;2;0;0;0;0;0;0;0;0;0;2;2;0;0;0
26/09/2021;10:22:00;59;Acidente com Vítimas;44,2;BR-040/GO;Norte;Tombamento;2;0;0;0;0;1;0;0;0;0;1;1;2;0;0
26/09/2021;10:25:00;60;Acidente sem Vítimas;470,2;BR-040/MG;Sul;Colisão traseira;0;0;0;0;1;1;0;0;0;0;2;0;0;0;0
26/09/2021;13:53:00;93;Acidente com Vítimas;751,8;BR-040/MG;Sul;Tombamento de Moto;0;0;0;1;0;0;0;0;0;0;0;0;1;0;0
26/09/2021;16:13:00;113;Acidente sem Vítimas;656,2;BR-040/MG;Sul;Colisão traseira;1;0;0;0;0;1;0;0;0;0;1;0;0;0;0
26/09/2021;16:58:00;130;Acidente sem Vítimas;487,2;BR-040/MG;Norte;Colisão lateral;2;0;1;0;0;0;0;0;0;0;2;0;0;0;0
26/09/2021;16:58:00;134;Acidente sem Vítimas;635;BR-040/MG;Norte;Colisão traseira;3;0;0;0;0;1;0;0;0;0;20;0;0;0;0
26/09/2021;17:17:00;136;Acidente com Vítimas;508,4;BR-040/MG;Norte;Tombamento de Moto;0;0;0;1;0;0;0;0;0;0;1;1;0;0;0
26/09/2021;17:38:00;140;Acidente sem Vítimas;593,15;BR-040/MG;Norte;Choque c/ Objeto Fixo;0;0;0;0;2;1;0;0;0;0;1;0;0;0;0
26/09/2021;19:12:00;165;Acidente sem Vítimas;551,5;BR-040/MG;Norte;Colisão traseira;2;0;0;0;0;0;0;0;0;0;2;0;0;0;0
26/09/2021;20:04:00;181;Acidente com Vítimas;627,1;BR-040/MG;Sul;Atropelamento de Pedestre;1;0;0;0;0;1;0;0;0;0;1;0;0;0;0
27/09/2021;06:18:00;87;Acidente sem Vítimas;331,15;BR-040/MG;Sul;Capotamento;1;0;0;0;0;1;0;0;0;0;1;0;0;0;0
27/09/2021;06:41:00;93;Acidente com Vítimas;544,3;BR-040/MG;Sul;Tombamento de Moto;0;0;0;1;0;0;0;0;0;0;0;1;0;0;0
27/09/2021;06:53:00;97;Acidente com Vítimas;538,6;BR-040/MG;Sul;Atropelamento de Pedestre;0;0;0;1;0;1;0;0;0;0;0;0;1;0;0
27/09/2021;07:02:00;98;Acidente com Vítimas;512,2;BR-040/MG;Sul;Engavetamento;2;0;0;0;0;1;0;0;0;0;0;1;0;0;0
27/09/2021;07:20:00;106;Acidente com Vítimas;757,2;BR-040/MG;Sul;Choque c/ Objeto Fixo;1;0;0;0;0;2;0;0;0;0;1;1;0;0;0
27/09/2021;08:20:00;119;Acidente com Vítimas;510,2;BR-040/MG;Norte;Colisão lateral;1;0;0;1;0;0;0;0;0;0;0;1;0;0;0
27/09/2021;08:25:00;120;Acidente sem Vítimas;473,2;BR-040/MG;Norte;Colisão lateral;1;0;0;0;0;0;0;0;0;0;0;0;0;0;0
27/09/2021;08:50:00;124;Acidente com Vítimas;508,3;BR-040/MG;Sul;Colisão traseira;1;0;0;1;0;0;0;0;0;0;0;1;0;0;0
27/09/2021;10:43:00;154;Acidente com Vítimas;539,2;BR-040/MG;Norte;Engavetamento;0;0;5;0;0;2;0;0;0;0;0;0;2;0;0
27/09/2021;13:00:00;171;Acidente com Vítimas;537,2;BR-040/MG;Sul;Colisão traseira;1;0;0;1;0;0;0;0;0;0;0;1;0;0;0
27/09/2021;13:50:00;178;Acidente com Vítimas;634,4;BR-040/MG;Sul;Capotamento;3;0;0;0;0;0;0;0;0;0;0;1;3;0;0
27/09/2021;15:03:00;191;Acidente com Vítimas;460,2;BR-040/MG;Norte;Capotamento;2;0;0;0;0;0;0;0;0;0;0;1;0;0;0
27/09/2021;15:04:00;192;Acidente com Vítimas;145,15;BR-040/MG;Norte;Colisão transversal;2;0;0;0;0;1;0;0;0;0;2;1;0;0;0
27/09/2021;15:07:00;194;Acidente sem Vítimas;693,2;BR-040/MG;Norte;Colisão traseira;2;0;0;0;0;1;0;0;0;0;2;0;0;0;0
27/09/2021;15:36:00;202;Acidente sem Vítimas;730,2;BR-040/MG;Norte;Tombamento de Moto;4;0;0;0;0;0;0;0;0;0;1;0;0;0;0
27/09/2021;16:40:00;215;Acidente sem Vítimas;635,3;BR-040/MG;Norte;Choque c/ Objeto Fixo;1;0;0;0;0;3;0;0;0;0;0;0;0;0;0
27/09/2021;17:26:00;228;Acidente sem Vítimas;580,5;BR-040/MG;Norte;Choque c/ Objeto Fixo;1;0;0;0;0;0;0;0;0;0;1;0;0;0;0
27/09/2021;17:40:00;233;Acidente com Vítimas;138,15;BR-040/MG;Sul;Choque c/ Objeto Fixo;1;0;0;0;0;1;0;0;0;0;1;0;0;0;0
27/09/2021;17:51:00;235;Acidente sem Vítimas;526,2;BR-040/MG;Norte;Engavetamento;3;0;0;0;0;0;0;0;0;0;3;0;0;0;0
27/09/2021;18:43:00;250;Acidente sem Vítimas;527,1;BR-040/MG;Sul;Choque c/ Veículo Parado;2;0;0;0;0;0;0;0;0;0;1;0;0;0;0
27/09/2021;18:54:00;256;Acidente sem Vítimas;71,4;BR-040/GO;Norte;Tombamento;0;0;2;1;2;0;0;0;0;0;1;0;0;0;0
27/09/2021;18:58:00;257;Acidente sem Vítimas;510,1;BR-040/MG;Sul;Choque c/ Objeto Fixo;0;0;0;0;0;1;0;0;0;0;0;0;0;0;0
27/09/2021;19:00:00;258;Acidente sem Vítimas;509,5;BR-040/MG;Norte;Choque com objeto;0;0;0;0;0;3;0;0;0;0;1;0;0;0;0
27/09/2021;19:02:00;259;Acidente sem Vítimas;504,1;BR-040/MG;Norte;Choque c/ Objeto Fixo;2;0;0;0;0;1;0;0;0;0;1;0;0;0;0
27/09/2021;19:03:00;260;Acidente com Vítimas;516,2;BR-040/MG;Norte;Tombamento de Moto;0;0;0;2;0;0;0;0;0;0;0;1;0;0;0
27/09/2021;19:32:00;268;Acidente com Vítimas;509,5;BR-040/MG;Norte;Colisão traseira;2;0;2;1;0;0;0;0;0;0;1;0;1;0;0
28/09/2021;03:10:00;76;Acidente Fatal;236,5;BR-040/MG;Norte;Colisão frontal;2;0;0;0;0;3;0;0;0;0;4;0;2;1;1
28/09/2021;05:27:00;85;Acidente com Vítimas;461,1;BR-040/MG;Norte;Colisão lateral;1;0;0;0;1;0;0;0;0;0;0;2;0;0;0
28/09/2021;08:41:00;123;Acidente sem Vítimas;527,5;BR-040/MG;Norte;Colisão traseira;1;0;1;0;0;0;0;0;0;0;0;0;0;0;0
28/09/2021;10:01:00;153;Acidente com Vítimas;739,3;BR-040/MG;Norte;Tombamento;0;0;0;0;3;1;0;0;0;0;1;1;0;0;0
28/09/2021;10:12:00;155;Acidente com Vítimas;545,4;BR-040/MG;Sul;Colisão lateral;2;0;0;0;1;1;0;0;0;0;0;1;0;0;0
28/09/2021;12:47:00;183;Acidente com Vítimas;518,5;BR-040/MG;Sul;Tombamento de Moto;0;0;0;1;0;0;0;0;0;0;0;1;0;0;0
28/09/2021;13:57:00;200;Acidente sem Vítimas;532,2;BR-040/MG;Sul;Colisão traseira;1;0;0;0;0;1;0;0;0;0;0;0;0;0;0
29/09/2021;06:40:00;101;Acidente sem Vítimas;548,8;BR-040/MG;Norte;Colisão lateral;1;0;0;1;0;1;0;0;0;0;2;0;1;0;0
29/09/2021;07:05:00;107;Acidente com Vítimas;41,5;BR-040/MG;Norte;Colisão frontal;0;0;0;1;0;1;0;0;0;0;1;1;0;0;0
29/09/2021;08:14:00;132;Acidente com Vítimas;0,5;BR-040/DF;Norte;Atropelamento de Pedestre;0;0;0;0;0;1;0;0;0;0;0;2;0;0;0
29/09/2021;13:54:00;233;Acidente Fatal;637,724;BR-040/MG;Sul;Colisão frontal;0;0;1;0;2;2;0;0;0;0;1;0;1;0;1
29/09/2021;15:14:00;254;Acidente sem Vítimas;761,4;BR-040/MG;Sul;Colisão traseira;2;0;0;0;0;0;0;0;0;0;0;0;0;0;0
29/09/2021;15:53:00;268;Acidente com Vítimas;141,934;BR-040/MG;Norte;Capotamento;2;0;0;0;0;0;0;0;0;0;1;0;0;0;0
29/09/2021;17:42:00;290;Acidente com Vítimas;3,5;BR-040/GO;Sul;Atropelamento de Pedestre;1;0;0;0;0;0;0;0;0;0;0;1;0;0;0
29/09/2021;17:59:00;296;Acidente sem Vítimas;423,9;BR-040/MG;Sul;Engavetamento;3;0;0;0;0;1;0;0;0;0;3;1;0;0;0
29/09/2021;18:29:00;301;Acidente com Vítimas;5,1;BR-040/GO;Sul;Colisão transversal;1;0;0;1;0;0;0;0;0;0;2;0;2;0;0
29/09/2021;18:37:00;304;Acidente com Vítimas;544,1;BR-040/MG;Norte;Colisão lateral;1;0;0;2;1;0;0;0;0;0;1;0;0;0;0
29/09/2021;18:43:00;308;Acidente sem Vítimas;638,8;BR-040/MG;Sul;Colisão traseira;1;0;0;1;0;0;0;0;0;0;2;0;0;0;0
29/09/2021;18:46:00;309;Acidente sem Vítimas;536,3;BR-040/MG;Norte;Colisão traseira;1;0;0;0;0;1;0;0;0;0;1;1;0;0;0
29/09/2021;19:40:00;327;Acidente sem Vítimas;655,1;BR-040/MG;Norte;Choque c/ Objeto Fixo;1;0;0;0;0;0;0;0;0;0;1;0;0;0;0
29/09/2021;21:51:00;353;Acidente sem Vítimas;737,95;BR-040/MG;Norte;Choque c/ Objeto Fixo;1;0;0;0;0;1;0;0;0;0;1;0;0;0;0
01/10/2021;05:31:00;78;Acidente Fatal;13,65;BR-040/GO;Norte;Tombamento;0;0;0;1;1;0;0;0;0;0;0;0;0;0;1
01/10/2021;06:53:00;103;Acidente sem Vítimas;529,5;BR-040/MG;Norte;Colisão lateral;2;0;1;1;0;0;0;0;0;0;0;0;0;0;0
01/10/2021;07:38:00;118;Acidente Fatal;523,78;BR-040/MG;Sul;Colisão traseira;0;0;2;3;0;0;0;0;0;0;2;0;0;0;1
01/10/2021;10:09:00;160;Acidente sem Vítimas;710,28;BR-040/MG;Sul;Colisão traseira;2;0;3;0;0;0;0;0;0;0;0;0;0;0;0
01/10/2021;10:57:00;175;Acidente com Vítimas;670,2;BR-040/MG;Sul;Colisão transversal;2;0;0;0;0;0;0;0;0;0;0;0;0;0;0
01/10/2021;12:16:00;189;Acidente com Vítimas;2,8;BR-040/GO;Norte;Colisão traseira;1;0;0;1;0;1;0;0;0;0;0;1;0;0;0
01/10/2021;13:13:00;197;Acidente com Vítimas;636,2;BR-040/MG;Norte;Tombamento de Moto;0;0;0;1;0;1;0;0;0;0;0;0;0;0;0
01/10/2021;15:52:00;248;Acidente com Vítimas;671,25;BR-040/MG;Sul;Capotamento;1;0;0;0;0;0;0;0;0;0;1;3;0;0;0
01/10/2021;18:41:00;298;Acidente com Vítimas;574,8;BR-040/MG;Sul;Colisão lateral;0;0;0;2;1;0;0;0;0;0;2;2;0;0;0
01/10/2021;19:27:00;304;Acidente sem Vítimas;731,11;BR-040/MG;Sul;Choque c/ Objeto Fixo;2;0;0;0;0;0;0;0;0;0;1;0;0;0;0
01/10/2021;23:02:00;341;Acidente sem Vítimas;444,1;BR-040/MG;Sul;Colisão lateral;4;0;0;0;0;0;0;0;0;0;2;0;0;0;0
01/10/2021;23:49:00;349;Acidente sem Vítimas;517,1;BR-040/MG;Norte;Tombamento de Moto;0;0;0;0;0;1;0;0;0;0;1;0;0;0;0
02/10/2021;01:30:00;13;Acidente com Vítimas;527,1;BR-040/MG;Sul;Tombamento de Moto;0;0;0;0;0;1;0;0;0;0;0;1;0;0;0
02/10/2021;02:26:00;18;Acidente sem Vítimas;535,95;BR-040/MG;Norte;Choque c/ Objeto Fixo;2;0;0;0;0;0;0;0;0;0;1;0;0;0;0
02/10/2021;02:49:00;19;Acidente Fatal;470,5;BR-040/MG;Sul;Choque c/ Objeto Fixo;2;0;0;0;0;0;0;0;0;0;0;3;1;1;1
02/10/2021;05:37:00;27;Acidente com Vítimas;551,35;BR-040/MG;Norte;Choque c/ Objeto Fixo;4;0;0;0;0;0;0;0;0;0;0;0;3;0;0
02/10/2021;05:39:00;28;Acidente com Vítimas;0,3;BR-040/DF;Sul;Tombamento;0;0;1;0;1;0;0;0;0;0;0;0;1;0;0
02/10/2021;05:48:00;29;Acidente sem Vítimas;550,5;BR-040/MG;Sul;Colisão traseira;0;0;1;0;1;0;0;0;0;0;0;0;0;0;0
02/10/2021;05:59:00;31;Acidente sem Vítimas;660,1;BR-040/MG;Norte;Choque c/ Objeto Fixo;0;0;0;0;1;0;0;0;0;0;0;0;0;0;0
02/10/2021;06:49:00;51;Acidente sem Vítimas;656,5;BR-040/MG;Norte;Choque c/ Objeto Fixo;1;0;0;0;0;0;0;0;0;0;0;0;0;0;0