data;horario;n_da_ocorrencia;tipo_de_ocorrencia;km;trecho;sentido;tipo_de_acidente;automovel;bicicleta;caminhao;moto;onibus;outros;tracao_animal;transporte_de_cargas_especiais;trator_maquinas;utilitarios;ilesos;levemente_feridos;moderadamente_feridos;gravemente_feridos;mortos
11/10/2021;07:23:00;71;Acidente Fatal;635,3;BR-040/MG;Norte;Colisão lateral;4;0;0;0;0;0;0;0;0;0;3;0;1;0;1
11/10/2021;08:03:00;82;Acidente sem Vítimas;7,25;BR-040/DF;Norte;Choque c/ Objeto Fixo;1;0;0;0;0;1;0;0;0;0;1;0;0;0;0
11/10/2021;08:09:00;86;Acidente sem Vítimas;629,2;BR-040/MG;Norte;Engavetamento;3;0;0;0;1;1;0;0;0;0;4;0;0;0;0
11/10/2021;08:38:00;98;Acidente sem Vítimas;500,5;BR-040/MG;Norte;Choque c/ Objeto Fixo;4;0;0;0;0;0;0;0;0;0;2;0;0;0;0
11/10/2021;08:46:00;100;Acidente sem Vítimas;633,5;BR-040/MG;Norte;Capotamento;4;0;0;0;0;0;0;0;0;0;2;0;0;0;0
11/10/2021;10:19:00;127;Acidente com Vítimas;638,5;BR-040/MG;Sul;Capotamento;1;0;0;0;0;0;0;0;0;0;1;0;0;1;0
11/10/2021;10:50:00;138;Acidente sem Vítimas;556,3;BR-040/MG;Sul;Choque c/ Objeto Fixo;0;0;3;0;0;0;0;0;0;0;0;0;0;0;0
11/10/2021;12:14:00;157;Acidente sem Vítimas;584,5;BR-040/MG;Sul;Choque c/ Objeto Fixo;1;0;0;0;0;0;0;0;0;0;2;0;0;0;0
11/10/2021;12:29:00;164;Acidente sem Vítimas;635,3;BR-040/MG;Norte;Choque c/ Objeto Fixo;2;0;0;0;0;0;0;0;0;0;1;0;0;0;0
11/10/2021;12:34:00;166;Acidente sem Vítimas;510,5;BR-040/MG;Norte;Capotamento;0;0;0;0;0;2;0;0;0;0;1;0;0;0;0
11/10/2021;12:41:00;170;Acidente sem Vítimas;469,22;BR-040/MG;Norte;Choque c/ Objeto Fixo;3;0;0;0;0;0;0;0;0;0;0;0;0;0;0
11/10/2021;12:47:00;171;Acidente sem Vítimas;590,4;BR-040/MG;Norte;Choque c/ Objeto Fixo;0;0;0;0;1;1;0;0;0;0;1;0;0;0;0
11/10/2021;13:06:00;177;Acidente sem Vítimas;732,7;BR-040/MG;Norte;Choque c/ Objeto Fixo;2;0;0;0;0;0;0;0;0;0;1;0;0;0;0
11/10/2021;13:30:00;182;Acidente sem Vítimas;591,7;BR-040/MG;Norte;Tombamento;0;0;0;0;0;1;0;0;0;0;1;0;0;0;0
11/10/2021;14:08:00;194;Acidente com Vítimas;739,3;BR-040/MG;Norte;Colisão frontal;2;0;0;0;0;1;0;0;0;0;0;2;2;0;0
11/10/2021;14:12:00;197;Acidente sem Vítimas;638,7;BR-040/MG;Sul;Choque c/ Objeto Fixo;3;0;0;0;0;0;0;0;0;0;1;0;0;0;0
11/10/2021;14:35:00;201;Acidente sem Vítimas;487,35;BR-040/MG;Sul;Colisão lateral;1;0;0;0;0;1;0;0;0;0;0;0;0;0;0
11/10/2021;14:46:00;204;Acidente sem Vítimas;588,388;BR-040/MG;Norte;Tombamento;0;0;0;0;0;2;0;0;0;0;1;0;0;0;0
11/10/2021;14:57:00;208;Acidente sem Vítimas;699,11;BR-040/MG;Sul;Choque c/ Objeto Fixo;3;0;0;0;0;0;0;0;0;0;0;0;0;0;0
11/10/2021;16:10:00;229;Acidente sem Vítimas;729,32;BR-040/MG;Sul;Choque c/ Objeto Fixo;0;0;1;0;0;0;0;0;0;0;1;0;0;0;0
11/10/2021;16:27:00;236;Acidente sem Vítimas;731,9;BR-040/MG;Sul;Choque c/ Objeto Fixo;1;0;0;0;0;0;0;0;0;0;2;0;0;0;0
11/10/2021;17:33:00;257;Acidente com Vítimas;399,4;BR-040/MG;Sul;Choque c/ Objeto Fixo;0;0;0;0;0;2;0;0;0;0;4;1;0;0;0
11/10/2021;19:06:00;281;Acidente sem Vítimas;508,1;BR-040/MG;Norte;Colisão traseira;0;2;0;0;0;1;0;0;0;0;2;0;0;0;0
11/10/2021;19:16:00;283;Acidente sem Vítimas;519,1;BR-040/MG;Sul;Choque c/ Objeto Fixo;2;0;0;0;0;0;0;0;0;0;1;0;0;0;0
11/10/2021;19:32:00;288;Acidente sem Vítimas;500,11;BR-040/MG;Sul;Choque c/ Objeto Fixo;1;0;0;0;0;1;0;0;0;0;1;0;0;0;0
11/10/2021;19:40:00;289;Acidente com Vítimas;10,1;BR-040/GO;Norte;Colisão transversal;4;0;1;0;0;0;0;0;0;0;2;0;0;0;0
11/10/2021;19:47:00;291;Acidente sem Vítimas;509,1;BR-040/MG;Norte;Engavetamento;2;0;0;0;0;2;0;0;0;0;2;0;0;0;0
11/10/2021;20:01:00;296;Acidente com Vítimas;338,4;BR-040/MG;Sul;Colisão frontal;1;0;1;0;0;0;0;0;0;0;1;0;0;1;0
11/10/2021;20:05:00;297;Acidente com Vítimas;514,1;BR-040/MG;Sul;Colisão traseira;0;0;0;0;0;3;0;0;0;0;0;0;0;0;0
11/10/2021;21:51:00;315;Acidente sem Vítimas;448,1;BR-040/MG;Sul;Choque c/ Objeto Fixo;1;0;0;0;0;0;0;0;0;0;1;0;0;0;0
11/10/2021;22:58:00;329;Acidente sem Vítimas;517,2;BR-040/MG;Sul;Atropelamento de Animal;1;0;0;0;0;1;0;0;0;0;0;0;1;0;0
11/10/2021;23:10:00;331;Acidente sem Vítimas;257,7;BR-040/MG;Sul;Choque c/ Objeto Fixo;1;0;0;0;0;0;0;0;0;0;1;0;0;0;0
11/10/2021;23:36:00;335;Acidente com Vítimas;544,1;BR-040/MG;Norte;Colisão lateral;0;0;1;0;1;1;0;0;0;0;2;1;0;0;0
12/10/2021;02:01:00;11;Acidente sem Vítimas;568,1;BR-040/MG;Norte;Colisão lateral;0;0;3;0;0;1;0;0;0;0;2;0;0;0;0
12/10/2021;03:38:00;19;Acidente sem Vítimas;155,2;BR-040/GO;Norte;Choque c/ Objeto Fixo;1;0;0;0;0;0;0;0;0;0;2;0;0;0;0
12/10/2021;09:49:00;87;Acidente com Vítimas;741,1;BR-040/MG;Sul;Colisão traseira;1;0;1;0;0;1;0;0;0;0;0;1;0;0;0
12/10/2021;10:33:00;95;Acidente sem Vítimas;730,5;BR-040/MG;Norte;Choque c/ Objeto Fixo;1;0;0;0;0;0;0;0;0;0;0;0;0;0;0
12/10/2021;11:53:00;118;Acidente sem Vítimas;718,5;BR-040/MG;Sul;Choque c/ Objeto Fixo;1;0;0;0;0;1;0;0;0;0;0;2;0;0;0
12/10/2021;15:56:00;188;Acidente sem Vítimas;727,5;BR-040/MG;Norte;Capotamento;1;0;0;0;0;0;0;0;0;0;0;1;0;0;0
12/10/2021;16:05:00;192;Acidente sem Vítimas;466;BR-040/MG;Sul;Colisão traseira;2;0;0;0;0;1;0;0;0;0;0;0;0;0;0
12/10/2021;17:32:00;222;Acidente com Vítimas;749,1;BR-040/MG;Sul;Capotamento;2;0;0;0;0;0;0;0;0;0;0;1;0;0;0
12/10/2021;18:00:00;237;Acidente sem Vítimas;730,4;BR-040/MG;Norte;Choque com objeto;1;0;0;0;0;0;0;0;0;0;0;0;0;0;0
12/10/2021;18:12:00;246;Acidente com Vítimas;147,5;BR-040/MG;Sul;Choque com objeto;2;0;0;0;0;1;0;0;0;0;2;0;0;0;0
12/10/2021;18:35:00;250;Acidente Fatal;471,58;BR-040/MG;Sul;Atropelamento de Andarilho;2;0;0;0;0;0;0;0;0;0;3;0;0;0;1
12/10/2021;19:34:00;262;Acidente Fatal;12,6;BR-040/GO;Norte;Atropelamento de Pedestre;1;0;0;0;0;0;0;0;0;0;2;0;0;0;1
12/10/2021;20:08:00;270;Acidente sem Vítimas;263,8;BR-040/MG;Sul;Colisão transversal;3;0;2;0;1;0;0;0;0;0;3;0;0;0;0
12/10/2021;20:48:00;283;Acidente sem Vítimas;730,2;BR-040/MG;Norte;Colisão lateral;1;0;0;0;0;1;0;0;0;0;4;0;0;0;0
12/10/2021;23:08:00;305;Acidente com Vítimas;1,8;BR-040/GO;Norte;Colisão lateral;0;0;0;2;0;1;0;0;3;0;2;0;0;0;0
12/10/2021;23:39:00;312;Acidente com Vítimas;614,8;BR-040/MG;Sul;Colisão traseira;2;0;0;1;0;1;0;0;0;0;0;0;0;1;0
13/10/2021;00:12:00;4;Acidente sem Vítimas;461,2;BR-040/MG;Sul;Choque c/ Objeto Fixo;4;0;0;0;0;0;0;0;0;0;1;0;0;0;0
13/10/2021;00:14:00;6;Acidente sem Vítimas;522,4;BR-040/MG;Sul;Colisão lateral;2;0;0;0;0;1;0;0;0;0;1;0;0;0;0
13/10/2021;05:42:00;95;Acidente com Vítimas;545,45;BR-040/MG;Sul;Colisão lateral;1;0;0;0;1;1;0;0;0;0;3;1;0;0;0
13/10/2021;09:22:00;145;Acidente com Vítimas;4,5;BR-040/DF;Norte;Colisão traseira;2;0;0;0;0;1;0;0;0;0;2;1;0;0;0
13/10/2021;11:22:00;184;Acidente com Vítimas;628,4;BR-040/MG;Sul;Colisão lateral;2;0;0;1;0;0;0;0;0;0;0;1;0;0;0
13/10/2021;14:02:00;224;Acidente sem Vítimas;535,5;BR-040/MG;Sul;Colisão traseira;2;0;1;0;1;0;0;0;0;0;2;0;0;0;0
13/10/2021;14:08:00;226;Acidente sem Vítimas;509,1;BR-040/MG;Norte;Colisão lateral;1;0;0;0;0;2;0;0;0;0;2;0;0;0;0
13/10/2021;14:38:00;236;Acidente sem Vítimas;509,15;BR-040/MG;Norte;Colisão transversal;1;0;0;0;0;1;0;0;0;0;2;0;1;0;0
13/10/2021;16:01:00;259;Acidente sem Vítimas;580,3;BR-040/MG;Sul;Choque c/ Objeto Fixo;2;0;0;0;0;0;0;0;0;0;0;0;0;0;0
13/10/2021;18:00:00;288;Acidente sem Vítimas;545,15;BR-040/MG;Norte;Colisão traseira;2;0;0;0;0;0;0;0;0;0;8;0;0;0;0
13/10/2021;18:52:00;307;Acidente sem Vítimas;510,15;BR-040/MG;Norte;Engavetamento;6;0;0;0;0;0;0;0;0;0;1;0;0;0;0
13/10/2021;19:13:00;314;Acidente com Vítimas;5,1;BR-040/MG;Sul;Queda Veículo;0;0;0;1;0;0;0;0;0;0;1;1;0;0;0
13/10/2021;19:25:00;318;Acidente sem Vítimas;281,5;BR-040/MG;Sul;Tombamento;1;0;0;0;0;0;0;0;0;0;1;0;0;0;0
13/10/2021;19:28:00;319;Acidente com Vítimas;527,15;BR-040/MG;Norte;Atropelamento de Andarilho;0;0;0;1;0;0;0;0;0;0;1;0;0;2;0
14/10/2021;06:45:00;128;Acidente com Vítimas;512,456;BR-040/MG;Sul;Engavetamento;3;0;0;0;0;0;0;0;0;0;3;1;0;0;0
14/10/2021;07:27:00;140;Acidente sem Vítimas;47,5;BR-040/GO;Sul;Colisão frontal;1;0;0;0;1;0;0;0;0;0;1;0;0;0;0
14/10/2021;07:40:00;143;Acidente sem Vítimas;473,3;BR-040/MG;Norte;Tombamento;0;0;0;0;1;0;0;0;0;0;1;0;0;0;0
14/10/2021;10:18:00;195;Acidente sem Vítimas;597,2;BR-040/MG;Norte;Choque c/ Objeto Fixo;0;0;0;0;0;1;0;0;0;0;0;0;0;0;0
14/10/2021;10:18:00;198;Acidente sem Vítimas;620,6;BR-040/MG;Norte;Choque c/ Objeto Fixo;1;0;0;0;0;1;0;0;0;0;0;0;0;0;0
14/10/2021;11:15:00;209;Acidente sem Vítimas;2,9;BR-040/GO;Norte;Capotamento;2;0;0;0;0;0;0;0;0;0;2;0;0;0;0
14/10/2021;12:11:00;221;Acidente sem Vítimas;57,6;BR-040/GO;Norte;Colisão traseira;0;0;1;1;0;0;0;0;0;0;2;0;0;0;0
14/10/2021;14:05:00;250;Acidente sem Vítimas;627,2;BR-040/MG;Norte;Colisão transversal;0;0;2;0;0;1;0;0;0;0;0;0;0;0;0
14/10/2021;15:44:00;276;Acidente sem Vítimas;657,5;BR-040/MG;Sul;Tombamento;0;0;1;0;2;0;0;0;0;0;1;0;0;0;0
14/10/2021;16:46:00;285;Acidente sem Vítimas;19,5;BR-040/GO;Norte;Colisão lateral;1;0;2;0;0;0;0;0;0;0;2;0;0;0;0
14/10/2021;17:39:00;297;Acidente com Vítimas;533,4;BR-040/MG;Norte;Colisão traseira;1;0;0;1;2;0;0;0;0;0;38;1;1;0;0
14/10/2021;22:08:00;363;Acidente sem Vítimas;603,1;BR-040/MG;Norte;Choque c/ Objeto Fixo;1;0;0;0;0;0;0;0;0;0;1;0;0;0;0
15/10/2021;03:38:00;71;Acidente com Vítimas;674,2;BR-040/MG;Sul;Tombamento;0;0;0;0;2;1;0;0;0;0;1;1;0;0;0
15/10/2021;06:58:00;104;Acidente com Vítimas;7,5;BR-040/GO;Norte;Colisão traseira;1;0;0;1;0;0;0;0;0;0;1;0;1;0;0
15/10/2021;10:58:00;192;Acidente sem Vítimas;4,65;BR-040/GO;Norte;Engavetamento;8;0;0;0;0;1;0;0;0;0;4;0;0;0;0
15/10/2021;16:58:00;278;Acidente sem Vítimas;107,1;BR-040/GO;Sul;Choque c/ Objeto Fixo;1;0;0;0;0;0;0;0;0;0;2;0;0;0;0
15/10/2021;19:43:00;331;Acidente sem Vítimas;601,2;BR-040/MG;Sul;Colisão com veículo da concessionária;1;0;0;0;0;1;0;0;0;0;0;0;0;0;0
15/10/2021;21:06:00;352;Acidente com Vítimas;292,5;BR-040/MG;Sul;Queda Veículo;0;0;0;2;0;0;0;0;0;0;1;1;0;0;0
15/10/2021;22:11:00;367;Acidente sem Vítimas;14,1;BR-040/MG;Sul;Colisão transversal;0;0;0;0;3;2;0;0;0;0;5;0;0;0;0
15/10/2021;22:42:00;370;Acidente com Vítimas;137,1;BR-040/MG;Norte;Choque com objeto;2;0;0;0;0;1;0;0;0;0;1;1;0;0;0
16/10/2021;03:56:00;72;Acidente com Vítimas;509,6;BR-040/MG;Norte;Capotamento;2;0;0;0;0;0;0;0;0;0;1;0;1;0;0
16/10/2021;04:23:00;73;Acidente com Vítimas;8,1;BR-040/DF;Sul;Atropelamento de Pedestre;0;0;0;0;0;1;0;0;0;0;1;0;1;0;0
16/10/2021;07:33:00;96;Acidente sem Vítimas;618,1;BR-040/MG;Norte;Colisão traseira;5;0;0;0;0;0;0;0;0;0;3;0;0;0;0
16/10/2021;08:41:00;115;Acidente com Vítimas;739,2;BR-040/MG;Norte;Tombamento de Moto;0;0;0;1;0;0;0;0;0;0;1;1;0;0;0
16/10/2021;08:55:00;120;Acidente sem Vítimas;576,99;BR-040/MG;Sul;Colisão lateral;1;0;0;0;0;1;0;0;0;0;2;0;0;0;0
16/10/2021;10:54:00;147;Acidente sem Vítimas;736,8;BR-040/MG;Sul;Choque c/ Objeto Fixo;1;0;0;0;0;1;0;0;0;0;1;0;0;0;0
16/10/2021;11:18:00;150;Acidente sem Vítimas;717,3;BR-040/MG;Sul;Choque c/ Objeto Fixo;1;0;0;0;0;0;0;0;0;0;1;0;0;0;0
16/10/2021;11:18:00;152;Acidente com Vítimas;761,2;BR-040/MG;Norte;Colisão traseira;2;0;0;0;0;1;0;0;0;0;2;1;1;0;0
16/10/2021;16:46:00;214;Acidente com Vítimas;646,5;BR-040/MG;Sul;Colisão transversal;2;0;0;0;0;0;0;0;0;0;0;3;0;0;0
16/10/2021;16:50:00;215;Acidente com Vítimas;751,6;BR-040/MG;Sul;Tombamento de Moto;0;0;0;2;0;0;0;0;0;0;0;1;0;0;0
16/10/2021;20:58:00;261;Acidente sem Vítimas;536,8;BR-040/MG;Sul;Atropelamento de Animal;0;0;0;0;0;2;0;0;0;0;1;0;0;0;0
16/10/2021;21:50:00;273;Acidente com Vítimas;520,1;BR-040/MG;Sul;Capotamento;1;0;0;0;0;2;0;0;0;0;0;1;0;1;0
17/10/2021;08:36:00;42;Acidente sem Vítimas;6,1;BR-040/DF;Norte;Colisão traseira;0;0;0;1;0;1;0;0;0;0;2;0;0;0;0
17/10/2021;09:54:00;54;Acidente sem Vítimas;684,35;BR-040/MG;Sul;Choque c/ Objeto Fixo;2;0;0;0;0;0;0;0;0;0;0;0;0;0;0
17/10/2021;12:24:00;79;Acidente sem Vítimas;656,2;BR-040/MG;Norte;Choque c/ Objeto Fixo;1;0;0;0;0;0;0;0;0;0;0;0;0;0;0
17/10/2021;12:26:00;81;Acidente sem Vítimas;735,6;BR-040/MG;Norte;Capotamento;1;0;0;0;0;0;0;0;0;0;1;0;0;0;0
17/10/2021;12:57:00;90;Acidente sem Vítimas;510;BR-040/MG;Sul;Colisão traseira;2;0;0;0;0;1;0;0;0;0;2;0;0;0;0
17/10/2021;15:47:00;120;Acidente sem Vítimas;545;BR-040/MG;Norte;Choque c/ Objeto Fixo;2;0;0;0;0;0;0;0;0;0;1;0;0;0;0
17/10/2021;15:57:00;121;Acidente sem Vítimas;557;BR-040/MG;Sul;Choque c/ Objeto Fixo;2;0;0;0;0;0;0;0;0;0;1;0;0;0;0
17/10/2021;16:35:00;136;Acidente com Vítimas;533,35;BR-040/MG;Sul;Colisão lateral;0;0;0;1;0;1;0;0;0;0;2;1;0;0;0
17/10/2021;16:48:00;145;Acidente com Vítimas;721,3;BR-040/MG;Sul;Tombamento de Moto;0;0;0;0;0;2;0;0;0;0;0;0;1;0;0
17/10/2021;17:22:00;153;Acidente sem Vítimas;461,1;BR-040/MG;Norte;Colisão traseira;3;0;0;0;0;0;0;0;0;0;2;0;0;0;0
17/10/2021;17:44:00;158;Acidente sem Vítimas;86,6;BR-040/GO;Norte;Capotamento;1;0;0;0;0;0;0;0;0;0;4;0;0;0;0
17/10/2021;18:17:00;168;Acidente sem Vítimas;356,15;BR-040/MG;Norte;Tombamento de Moto;0;0;0;1;0;0;0;0;0;0;1;1;0;0;0
17/10/2021;23:52:00;216;Acidente com Vítimas;225,15;BR-040/MG;Sul;Atropelamento de Pedestre;0;0;0;0;0;1;0;0;0;0;0;0;1;0;0
18/10/2021;01:32:00;38;Acidente com Vítimas;633,9;BR-040/MG;Norte;Tombamento de Moto;0;0;0;1;0;0;0;0;0;0;1;0;0;0;0
18/10/2021;05:22:00;71;Acidente sem Vítimas;1,6;BR-040/GO;Norte;Queda Veículo;0;0;0;0;0;1;0;0;0;0;1;0;0;0;0
18/10/2021;06:51:00;86;Acidente com Vítimas;451,8;BR-040/MG;Sul;Tombamento;0;0;2;0;0;0;0;0;0;0;1;3;1;0;0
18/10/2021;07:39:00;103;Acidente sem Vítimas;451,5;BR-040/MG;Sul;Colisão traseira;1;0;0;0;0;1;0;0;0;0;2;0;0;0;0
18/10/2021;07:59:00;113;Acidente Fatal;735,6;BR-040/MG;Sul;Colisão frontal;1;0;1;0;1;0;0;0;0;0;0;0;0;0;0
18/10/2021;08:26:00;117;Acidente com Vítimas;544,1;BR-040/MG;Norte;Colisão traseira;2;0;0;1;0;0;0;0;0;0;2;1;0;0;0
18/10/2021;12:44:00;166;Acidente sem Vítimas;5,4;BR-040/DF;Sul;Colisão traseira;1;0;0;0;1;0;0;0;0;0;2;0;0;0;0
18/10/2021;14:00:00;183;Acidente sem Vítimas;643,2;BR-040/MG;Norte;Capotamento;0;0;0;0;0;1;0;0;0;0;0;0;0;0;0
18/10/2021;15:08:00;193;Acidente sem Vítimas;730,3;BR-040/MG;Norte;Tombamento de Moto;0;0;0;1;0;1;0;0;0;0;0;1;0;0;0
18/10/2021;18:19:00;244;Acidente com Vítimas;550,15;BR-040/MG;Norte;Tombamento de Moto;0;0;0;1;0;0;0;0;0;0;1;0;0;0;0
18/10/2021;18:58:00;251;Acidente sem Vítimas;509,15;BR-040/MG;Norte;Choque c/ Objeto Fixo;1;0;0;0;0;0;0;0;0;0;1;0;0;0;0
18/10/2021;19:02:00;256;Acidente com Vítimas;601,9;BR-040/MG;Sul;Colisão frontal;2;0;2;0;0;2;0;0;0;0;5;0;0;1;0
18/10/2021;19:48:00;270;Acidente sem Vítimas;517,3;BR-040/MG;Norte;Queda Veículo;1;0;0;0;0;1;0;0;0;0;1;0;0;0;0
18/10/2021;20:02:00;275;Acidente sem Vítimas;516,72;BR-040/MG;Norte;Queda Veículo;2;0;0;0;0;0;0;0;0;0;1;0;0;0;0
18/10/2021;20:36:00;285;Acidente com Vítimas;504,4;BR-040/MG;Sul;Colisão traseira;0;0;1;0;1;1;0;0;0;0;2;0;0;0;0
18/10/2021;21:44:00;302;Acidente com Vítimas;537,5;BR-040/MG;Norte;Tombamento de Moto;1;0;0;0;0;0;0;0;0;0;1;0;1;0;0
18/10/2021;22:41:00;312;Acidente sem Vítimas;74,3;BR-040/GO;Norte;Queda de Ribanceira;2;0;0;0;0;0;0;0;0;0;2;0;0;0;0
18/10/2021;22:56:00;314;Acidente sem Vítimas;517;BR-040/MG;Norte;Colisão traseira;2;0;0;0;1;0;0;0;0;0;2;0;0;0;0
19/10/2021;01:42:00;30;Acidente sem Vítimas;41,1;BR-040/GO;Sul;Choque com objeto;0;0;0;0;0;1;0;0;0;0;1;0;0;0;0
19/10/2021;07:47:00;125;Acidente com Vítimas;519;BR-040/MG;Sul;Colisão lateral;1;0;0;1;0;1;0;0;0;0;1;0;1;0;0
19/10/2021;07:58:00;126;Acidente sem Vítimas;719,25;BR-040/MG;Norte;Choque c/ Objeto Fixo;1;0;0;0;0;0;0;0;0;0;0;0;0;0;0
19/10/2021;08:04:00;130;Acidente sem Vítimas;524,9;BR-040/MG;Sul;Colisão traseira;4;0;0;0;0;0;0;0;0;0;0;0;0;0;0
19/10/2021;08:30:00;140;Acidente com Vítimas;5,8;BR-040/DF;Sul;Colisão traseira;0;1;0;1;0;0;0;0;0;0;0;1;0;0;0
19/10/2021;10:06:00;172;Acidente sem Vítimas;496;BR-040/MG;Norte;Colisão traseira;1;0;1;0;0;1;0;0;0;0;0;0;0;0;0
19/10/2021;11:21:00;195;Acidente sem Vítimas;732,1;BR-040/MG;Sul;Choque c/ Objeto Fixo;0;0;0;0;0;1;0;0;0;0;1;0;0;0;0
19/10/2021;12:05:00;206;Acidente com Vítimas;24,2;BR-040/GO;Norte;Colisão transversal;1;0;0;1;0;0;0;0;0;0;2;1;0;0;0
19/10/2021;12:14:00;207;Acidente com Vítimas;8,9;BR-040/GO;Sul;Colisão lateral;0;1;0;1;0;0;0;0;0;0;1;1;0;0;0
19/10/2021;14:24:00;235;Acidente sem Vítimas;618,27;BR-040/MG;Norte;Colisão traseira;1;0;0;0;1;1;0;0;0;0;2;1;0;0;0
19/10/2021;14:28:00;237;Acidente sem Vítimas;593,2;BR-040/MG;Norte;Choque c/ Objeto Fixo;2;0;0;0;0;2;0;0;0;0;3;0;0;0;0
19/10/2021;16:24:00;269;Acidente sem Vítimas;0,6;BR-040/DF;Sul;Colisão transversal;2;0;0;1;0;0;0;0;0;0;1;0;1;0;0
19/10/2021;17:00:00;277;Acidente sem Vítimas;554,2;BR-040/MG;Norte;Colisão lateral;1;0;0;0;0;0;0;0;0;1;1;0;0;0;0
19/10/2021;17:39:00;279;Acidente com Vítimas;470,5;BR-040/MG;Sul;Choque c/ Objeto Fixo;0;0;0;0;0;2;0;0;0;0;0;1;0;0;0
19/10/2021;18:25:00;302;Acidente sem Vítimas;466,3;BR-040/MG;Norte;Choque c/ Objeto Fixo;0;0;0;0;0;1;0;0;0;0;0;0;0;0;0
19/10/2021;18:52:00;305;Acidente sem Vítimas;482,1;BR-040/MG;Norte;Choque c/ Objeto Fixo;1;0;0;0;0;0;0;0;0;0;1;0;0;0;0
19/10/2021;19:20:00;311;Acidente sem Vítimas;455,1;BR-040/MG;Norte;Choque c/ Objeto Fixo;1;0;0;0;0;0;0;0;0;0;1;0;0;0;0
19/10/2021;19:50:00;318;Acidente sem Vítimas;456,1;BR-040/MG;Sul;Choque c/ Objeto Fixo;1;0;0;0;0;0;0;0;0;0;1;0;0;0;0
19/10/2021;20:50:00;313;Acidente com Vítimas;133,5;BR-040/MG;Norte;Choque com objeto;1;0;0;0;0;0;0;0;0;0;1;1;0;0;0
19/10/2021;21:00:00;315;Acidente sem Vítimas;2,1;BR-040/GO;Norte;Choque com objeto;1;0;0;0;0;0;0;0;0;0;1;0;0;0;0
20/10/2021;06:30:00;114;Acidente com Vítimas;517,5;BR-040/MG;Sul;Colisão lateral;2;0;0;4;0;0;0;0;0;0;0;1;0;0;0
20/10/2021;07:42:00;134;Acidente sem Vítimas;70,1;BR-040/MG;Sul;Colisão traseira;1;0;1;0;0;0;0;0;0;0;1;0;0;0;0
20/10/2021;09:38:00;168;Acidente sem Vítimas;531,3;BR-040/MG;Sul;Colisão traseira;2;0;0;0;0;1;0;0;0;0;0;0;0;0;0
20/10/2021;10:36:00;186;Acidente sem Vítimas;677,7;BR-040/MG;Norte;Capotamento;1;0;0;0;0;1;0;0;0;0;1;0;0;0;0
20/10/2021;12:14:00;210;Acidente sem Vítimas;696,9;BR-040/MG;Norte;Outros;1;0;0;0;0;2;0;0;0;0;0;0;0;0;0
20/10/2021;14:49:00;253;Acidente sem Vítimas;498;BR-040/MG;Sul;Colisão lateral;2;0;0;0;1;0;0;0;0;0;0;0;0;0;0
20/10/2021;15:15:00;257;Acidente sem Vítimas;611,15;Fora_Rota;Norte;Colisão traseira;1;0;0;0;0;1;0;0;0;0;2;0;0;0;0
20/10/2021;15:56:00;276;Acidente sem Vítimas;642,5;BR-040/MG;Norte;Colisão traseira;1;0;1;0;0;0;0;0;0;0;2;0;0;0;0
20/10/2021;18:37:00;323;Acidente sem Vítimas;761,1;BR-040/MG;Norte;Colisão transversal;2;0;0;0;0;0;0;0;0;0;2;0;0;0;0
20/10/2021;19:02:00;330;Acidente com Vítimas;8,5;BR-040/GO;Sul;Colisão traseira;1;0;0;2;0;0;0;0;0;0;1;0;1;0;0
21/10/2021;00:40:00;36;Acidente sem Vítimas;533,6;BR-040/MG;Sul;Colisão traseira;6;0;0;1;0;0;0;0;0;0;3;0;0;0;0
21/10/2021;06:44:00;111;Acidente com Vítimas;542,75;BR-040/MG;Norte;Tombamento;0;0;0;0;0;2;0;0;0;0;1;1;0;0;0
21/10/2021;07:34:00;127;Acidente com Vítimas;542,458;BR-040/MG;Sul;Colisão lateral;1;0;0;1;0;0;0;0;0;0;2;1;0;0;0
21/10/2021;07:40:00;130;Acidente sem Vítimas;752,65;BR-040/MG;Sul;Choque c/ Objeto Fixo;1;0;0;0;0;0;0;0;0;0;0;0;0;0;0
21/10/2021;07:42:00;131;Acidente sem Vítimas;748,6;BR-040/MG;Sul;Choque c/ Objeto Fixo;1;0;0;0;0;0;0;0;0;0;0;0;0;0;0
21/10/2021;07:59:00;136;Acidente sem Vítimas;6,7;BR-040/MG;Norte;Colisão traseira;9;0;0;0;0;0;0;0;0;0;1;0;0;0;0
21/10/2021;11:25:00;176;Acidente com Vítimas;759,65;BR-040/MG;Norte;Tombamento de Moto;0;0;0;2;0;0;0;0;0;0;0;1;0;0;0
21/10/2021;16:43:00;242;Acidente Fatal;3,3;BR-040/DF;Norte;Colisão lateral;0;0;0;2;0;1;0;0;0;0;2;0;0;0;1
21/10/2021;18:10:00;263;Acidente com Vítimas;549,1;BR-040/MG;Norte;Tombamento de Moto;0;0;0;1;0;0;0;0;0;0;1;0;1;0;0
21/10/2021;19:15:00;283;Acidente sem Vítimas;533,15;BR-040/MG;Norte;Colisão lateral;1;0;0;1;0;0;0;0;0;0;2;1;0;0;0
21/10/2021;19:45:00;290;Acidente com Vítimas;12,5;BR-040/MG;Norte;Tombamento;0;0;0;0;2;1;0;0;0;0;2;1;0;0;0
21/10/2021;20:34:00;303;Acidente sem Vítimas;524,15;BR-040/MG;Norte;Colisão traseira;2;0;0;0;0;1;0;0;0;0;2;0;0;0;0
22/10/2021;06:28:00;88;Acidente com Vítimas;9,15;BR-040/GO;Norte;Tombamento de Moto;0;0;0;1;0;0;0;0;0;0;1;1;0;0;0
22/10/2021;06:34:00;87;Acidente sem Vítimas;529,6;BR-040/MG;Sul;Colisão traseira;2;0;0;2;0;0;0;0;0;0;2;1;0;0;0
22/10/2021;07:30:00;107;Acidente sem Vítimas;717,2;BR-040/MG;Norte;Capotamento;1;0;0;0;0;0;0;0;0;0;0;0;0;0;0