data;horario;n_da_ocorrencia;tipo_de_ocorrencia;km;trecho;sentido;tipo_de_acidente;automovel;bicicleta;caminhao;moto;onibus;outros;tracao_animal;transporte_de_cargas_especiais;trator_maquinas;utilitarios;ilesos;levemente_feridos;moderadamente_feridos;gravemente_feridos;mortos
22/10/2021;08:10:00;118;Acidente sem Vítimas;522,3;BR-040/MG;Sul;Colisão traseira;0;0;0;0;1;1;0;0;0;0;2;0;0;0;0
22/10/2021;11:12:00;170;Acidente com Vítimas;581,2;BR-040/MG;Norte;Colisão transversal;2;0;0;0;0;0;0;0;0;0;0;1;0;0;0
22/10/2021;14:53:00;215;Acidente com Vítimas;602;BR-040/MG;Norte;Colisão traseira;1;0;0;0;0;3;0;0;0;0;0;1;0;0;0
22/10/2021;15:11:00;219;Acidente Fatal;68,5;BR-040/GO;Norte;Colisão frontal;4;0;0;0;0;0;0;0;0;0;3;0;0;3;5
22/10/2021;17:32:00;238;Acidente com Vítimas;553,15;BR-040/MG;Sul;Colisão traseira;1;0;0;0;0;1;0;0;0;0;2;1;0;0;0
22/10/2021;18:46:00;254;Acidente com Vítimas;477,1;BR-040/MG;Norte;Colisão traseira;0;0;0;1;0;2;0;0;0;0;0;1;0;0;0
22/10/2021;19:02:00;257;Acidente com Vítimas;180,8;BR-040/MG;Norte;Colisão lateral;3;0;1;0;0;1;0;0;0;0;13;1;0;0;0
22/10/2021;19:46:00;269;Acidente com Vítimas;628,1;BR-040/MG;Sul;Colisão traseira;1;0;0;1;1;0;0;0;0;0;3;1;0;0;0
22/10/2021;23:25:00;312;Acidente com Vítimas;1;BR-040/GO;Norte;Colisão frontal;2;0;0;1;0;0;0;0;0;0;2;1;0;0;0
22/10/2021;23:55:00;320;Acidente com Vítimas;502,1;BR-040/MG;Norte;Colisão lateral;1;0;0;0;0;1;0;0;0;0;0;0;1;0;0
23/10/2021;02:27:00;33;Acidente Fatal;638,2;BR-040/MG;Norte;Choque c/ Objeto Fixo;0;0;0;1;0;0;0;0;0;0;1;0;0;1;1
23/10/2021;08:02:00;103;Acidente sem Vítimas;528,3;BR-040/MG;Sul;Capotamento;2;0;0;0;0;0;0;0;0;0;1;0;0;0;0
23/10/2021;09:04:00;114;Acidente sem Vítimas;483,3;BR-040/MG;Norte;Colisão traseira;2;0;0;0;0;1;0;0;0;0;1;0;0;0;0
23/10/2021;13:54:00;182;Acidente Fatal;523,416;BR-040/MG;Norte;Colisão lateral;0;0;0;1;2;1;0;0;0;0;2;0;0;0;1
23/10/2021;16:44:00;210;Acidente sem Vítimas;128,2;BR-040/GO;Sul;Choque c/ Objeto Fixo;2;0;0;0;0;0;0;0;0;0;3;0;0;0;0
23/10/2021;17:39:00;219;Acidente com Vítimas;523,2;BR-040/MG;Sul;Capotamento;1;0;0;0;0;0;0;0;0;0;1;0;0;0;0
23/10/2021;21:33:00;259;Acidente sem Vítimas;737,489;BR-040/MG;Sul;Choque c/ Objeto Fixo;0;0;1;1;0;0;0;0;0;0;1;0;0;0;0
23/10/2021;22:18:00;266;Acidente sem Vítimas;521,5;BR-040/MG;Norte;Capotamento;0;0;0;0;0;2;0;0;0;0;2;0;0;0;0
23/10/2021;22:28:00;267;Acidente sem Vítimas;413,15;BR-040/MG;Sul;Atropelamento de Animal;2;0;0;0;0;0;0;0;0;0;1;0;0;0;0
23/10/2021;22:33:00;268;Acidente com Vítimas;714,44;BR-040/MG;Sul;Tombamento de Moto;0;0;0;1;0;0;0;0;0;0;1;0;0;0;0
23/10/2021;22:34:00;269;Acidente sem Vítimas;593,3;BR-040/MG;Sul;Choque c/ Objeto Fixo;2;0;0;0;0;0;0;0;0;0;2;0;0;0;0
23/10/2021;23:29:00;274;Acidente sem Vítimas;509,6;BR-040/MG;Sul;Colisão traseira;1;0;1;0;0;1;0;0;0;0;2;0;0;2;0
24/10/2021;04:03:00;16;Acidente Fatal;509,7;BR-040/MG;Norte;Choque c/ Objeto Fixo;2;0;0;0;0;1;0;0;0;0;1;0;2;0;1
24/10/2021;05:54:00;20;Acidente com Vítimas;753,8;BR-040/MG;Norte;Queda Veículo;1;0;0;0;0;0;0;0;0;0;2;1;0;0;0
24/10/2021;09:44:00;75;Acidente sem Vítimas;503,8;BR-040/MG;Norte;Choque c/ Objeto Fixo;1;0;0;0;0;0;0;0;0;0;0;0;0;0;0
24/10/2021;12:11:00;113;Acidente sem Vítimas;3,1;BR-040/DF;Norte;Colisão traseira;2;0;0;0;0;1;0;0;0;0;1;0;0;0;0
24/10/2021;12:58:00;121;Acidente com Vítimas;549;BR-040/MG;Norte;Engavetamento;4;0;0;0;2;1;0;0;0;0;3;3;0;0;0
24/10/2021;13:36:00;134;Acidente sem Vítimas;651,5;BR-040/MG;Norte;Choque c/ Objeto Fixo;2;0;0;0;0;0;0;0;0;0;1;0;0;0;0
24/10/2021;14:34:00;146;Acidente com Vítimas;28,62;BR-040/MG;Norte;Colisão traseira;3;0;0;0;0;0;0;0;0;0;2;0;0;0;0
24/10/2021;15:30:00;160;Acidente com Vítimas;384,1;BR-040/MG;Norte;Choque c/ Objeto Fixo;2;0;0;0;0;1;0;0;0;0;3;0;0;0;0
24/10/2021;16:55:00;177;Acidente sem Vítimas;716,5;BR-040/MG;Norte;Choque c/ Objeto Fixo;1;0;0;0;0;0;0;0;0;0;0;0;0;0;0
24/10/2021;20:36:00;219;Acidente com Vítimas;6,9;BR-040/GO;Norte;Colisão traseira;2;0;0;0;0;0;0;0;0;0;2;0;0;0;0
24/10/2021;20:57:00;223;Acidente Fatal;78,8;BR-040/GO;Norte;Atropelamento de Pedestre;0;0;0;1;0;1;0;0;0;0;1;0;0;0;1
24/10/2021;23:01:00;245;Acidente sem Vítimas;565,3;BR-040/MG;Norte;Colisão traseira;1;0;0;0;0;2;0;0;0;0;4;0;0;0;0
24/10/2021;23:59:00;254;Acidente com Vítimas;36,3;BR-040/GO;Norte;Colisão traseira;1;0;0;1;0;0;0;0;0;0;1;0;1;0;0
25/10/2021;01:23:00;24;Acidente sem Vítimas;318,5;BR-040/MG;Sul;Atropelamento de Animal;0;0;0;0;1;0;0;0;0;0;1;0;0;0;0
25/10/2021;07:08:00;87;Acidente com Vítimas;658,7;BR-040/MG;Norte;Tombamento de Moto;0;0;0;1;0;2;0;0;0;0;1;0;1;0;0
25/10/2021;07:32:00;92;Acidente sem Vítimas;547,5;BR-040/MG;Sul;Colisão traseira;2;0;0;0;0;0;0;0;0;0;0;0;0;0;0
25/10/2021;08:01:00;101;Acidente com Vítimas;36,515;BR-040/GO;Sul;Capotamento;0;0;0;0;0;2;0;0;0;0;0;0;0;0;0
25/10/2021;10:25:00;141;Acidente Fatal;32,4;BR-040/GO;Sul;Atropelamento de Andarilho;0;0;1;0;0;0;0;0;0;0;1;0;1;0;1
25/10/2021;10:26:00;142;Acidente sem Vítimas;548,8;BR-040/MG;Norte;Colisão lateral;1;0;1;0;0;2;0;0;0;0;0;0;0;0;0
25/10/2021;13:24:00;184;Acidente com Vítimas;738,1;BR-040/MG;Norte;Choque c/ Objeto Fixo;2;0;0;0;0;0;0;0;0;0;0;1;0;0;0
25/10/2021;16:00:00;210;Acidente com Vítimas;15,7;BR-040/GO;Norte;Tombamento de Moto;0;0;0;1;0;2;0;0;0;0;2;1;0;0;0
25/10/2021;17:52:00;230;Acidente sem Vítimas;517,5;BR-040/MG;Sul;Colisão traseira;1;0;1;0;0;0;0;0;0;0;2;0;0;0;0
25/10/2021;19:17:00;263;Acidente com Vítimas;466,15;BR-040/MG;Sul;Colisão traseira;0;0;1;0;0;1;0;0;0;0;1;0;0;0;0
25/10/2021;20:13:00;278;Acidente sem Vítimas;0,3;BR-040/DF;Norte;Choque com objeto;2;0;0;0;0;0;0;0;0;0;4;0;0;0;0
25/10/2021;21:57:00;294;Acidente com Vítimas;612,1;BR-040/MG;Sul;Colisão transversal;2;0;0;0;0;0;0;0;0;0;2;0;1;0;0
26/10/2021;00:50:00;25;Acidente com Vítimas;12,95;BR-040/GO;Sul;Atropelamento de Animal;0;0;0;1;0;1;0;0;0;0;1;1;0;0;0
26/10/2021;09:05:00;134;Acidente sem Vítimas;446;BR-040/MG;Norte;Colisão traseira;1;0;1;0;1;0;0;0;0;0;2;0;0;0;0
26/10/2021;13:45:00;211;Acidente sem Vítimas;593,1;BR-040/MG;Norte;Choque c/ Objeto Fixo;0;0;0;1;0;1;0;0;0;0;0;0;0;0;0
26/10/2021;14:53:00;236;Acidente com Vítimas;545,32;BR-040/MG;Sul;Colisão lateral;3;0;2;0;0;0;0;0;0;0;2;1;0;0;0
26/10/2021;15:48:00;247;Acidente com Vítimas;543,56;BR-040/MG;Sul;Colisão lateral;1;0;0;0;0;1;0;0;0;0;2;1;0;0;0
26/10/2021;15:49:00;249;Acidente com Vítimas;504,45;BR-040/MG;Norte;Colisão lateral;0;0;0;1;0;1;0;0;0;0;2;1;0;0;0
26/10/2021;19:50:00;316;Acidente sem Vítimas;725,15;BR-040/MG;Norte;Choque c/ Objeto Fixo;3;0;0;0;0;0;0;0;0;0;1;0;0;0;0
26/10/2021;22:49:00;349;Acidente com Vítimas;35,95;BR-040/GO;Sul;Capotamento;1;0;0;0;0;0;0;0;0;0;1;1;0;0;0
27/10/2021;00:35:00;18;Acidente sem Vítimas;734,54;BR-040/MG;Sul;Choque c/ Objeto Fixo;0;0;2;0;0;0;0;0;0;0;1;0;0;0;0
27/10/2021;03:48:00;72;Acidente sem Vítimas;582,115;BR-040/MG;Norte;Colisão traseira;1;1;0;0;0;0;0;0;0;0;1;0;0;0;0
27/10/2021;07:22:00;121;Acidente sem Vítimas;1,6;BR-040/GO;Norte;Colisão traseira;3;0;0;0;0;0;0;0;0;0;2;0;0;0;0
27/10/2021;12:33:00;208;Acidente com Vítimas;531,12;BR-040/MG;Sul;Colisão lateral;0;0;0;4;0;0;0;0;0;0;0;1;0;0;0
27/10/2021;13:22:00;220;Acidente com Vítimas;518,5;BR-040/MG;Sul;Tombamento de Moto;0;1;0;1;0;0;0;0;0;0;0;2;0;0;0
27/10/2021;17:19:00;281;Acidente com Vítimas;449,3;BR-040/MG;Sul;Choque c/ Objeto Fixo;1;0;0;0;0;0;0;0;0;0;0;2;0;0;0
27/10/2021;21:16:00;342;Acidente com Vítimas;506,5;BR-040/MG;Norte;Colisão traseira;0;0;4;0;0;1;0;0;0;0;1;1;0;0;0
27/10/2021;23:44:00;376;Acidente com Vítimas;37,8;BR-040/GO;Norte;Tombamento;0;0;1;0;2;0;0;0;0;0;1;1;0;0;0
28/10/2021;01:48:00;51;Acidente com Vítimas;544,3;BR-040/MG;Sul;Choque c/ Objeto Fixo;0;0;0;0;0;1;0;0;0;0;1;0;0;0;0
28/10/2021;04:18:00;87;Acidente com Vítimas;8,17;BR-040/DF;Sul;Choque c/ Objeto Fixo;0;0;0;0;0;1;0;0;0;0;0;0;1;0;0
28/10/2021;06:59:00;115;Acidente com Vítimas;548,35;BR-040/MG;Sul;Colisão traseira;3;0;0;1;0;0;0;0;0;0;0;0;2;0;0
28/10/2021;08:00:00;140;Acidente com Vítimas;540,6;BR-040/MG;Sul;Colisão lateral;0;0;0;2;1;0;0;0;0;0;1;1;0;0;0
28/10/2021;08:49:00;161;Acidente sem Vítimas;533,48;BR-040/MG;Norte;Colisão traseira;1;0;0;0;0;1;0;0;0;0;2;0;0;0;0
28/10/2021;09:42:00;183;Acidente sem Vítimas;101,5;BR-040/GO;Sul;Capotamento;1;0;0;0;0;1;0;0;0;0;1;0;0;0;0
28/10/2021;10:47:00;208;Acidente sem Vítimas;709,7;BR-040/MG;Sul;Choque c/ Objeto Fixo;1;0;0;0;0;0;0;0;0;0;0;0;0;0;0
28/10/2021;11:03:00;213;Acidente sem Vítimas;538,765;BR-040/MG;Norte;Choque c/ Objeto Fixo;0;0;1;0;0;0;0;0;0;0;1;0;0;0;0
28/10/2021;14:04:00;252;Acidente sem Vítimas;533,5;BR-040/MG;Sul;Engavetamento;2;0;0;0;0;3;0;0;0;0;5;0;0;0;0
28/10/2021;19:06:00;309;Acidente sem Vítimas;6,2;BR-040/DF;Norte;Colisão lateral;2;0;0;1;0;0;0;0;0;0;2;0;0;0;0
28/10/2021;21:32:00;354;Acidente com Vítimas;631,5;BR-040/MG;Norte;Colisão lateral;2;0;1;2;0;0;0;0;0;0;0;0;1;0;0
29/10/2021;03:15:00;69;Acidente com Vítimas;484,5;BR-040/MG;Sul;Colisão traseira;0;0;2;0;4;1;0;0;0;0;1;0;0;1;0
29/10/2021;05:43:00;82;Acidente com Vítimas;10,2;BR-040/GO;Norte;Atropelamento de Pedestre;0;0;0;0;0;2;0;0;0;0;1;0;1;0;0
29/10/2021;07:23:00;104;Acidente sem Vítimas;738,25;BR-040/MG;Norte;Choque c/ Objeto Fixo;4;0;0;0;0;0;0;0;0;0;0;0;0;0;0
29/10/2021;07:32:00;107;Acidente sem Vítimas;515,35;BR-040/MG;Sul;Colisão traseira;1;0;0;0;0;1;0;0;0;0;2;0;0;0;0
29/10/2021;08:32:00;121;Acidente com Vítimas;738,25;BR-040/MG;Norte;Colisão traseira;2;0;0;0;0;0;0;0;0;0;0;1;0;0;0
29/10/2021;10:24:00;156;Acidente Fatal;66,77;BR-040/GO;Sul;Capotamento;1;0;0;0;0;0;0;0;0;0;0;0;0;0;1
29/10/2021;14:04:00;207;Acidente sem Vítimas;279,7;BR-040/MG;Norte;Colisão traseira;2;0;0;0;0;1;0;0;0;0;2;0;0;0;0
29/10/2021;17:07:00;250;Acidente com Vítimas;569,6;BR-040/MG;Sul;Colisão traseira;2;0;0;0;0;0;0;0;0;0;2;2;0;0;0
29/10/2021;17:13:00;254;Acidente sem Vítimas;611,2;BR-040/MG;Sul;Colisão traseira;1;0;0;0;1;1;0;0;0;0;44;0;0;0;0
29/10/2021;19:31:00;297;Acidente com Vítimas;538,15;BR-040/MG;Norte;Engavetamento;4;0;1;0;0;0;0;0;0;0;5;0;0;0;0
29/10/2021;20:39:00;320;Acidente com Vítimas;604,1;BR-040/MG;Norte;Colisão traseira;1;0;0;0;0;1;0;0;0;0;1;1;1;0;0
29/10/2021;21:04:00;324;Acidente sem Vítimas;392,95;BR-040/MG;Norte;Choque com objeto;0;0;0;0;0;2;0;0;0;0;5;0;0;0;0
29/10/2021;22:41:00;341;Acidente sem Vítimas;104,5;BR-040/MG;Norte;Atropelamento de Animal;4;0;0;0;0;0;0;0;0;0;1;0;0;0;0
30/10/2021;04:57:00;58;Acidente sem Vítimas;12,5;BR-040/GO;Sul;Choque c/ Objeto Fixo;1;0;0;0;0;0;0;0;0;0;1;0;0;0;0
30/10/2021;08:41:00;96;Acidente sem Vítimas;738,2;BR-040/MG;Norte;Choque c/ Objeto Fixo;1;0;0;0;0;0;0;0;0;0;5;0;0;0;0
30/10/2021;12:52:00;135;Acidente sem Vítimas;52,5;BR-040/GO;Sul;Colisão traseira;1;0;0;0;0;1;0;0;0;0;2;0;0;0;0
30/10/2021;13:44:00;148;Acidente sem Vítimas;509,601;BR-040/MG;Norte;Engavetamento;3;0;0;0;0;0;0;0;0;0;3;0;0;0;0
30/10/2021;14:02:00;153;Acidente com Vítimas;306,6;BR-040/MG;Sul;Capotamento;1;0;0;0;0;0;0;0;0;0;1;0;0;0;0
30/10/2021;15:55:00;174;Acidente sem Vítimas;615;BR-040/MG;Sul;Colisão transversal;4;0;0;0;0;0;0;0;0;0;0;0;0;0;0
30/10/2021;16:46:00;179;Acidente sem Vítimas;698,2;BR-040/MG;Norte;Engavetamento;1;0;0;1;0;1;0;0;0;0;0;0;0;0;0
30/10/2021;19:49:00;219;Acidente com Vítimas;544,4;BR-040/MG;Sul;Colisão traseira;0;0;0;0;0;3;0;0;0;0;0;0;0;0;0
30/10/2021;21:34:00;240;Acidente com Vítimas;722,6;BR-040/MG;Sul;Choque c/ Objeto Fixo;0;0;0;0;1;2;0;0;0;0;1;0;1;0;0
30/10/2021;23:25:00;252;Acidente sem Vítimas;549;BR-040/MG;Norte;Capotamento;2;0;0;0;1;1;0;0;0;0;0;1;0;0;0
06/11/2021;22:08:00;295;Sem vítima;611,100;BR-40/MG;Crescente;Choque;1;0;0;0;0;0;0;0;0;0;0;0;0;0;0
07/11/2021;20:49:16;220;Sem vítima;556,600;BR-40/MG;Decrescente;Choque;0;0;1;0;0;0;0;0;0;0;0;0;0;0;0
09/11/2021;22:49:00;315;Sem vítima;464,800;BR-40/MG;Decrescente;Acidentes de outra natureza;0;0;1;0;0;0;0;0;0;0;0;0;0;0;0
11/11/2021;18:47:00;340;Sem vítima;538,200;BR-40/MG;Crescente;Choque;1;0;0;0;0;0;0;0;0;0;0;0;0;0;0
16/11/2021;20:04:17;315;Sem vítima;502,500;BR-40/MG;Decrescente;Colisão traseira;0;0;1;0;0;0;0;0;0;0;0;0;0;0;0
30/11/2021;18:11:15;305;Sem vítima;705,100;BR-40/MG;Crescente;Choque;1;0;0;0;0;0;0;0;0;0;0;0;0;0;0
30/11/2021;23:14:00;370;Sem vítima;68,200;BR-40/MG;Decrescente;Atropelamento de animal;1;0;0;0;0;0;0;0;0;0;0;0;0;0;0
07/12/2021;22:57:04;329;Sem vítima;665,100;BR-40/MG;Decrescente;Choque;1;0;0;0;0;0;0;0;0;0;0;0;0;0;0
12/12/2021;23:16:00;253;Sem vítima;506,050;BR-40/MG;Crescente;Choque;1;0;0;0;0;0;0;0;0;0;0;0;0;0;0
13/12/2021;19:58:00;334;Sem vítima;430,150;BR-40/MG;Crescente;Atropelamento de animal;1;0;0;0;0;0;0;0;0;0;0;0;0;0;0
15/12/2021;18:55:00;350;Com vítima;247,300;BR-40/MG;Decrescente;Colisão frontal;1;0;0;0;0;0;0;0;0;0;0;0;0;2;0
16/12/2021;18:35:00;342;Sem vítima;138,100;BR-40/MG;Crescente;Choque;1;0;0;0;0;0;0;0;0;0;0;0;0;0;0
24/12/2021;21:48:41;263;Com vítima;670,500;BR-40/MG;Crescente;Acidentes de outra natureza;1;0;0;0;0;0;0;0;0;0;0;1;0;0;0
29/12/2021;22:02:00;316;Sem vítima;546,200;BR-40/MG;Crescente;Choque;1;0;0;0;0;0;0;0;0;0;0;0;0;0;0
08/01/2022;21:21:00;296;Com vítima;523,500;BR-40/MG;Decrescente;Tombamento;0;0;0;1;0;0;0;0;0;0;0;1;0;0;0
09/01/2022;21:36:00;231;Sem vítima;9,800;BR-40/MG;Crescente;Colisão traseira;2;0;0;0;0;0;0;0;0;0;0;0;0;0;0
11/01/2022;21:30:00;363;Sem vítima;612,350;BR-40/MG;Crescente;Colisão frontal;1;0;0;0;0;0;0;0;0;0;0;0;0;0;0
16/01/2022;20:27:00;227;Com vítima;10,400;BR-40/MG;Decrescente;Acidentes de outra natureza;0;0;0;1;0;0;0;0;0;0;0;1;0;0;0
17/01/2022;19:43:00;336;Com vítima;634,400;BR-40/MG;Decrescente;Colisão transversal;1;0;0;1;0;0;0;0;0;0;0;1;0;0;0
22/01/2022;19:20:40;237;Sem vítima;279,010;BR-40/MG;Crescente;Colisão transversal;2;0;0;0;0;0;0;0;0;0;0;0;0;0;0
29/01/2022;20:47:53;277;Sem vítima;656,150;BR-40/MG;Crescente;Choque;1;0;0;0;0;0;0;0;0;0;0;0;0;0;0
29/01/2022;23:02:23;299;Sem vítima;551,400;BR-40/MG;Crescente;Choque;1;0;0;0;0;0;0;0;0;0;0;0;0;0;0
03/02/2022;18:18:00;277;Sem vítima;532,200;BR-40/MG;Decrescente;Acidentes de outra natureza;0;0;0;0;0;1;0;0;0;0;0;0;0;0;0
06/02/2022;17:26:06;149;Sem vítima;440,600;BR-40/MG;Decrescente;Choque;1;0;0;0;0;0;0;0;0;0;0;0;0;0;0
08/02/2022;21:26:00;310;Sem vítima;583,900;BR-40/MG;Crescente;Colisão traseira;0;0;1;0;0;0;0;0;0;0;0;0;0;0;0
11/02/2022;22:27:00;361;Sem vítima;3,450;BR-40/MG;Decrescente;Colisão traseira;1;0;0;0;0;0;0;0;0;0;0;0;0;0;0
12/02/2022;23:08:00;287;Com vítima;523,700;BR-40/MG;Crescente;Colisão traseira;1;0;0;1;0;0;0;0;0;0;0;1;0;0;0
13/02/2022;19:58:00;197;Com vítima;234,300;BR-40/MG;Crescente;Choque;1;0;0;0;0;0;0;0;0;0;0;1;0;0;0
15/02/2022;17:21:00;262;Sem vítima;691,800;BR-40/MG;Decrescente;Acidentes de outra natureza;1;0;1;0;0;0;0;0;0;0;0;0;0;0;0
17/02/2022;19:43:00;371;Sem vítima;74,100;BR-40/MG;Decrescente;Choque;1;0;0;0;0;0;0;0;0;0;0;0;0;0;0
18/02/2022;20:10:42;322;Sem vítima;614,100;BR-40/MG;Decrescente;Colisão transversal;2;0;0;0;0;0;0;0;0;0;0;0;0;0;0
18/02/2022;22:24:00;346;Sem vítima;69,150;BR-40/MG;Decrescente;Colisão traseira;1;0;0;0;0;1;0;0;0;0;0;0;0;0;0
19/02/2022;23:45:00;258;Sem vítima;19,550;BR-40/MG;Decrescente;Colisão traseira;1;0;0;0;0;0;0;0;0;0;0;0;0;0;0
22/02/2022;17:24:00;282;Com vítima;511,100;BR-40/MG;Decrescente;Acidentes de outra natureza;0;0;0;1;0;0;0;0;0;0;0;1;0;0;0
26/02/2022;20:48:00;274;Sem vítima;448,500;BR-40/MG;Decrescente;Choque;1;0;0;0;0;0;0;0;0;0;0;0;0;0;0
27/02/2022;18:03:00;193;Com vítima;479,800;BR-40/MG;Decrescente;Acidentes de outra natureza;1;0;0;0;0;1;0;0;0;0;1;1;0;0;0
01/03/2022;18:07:00;228;Com vítima;615,500;BR-40/MG;Decrescente;Acidentes de outra natureza;2;0;0;0;0;0;0;0;0;0;0;2;0;0;0
01/03/2022;19:19:16;256;Com vítima;499,500;BR-40/MG;Decrescente;Atropelamento de animal;0;0;0;0;0;1;0;0;0;0;0;1;0;0;0
01/03/2022;19:33:00;263;Com vítima;604,950;BR-40/MG;Crescente;Acidentes de outra natureza;0;0;0;1;0;0;0;0;0;0;0;1;0;0;0
06/03/2022;17:16:00;161;Sem vítima;513,100;BR-40/MG;Decrescente;Engavetamento;1;0;0;0;0;0;0;0;0;0;0;0;0;0;0
06/03/2022;18:35:18;182;Sem vítima;510,300;BR-40/MG;Decrescente;Engavetamento;5;0;0;0;0;0;0;0;0;0;0;0;0;0;0
08/03/2022;18:58:48;282;Sem vítima;534,150;BR-40/MG;Crescente;Engavetamento;1;0;0;0;0;0;0;0;0;0;0;0;0;0;0
09/03/2022;18:39:00;246;Com vítima;334,100;BR-40/MG;Crescente;Acidentes de outra natureza;1;0;0;0;0;0;0;0;0;0;0;1;0;0;0
09/03/2022;22:57:00;292;Sem vítima;609,500;BR-40/MG;Decrescente;Choque;1;0;0;0;0;0;0;0;0;0;0;0;0;0;0
13/03/2022;17:02:02;162;Sem vítima;506,000;BR-40/MG;Crescente;Choque;1;0;0;0;0;0;0;0;0;0;0;0;0;0;0
13/03/2022;17:46:00;169;Sem vítima;508,500;BR-40/MG;Decrescente;Colisão traseira;1;0;0;0;0;0;0;0;0;0;0;0;0;0;0
17/03/2022;18:26:00;280;Sem vítima;548,150;BR-40/MG;Crescente;Colisão traseira;1;0;1;0;0;0;0;0;0;0;0;0;0;0;0
20/03/2022;18:31:29;182;Sem vítima;506,000;BR-40/MG;Decrescente;Engavetamento;1;0;0;0;0;0;0;0;0;0;0;0;0;0;0
22/03/2022;16:42:19;226;Sem vítima;665,100;BR-40/MG;Crescente;Colisão transversal;2;0;0;0;0;0;0;0;0;0;0;0;0;0;0
25/03/2022;19:24:00;289;Com vítima;538,800;BR-40/MG;Crescente;Colisão traseira;0;0;0;1;0;0;0;0;0;0;0;1;0;0;0
27/03/2022;17:13:00;168;Sem vítima;719,100;BR-40/MG;Decrescente;Choque;1;0;0;0;0;0;0;0;0;0;0;0;0;0;0
01/04/2022;22:16:00;348;Sem vítima;700,100;BR-40/MG;Crescente;Acidentes de outra natureza;1;0;0;0;0;0;0;0;0;0;0;0;0;0;0
05/04/2022;00:02:00;3;Sem vítima;89,900;BR-40/MG;Decrescente;Atropelamento de animal;0;0;0;0;1;0;0;0;0;0;0;0;0;0;0
06/04/2022;19:28:00;286;Sem vítima;506,005;BR-40/MG;Crescente;Engavetamento;4;0;0;0;0;0;0;0;0;0;0;0;0;0;0
09/04/2022;17:32:46;177;Sem vítima;583,900;BR-40/MG;Crescente;Choque;1;0;0;0;0;0;0;0;0;0;1;0;0;0;0
12/04/2022;20:43:45;285;Sem vítima;506,095;BR-40/MG;Decrescente;Colisão transversal;1;0;0;0;0;1;0;0;0;0;2;0;0;0;0
12/04/2022;22:06:01;294;Sem vítima;589,100;BR-40/MG;Crescente;Colisão traseira;0;0;1;0;0;0;0;0;0;0;2;0;0;0;0
13/04/2022;16:08:00;267;Com vítima;149,185;BR-40/MG;Crescente;Colisão transversal;1;0;0;0;0;0;0;0;0;0;0;3;1;1;0
14/04/2022;21:00:54;347;Com vítima;530,900;BR-40/MG;Decrescente;Capotamento;1;0;0;0;0;0;0;0;0;0;0;1;0;0;0
17/04/2022;23:28:14;313;Sem vítima;580,090;BR-40/MG;Crescente;Choque;1;0;0;0;0;0;0;0;0;0;0;0;0;0;0
23/04/2022;21:36:04;216;Sem vítima;422,905;BR-40/MG;Crescente;Colisão transversal;1;0;0;0;0;1;0;0;0;0;0;0;0;0;0
24/04/2022;22:35:56;322;Sem vítima;420,800;BR-40/MG;Decrescente;Choque;1;0;0;0;0;0;0;0;0;0;0;0;0;0;0
29/04/2022;17:16:00;218;Sem vítima;91,400;BR-40/MG;Crescente;Colisão traseira;0;0;1;0;1;0;0;0;0;0;0;0;0;0;0
05/05/2022;20:47:48;297;Sem vítima;482,300;BR-40/MG;Decrescente;Colisão traseira;0;0;2;0;0;0;0;0;0;0;0;0;0;0;0
07/05/2022;17:53:00;182;Sem vítima;685,100;BR-40/MG;Crescente;Choque;2;0;0;0;0;0;0;0;0;0;0;0;0;0;0
08/05/2022;18:46:00;165;Sem vítima;551,800;BR-40/MG;Crescente;Acidentes de outra natureza;1;0;0;0;0;1;0;0;0;0;1;0;0;0;0
10/05/2022;19:33:00;248;Sem vítima;539,600;BR-40/MG;Crescente;Choque;1;0;0;0;0;0;0;0;0;0;0;0;0;0;0
14/05/2022;22:00:00;251;Sem vítima;603,450;BR-40/MG;Crescente;Colisão traseira;1;0;0;0;0;0;0;0;0;0;0;0;0;0;0
22/05/2022;18:30:14;184;Sem vítima;513,500;BR-40/MG;Decrescente;Colisão traseira;2;0;0;0;0;0;0;0;0;0;0;0;0;0;0
25/05/2022;17:39:00;218;Sem vítima;538,200;BR-40/MG;Crescente;Colisão traseira;1;0;0;0;0;0;0;0;0;0;0;0;0;0;0
29/05/2022;16:50:44;135;Sem vítima;536,950;BR-40/MG;Decrescente;Acidentes de outra natureza;1;0;1;0;0;0;0;0;0;0;0;0;0;0;0
29/05/2022;19:54:00;185;Sem vítima;523,450;BR-40/MG;Decrescente;Engavetamento;3;0;0;0;0;0;0;0;0;0;0;0;0;0;0
30/05/2022;18:43:00;238;Com vítima;88,500;BR-40/MG;Crescente;Colisão traseira;1;0;1;0;0;0;0;0;0;0;0;1;0;0;0
01/06/2022;14:52:54;178;Com vítima;551,500;BR-40/MG;Crescente;Choque;0;0;0;0;0;0;0;0;0;1;0;1;0;0;0
01/06/2022;22:50:48;270;Sem vítima;611,500;BR-40/MG;Decrescente;Tombamento;0;0;1;1;0;0;0;0;0;0;0;0;0;0;0
05/06/2022;22:14:38;186;Sem vítima;35,150;BR-40/MG;Crescente;Atropelamento de animal;1;0;0;0;0;0;0;0;0;0;0;0;0;0;0
08/06/2022;21:04:21;298;Sem vítima;83,500;BR-40/MG;Crescente;Capotamento;0;0;0;0;0;1;0;0;0;0;0;0;0;0;0
08/06/2022;21:08:00;297;Sem vítima;583,400;BR-40/MG;Crescente;Acidentes de outra natureza;0;0;1;0;0;0;0;0;0;0;0;0;0;0;0